tick,place,kind,value
0,0,1,4
0,0,2,0
0,1,1,4
0,1,2,0
0,2,1,4
0,2,2,0
0,3,1,4
0,3,2,0
0,4,1,4
0,4,2,0
0,5,1,4
0,5,2,0
0,6,1,4
0,6,2,0
0,7,1,5
0,7,2,0
0,8,1,4
0,8,2,0
0,9,1,4
0,9,2,0
0,10,1,4
0,10,2,0
0,11,1,4
0,11,2,0
0,12,1,4
0,12,2,0
0,13,1,4
0,13,2,0
0,14,1,4
0,14,2,0
0,15,1,3
0,15,2,0
0,16,1,3
0,16,2,0
0,17,1,3
0,17,2,0
0,18,1,3
0,18,2,0
0,19,1,3
0,19,2,0
0,20,1,3
0,20,2,0
0,21,1,3
0,21,2,0
0,22,1,5
0,22,2,0
0,23,1,3
0,23,2,0
0,24,1,3
0,24,2,0
0,25,1,3
0,25,2,0
0,26,1,3
0,26,2,0
0,27,1,3
0,27,2,0
0,28,1,3
0,28,2,0
0,29,1,3
0,29,2,0
0,30,1,3
0,30,2,0
0,31,1,2
0,31,2,0
0,32,1,2
0,32,2,0
0,33,1,2
0,33,2,0
0,34,1,2
0,34,2,0
0,35,1,2
0,35,2,0
0,36,1,3
0,36,2,0
0,37,1,5
0,37,2,0
0,38,1,3
0,38,2,0
0,39,1,2
0,39,2,0
0,40,1,2
0,40,2,0
0,41,1,2
0,41,2,0
0,42,1,2
0,42,2,0
0,43,1,2
0,43,2,0
0,44,1,3
0,44,2,0
0,45,1,3
0,45,2,0
0,46,1,2
0,46,2,0
0,47,1,1
0,47,2,0
0,48,1,1
0,48,2,0
0,49,1,1
0,49,2,0
0,50,1,2
0,50,2,0
0,51,1,3
0,51,2,0
0,52,1,5
0,52,2,0
0,53,1,3
0,53,2,0
0,54,1,2
0,54,2,0
0,55,1,1
0,55,2,0
0,56,1,1
0,56,2,0
0,57,1,1
0,57,2,0
0,58,1,2
0,58,2,0
0,59,1,3
0,59,2,0
0,60,1,3
0,60,2,0
0,61,1,2
0,61,2,0
0,62,1,1
0,62,2,0
0,63,1,0
0,63,2,0
0,64,1,1
0,64,2,0
0,65,1,2
0,65,2,0
0,66,1,3
0,66,2,0
0,67,1,5
0,67,2,0
0,68,1,3
0,68,2,0
0,69,1,2
0,69,2,0
0,70,1,1
0,70,2,0
0,71,1,0
0,71,2,0
0,72,1,1
0,72,2,0
0,73,1,2
0,73,2,0
0,74,1,3
0,74,2,0
0,75,1,3
0,75,2,0
0,76,1,2
0,76,2,0
0,77,1,1
0,77,2,0
0,78,1,1
0,78,2,0
0,79,1,1
0,79,2,0
0,80,1,2
0,80,2,0
0,81,1,3
0,81,2,0
0,82,1,5
0,82,2,0
0,83,1,3
0,83,2,0
0,84,1,2
0,84,2,0
0,85,1,1
0,85,2,0
0,86,1,1
0,86,2,0
0,87,1,1
0,87,2,0
0,88,1,2
0,88,2,0
0,89,1,3
0,89,2,0
0,90,1,3
0,90,2,0
0,91,1,2
0,91,2,0
0,92,1,2
0,92,2,0
0,93,1,2
0,93,2,0
0,94,1,2
0,94,2,0
0,95,1,2
0,95,2,0
0,96,1,3
0,96,2,0
0,97,1,5
0,97,2,0
0,98,1,3
0,98,2,0
0,99,1,2
0,99,2,0
0,100,1,2
0,100,2,0
0,101,1,2
0,101,2,0
0,102,1,2
0,102,2,0
0,103,1,2
0,103,2,0
0,104,1,3
0,104,2,0
0,105,1,3
0,105,2,0
0,106,1,3
0,106,2,0
0,107,1,3
0,107,2,0
0,108,1,3
0,108,2,0
0,109,1,3
0,109,2,0
0,110,1,3
0,110,2,0
0,111,1,3
0,111,2,0
0,112,1,5
0,112,2,0
0,113,1,3
0,113,2,0
0,114,1,3
0,114,2,0
0,115,1,3
0,115,2,0
0,116,1,3
0,116,2,0
0,117,1,3
0,117,2,0
0,118,1,3
0,118,2,0
0,119,1,3
0,119,2,0
0,120,1,4
0,120,2,0
0,121,1,4
0,121,2,0
0,122,1,4
0,122,2,0
0,123,1,4
0,123,2,0
0,124,1,4
0,124,2,0
0,125,1,4
0,125,2,0
0,126,1,4
0,126,2,0
0,127,1,5
0,127,2,0
0,128,1,4
0,128,2,0
0,129,1,4
0,129,2,0
0,130,1,4
0,130,2,0
0,131,1,4
0,131,2,0
0,132,1,4
0,132,2,0
0,133,1,4
0,133,2,0
0,134,1,4
0,134,2,0
1,0,1,4
1,0,2,1
1,1,1,4
1,1,2,1
1,2,1,4
1,2,2,1
1,3,1,4
1,3,2,1
1,4,1,4
1,4,2,1
1,5,1,4
1,5,2,1
1,6,1,4
1,6,2,1
1,7,1,5
1,7,2,1
1,8,1,4
1,8,2,1
1,9,1,4
1,9,2,1
1,10,1,4
1,10,2,1
1,11,1,4
1,11,2,1
1,12,1,4
1,12,2,1
1,13,1,4
1,13,2,1
1,14,1,4
1,14,2,1
1,15,1,3
1,15,2,1
1,16,1,3
1,16,2,1
1,17,1,3
1,17,2,1
1,18,1,3
1,18,2,1
1,19,1,3
1,19,2,1
1,20,1,3
1,20,2,1
1,21,1,3
1,21,2,1
1,22,1,5
1,22,2,1
1,23,1,3
1,23,2,1
1,24,1,3
1,24,2,1
1,25,1,3
1,25,2,1
1,26,1,3
1,26,2,1
1,27,1,3
1,27,2,1
1,28,1,3
1,28,2,1
1,29,1,3
1,29,2,1
1,30,1,3
1,30,2,1
1,31,1,2
1,31,2,1
1,32,1,2
1,32,2,1
1,33,1,2
1,33,2,1
1,34,1,2
1,34,2,1
1,35,1,2
1,35,2,1
1,36,1,3
1,36,2,1
1,37,1,5
1,37,2,1
1,38,1,3
1,38,2,1
1,39,1,2
1,39,2,1
1,40,1,2
1,40,2,1
1,41,1,2
1,41,2,1
1,42,1,2
1,42,2,1
1,43,1,2
1,43,2,1
1,44,1,3
1,44,2,1
1,45,1,3
1,45,2,1
1,46,1,2
1,46,2,1
1,47,1,1
1,47,2,1
1,48,1,1
1,48,2,1
1,49,1,1
1,49,2,1
1,50,1,2
1,50,2,1
1,51,1,3
1,51,2,1
1,52,1,5
1,52,2,1
1,53,1,3
1,53,2,1
1,54,1,2
1,54,2,1
1,55,1,1
1,55,2,1
1,56,1,1
1,56,2,1
1,57,1,1
1,57,2,1
1,58,1,2
1,58,2,1
1,59,1,3
1,59,2,1
1,60,1,3
1,60,2,1
1,61,1,2
1,61,2,1
1,62,1,1
1,62,2,1
1,63,1,0
1,63,2,1
1,64,1,1
1,64,2,1
1,65,1,2
1,65,2,1
1,66,1,3
1,66,2,1
1,67,1,5
1,67,2,1
1,68,1,3
1,68,2,1
1,69,1,2
1,69,2,1
1,70,1,1
1,70,2,1
1,71,1,0
1,71,2,1
1,72,1,1
1,72,2,1
1,73,1,2
1,73,2,1
1,74,1,3
1,74,2,1
1,75,1,3
1,75,2,1
1,76,1,2
1,76,2,1
1,77,1,1
1,77,2,1
1,78,1,1
1,78,2,1
1,79,1,1
1,79,2,1
1,80,1,2
1,80,2,1
1,81,1,3
1,81,2,1
1,82,1,5
1,82,2,1
1,83,1,3
1,83,2,1
1,84,1,2
1,84,2,1
1,85,1,1
1,85,2,1
1,86,1,1
1,86,2,1
1,87,1,1
1,87,2,1
1,88,1,2
1,88,2,1
1,89,1,3
1,89,2,1
1,90,1,3
1,90,2,1
1,91,1,2
1,91,2,1
1,92,1,2
1,92,2,1
1,93,1,2
1,93,2,1
1,94,1,2
1,94,2,1
1,95,1,2
1,95,2,1
1,96,1,3
1,96,2,1
1,97,1,5
1,97,2,1
1,98,1,3
1,98,2,1
1,99,1,2
1,99,2,1
1,100,1,2
1,100,2,1
1,101,1,2
1,101,2,1
1,102,1,2
1,102,2,1
1,103,1,2
1,103,2,1
1,104,1,3
1,104,2,1
1,105,1,3
1,105,2,1
1,106,1,3
1,106,2,1
1,107,1,3
1,107,2,1
1,108,1,3
1,108,2,1
1,109,1,3
1,109,2,1
1,110,1,3
1,110,2,1
1,111,1,3
1,111,2,1
1,112,1,5
1,112,2,1
1,113,1,3
1,113,2,1
1,114,1,3
1,114,2,1
1,115,1,3
1,115,2,1
1,116,1,3
1,116,2,1
1,117,1,3
1,117,2,1
1,118,1,3
1,118,2,1
1,119,1,3
1,119,2,1
1,120,1,4
1,120,2,1
1,121,1,4
1,121,2,1
1,122,1,4
1,122,2,1
1,123,1,4
1,123,2,1
1,124,1,4
1,124,2,1
1,125,1,4
1,125,2,1
1,126,1,4
1,126,2,1
1,127,1,5
1,127,2,1
1,128,1,4
1,128,2,1
1,129,1,4
1,129,2,1
1,130,1,4
1,130,2,1
1,131,1,4
1,131,2,1
1,132,1,4
1,132,2,1
1,133,1,4
1,133,2,1
1,134,1,4
1,134,2,1
2,0,1,4
2,0,2,2
2,1,1,4
2,1,2,2
2,2,1,4
2,2,2,2
2,3,1,4
2,3,2,2
2,4,1,4
2,4,2,2
2,5,1,4
2,5,2,2
2,6,1,4
2,6,2,2
2,7,1,5
2,7,2,2
2,8,1,4
2,8,2,2
2,9,1,4
2,9,2,2
2,10,1,4
2,10,2,2
2,11,1,4
2,11,2,2
2,12,1,4
2,12,2,2
2,13,1,4
2,13,2,2
2,14,1,4
2,14,2,2
2,15,1,3
2,15,2,2
2,16,1,3
2,16,2,2
2,17,1,3
2,17,2,2
2,18,1,3
2,18,2,2
2,19,1,3
2,19,2,2
2,20,1,3
2,20,2,2
2,21,1,3
2,21,2,2
2,22,1,5
2,22,2,2
2,23,1,3
2,23,2,2
2,24,1,3
2,24,2,2
2,25,1,3
2,25,2,2
2,26,1,3
2,26,2,2
2,27,1,3
2,27,2,2
2,28,1,3
2,28,2,2
2,29,1,3
2,29,2,2
2,30,1,3
2,30,2,2
2,31,1,2
2,31,2,2
2,32,1,2
2,32,2,2
2,33,1,2
2,33,2,2
2,34,1,2
2,34,2,2
2,35,1,2
2,35,2,2
2,36,1,3
2,36,2,2
2,37,1,5
2,37,2,2
2,38,1,3
2,38,2,2
2,39,1,2
2,39,2,2
2,40,1,2
2,40,2,2
2,41,1,2
2,41,2,2
2,42,1,2
2,42,2,2
2,43,1,2
2,43,2,2
2,44,1,3
2,44,2,2
2,45,1,3
2,45,2,2
2,46,1,2
2,46,2,2
2,47,1,1
2,47,2,2
2,48,1,1
2,48,2,2
2,49,1,1
2,49,2,2
2,50,1,2
2,50,2,2
2,51,1,3
2,51,2,2
2,52,1,5
2,52,2,2
2,53,1,3
2,53,2,2
2,54,1,2
2,54,2,2
2,55,1,1
2,55,2,2
2,56,1,1
2,56,2,2
2,57,1,1
2,57,2,2
2,58,1,2
2,58,2,2
2,59,1,3
2,59,2,2
2,60,1,3
2,60,2,2
2,61,1,2
2,61,2,2
2,62,1,1
2,62,2,2
2,63,1,0
2,63,2,2
2,64,1,1
2,64,2,2
2,65,1,2
2,65,2,2
2,66,1,3
2,66,2,2
2,67,1,5
2,67,2,2
2,68,1,3
2,68,2,2
2,69,1,2
2,69,2,2
2,70,1,1
2,70,2,2
2,71,1,0
2,71,2,2
2,72,1,1
2,72,2,2
2,73,1,2
2,73,2,2
2,74,1,3
2,74,2,2
2,75,1,3
2,75,2,2
2,76,1,2
2,76,2,2
2,77,1,1
2,77,2,2
2,78,1,1
2,78,2,2
2,79,1,1
2,79,2,2
2,80,1,2
2,80,2,2
2,81,1,3
2,81,2,2
2,82,1,5
2,82,2,2
2,83,1,3
2,83,2,2
2,84,1,2
2,84,2,2
2,85,1,1
2,85,2,2
2,86,1,1
2,86,2,2
2,87,1,1
2,87,2,2
2,88,1,2
2,88,2,2
2,89,1,3
2,89,2,2
2,90,1,3
2,90,2,2
2,91,1,2
2,91,2,2
2,92,1,2
2,92,2,2
2,93,1,2
2,93,2,2
2,94,1,2
2,94,2,2
2,95,1,2
2,95,2,2
2,96,1,3
2,96,2,2
2,97,1,5
2,97,2,2
2,98,1,3
2,98,2,2
2,99,1,2
2,99,2,2
2,100,1,2
2,100,2,2
2,101,1,2
2,101,2,2
2,102,1,2
2,102,2,2
2,103,1,2
2,103,2,2
2,104,1,3
2,104,2,2
2,105,1,3
2,105,2,2
2,106,1,3
2,106,2,2
2,107,1,3
2,107,2,2
2,108,1,3
2,108,2,2
2,109,1,3
2,109,2,2
2,110,1,3
2,110,2,2
2,111,1,3
2,111,2,2
2,112,1,5
2,112,2,2
2,113,1,3
2,113,2,2
2,114,1,3
2,114,2,2
2,115,1,3
2,115,2,2
2,116,1,3
2,116,2,2
2,117,1,3
2,117,2,2
2,118,1,3
2,118,2,2
2,119,1,3
2,119,2,2
2,120,1,4
2,120,2,2
2,121,1,4
2,121,2,2
2,122,1,4
2,122,2,2
2,123,1,4
2,123,2,2
2,124,1,4
2,124,2,2
2,125,1,4
2,125,2,2
2,126,1,4
2,126,2,2
2,127,1,5
2,127,2,2
2,128,1,4
2,128,2,2
2,129,1,4
2,129,2,2
2,130,1,4
2,130,2,2
2,131,1,4
2,131,2,2
2,132,1,4
2,132,2,2
2,133,1,4
2,133,2,2
2,134,1,4
2,134,2,2
3,0,1,4
3,0,2,3
3,1,1,4
3,1,2,3
3,2,1,4
3,2,2,3
3,3,1,4
3,3,2,3
3,4,1,4
3,4,2,3
3,5,1,4
3,5,2,3
3,6,1,4
3,6,2,3
3,7,1,5
3,7,2,3
3,8,1,4
3,8,2,3
3,9,1,4
3,9,2,3
3,10,1,4
3,10,2,3
3,11,1,4
3,11,2,3
3,12,1,4
3,12,2,3
3,13,1,4
3,13,2,3
3,14,1,4
3,14,2,3
3,15,1,3
3,15,2,3
3,16,1,3
3,16,2,3
3,17,1,3
3,17,2,3
3,18,1,3
3,18,2,3
3,19,1,3
3,19,2,3
3,20,1,3
3,20,2,3
3,21,1,3
3,21,2,3
3,22,1,5
3,22,2,3
3,23,1,3
3,23,2,3
3,24,1,3
3,24,2,3
3,25,1,3
3,25,2,3
3,26,1,3
3,26,2,3
3,27,1,3
3,27,2,3
3,28,1,3
3,28,2,3
3,29,1,3
3,29,2,3
3,30,1,3
3,30,2,3
3,31,1,2
3,31,2,3
3,32,1,2
3,32,2,3
3,33,1,2
3,33,2,3
3,34,1,2
3,34,2,3
3,35,1,2
3,35,2,3
3,36,1,3
3,36,2,3
3,37,1,5
3,37,2,3
3,38,1,3
3,38,2,3
3,39,1,2
3,39,2,3
3,40,1,2
3,40,2,3
3,41,1,2
3,41,2,3
3,42,1,2
3,42,2,3
3,43,1,2
3,43,2,3
3,44,1,3
3,44,2,3
3,45,1,3
3,45,2,3
3,46,1,2
3,46,2,3
3,47,1,1
3,47,2,3
3,48,1,1
3,48,2,3
3,49,1,1
3,49,2,3
3,50,1,2
3,50,2,3
3,51,1,3
3,51,2,3
3,52,1,5
3,52,2,3
3,53,1,3
3,53,2,3
3,54,1,2
3,54,2,3
3,55,1,1
3,55,2,3
3,56,1,1
3,56,2,3
3,57,1,1
3,57,2,3
3,58,1,2
3,58,2,3
3,59,1,3
3,59,2,3
3,60,1,3
3,60,2,3
3,61,1,2
3,61,2,3
3,62,1,1
3,62,2,3
3,63,1,0
3,63,2,3
3,64,1,1
3,64,2,3
3,65,1,2
3,65,2,3
3,66,1,3
3,66,2,3
3,67,1,5
3,67,2,3
3,68,1,3
3,68,2,3
3,69,1,2
3,69,2,3
3,70,1,1
3,70,2,3
3,71,1,0
3,71,2,3
3,72,1,1
3,72,2,3
3,73,1,2
3,73,2,3
3,74,1,3
3,74,2,3
3,75,1,3
3,75,2,3
3,76,1,2
3,76,2,3
3,77,1,1
3,77,2,3
3,78,1,1
3,78,2,3
3,79,1,1
3,79,2,3
3,80,1,2
3,80,2,3
3,81,1,3
3,81,2,3
3,82,1,5
3,82,2,3
3,83,1,3
3,83,2,3
3,84,1,2
3,84,2,3
3,85,1,1
3,85,2,3
3,86,1,1
3,86,2,3
3,87,1,1
3,87,2,3
3,88,1,2
3,88,2,3
3,89,1,3
3,89,2,3
3,90,1,3
3,90,2,3
3,91,1,2
3,91,2,3
3,92,1,2
3,92,2,3
3,93,1,2
3,93,2,3
3,94,1,2
3,94,2,3
3,95,1,2
3,95,2,3
3,96,1,3
3,96,2,3
3,97,1,5
3,97,2,3
3,98,1,3
3,98,2,3
3,99,1,2
3,99,2,3
3,100,1,2
3,100,2,3
3,101,1,2
3,101,2,3
3,102,1,2
3,102,2,3
3,103,1,2
3,103,2,3
3,104,1,3
3,104,2,3
3,105,1,3
3,105,2,3
3,106,1,3
3,106,2,3
3,107,1,3
3,107,2,3
3,108,1,3
3,108,2,3
3,109,1,3
3,109,2,3
3,110,1,3
3,110,2,3
3,111,1,3
3,111,2,3
3,112,1,5
3,112,2,3
3,113,1,3
3,113,2,3
3,114,1,3
3,114,2,3
3,115,1,3
3,115,2,3
3,116,1,3
3,116,2,3
3,117,1,3
3,117,2,3
3,118,1,3
3,118,2,3
3,119,1,3
3,119,2,3
3,120,1,4
3,120,2,3
3,121,1,4
3,121,2,3
3,122,1,4
3,122,2,3
3,123,1,4
3,123,2,3
3,124,1,4
3,124,2,3
3,125,1,4
3,125,2,3
3,126,1,4
3,126,2,3
3,127,1,5
3,127,2,3
3,128,1,4
3,128,2,3
3,129,1,4
3,129,2,3
3,130,1,4
3,130,2,3
3,131,1,4
3,131,2,3
3,132,1,4
3,132,2,3
3,133,1,4
3,133,2,3
3,134,1,4
3,134,2,3
4,0,1,4
4,0,2,4
4,1,1,4
4,1,2,4
4,2,1,4
4,2,2,4
4,3,1,4
4,3,2,4
4,4,1,4
4,4,2,4
4,5,1,4
4,5,2,4
4,6,1,4
4,6,2,4
4,7,1,5
4,7,2,4
4,8,1,4
4,8,2,4
4,9,1,4
4,9,2,4
4,10,1,4
4,10,2,4
4,11,1,4
4,11,2,4
4,12,1,4
4,12,2,4
4,13,1,4
4,13,2,4
4,14,1,4
4,14,2,4
4,15,1,3
4,15,2,4
4,16,1,3
4,16,2,4
4,17,1,3
4,17,2,4
4,18,1,3
4,18,2,4
4,19,1,3
4,19,2,4
4,20,1,3
4,20,2,4
4,21,1,3
4,21,2,4
4,22,1,5
4,22,2,4
4,23,1,3
4,23,2,4
4,24,1,3
4,24,2,4
4,25,1,3
4,25,2,4
4,26,1,3
4,26,2,4
4,27,1,3
4,27,2,4
4,28,1,3
4,28,2,4
4,29,1,3
4,29,2,4
4,30,1,3
4,30,2,4
4,31,1,2
4,31,2,4
4,32,1,2
4,32,2,4
4,33,1,2
4,33,2,4
4,34,1,2
4,34,2,4
4,35,1,2
4,35,2,4
4,36,1,3
4,36,2,4
4,37,1,5
4,37,2,4
4,38,1,3
4,38,2,4
4,39,1,2
4,39,2,4
4,40,1,2
4,40,2,4
4,41,1,2
4,41,2,4
4,42,1,2
4,42,2,4
4,43,1,2
4,43,2,4
4,44,1,3
4,44,2,4
4,45,1,3
4,45,2,4
4,46,1,2
4,46,2,4
4,47,1,1
4,47,2,4
4,48,1,1
4,48,2,4
4,49,1,1
4,49,2,4
4,50,1,2
4,50,2,4
4,51,1,3
4,51,2,4
4,52,1,5
4,52,2,4
4,53,1,3
4,53,2,4
4,54,1,2
4,54,2,4
4,55,1,1
4,55,2,4
4,56,1,1
4,56,2,4
4,57,1,1
4,57,2,4
4,58,1,2
4,58,2,4
4,59,1,3
4,59,2,4
4,60,1,3
4,60,2,4
4,61,1,2
4,61,2,4
4,62,1,1
4,62,2,4
4,63,1,0
4,63,2,4
4,64,1,1
4,64,2,4
4,65,1,2
4,65,2,4
4,66,1,3
4,66,2,4
4,67,1,5
4,67,2,4
4,68,1,3
4,68,2,4
4,69,1,2
4,69,2,4
4,70,1,1
4,70,2,4
4,71,1,0
4,71,2,4
4,72,1,1
4,72,2,4
4,73,1,2
4,73,2,4
4,74,1,3
4,74,2,4
4,75,1,3
4,75,2,4
4,76,1,2
4,76,2,4
4,77,1,1
4,77,2,4
4,78,1,1
4,78,2,4
4,79,1,1
4,79,2,4
4,80,1,2
4,80,2,4
4,81,1,3
4,81,2,4
4,82,1,5
4,82,2,4
4,83,1,3
4,83,2,4
4,84,1,2
4,84,2,4
4,85,1,1
4,85,2,4
4,86,1,1
4,86,2,4
4,87,1,1
4,87,2,4
4,88,1,2
4,88,2,4
4,89,1,3
4,89,2,4
4,90,1,3
4,90,2,4
4,91,1,2
4,91,2,4
4,92,1,2
4,92,2,4
4,93,1,2
4,93,2,4
4,94,1,2
4,94,2,4
4,95,1,2
4,95,2,4
4,96,1,3
4,96,2,4
4,97,1,5
4,97,2,4
4,98,1,3
4,98,2,4
4,99,1,2
4,99,2,4
4,100,1,2
4,100,2,4
4,101,1,2
4,101,2,4
4,102,1,2
4,102,2,4
4,103,1,2
4,103,2,4
4,104,1,3
4,104,2,4
4,105,1,3
4,105,2,4
4,106,1,3
4,106,2,4
4,107,1,3
4,107,2,4
4,108,1,3
4,108,2,4
4,109,1,3
4,109,2,4
4,110,1,3
4,110,2,4
4,111,1,3
4,111,2,4
4,112,1,5
4,112,2,4
4,113,1,3
4,113,2,4
4,114,1,3
4,114,2,4
4,115,1,3
4,115,2,4
4,116,1,3
4,116,2,4
4,117,1,3
4,117,2,4
4,118,1,3
4,118,2,4
4,119,1,3
4,119,2,4
4,120,1,4
4,120,2,4
4,121,1,4
4,121,2,4
4,122,1,4
4,122,2,4
4,123,1,4
4,123,2,4
4,124,1,4
4,124,2,4
4,125,1,4
4,125,2,4
4,126,1,4
4,126,2,4
4,127,1,5
4,127,2,4
4,128,1,4
4,128,2,4
4,129,1,4
4,129,2,4
4,130,1,4
4,130,2,4
4,131,1,4
4,131,2,4
4,132,1,4
4,132,2,4
4,133,1,4
4,133,2,4
4,134,1,4
4,134,2,4
5,0,1,4
5,0,2,5
5,1,1,4
5,1,2,5
5,2,1,4
5,2,2,5
5,3,1,4
5,3,2,5
5,4,1,4
5,4,2,5
5,5,1,4
5,5,2,5
5,6,1,4
5,6,2,5
5,7,1,5
5,7,2,5
5,8,1,4
5,8,2,5
5,9,1,4
5,9,2,5
5,10,1,4
5,10,2,5
5,11,1,4
5,11,2,5
5,12,1,4
5,12,2,5
5,13,1,4
5,13,2,5
5,14,1,4
5,14,2,5
5,15,1,3
5,15,2,5
5,16,1,3
5,16,2,5
5,17,1,3
5,17,2,5
5,18,1,3
5,18,2,5
5,19,1,3
5,19,2,5
5,20,1,3
5,20,2,5
5,21,1,3
5,21,2,5
5,22,1,5
5,22,2,5
5,23,1,3
5,23,2,5
5,24,1,3
5,24,2,5
5,25,1,3
5,25,2,5
5,26,1,3
5,26,2,5
5,27,1,3
5,27,2,5
5,28,1,3
5,28,2,5
5,29,1,3
5,29,2,5
5,30,1,3
5,30,2,5
5,31,1,2
5,31,2,5
5,32,1,2
5,32,2,5
5,33,1,2
5,33,2,5
5,34,1,2
5,34,2,5
5,35,1,2
5,35,2,5
5,36,1,3
5,36,2,5
5,37,1,5
5,37,2,5
5,38,1,3
5,38,2,5
5,39,1,2
5,39,2,5
5,40,1,2
5,40,2,5
5,41,1,2
5,41,2,5
5,42,1,2
5,42,2,5
5,43,1,2
5,43,2,5
5,44,1,3
5,44,2,5
5,45,1,3
5,45,2,5
5,46,1,2
5,46,2,5
5,47,1,1
5,47,2,5
5,48,1,1
5,48,2,5
5,49,1,1
5,49,2,5
5,50,1,2
5,50,2,5
5,51,1,3
5,51,2,5
5,52,1,5
5,52,2,5
5,53,1,3
5,53,2,5
5,54,1,2
5,54,2,5
5,55,1,1
5,55,2,5
5,56,1,1
5,56,2,5
5,57,1,1
5,57,2,5
5,58,1,2
5,58,2,5
5,59,1,3
5,59,2,5
5,60,1,3
5,60,2,5
5,61,1,2
5,61,2,5
5,62,1,1
5,62,2,5
5,63,1,0
5,63,2,5
5,64,1,1
5,64,2,5
5,65,1,2
5,65,2,5
5,66,1,3
5,66,2,5
5,67,1,5
5,67,2,5
5,68,1,3
5,68,2,5
5,69,1,2
5,69,2,5
5,70,1,1
5,70,2,5
5,71,1,0
5,71,2,5
5,72,1,1
5,72,2,5
5,73,1,2
5,73,2,5
5,74,1,3
5,74,2,5
5,75,1,3
5,75,2,5
5,76,1,2
5,76,2,5
5,77,1,1
5,77,2,5
5,78,1,1
5,78,2,5
5,79,1,1
5,79,2,5
5,80,1,2
5,80,2,5
5,81,1,3
5,81,2,5
5,82,1,5
5,82,2,5
5,83,1,3
5,83,2,5
5,84,1,2
5,84,2,5
5,85,1,1
5,85,2,5
5,86,1,1
5,86,2,5
5,87,1,1
5,87,2,5
5,88,1,2
5,88,2,5
5,89,1,3
5,89,2,5
5,90,1,3
5,90,2,5
5,91,1,2
5,91,2,5
5,92,1,2
5,92,2,5
5,93,1,2
5,93,2,5
5,94,1,2
5,94,2,5
5,95,1,2
5,95,2,5
5,96,1,3
5,96,2,5
5,97,1,5
5,97,2,5
5,98,1,3
5,98,2,5
5,99,1,2
5,99,2,5
5,100,1,2
5,100,2,5
5,101,1,2
5,101,2,5
5,102,1,2
5,102,2,5
5,103,1,2
5,103,2,5
5,104,1,3
5,104,2,5
5,105,1,3
5,105,2,5
5,106,1,3
5,106,2,5
5,107,1,3
5,107,2,5
5,108,1,3
5,108,2,5
5,109,1,3
5,109,2,5
5,110,1,3
5,110,2,5
5,111,1,3
5,111,2,5
5,112,1,5
5,112,2,5
5,113,1,3
5,113,2,5
5,114,1,3
5,114,2,5
5,115,1,3
5,115,2,5
5,116,1,3
5,116,2,5
5,117,1,3
5,117,2,5
5,118,1,3
5,118,2,5
5,119,1,3
5,119,2,5
5,120,1,4
5,120,2,5
5,121,1,4
5,121,2,5
5,122,1,4
5,122,2,5
5,123,1,4
5,123,2,5
5,124,1,4
5,124,2,5
5,125,1,4
5,125,2,5
5,126,1,4
5,126,2,5
5,127,1,5
5,127,2,5
5,128,1,4
5,128,2,5
5,129,1,4
5,129,2,5
5,130,1,4
5,130,2,5
5,131,1,4
5,131,2,5
5,132,1,4
5,132,2,5
5,133,1,4
5,133,2,5
5,134,1,4
5,134,2,5
6,0,1,4
6,0,2,6
6,1,1,4
6,1,2,6
6,2,1,4
6,2,2,6
6,3,1,4
6,3,2,6
6,4,1,4
6,4,2,6
6,5,1,4
6,5,2,6
6,6,1,4
6,6,2,6
6,7,1,5
6,7,2,6
6,8,1,4
6,8,2,6
6,9,1,4
6,9,2,6
6,10,1,4
6,10,2,6
6,11,1,4
6,11,2,6
6,12,1,4
6,12,2,6
6,13,1,4
6,13,2,6
6,14,1,4
6,14,2,6
6,15,1,3
6,15,2,6
6,16,1,3
6,16,2,6
6,17,1,3
6,17,2,6
6,18,1,3
6,18,2,6
6,19,1,3
6,19,2,6
6,20,1,3
6,20,2,6
6,21,1,3
6,21,2,6
6,22,1,5
6,22,2,6
6,23,1,3
6,23,2,6
6,24,1,3
6,24,2,6
6,25,1,3
6,25,2,6
6,26,1,3
6,26,2,6
6,27,1,3
6,27,2,6
6,28,1,3
6,28,2,6
6,29,1,3
6,29,2,6
6,30,1,3
6,30,2,6
6,31,1,2
6,31,2,6
6,32,1,2
6,32,2,6
6,33,1,2
6,33,2,6
6,34,1,2
6,34,2,6
6,35,1,2
6,35,2,6
6,36,1,3
6,36,2,6
6,37,1,5
6,37,2,6
6,38,1,3
6,38,2,6
6,39,1,2
6,39,2,6
6,40,1,2
6,40,2,6
6,41,1,2
6,41,2,6
6,42,1,2
6,42,2,6
6,43,1,2
6,43,2,6
6,44,1,3
6,44,2,6
6,45,1,3
6,45,2,6
6,46,1,2
6,46,2,6
6,47,1,1
6,47,2,6
6,48,1,1
6,48,2,6
6,49,1,1
6,49,2,6
6,50,1,2
6,50,2,6
6,51,1,3
6,51,2,6
6,52,1,5
6,52,2,6
6,53,1,3
6,53,2,6
6,54,1,2
6,54,2,6
6,55,1,1
6,55,2,6
6,56,1,1
6,56,2,6
6,57,1,1
6,57,2,6
6,58,1,2
6,58,2,6
6,59,1,3
6,59,2,6
6,60,1,3
6,60,2,6
6,61,1,2
6,61,2,6
6,62,1,1
6,62,2,6
6,63,1,0
6,63,2,6
6,64,1,1
6,64,2,6
6,65,1,2
6,65,2,6
6,66,1,3
6,66,2,6
6,67,1,5
6,67,2,6
6,68,1,3
6,68,2,6
6,69,1,2
6,69,2,6
6,70,1,1
6,70,2,6
6,71,1,0
6,71,2,6
6,72,1,1
6,72,2,6
6,73,1,2
6,73,2,6
6,74,1,3
6,74,2,6
6,75,1,3
6,75,2,6
6,76,1,2
6,76,2,6
6,77,1,1
6,77,2,6
6,78,1,1
6,78,2,6
6,79,1,1
6,79,2,6
6,80,1,2
6,80,2,6
6,81,1,3
6,81,2,6
6,82,1,5
6,82,2,6
6,83,1,3
6,83,2,6
6,84,1,2
6,84,2,6
6,85,1,1
6,85,2,6
6,86,1,1
6,86,2,6
6,87,1,1
6,87,2,6
6,88,1,2
6,88,2,6
6,89,1,3
6,89,2,6
6,90,1,3
6,90,2,6
6,91,1,2
6,91,2,6
6,92,1,2
6,92,2,6
6,93,1,2
6,93,2,6
6,94,1,2
6,94,2,6
6,95,1,2
6,95,2,6
6,96,1,3
6,96,2,6
6,97,1,5
6,97,2,6
6,98,1,3
6,98,2,6
6,99,1,2
6,99,2,6
6,100,1,2
6,100,2,6
6,101,1,2
6,101,2,6
6,102,1,2
6,102,2,6
6,103,1,2
6,103,2,6
6,104,1,3
6,104,2,6
6,105,1,3
6,105,2,6
6,106,1,3
6,106,2,6
6,107,1,3
6,107,2,6
6,108,1,3
6,108,2,6
6,109,1,3
6,109,2,6
6,110,1,3
6,110,2,6
6,111,1,3
6,111,2,6
6,112,1,5
6,112,2,6
6,113,1,3
6,113,2,6
6,114,1,3
6,114,2,6
6,115,1,3
6,115,2,6
6,116,1,3
6,116,2,6
6,117,1,3
6,117,2,6
6,118,1,3
6,118,2,6
6,119,1,3
6,119,2,6
6,120,1,4
6,120,2,6
6,121,1,4
6,121,2,6
6,122,1,4
6,122,2,6
6,123,1,4
6,123,2,6
6,124,1,4
6,124,2,6
6,125,1,4
6,125,2,6
6,126,1,4
6,126,2,6
6,127,1,5
6,127,2,6
6,128,1,4
6,128,2,6
6,129,1,4
6,129,2,6
6,130,1,4
6,130,2,6
6,131,1,4
6,131,2,6
6,132,1,4
6,132,2,6
6,133,1,4
6,133,2,6
6,134,1,4
6,134,2,6
7,0,1,4
7,0,2,7
7,1,1,4
7,1,2,7
7,2,1,4
7,2,2,7
7,3,1,4
7,3,2,7
7,4,1,4
7,4,2,7
7,5,1,4
7,5,2,7
7,6,1,4
7,6,2,7
7,7,1,5
7,7,2,7
7,8,1,4
7,8,2,7
7,9,1,4
7,9,2,7
7,10,1,4
7,10,2,7
7,11,1,4
7,11,2,7
7,12,1,4
7,12,2,7
7,13,1,4
7,13,2,7
7,14,1,4
7,14,2,7
7,15,1,3
7,15,2,7
7,16,1,3
7,16,2,7
7,17,1,3
7,17,2,7
7,18,1,3
7,18,2,7
7,19,1,3
7,19,2,7
7,20,1,3
7,20,2,7
7,21,1,3
7,21,2,7
7,22,1,5
7,22,2,7
7,23,1,3
7,23,2,7
7,24,1,3
7,24,2,7
7,25,1,3
7,25,2,7
7,26,1,3
7,26,2,7
7,27,1,3
7,27,2,7
7,28,1,3
7,28,2,7
7,29,1,3
7,29,2,7
7,30,1,3
7,30,2,7
7,31,1,2
7,31,2,7
7,32,1,2
7,32,2,7
7,33,1,2
7,33,2,7
7,34,1,2
7,34,2,7
7,35,1,2
7,35,2,7
7,36,1,3
7,36,2,7
7,37,1,5
7,37,2,7
7,38,1,3
7,38,2,7
7,39,1,2
7,39,2,7
7,40,1,2
7,40,2,7
7,41,1,2
7,41,2,7
7,42,1,2
7,42,2,7
7,43,1,2
7,43,2,7
7,44,1,3
7,44,2,7
7,45,1,3
7,45,2,7
7,46,1,2
7,46,2,7
7,47,1,1
7,47,2,7
7,48,1,1
7,48,2,7
7,49,1,1
7,49,2,7
7,50,1,2
7,50,2,7
7,51,1,3
7,51,2,7
7,52,1,5
7,52,2,7
7,53,1,3
7,53,2,7
7,54,1,2
7,54,2,7
7,55,1,1
7,55,2,7
7,56,1,1
7,56,2,7
7,57,1,1
7,57,2,7
7,58,1,2
7,58,2,7
7,59,1,3
7,59,2,7
7,60,1,3
7,60,2,7
7,61,1,2
7,61,2,7
7,62,1,1
7,62,2,7
7,63,1,0
7,63,2,7
7,64,1,1
7,64,2,7
7,65,1,2
7,65,2,7
7,66,1,3
7,66,2,7
7,67,1,5
7,67,2,7
7,68,1,3
7,68,2,7
7,69,1,2
7,69,2,7
7,70,1,1
7,70,2,7
7,71,1,0
7,71,2,7
7,72,1,1
7,72,2,7
7,73,1,2
7,73,2,7
7,74,1,3
7,74,2,7
7,75,1,3
7,75,2,7
7,76,1,2
7,76,2,7
7,77,1,1
7,77,2,7
7,78,1,1
7,78,2,7
7,79,1,1
7,79,2,7
7,80,1,2
7,80,2,7
7,81,1,3
7,81,2,7
7,82,1,5
7,82,2,7
7,83,1,3
7,83,2,7
7,84,1,2
7,84,2,7
7,85,1,1
7,85,2,7
7,86,1,1
7,86,2,7
7,87,1,1
7,87,2,7
7,88,1,2
7,88,2,7
7,89,1,3
7,89,2,7
7,90,1,3
7,90,2,7
7,91,1,2
7,91,2,7
7,92,1,2
7,92,2,7
7,93,1,2
7,93,2,7
7,94,1,2
7,94,2,7
7,95,1,2
7,95,2,7
7,96,1,3
7,96,2,7
7,97,1,5
7,97,2,7
7,98,1,3
7,98,2,7
7,99,1,2
7,99,2,7
7,100,1,2
7,100,2,7
7,101,1,2
7,101,2,7
7,102,1,2
7,102,2,7
7,103,1,2
7,103,2,7
7,104,1,3
7,104,2,7
7,105,1,3
7,105,2,7
7,106,1,3
7,106,2,7
7,107,1,3
7,107,2,7
7,108,1,3
7,108,2,7
7,109,1,3
7,109,2,7
7,110,1,3
7,110,2,7
7,111,1,3
7,111,2,7
7,112,1,5
7,112,2,7
7,113,1,3
7,113,2,7
7,114,1,3
7,114,2,7
7,115,1,3
7,115,2,7
7,116,1,3
7,116,2,7
7,117,1,3
7,117,2,7
7,118,1,3
7,118,2,7
7,119,1,3
7,119,2,7
7,120,1,4
7,120,2,7
7,121,1,4
7,121,2,7
7,122,1,4
7,122,2,7
7,123,1,4
7,123,2,7
7,124,1,4
7,124,2,7
7,125,1,4
7,125,2,7
7,126,1,4
7,126,2,7
7,127,1,5
7,127,2,7
7,128,1,4
7,128,2,7
7,129,1,4
7,129,2,7
7,130,1,4
7,130,2,7
7,131,1,4
7,131,2,7
7,132,1,4
7,132,2,7
7,133,1,4
7,133,2,7
7,134,1,4
7,134,2,7
8,0,1,4
8,0,2,8
8,1,1,4
8,1,2,8
8,2,1,4
8,2,2,8
8,3,1,4
8,3,2,8
8,4,1,4
8,4,2,8
8,5,1,4
8,5,2,8
8,6,1,4
8,6,2,8
8,7,1,5
8,7,2,8
8,8,1,4
8,8,2,8
8,9,1,4
8,9,2,8
8,10,1,4
8,10,2,8
8,11,1,4
8,11,2,8
8,12,1,4
8,12,2,8
8,13,1,4
8,13,2,8
8,14,1,4
8,14,2,8
8,15,1,3
8,15,2,8
8,16,1,3
8,16,2,8
8,17,1,3
8,17,2,8
8,18,1,3
8,18,2,8
8,19,1,3
8,19,2,8
8,20,1,3
8,20,2,8
8,21,1,3
8,21,2,8
8,22,1,5
8,22,2,8
8,23,1,3
8,23,2,8
8,24,1,3
8,24,2,8
8,25,1,3
8,25,2,8
8,26,1,3
8,26,2,8
8,27,1,3
8,27,2,8
8,28,1,3
8,28,2,8
8,29,1,3
8,29,2,8
8,30,1,3
8,30,2,8
8,31,1,2
8,31,2,8
8,32,1,2
8,32,2,8
8,33,1,2
8,33,2,8
8,34,1,2
8,34,2,8
8,35,1,2
8,35,2,8
8,36,1,3
8,36,2,8
8,37,1,5
8,37,2,8
8,38,1,3
8,38,2,8
8,39,1,2
8,39,2,8
8,40,1,2
8,40,2,8
8,41,1,2
8,41,2,8
8,42,1,2
8,42,2,8
8,43,1,2
8,43,2,8
8,44,1,3
8,44,2,8
8,45,1,3
8,45,2,8
8,46,1,2
8,46,2,8
8,47,1,1
8,47,2,8
8,48,1,1
8,48,2,8
8,49,1,1
8,49,2,8
8,50,1,2
8,50,2,8
8,51,1,3
8,51,2,8
8,52,1,5
8,52,2,8
8,53,1,3
8,53,2,8
8,54,1,2
8,54,2,8
8,55,1,1
8,55,2,8
8,56,1,1
8,56,2,8
8,57,1,1
8,57,2,8
8,58,1,2
8,58,2,8
8,59,1,3
8,59,2,8
8,60,1,3
8,60,2,8
8,61,1,2
8,61,2,8
8,62,1,1
8,62,2,8
8,63,1,0
8,63,2,8
8,64,1,1
8,64,2,8
8,65,1,2
8,65,2,8
8,66,1,3
8,66,2,8
8,67,1,5
8,67,2,8
8,68,1,3
8,68,2,8
8,69,1,2
8,69,2,8
8,70,1,1
8,70,2,8
8,71,1,0
8,71,2,8
8,72,1,1
8,72,2,8
8,73,1,2
8,73,2,8
8,74,1,3
8,74,2,8
8,75,1,3
8,75,2,8
8,76,1,2
8,76,2,8
8,77,1,1
8,77,2,8
8,78,1,1
8,78,2,8
8,79,1,1
8,79,2,8
8,80,1,2
8,80,2,8
8,81,1,3
8,81,2,8
8,82,1,5
8,82,2,8
8,83,1,3
8,83,2,8
8,84,1,2
8,84,2,8
8,85,1,1
8,85,2,8
8,86,1,1
8,86,2,8
8,87,1,1
8,87,2,8
8,88,1,2
8,88,2,8
8,89,1,3
8,89,2,8
8,90,1,3
8,90,2,8
8,91,1,2
8,91,2,8
8,92,1,2
8,92,2,8
8,93,1,2
8,93,2,8
8,94,1,2
8,94,2,8
8,95,1,2
8,95,2,8
8,96,1,3
8,96,2,8
8,97,1,5
8,97,2,8
8,98,1,3
8,98,2,8
8,99,1,2
8,99,2,8
8,100,1,2
8,100,2,8
8,101,1,2
8,101,2,8
8,102,1,2
8,102,2,8
8,103,1,2
8,103,2,8
8,104,1,3
8,104,2,8
8,105,1,3
8,105,2,8
8,106,1,3
8,106,2,8
8,107,1,3
8,107,2,8
8,108,1,3
8,108,2,8
8,109,1,3
8,109,2,8
8,110,1,3
8,110,2,8
8,111,1,3
8,111,2,8
8,112,1,5
8,112,2,8
8,113,1,3
8,113,2,8
8,114,1,3
8,114,2,8
8,115,1,3
8,115,2,8
8,116,1,3
8,116,2,8
8,117,1,3
8,117,2,8
8,118,1,3
8,118,2,8
8,119,1,3
8,119,2,8
8,120,1,4
8,120,2,8
8,121,1,4
8,121,2,8
8,122,1,4
8,122,2,8
8,123,1,4
8,123,2,8
8,124,1,4
8,124,2,8
8,125,1,4
8,125,2,8
8,126,1,4
8,126,2,8
8,127,1,5
8,127,2,8
8,128,1,4
8,128,2,8
8,129,1,4
8,129,2,8
8,130,1,4
8,130,2,8
8,131,1,4
8,131,2,8
8,132,1,4
8,132,2,8
8,133,1,4
8,133,2,8
8,134,1,4
8,134,2,8
9,0,1,4
9,0,2,9
9,1,1,4
9,1,2,9
9,2,1,4
9,2,2,9
9,3,1,4
9,3,2,9
9,4,1,4
9,4,2,9
9,5,1,4
9,5,2,9
9,6,1,4
9,6,2,9
9,7,1,5
9,7,2,9
9,8,1,4
9,8,2,9
9,9,1,4
9,9,2,9
9,10,1,4
9,10,2,9
9,11,1,4
9,11,2,9
9,12,1,4
9,12,2,9
9,13,1,4
9,13,2,9
9,14,1,4
9,14,2,9
9,15,1,3
9,15,2,9
9,16,1,3
9,16,2,9
9,17,1,3
9,17,2,9
9,18,1,3
9,18,2,9
9,19,1,3
9,19,2,9
9,20,1,3
9,20,2,9
9,21,1,3
9,21,2,9
9,22,1,5
9,22,2,9
9,23,1,3
9,23,2,9
9,24,1,3
9,24,2,9
9,25,1,3
9,25,2,9
9,26,1,3
9,26,2,9
9,27,1,3
9,27,2,9
9,28,1,3
9,28,2,9
9,29,1,3
9,29,2,9
9,30,1,3
9,30,2,9
9,31,1,2
9,31,2,9
9,32,1,2
9,32,2,9
9,33,1,2
9,33,2,9
9,34,1,2
9,34,2,9
9,35,1,2
9,35,2,9
9,36,1,3
9,36,2,9
9,37,1,5
9,37,2,9
9,38,1,3
9,38,2,9
9,39,1,2
9,39,2,9
9,40,1,2
9,40,2,9
9,41,1,2
9,41,2,9
9,42,1,2
9,42,2,9
9,43,1,2
9,43,2,9
9,44,1,3
9,44,2,9
9,45,1,3
9,45,2,9
9,46,1,2
9,46,2,9
9,47,1,1
9,47,2,9
9,48,1,1
9,48,2,9
9,49,1,1
9,49,2,9
9,50,1,2
9,50,2,9
9,51,1,3
9,51,2,9
9,52,1,5
9,52,2,9
9,53,1,3
9,53,2,9
9,54,1,2
9,54,2,9
9,55,1,1
9,55,2,9
9,56,1,1
9,56,2,9
9,57,1,1
9,57,2,9
9,58,1,2
9,58,2,9
9,59,1,3
9,59,2,9
9,60,1,3
9,60,2,9
9,61,1,2
9,61,2,9
9,62,1,1
9,62,2,9
9,63,1,0
9,63,2,9
9,64,1,1
9,64,2,9
9,65,1,2
9,65,2,9
9,66,1,3
9,66,2,9
9,67,1,5
9,67,2,9
9,68,1,3
9,68,2,9
9,69,1,2
9,69,2,9
9,70,1,1
9,70,2,9
9,71,1,0
9,71,2,9
9,72,1,1
9,72,2,9
9,73,1,2
9,73,2,9
9,74,1,3
9,74,2,9
9,75,1,3
9,75,2,9
9,76,1,2
9,76,2,9
9,77,1,1
9,77,2,9
9,78,1,1
9,78,2,9
9,79,1,1
9,79,2,9
9,80,1,2
9,80,2,9
9,81,1,3
9,81,2,9
9,82,1,5
9,82,2,9
9,83,1,3
9,83,2,9
9,84,1,2
9,84,2,9
9,85,1,1
9,85,2,9
9,86,1,1
9,86,2,9
9,87,1,1
9,87,2,9
9,88,1,2
9,88,2,9
9,89,1,3
9,89,2,9
9,90,1,3
9,90,2,9
9,91,1,2
9,91,2,9
9,92,1,2
9,92,2,9
9,93,1,2
9,93,2,9
9,94,1,2
9,94,2,9
9,95,1,2
9,95,2,9
9,96,1,3
9,96,2,9
9,97,1,5
9,97,2,9
9,98,1,3
9,98,2,9
9,99,1,2
9,99,2,9
9,100,1,2
9,100,2,9
9,101,1,2
9,101,2,9
9,102,1,2
9,102,2,9
9,103,1,2
9,103,2,9
9,104,1,3
9,104,2,9
9,105,1,3
9,105,2,9
9,106,1,3
9,106,2,9
9,107,1,3
9,107,2,9
9,108,1,3
9,108,2,9
9,109,1,3
9,109,2,9
9,110,1,3
9,110,2,9
9,111,1,3
9,111,2,9
9,112,1,5
9,112,2,9
9,113,1,3
9,113,2,9
9,114,1,3
9,114,2,9
9,115,1,3
9,115,2,9
9,116,1,3
9,116,2,9
9,117,1,3
9,117,2,9
9,118,1,3
9,118,2,9
9,119,1,3
9,119,2,9
9,120,1,4
9,120,2,9
9,121,1,4
9,121,2,9
9,122,1,4
9,122,2,9
9,123,1,4
9,123,2,9
9,124,1,4
9,124,2,9
9,125,1,4
9,125,2,9
9,126,1,4
9,126,2,9
9,127,1,5
9,127,2,9
9,128,1,4
9,128,2,9
9,129,1,4
9,129,2,9
9,130,1,4
9,130,2,9
9,131,1,4
9,131,2,9
9,132,1,4
9,132,2,9
9,133,1,4
9,133,2,9
9,134,1,4
9,134,2,9
10,0,1,4
10,0,2,10
10,1,1,4
10,1,2,10
10,2,1,4
10,2,2,10
10,3,1,4
10,3,2,10
10,4,1,4
10,4,2,10
10,5,1,4
10,5,2,10
10,6,1,4
10,6,2,10
10,7,1,5
10,7,2,10
10,8,1,4
10,8,2,10
10,9,1,4
10,9,2,10
10,10,1,4
10,10,2,10
10,11,1,4
10,11,2,10
10,12,1,4
10,12,2,10
10,13,1,4
10,13,2,10
10,14,1,4
10,14,2,10
10,15,1,3
10,15,2,10
10,16,1,3
10,16,2,10
10,17,1,3
10,17,2,10
10,18,1,3
10,18,2,10
10,19,1,3
10,19,2,10
10,20,1,3
10,20,2,10
10,21,1,3
10,21,2,10
10,22,1,5
10,22,2,10
10,23,1,3
10,23,2,10
10,24,1,3
10,24,2,10
10,25,1,3
10,25,2,10
10,26,1,3
10,26,2,10
10,27,1,3
10,27,2,10
10,28,1,3
10,28,2,10
10,29,1,3
10,29,2,10
10,30,1,3
10,30,2,10
10,31,1,2
10,31,2,10
10,32,1,2
10,32,2,10
10,33,1,2
10,33,2,10
10,34,1,2
10,34,2,10
10,35,1,2
10,35,2,10
10,36,1,3
10,36,2,10
10,37,1,5
10,37,2,10
10,38,1,3
10,38,2,10
10,39,1,2
10,39,2,10
10,40,1,2
10,40,2,10
10,41,1,2
10,41,2,10
10,42,1,2
10,42,2,10
10,43,1,2
10,43,2,10
10,44,1,3
10,44,2,10
10,45,1,3
10,45,2,10
10,46,1,2
10,46,2,10
10,47,1,1
10,47,2,10
10,48,1,1
10,48,2,10
10,49,1,1
10,49,2,10
10,50,1,2
10,50,2,10
10,51,1,3
10,51,2,10
10,52,1,5
10,52,2,10
10,53,1,3
10,53,2,10
10,54,1,2
10,54,2,10
10,55,1,1
10,55,2,10
10,56,1,1
10,56,2,10
10,57,1,1
10,57,2,10
10,58,1,2
10,58,2,10
10,59,1,3
10,59,2,10
10,60,1,3
10,60,2,10
10,61,1,2
10,61,2,10
10,62,1,1
10,62,2,10
10,63,1,0
10,63,2,10
10,64,1,1
10,64,2,10
10,65,1,2
10,65,2,10
10,66,1,3
10,66,2,10
10,67,1,5
10,67,2,10
10,68,1,3
10,68,2,10
10,69,1,2
10,69,2,10
10,70,1,1
10,70,2,10
10,71,1,0
10,71,2,10
10,72,1,1
10,72,2,10
10,73,1,2
10,73,2,10
10,74,1,3
10,74,2,10
10,75,1,3
10,75,2,10
10,76,1,2
10,76,2,10
10,77,1,1
10,77,2,10
10,78,1,1
10,78,2,10
10,79,1,1
10,79,2,10
10,80,1,2
10,80,2,10
10,81,1,3
10,81,2,10
10,82,1,5
10,82,2,10
10,83,1,3
10,83,2,10
10,84,1,2
10,84,2,10
10,85,1,1
10,85,2,10
10,86,1,1
10,86,2,10
10,87,1,1
10,87,2,10
10,88,1,2
10,88,2,10
10,89,1,3
10,89,2,10
10,90,1,3
10,90,2,10
10,91,1,2
10,91,2,10
10,92,1,2
10,92,2,10
10,93,1,2
10,93,2,10
10,94,1,2
10,94,2,10
10,95,1,2
10,95,2,10
10,96,1,3
10,96,2,10
10,97,1,5
10,97,2,10
10,98,1,3
10,98,2,10
10,99,1,2
10,99,2,10
10,100,1,2
10,100,2,10
10,101,1,2
10,101,2,10
10,102,1,2
10,102,2,10
10,103,1,2
10,103,2,10
10,104,1,3
10,104,2,10
10,105,1,3
10,105,2,10
10,106,1,3
10,106,2,10
10,107,1,3
10,107,2,10
10,108,1,3
10,108,2,10
10,109,1,3
10,109,2,10
10,110,1,3
10,110,2,10
10,111,1,3
10,111,2,10
10,112,1,5
10,112,2,10
10,113,1,3
10,113,2,10
10,114,1,3
10,114,2,10
10,115,1,3
10,115,2,10
10,116,1,3
10,116,2,10
10,117,1,3
10,117,2,10
10,118,1,3
10,118,2,10
10,119,1,3
10,119,2,10
10,120,1,4
10,120,2,10
10,121,1,4
10,121,2,10
10,122,1,4
10,122,2,10
10,123,1,4
10,123,2,10
10,124,1,4
10,124,2,10
10,125,1,4
10,125,2,10
10,126,1,4
10,126,2,10
10,127,1,5
10,127,2,10
10,128,1,4
10,128,2,10
10,129,1,4
10,129,2,10
10,130,1,4
10,130,2,10
10,131,1,4
10,131,2,10
10,132,1,4
10,132,2,10
10,133,1,4
10,133,2,10
10,134,1,4
10,134,2,10
11,0,1,4
11,0,2,11
11,1,1,4
11,1,2,11
11,2,1,4
11,2,2,11
11,3,1,4
11,3,2,11
11,4,1,4
11,4,2,11
11,5,1,4
11,5,2,11
11,6,1,4
11,6,2,11
11,7,1,5
11,7,2,11
11,8,1,4
11,8,2,11
11,9,1,4
11,9,2,11
11,10,1,4
11,10,2,11
11,11,1,4
11,11,2,11
11,12,1,4
11,12,2,11
11,13,1,4
11,13,2,11
11,14,1,4
11,14,2,11
11,15,1,3
11,15,2,11
11,16,1,3
11,16,2,11
11,17,1,3
11,17,2,11
11,18,1,3
11,18,2,11
11,19,1,3
11,19,2,11
11,20,1,3
11,20,2,11
11,21,1,3
11,21,2,11
11,22,1,5
11,22,2,11
11,23,1,3
11,23,2,11
11,24,1,3
11,24,2,11
11,25,1,3
11,25,2,11
11,26,1,3
11,26,2,11
11,27,1,3
11,27,2,11
11,28,1,3
11,28,2,11
11,29,1,3
11,29,2,11
11,30,1,3
11,30,2,11
11,31,1,2
11,31,2,11
11,32,1,2
11,32,2,11
11,33,1,2
11,33,2,11
11,34,1,2
11,34,2,11
11,35,1,2
11,35,2,11
11,36,1,3
11,36,2,11
11,37,1,5
11,37,2,11
11,38,1,3
11,38,2,11
11,39,1,2
11,39,2,11
11,40,1,2
11,40,2,11
11,41,1,2
11,41,2,11
11,42,1,2
11,42,2,11
11,43,1,2
11,43,2,11
11,44,1,3
11,44,2,11
11,45,1,3
11,45,2,11
11,46,1,2
11,46,2,11
11,47,1,1
11,47,2,11
11,48,1,1
11,48,2,11
11,49,1,1
11,49,2,11
11,50,1,2
11,50,2,11
11,51,1,3
11,51,2,11
11,52,1,5
11,52,2,11
11,53,1,3
11,53,2,11
11,54,1,2
11,54,2,11
11,55,1,1
11,55,2,11
11,56,1,1
11,56,2,11
11,57,1,1
11,57,2,11
11,58,1,2
11,58,2,11
11,59,1,3
11,59,2,11
11,60,1,3
11,60,2,11
11,61,1,2
11,61,2,11
11,62,1,1
11,62,2,11
11,63,1,0
11,63,2,11
11,64,1,1
11,64,2,11
11,65,1,2
11,65,2,11
11,66,1,3
11,66,2,11
11,67,1,5
11,67,2,11
11,68,1,3
11,68,2,11
11,69,1,2
11,69,2,11
11,70,1,1
11,70,2,11
11,71,1,0
11,71,2,11
11,72,1,1
11,72,2,11
11,73,1,2
11,73,2,11
11,74,1,3
11,74,2,11
11,75,1,3
11,75,2,11
11,76,1,2
11,76,2,11
11,77,1,1
11,77,2,11
11,78,1,1
11,78,2,11
11,79,1,1
11,79,2,11
11,80,1,2
11,80,2,11
11,81,1,3
11,81,2,11
11,82,1,5
11,82,2,11
11,83,1,3
11,83,2,11
11,84,1,2
11,84,2,11
11,85,1,1
11,85,2,11
11,86,1,1
11,86,2,11
11,87,1,1
11,87,2,11
11,88,1,2
11,88,2,11
11,89,1,3
11,89,2,11
11,90,1,3
11,90,2,11
11,91,1,2
11,91,2,11
11,92,1,2
11,92,2,11
11,93,1,2
11,93,2,11
11,94,1,2
11,94,2,11
11,95,1,2
11,95,2,11
11,96,1,3
11,96,2,11
11,97,1,5
11,97,2,11
11,98,1,3
11,98,2,11
11,99,1,2
11,99,2,11
11,100,1,2
11,100,2,11
11,101,1,2
11,101,2,11
11,102,1,2
11,102,2,11
11,103,1,2
11,103,2,11
11,104,1,3
11,104,2,11
11,105,1,3
11,105,2,11
11,106,1,3
11,106,2,11
11,107,1,3
11,107,2,11
11,108,1,3
11,108,2,11
11,109,1,3
11,109,2,11
11,110,1,3
11,110,2,11
11,111,1,3
11,111,2,11
11,112,1,5
11,112,2,11
11,113,1,3
11,113,2,11
11,114,1,3
11,114,2,11
11,115,1,3
11,115,2,11
11,116,1,3
11,116,2,11
11,117,1,3
11,117,2,11
11,118,1,3
11,118,2,11
11,119,1,3
11,119,2,11
11,120,1,4
11,120,2,11
11,121,1,4
11,121,2,11
11,122,1,4
11,122,2,11
11,123,1,4
11,123,2,11
11,124,1,4
11,124,2,11
11,125,1,4
11,125,2,11
11,126,1,4
11,126,2,11
11,127,1,5
11,127,2,11
11,128,1,4
11,128,2,11
11,129,1,4
11,129,2,11
11,130,1,4
11,130,2,11
11,131,1,4
11,131,2,11
11,132,1,4
11,132,2,11
11,133,1,4
11,133,2,11
11,134,1,4
11,134,2,11
12,0,1,4
12,0,2,12
12,1,1,4
12,1,2,12
12,2,1,4
12,2,2,12
12,3,1,4
12,3,2,12
12,4,1,4
12,4,2,12
12,5,1,4
12,5,2,12
12,6,1,4
12,6,2,12
12,7,1,5
12,7,2,12
12,8,1,4
12,8,2,12
12,9,1,4
12,9,2,12
12,10,1,4
12,10,2,12
12,11,1,4
12,11,2,12
12,12,1,4
12,12,2,12
12,13,1,4
12,13,2,12
12,14,1,4
12,14,2,12
12,15,1,3
12,15,2,12
12,16,1,3
12,16,2,12
12,17,1,3
12,17,2,12
12,18,1,3
12,18,2,12
12,19,1,3
12,19,2,12
12,20,1,3
12,20,2,12
12,21,1,3
12,21,2,12
12,22,1,5
12,22,2,12
12,23,1,3
12,23,2,12
12,24,1,3
12,24,2,12
12,25,1,3
12,25,2,12
12,26,1,3
12,26,2,12
12,27,1,3
12,27,2,12
12,28,1,3
12,28,2,12
12,29,1,3
12,29,2,12
12,30,1,3
12,30,2,12
12,31,1,2
12,31,2,12
12,32,1,2
12,32,2,12
12,33,1,2
12,33,2,12
12,34,1,2
12,34,2,12
12,35,1,2
12,35,2,12
12,36,1,3
12,36,2,12
12,37,1,5
12,37,2,12
12,38,1,3
12,38,2,12
12,39,1,2
12,39,2,12
12,40,1,2
12,40,2,12
12,41,1,2
12,41,2,12
12,42,1,2
12,42,2,12
12,43,1,2
12,43,2,12
12,44,1,3
12,44,2,12
12,45,1,3
12,45,2,12
12,46,1,2
12,46,2,12
12,47,1,1
12,47,2,12
12,48,1,1
12,48,2,12
12,49,1,1
12,49,2,12
12,50,1,2
12,50,2,12
12,51,1,3
12,51,2,12
12,52,1,5
12,52,2,12
12,53,1,3
12,53,2,12
12,54,1,2
12,54,2,12
12,55,1,1
12,55,2,12
12,56,1,1
12,56,2,12
12,57,1,1
12,57,2,12
12,58,1,2
12,58,2,12
12,59,1,3
12,59,2,12
12,60,1,3
12,60,2,12
12,61,1,2
12,61,2,12
12,62,1,1
12,62,2,12
12,63,1,0
12,63,2,12
12,64,1,1
12,64,2,12
12,65,1,2
12,65,2,12
12,66,1,3
12,66,2,12
12,67,1,5
12,67,2,12
12,68,1,3
12,68,2,12
12,69,1,2
12,69,2,12
12,70,1,1
12,70,2,12
12,71,1,0
12,71,2,12
12,72,1,1
12,72,2,12
12,73,1,2
12,73,2,12
12,74,1,3
12,74,2,12
12,75,1,3
12,75,2,12
12,76,1,2
12,76,2,12
12,77,1,1
12,77,2,12
12,78,1,1
12,78,2,12
12,79,1,1
12,79,2,12
12,80,1,2
12,80,2,12
12,81,1,3
12,81,2,12
12,82,1,5
12,82,2,12
12,83,1,3
12,83,2,12
12,84,1,2
12,84,2,12
12,85,1,1
12,85,2,12
12,86,1,1
12,86,2,12
12,87,1,1
12,87,2,12
12,88,1,2
12,88,2,12
12,89,1,3
12,89,2,12
12,90,1,3
12,90,2,12
12,91,1,2
12,91,2,12
12,92,1,2
12,92,2,12
12,93,1,2
12,93,2,12
12,94,1,2
12,94,2,12
12,95,1,2
12,95,2,12
12,96,1,3
12,96,2,12
12,97,1,5
12,97,2,12
12,98,1,3
12,98,2,12
12,99,1,2
12,99,2,12
12,100,1,2
12,100,2,12
12,101,1,2
12,101,2,12
12,102,1,2
12,102,2,12
12,103,1,2
12,103,2,12
12,104,1,3
12,104,2,12
12,105,1,3
12,105,2,12
12,106,1,3
12,106,2,12
12,107,1,3
12,107,2,12
12,108,1,3
12,108,2,12
12,109,1,3
12,109,2,12
12,110,1,3
12,110,2,12
12,111,1,3
12,111,2,12
12,112,1,5
12,112,2,12
12,113,1,3
12,113,2,12
12,114,1,3
12,114,2,12
12,115,1,3
12,115,2,12
12,116,1,3
12,116,2,12
12,117,1,3
12,117,2,12
12,118,1,3
12,118,2,12
12,119,1,3
12,119,2,12
12,120,1,4
12,120,2,12
12,121,1,4
12,121,2,12
12,122,1,4
12,122,2,12
12,123,1,4
12,123,2,12
12,124,1,4
12,124,2,12
12,125,1,4
12,125,2,12
12,126,1,4
12,126,2,12
12,127,1,5
12,127,2,12
12,128,1,4
12,128,2,12
12,129,1,4
12,129,2,12
12,130,1,4
12,130,2,12
12,131,1,4
12,131,2,12
12,132,1,4
12,132,2,12
12,133,1,4
12,133,2,12
12,134,1,4
12,134,2,12
13,0,1,4
13,0,2,13
13,1,1,4
13,1,2,13
13,2,1,4
13,2,2,13
13,3,1,4
13,3,2,13
13,4,1,4
13,4,2,13
13,5,1,4
13,5,2,13
13,6,1,4
13,6,2,13
13,7,1,5
13,7,2,13
13,8,1,4
13,8,2,13
13,9,1,4
13,9,2,13
13,10,1,4
13,10,2,13
13,11,1,4
13,11,2,13
13,12,1,4
13,12,2,13
13,13,1,4
13,13,2,13
13,14,1,4
13,14,2,13
13,15,1,3
13,15,2,13
13,16,1,3
13,16,2,13
13,17,1,3
13,17,2,13
13,18,1,3
13,18,2,13
13,19,1,3
13,19,2,13
13,20,1,3
13,20,2,13
13,21,1,3
13,21,2,13
13,22,1,5
13,22,2,13
13,23,1,3
13,23,2,13
13,24,1,3
13,24,2,13
13,25,1,3
13,25,2,13
13,26,1,3
13,26,2,13
13,27,1,3
13,27,2,13
13,28,1,3
13,28,2,13
13,29,1,3
13,29,2,13
13,30,1,3
13,30,2,13
13,31,1,2
13,31,2,13
13,32,1,2
13,32,2,13
13,33,1,2
13,33,2,13
13,34,1,2
13,34,2,13
13,35,1,2
13,35,2,13
13,36,1,3
13,36,2,13
13,37,1,5
13,37,2,13
13,38,1,3
13,38,2,13
13,39,1,2
13,39,2,13
13,40,1,2
13,40,2,13
13,41,1,2
13,41,2,13
13,42,1,2
13,42,2,13
13,43,1,2
13,43,2,13
13,44,1,3
13,44,2,13
13,45,1,3
13,45,2,13
13,46,1,2
13,46,2,13
13,47,1,1
13,47,2,13
13,48,1,1
13,48,2,13
13,49,1,1
13,49,2,13
13,50,1,2
13,50,2,13
13,51,1,3
13,51,2,13
13,52,1,5
13,52,2,13
13,53,1,3
13,53,2,13
13,54,1,2
13,54,2,13
13,55,1,1
13,55,2,13
13,56,1,1
13,56,2,13
13,57,1,1
13,57,2,13
13,58,1,2
13,58,2,13
13,59,1,3
13,59,2,13
13,60,1,3
13,60,2,13
13,61,1,2
13,61,2,13
13,62,1,1
13,62,2,13
13,63,1,0
13,63,2,13
13,64,1,1
13,64,2,13
13,65,1,2
13,65,2,13
13,66,1,3
13,66,2,13
13,67,1,5
13,67,2,13
13,68,1,3
13,68,2,13
13,69,1,2
13,69,2,13
13,70,1,1
13,70,2,13
13,71,1,0
13,71,2,13
13,72,1,1
13,72,2,13
13,73,1,2
13,73,2,13
13,74,1,3
13,74,2,13
13,75,1,3
13,75,2,13
13,76,1,2
13,76,2,13
13,77,1,1
13,77,2,13
13,78,1,1
13,78,2,13
13,79,1,1
13,79,2,13
13,80,1,2
13,80,2,13
13,81,1,3
13,81,2,13
13,82,1,5
13,82,2,13
13,83,1,3
13,83,2,13
13,84,1,2
13,84,2,13
13,85,1,1
13,85,2,13
13,86,1,1
13,86,2,13
13,87,1,1
13,87,2,13
13,88,1,2
13,88,2,13
13,89,1,3
13,89,2,13
13,90,1,3
13,90,2,13
13,91,1,2
13,91,2,13
13,92,1,2
13,92,2,13
13,93,1,2
13,93,2,13
13,94,1,2
13,94,2,13
13,95,1,2
13,95,2,13
13,96,1,3
13,96,2,13
13,97,1,5
13,97,2,13
13,98,1,3
13,98,2,13
13,99,1,2
13,99,2,13
13,100,1,2
13,100,2,13
13,101,1,2
13,101,2,13
13,102,1,2
13,102,2,13
13,103,1,2
13,103,2,13
13,104,1,3
13,104,2,13
13,105,1,3
13,105,2,13
13,106,1,3
13,106,2,13
13,107,1,3
13,107,2,13
13,108,1,3
13,108,2,13
13,109,1,3
13,109,2,13
13,110,1,3
13,110,2,13
13,111,1,3
13,111,2,13
13,112,1,5
13,112,2,13
13,113,1,3
13,113,2,13
13,114,1,3
13,114,2,13
13,115,1,3
13,115,2,13
13,116,1,3
13,116,2,13
13,117,1,3
13,117,2,13
13,118,1,3
13,118,2,13
13,119,1,3
13,119,2,13
13,120,1,4
13,120,2,13
13,121,1,4
13,121,2,13
13,122,1,4
13,122,2,13
13,123,1,4
13,123,2,13
13,124,1,4
13,124,2,13
13,125,1,4
13,125,2,13
13,126,1,4
13,126,2,13
13,127,1,5
13,127,2,13
13,128,1,4
13,128,2,13
13,129,1,4
13,129,2,13
13,130,1,4
13,130,2,13
13,131,1,4
13,131,2,13
13,132,1,4
13,132,2,13
13,133,1,4
13,133,2,13
13,134,1,4
13,134,2,13
14,0,1,4
14,0,2,14
14,1,1,4
14,1,2,14
14,2,1,4
14,2,2,14
14,3,1,4
14,3,2,14
14,4,1,4
14,4,2,14
14,5,1,4
14,5,2,14
14,6,1,4
14,6,2,14
14,7,1,5
14,7,2,14
14,8,1,4
14,8,2,14
14,9,1,4
14,9,2,14
14,10,1,4
14,10,2,14
14,11,1,4
14,11,2,14
14,12,1,4
14,12,2,14
14,13,1,4
14,13,2,14
14,14,1,4
14,14,2,14
14,15,1,3
14,15,2,14
14,16,1,3
14,16,2,14
14,17,1,3
14,17,2,14
14,18,1,3
14,18,2,14
14,19,1,3
14,19,2,14
14,20,1,3
14,20,2,14
14,21,1,3
14,21,2,14
14,22,1,5
14,22,2,14
14,23,1,3
14,23,2,14
14,24,1,3
14,24,2,14
14,25,1,3
14,25,2,14
14,26,1,3
14,26,2,14
14,27,1,3
14,27,2,14
14,28,1,3
14,28,2,14
14,29,1,3
14,29,2,14
14,30,1,3
14,30,2,14
14,31,1,2
14,31,2,14
14,32,1,2
14,32,2,14
14,33,1,2
14,33,2,14
14,34,1,2
14,34,2,14
14,35,1,2
14,35,2,14
14,36,1,3
14,36,2,14
14,37,1,5
14,37,2,14
14,38,1,3
14,38,2,14
14,39,1,2
14,39,2,14
14,40,1,2
14,40,2,14
14,41,1,2
14,41,2,14
14,42,1,2
14,42,2,14
14,43,1,2
14,43,2,14
14,44,1,3
14,44,2,14
14,45,1,3
14,45,2,14
14,46,1,2
14,46,2,14
14,47,1,1
14,47,2,14
14,48,1,1
14,48,2,14
14,49,1,1
14,49,2,14
14,50,1,2
14,50,2,14
14,51,1,3
14,51,2,14
14,52,1,5
14,52,2,14
14,53,1,3
14,53,2,14
14,54,1,2
14,54,2,14
14,55,1,1
14,55,2,14
14,56,1,1
14,56,2,14
14,57,1,1
14,57,2,14
14,58,1,2
14,58,2,14
14,59,1,3
14,59,2,14
14,60,1,3
14,60,2,14
14,61,1,2
14,61,2,14
14,62,1,1
14,62,2,14
14,63,1,0
14,63,2,14
14,64,1,1
14,64,2,14
14,65,1,2
14,65,2,14
14,66,1,3
14,66,2,14
14,67,1,5
14,67,2,14
14,68,1,3
14,68,2,14
14,69,1,2
14,69,2,14
14,70,1,1
14,70,2,14
14,71,1,0
14,71,2,14
14,72,1,1
14,72,2,14
14,73,1,2
14,73,2,14
14,74,1,3
14,74,2,14
14,75,1,3
14,75,2,14
14,76,1,2
14,76,2,14
14,77,1,1
14,77,2,14
14,78,1,1
14,78,2,14
14,79,1,1
14,79,2,14
14,80,1,2
14,80,2,14
14,81,1,3
14,81,2,14
14,82,1,5
14,82,2,14
14,83,1,3
14,83,2,14
14,84,1,2
14,84,2,14
14,85,1,1
14,85,2,14
14,86,1,1
14,86,2,14
14,87,1,1
14,87,2,14
14,88,1,2
14,88,2,14
14,89,1,3
14,89,2,14
14,90,1,3
14,90,2,14
14,91,1,2
14,91,2,14
14,92,1,2
14,92,2,14
14,93,1,2
14,93,2,14
14,94,1,2
14,94,2,14
14,95,1,2
14,95,2,14
14,96,1,3
14,96,2,14
14,97,1,5
14,97,2,14
14,98,1,3
14,98,2,14
14,99,1,2
14,99,2,14
14,100,1,2
14,100,2,14
14,101,1,2
14,101,2,14
14,102,1,2
14,102,2,14
14,103,1,2
14,103,2,14
14,104,1,3
14,104,2,14
14,105,1,3
14,105,2,14
14,106,1,3
14,106,2,14
14,107,1,3
14,107,2,14
14,108,1,3
14,108,2,14
14,109,1,3
14,109,2,14
14,110,1,3
14,110,2,14
14,111,1,3
14,111,2,14
14,112,1,5
14,112,2,14
14,113,1,3
14,113,2,14
14,114,1,3
14,114,2,14
14,115,1,3
14,115,2,14
14,116,1,3
14,116,2,14
14,117,1,3
14,117,2,14
14,118,1,3
14,118,2,14
14,119,1,3
14,119,2,14
14,120,1,4
14,120,2,14
14,121,1,4
14,121,2,14
14,122,1,4
14,122,2,14
14,123,1,4
14,123,2,14
14,124,1,4
14,124,2,14
14,125,1,4
14,125,2,14
14,126,1,4
14,126,2,14
14,127,1,5
14,127,2,14
14,128,1,4
14,128,2,14
14,129,1,4
14,129,2,14
14,130,1,4
14,130,2,14
14,131,1,4
14,131,2,14
14,132,1,4
14,132,2,14
14,133,1,4
14,133,2,14
14,134,1,4
14,134,2,14
15,0,1,4
15,0,2,15
15,1,1,4
15,1,2,15
15,2,1,4
15,2,2,15
15,3,1,4
15,3,2,15
15,4,1,4
15,4,2,15
15,5,1,4
15,5,2,15
15,6,1,4
15,6,2,15
15,7,1,5
15,7,2,15
15,8,1,4
15,8,2,15
15,9,1,4
15,9,2,15
15,10,1,4
15,10,2,15
15,11,1,4
15,11,2,15
15,12,1,4
15,12,2,15
15,13,1,4
15,13,2,15
15,14,1,4
15,14,2,15
15,15,1,3
15,15,2,15
15,16,1,3
15,16,2,15
15,17,1,3
15,17,2,15
15,18,1,3
15,18,2,15
15,19,1,3
15,19,2,15
15,20,1,3
15,20,2,15
15,21,1,3
15,21,2,15
15,22,1,5
15,22,2,15
15,23,1,3
15,23,2,15
15,24,1,3
15,24,2,15
15,25,1,3
15,25,2,15
15,26,1,3
15,26,2,15
15,27,1,3
15,27,2,15
15,28,1,3
15,28,2,15
15,29,1,3
15,29,2,15
15,30,1,3
15,30,2,15
15,31,1,2
15,31,2,15
15,32,1,2
15,32,2,15
15,33,1,2
15,33,2,15
15,34,1,2
15,34,2,15
15,35,1,2
15,35,2,15
15,36,1,3
15,36,2,15
15,37,1,5
15,37,2,15
15,38,1,3
15,38,2,15
15,39,1,2
15,39,2,15
15,40,1,2
15,40,2,15
15,41,1,2
15,41,2,15
15,42,1,2
15,42,2,15
15,43,1,2
15,43,2,15
15,44,1,3
15,44,2,15
15,45,1,3
15,45,2,15
15,46,1,2
15,46,2,15
15,47,1,1
15,47,2,15
15,48,1,1
15,48,2,15
15,49,1,1
15,49,2,15
15,50,1,2
15,50,2,15
15,51,1,3
15,51,2,15
15,52,1,5
15,52,2,15
15,53,1,3
15,53,2,15
15,54,1,2
15,54,2,15
15,55,1,1
15,55,2,15
15,56,1,1
15,56,2,15
15,57,1,1
15,57,2,15
15,58,1,2
15,58,2,15
15,59,1,3
15,59,2,15
15,60,1,3
15,60,2,15
15,61,1,2
15,61,2,15
15,62,1,1
15,62,2,15
15,63,1,0
15,63,2,15
15,64,1,1
15,64,2,15
15,65,1,2
15,65,2,15
15,66,1,3
15,66,2,15
15,67,1,5
15,67,2,15
15,68,1,3
15,68,2,15
15,69,1,2
15,69,2,15
15,70,1,1
15,70,2,15
15,71,1,0
15,71,2,15
15,72,1,1
15,72,2,15
15,73,1,2
15,73,2,15
15,74,1,3
15,74,2,15
15,75,1,3
15,75,2,15
15,76,1,2
15,76,2,15
15,77,1,1
15,77,2,15
15,78,1,1
15,78,2,15
15,79,1,1
15,79,2,15
15,80,1,2
15,80,2,15
15,81,1,3
15,81,2,15
15,82,1,5
15,82,2,15
15,83,1,3
15,83,2,15
15,84,1,2
15,84,2,15
15,85,1,1
15,85,2,15
15,86,1,1
15,86,2,15
15,87,1,1
15,87,2,15
15,88,1,2
15,88,2,15
15,89,1,3
15,89,2,15
15,90,1,3
15,90,2,15
15,91,1,2
15,91,2,15
15,92,1,2
15,92,2,15
15,93,1,2
15,93,2,15
15,94,1,2
15,94,2,15
15,95,1,2
15,95,2,15
15,96,1,3
15,96,2,15
15,97,1,5
15,97,2,15
15,98,1,3
15,98,2,15
15,99,1,2
15,99,2,15
15,100,1,2
15,100,2,15
15,101,1,2
15,101,2,15
15,102,1,2
15,102,2,15
15,103,1,2
15,103,2,15
15,104,1,3
15,104,2,15
15,105,1,3
15,105,2,15
15,106,1,3
15,106,2,15
15,107,1,3
15,107,2,15
15,108,1,3
15,108,2,15
15,109,1,3
15,109,2,15
15,110,1,3
15,110,2,15
15,111,1,3
15,111,2,15
15,112,1,5
15,112,2,15
15,113,1,3
15,113,2,15
15,114,1,3
15,114,2,15
15,115,1,3
15,115,2,15
15,116,1,3
15,116,2,15
15,117,1,3
15,117,2,15
15,118,1,3
15,118,2,15
15,119,1,3
15,119,2,15
15,120,1,4
15,120,2,15
15,121,1,4
15,121,2,15
15,122,1,4
15,122,2,15
15,123,1,4
15,123,2,15
15,124,1,4
15,124,2,15
15,125,1,4
15,125,2,15
15,126,1,4
15,126,2,15
15,127,1,5
15,127,2,15
15,128,1,4
15,128,2,15
15,129,1,4
15,129,2,15
15,130,1,4
15,130,2,15
15,131,1,4
15,131,2,15
15,132,1,4
15,132,2,15
15,133,1,4
15,133,2,15
15,134,1,4
15,134,2,15
16,0,1,4
16,0,2,16
16,1,1,4
16,1,2,16
16,2,1,4
16,2,2,16
16,3,1,4
16,3,2,16
16,4,1,4
16,4,2,16
16,5,1,4
16,5,2,16
16,6,1,4
16,6,2,16
16,7,1,5
16,7,2,16
16,8,1,4
16,8,2,16
16,9,1,4
16,9,2,16
16,10,1,4
16,10,2,16
16,11,1,4
16,11,2,16
16,12,1,4
16,12,2,16
16,13,1,4
16,13,2,16
16,14,1,4
16,14,2,16
16,15,1,3
16,15,2,16
16,16,1,3
16,16,2,16
16,17,1,3
16,17,2,16
16,18,1,3
16,18,2,16
16,19,1,3
16,19,2,16
16,20,1,3
16,20,2,16
16,21,1,3
16,21,2,16
16,22,1,5
16,22,2,16
16,23,1,3
16,23,2,16
16,24,1,3
16,24,2,16
16,25,1,3
16,25,2,16
16,26,1,3
16,26,2,16
16,27,1,3
16,27,2,16
16,28,1,3
16,28,2,16
16,29,1,3
16,29,2,16
16,30,1,3
16,30,2,16
16,31,1,2
16,31,2,16
16,32,1,2
16,32,2,16
16,33,1,2
16,33,2,16
16,34,1,2
16,34,2,16
16,35,1,2
16,35,2,16
16,36,1,3
16,36,2,16
16,37,1,5
16,37,2,16
16,38,1,3
16,38,2,16
16,39,1,2
16,39,2,16
16,40,1,2
16,40,2,16
16,41,1,2
16,41,2,16
16,42,1,2
16,42,2,16
16,43,1,2
16,43,2,16
16,44,1,3
16,44,2,16
16,45,1,3
16,45,2,16
16,46,1,2
16,46,2,16
16,47,1,1
16,47,2,16
16,48,1,1
16,48,2,16
16,49,1,1
16,49,2,16
16,50,1,2
16,50,2,16
16,51,1,3
16,51,2,16
16,52,1,5
16,52,2,16
16,53,1,3
16,53,2,16
16,54,1,2
16,54,2,16
16,55,1,1
16,55,2,16
16,56,1,1
16,56,2,16
16,57,1,1
16,57,2,16
16,58,1,2
16,58,2,16
16,59,1,3
16,59,2,16
16,60,1,3
16,60,2,16
16,61,1,2
16,61,2,16
16,62,1,1
16,62,2,16
16,63,1,0
16,63,2,16
16,64,1,1
16,64,2,16
16,65,1,2
16,65,2,16
16,66,1,3
16,66,2,16
16,67,1,5
16,67,2,16
16,68,1,3
16,68,2,16
16,69,1,2
16,69,2,16
16,70,1,1
16,70,2,16
16,71,1,0
16,71,2,16
16,72,1,1
16,72,2,16
16,73,1,2
16,73,2,16
16,74,1,3
16,74,2,16
16,75,1,3
16,75,2,16
16,76,1,2
16,76,2,16
16,77,1,1
16,77,2,16
16,78,1,1
16,78,2,16
16,79,1,1
16,79,2,16
16,80,1,2
16,80,2,16
16,81,1,3
16,81,2,16
16,82,1,5
16,82,2,16
16,83,1,3
16,83,2,16
16,84,1,2
16,84,2,16
16,85,1,1
16,85,2,16
16,86,1,1
16,86,2,16
16,87,1,1
16,87,2,16
16,88,1,2
16,88,2,16
16,89,1,3
16,89,2,16
16,90,1,3
16,90,2,16
16,91,1,2
16,91,2,16
16,92,1,2
16,92,2,16
16,93,1,2
16,93,2,16
16,94,1,2
16,94,2,16
16,95,1,2
16,95,2,16
16,96,1,3
16,96,2,16
16,97,1,5
16,97,2,16
16,98,1,3
16,98,2,16
16,99,1,2
16,99,2,16
16,100,1,2
16,100,2,16
16,101,1,2
16,101,2,16
16,102,1,2
16,102,2,16
16,103,1,2
16,103,2,16
16,104,1,3
16,104,2,16
16,105,1,3
16,105,2,16
16,106,1,3
16,106,2,16
16,107,1,3
16,107,2,16
16,108,1,3
16,108,2,16
16,109,1,3
16,109,2,16
16,110,1,3
16,110,2,16
16,111,1,3
16,111,2,16
16,112,1,5
16,112,2,16
16,113,1,3
16,113,2,16
16,114,1,3
16,114,2,16
16,115,1,3
16,115,2,16
16,116,1,3
16,116,2,16
16,117,1,3
16,117,2,16
16,118,1,3
16,118,2,16
16,119,1,3
16,119,2,16
16,120,1,4
16,120,2,16
16,121,1,4
16,121,2,16
16,122,1,4
16,122,2,16
16,123,1,4
16,123,2,16
16,124,1,4
16,124,2,16
16,125,1,4
16,125,2,16
16,126,1,4
16,126,2,16
16,127,1,5
16,127,2,16
16,128,1,4
16,128,2,16
16,129,1,4
16,129,2,16
16,130,1,4
16,130,2,16
16,131,1,4
16,131,2,16
16,132,1,4
16,132,2,16
16,133,1,4
16,133,2,16
16,134,1,4
16,134,2,16
17,0,1,4
17,0,2,17
17,1,1,4
17,1,2,17
17,2,1,4
17,2,2,17
17,3,1,4
17,3,2,17
17,4,1,4
17,4,2,17
17,5,1,4
17,5,2,17
17,6,1,4
17,6,2,17
17,7,1,5
17,7,2,17
17,8,1,4
17,8,2,17
17,9,1,4
17,9,2,17
17,10,1,4
17,10,2,17
17,11,1,4
17,11,2,17
17,12,1,4
17,12,2,17
17,13,1,4
17,13,2,17
17,14,1,4
17,14,2,17
17,15,1,3
17,15,2,17
17,16,1,3
17,16,2,17
17,17,1,3
17,17,2,17
17,18,1,3
17,18,2,17
17,19,1,3
17,19,2,17
17,20,1,3
17,20,2,17
17,21,1,3
17,21,2,17
17,22,1,5
17,22,2,17
17,23,1,3
17,23,2,17
17,24,1,3
17,24,2,17
17,25,1,3
17,25,2,17
17,26,1,3
17,26,2,17
17,27,1,3
17,27,2,17
17,28,1,3
17,28,2,17
17,29,1,3
17,29,2,17
17,30,1,3
17,30,2,17
17,31,1,2
17,31,2,17
17,32,1,2
17,32,2,17
17,33,1,2
17,33,2,17
17,34,1,2
17,34,2,17
17,35,1,2
17,35,2,17
17,36,1,3
17,36,2,17
17,37,1,5
17,37,2,17
17,38,1,3
17,38,2,17
17,39,1,2
17,39,2,17
17,40,1,2
17,40,2,17
17,41,1,2
17,41,2,17
17,42,1,2
17,42,2,17
17,43,1,2
17,43,2,17
17,44,1,3
17,44,2,17
17,45,1,3
17,45,2,17
17,46,1,2
17,46,2,17
17,47,1,1
17,47,2,17
17,48,1,1
17,48,2,17
17,49,1,1
17,49,2,17
17,50,1,2
17,50,2,17
17,51,1,3
17,51,2,17
17,52,1,5
17,52,2,17
17,53,1,3
17,53,2,17
17,54,1,2
17,54,2,17
17,55,1,1
17,55,2,17
17,56,1,1
17,56,2,17
17,57,1,1
17,57,2,17
17,58,1,2
17,58,2,17
17,59,1,3
17,59,2,17
17,60,1,3
17,60,2,17
17,61,1,2
17,61,2,17
17,62,1,1
17,62,2,17
17,63,1,0
17,63,2,17
17,64,1,1
17,64,2,17
17,65,1,2
17,65,2,17
17,66,1,3
17,66,2,17
17,67,1,5
17,67,2,17
17,68,1,3
17,68,2,17
17,69,1,2
17,69,2,17
17,70,1,1
17,70,2,17
17,71,1,0
17,71,2,17
17,72,1,1
17,72,2,17
17,73,1,2
17,73,2,17
17,74,1,3
17,74,2,17
17,75,1,3
17,75,2,17
17,76,1,2
17,76,2,17
17,77,1,1
17,77,2,17
17,78,1,1
17,78,2,17
17,79,1,1
17,79,2,17
17,80,1,2
17,80,2,17
17,81,1,3
17,81,2,17
17,82,1,5
17,82,2,17
17,83,1,3
17,83,2,17
17,84,1,2
17,84,2,17
17,85,1,1
17,85,2,17
17,86,1,1
17,86,2,17
17,87,1,1
17,87,2,17
17,88,1,2
17,88,2,17
17,89,1,3
17,89,2,17
17,90,1,3
17,90,2,17
17,91,1,2
17,91,2,17
17,92,1,2
17,92,2,17
17,93,1,2
17,93,2,17
17,94,1,2
17,94,2,17
17,95,1,2
17,95,2,17
17,96,1,3
17,96,2,17
17,97,1,5
17,97,2,17
17,98,1,3
17,98,2,17
17,99,1,2
17,99,2,17
17,100,1,2
17,100,2,17
17,101,1,2
17,101,2,17
17,102,1,2
17,102,2,17
17,103,1,2
17,103,2,17
17,104,1,3
17,104,2,17
17,105,1,3
17,105,2,17
17,106,1,3
17,106,2,17
17,107,1,3
17,107,2,17
17,108,1,3
17,108,2,17
17,109,1,3
17,109,2,17
17,110,1,3
17,110,2,17
17,111,1,3
17,111,2,17
17,112,1,5
17,112,2,17
17,113,1,3
17,113,2,17
17,114,1,3
17,114,2,17
17,115,1,3
17,115,2,17
17,116,1,3
17,116,2,17
17,117,1,3
17,117,2,17
17,118,1,3
17,118,2,17
17,119,1,3
17,119,2,17
17,120,1,4
17,120,2,17
17,121,1,4
17,121,2,17
17,122,1,4
17,122,2,17
17,123,1,4
17,123,2,17
17,124,1,4
17,124,2,17
17,125,1,4
17,125,2,17
17,126,1,4
17,126,2,17
17,127,1,5
17,127,2,17
17,128,1,4
17,128,2,17
17,129,1,4
17,129,2,17
17,130,1,4
17,130,2,17
17,131,1,4
17,131,2,17
17,132,1,4
17,132,2,17
17,133,1,4
17,133,2,17
17,134,1,4
17,134,2,17
18,0,1,4
18,0,2,18
18,1,1,4
18,1,2,18
18,2,1,4
18,2,2,18
18,3,1,4
18,3,2,18
18,4,1,4
18,4,2,18
18,5,1,4
18,5,2,18
18,6,1,4
18,6,2,18
18,7,1,5
18,7,2,18
18,8,1,4
18,8,2,18
18,9,1,4
18,9,2,18
18,10,1,4
18,10,2,18
18,11,1,4
18,11,2,18
18,12,1,4
18,12,2,18
18,13,1,4
18,13,2,18
18,14,1,4
18,14,2,18
18,15,1,3
18,15,2,18
18,16,1,3
18,16,2,18
18,17,1,3
18,17,2,18
18,18,1,3
18,18,2,18
18,19,1,3
18,19,2,18
18,20,1,3
18,20,2,18
18,21,1,3
18,21,2,18
18,22,1,5
18,22,2,18
18,23,1,3
18,23,2,18
18,24,1,3
18,24,2,18
18,25,1,3
18,25,2,18
18,26,1,3
18,26,2,18
18,27,1,3
18,27,2,18
18,28,1,3
18,28,2,18
18,29,1,3
18,29,2,18
18,30,1,3
18,30,2,18
18,31,1,2
18,31,2,18
18,32,1,2
18,32,2,18
18,33,1,2
18,33,2,18
18,34,1,2
18,34,2,18
18,35,1,2
18,35,2,18
18,36,1,3
18,36,2,18
18,37,1,5
18,37,2,18
18,38,1,3
18,38,2,18
18,39,1,2
18,39,2,18
18,40,1,2
18,40,2,18
18,41,1,2
18,41,2,18
18,42,1,2
18,42,2,18
18,43,1,2
18,43,2,18
18,44,1,3
18,44,2,18
18,45,1,3
18,45,2,18
18,46,1,2
18,46,2,18
18,47,1,1
18,47,2,18
18,48,1,1
18,48,2,18
18,49,1,1
18,49,2,18
18,50,1,2
18,50,2,18
18,51,1,3
18,51,2,18
18,52,1,5
18,52,2,18
18,53,1,3
18,53,2,18
18,54,1,2
18,54,2,18
18,55,1,1
18,55,2,18
18,56,1,1
18,56,2,18
18,57,1,1
18,57,2,18
18,58,1,2
18,58,2,18
18,59,1,3
18,59,2,18
18,60,1,3
18,60,2,18
18,61,1,2
18,61,2,18
18,62,1,1
18,62,2,18
18,63,1,0
18,63,2,18
18,64,1,1
18,64,2,18
18,65,1,2
18,65,2,18
18,66,1,3
18,66,2,18
18,67,1,5
18,67,2,18
18,68,1,3
18,68,2,18
18,69,1,2
18,69,2,18
18,70,1,1
18,70,2,18
18,71,1,0
18,71,2,18
18,72,1,1
18,72,2,18
18,73,1,2
18,73,2,18
18,74,1,3
18,74,2,18
18,75,1,3
18,75,2,18
18,76,1,2
18,76,2,18
18,77,1,1
18,77,2,18
18,78,1,1
18,78,2,18
18,79,1,1
18,79,2,18
18,80,1,2
18,80,2,18
18,81,1,3
18,81,2,18
18,82,1,5
18,82,2,18
18,83,1,3
18,83,2,18
18,84,1,2
18,84,2,18
18,85,1,1
18,85,2,18
18,86,1,1
18,86,2,18
18,87,1,1
18,87,2,18
18,88,1,2
18,88,2,18
18,89,1,3
18,89,2,18
18,90,1,3
18,90,2,18
18,91,1,2
18,91,2,18
18,92,1,2
18,92,2,18
18,93,1,2
18,93,2,18
18,94,1,2
18,94,2,18
18,95,1,2
18,95,2,18
18,96,1,3
18,96,2,18
18,97,1,5
18,97,2,18
18,98,1,3
18,98,2,18
18,99,1,2
18,99,2,18
18,100,1,2
18,100,2,18
18,101,1,2
18,101,2,18
18,102,1,2
18,102,2,18
18,103,1,2
18,103,2,18
18,104,1,3
18,104,2,18
18,105,1,3
18,105,2,18
18,106,1,3
18,106,2,18
18,107,1,3
18,107,2,18
18,108,1,3
18,108,2,18
18,109,1,3
18,109,2,18
18,110,1,3
18,110,2,18
18,111,1,3
18,111,2,18
18,112,1,5
18,112,2,18
18,113,1,3
18,113,2,18
18,114,1,3
18,114,2,18
18,115,1,3
18,115,2,18
18,116,1,3
18,116,2,18
18,117,1,3
18,117,2,18
18,118,1,3
18,118,2,18
18,119,1,3
18,119,2,18
18,120,1,4
18,120,2,18
18,121,1,4
18,121,2,18
18,122,1,4
18,122,2,18
18,123,1,4
18,123,2,18
18,124,1,4
18,124,2,18
18,125,1,4
18,125,2,18
18,126,1,4
18,126,2,18
18,127,1,5
18,127,2,18
18,128,1,4
18,128,2,18
18,129,1,4
18,129,2,18
18,130,1,4
18,130,2,18
18,131,1,4
18,131,2,18
18,132,1,4
18,132,2,18
18,133,1,4
18,133,2,18
18,134,1,4
18,134,2,18
19,0,1,4
19,0,2,19
19,1,1,4
19,1,2,19
19,2,1,4
19,2,2,19
19,3,1,4
19,3,2,19
19,4,1,4
19,4,2,19
19,5,1,4
19,5,2,19
19,6,1,4
19,6,2,19
19,7,1,5
19,7,2,19
19,8,1,4
19,8,2,19
19,9,1,4
19,9,2,19
19,10,1,4
19,10,2,19
19,11,1,4
19,11,2,19
19,12,1,4
19,12,2,19
19,13,1,4
19,13,2,19
19,14,1,4
19,14,2,19
19,15,1,3
19,15,2,19
19,16,1,3
19,16,2,19
19,17,1,3
19,17,2,19
19,18,1,3
19,18,2,19
19,19,1,3
19,19,2,19
19,20,1,3
19,20,2,19
19,21,1,3
19,21,2,19
19,22,1,5
19,22,2,19
19,23,1,3
19,23,2,19
19,24,1,3
19,24,2,19
19,25,1,3
19,25,2,19
19,26,1,3
19,26,2,19
19,27,1,3
19,27,2,19
19,28,1,3
19,28,2,19
19,29,1,3
19,29,2,19
19,30,1,3
19,30,2,19
19,31,1,2
19,31,2,19
19,32,1,2
19,32,2,19
19,33,1,2
19,33,2,19
19,34,1,2
19,34,2,19
19,35,1,2
19,35,2,19
19,36,1,3
19,36,2,19
19,37,1,5
19,37,2,19
19,38,1,3
19,38,2,19
19,39,1,2
19,39,2,19
19,40,1,2
19,40,2,19
19,41,1,2
19,41,2,19
19,42,1,2
19,42,2,19
19,43,1,2
19,43,2,19
19,44,1,3
19,44,2,19
19,45,1,3
19,45,2,19
19,46,1,2
19,46,2,19
19,47,1,1
19,47,2,19
19,48,1,1
19,48,2,19
19,49,1,1
19,49,2,19
19,50,1,2
19,50,2,19
19,51,1,3
19,51,2,19
19,52,1,5
19,52,2,19
19,53,1,3
19,53,2,19
19,54,1,2
19,54,2,19
19,55,1,1
19,55,2,19
19,56,1,1
19,56,2,19
19,57,1,1
19,57,2,19
19,58,1,2
19,58,2,19
19,59,1,3
19,59,2,19
19,60,1,3
19,60,2,19
19,61,1,2
19,61,2,19
19,62,1,1
19,62,2,19
19,63,1,0
19,63,2,19
19,64,1,1
19,64,2,19
19,65,1,2
19,65,2,19
19,66,1,3
19,66,2,19
19,67,1,5
19,67,2,19
19,68,1,3
19,68,2,19
19,69,1,2
19,69,2,19
19,70,1,1
19,70,2,19
19,71,1,0
19,71,2,19
19,72,1,1
19,72,2,19
19,73,1,2
19,73,2,19
19,74,1,3
19,74,2,19
19,75,1,3
19,75,2,19
19,76,1,2
19,76,2,19
19,77,1,1
19,77,2,19
19,78,1,1
19,78,2,19
19,79,1,1
19,79,2,19
19,80,1,2
19,80,2,19
19,81,1,3
19,81,2,19
19,82,1,5
19,82,2,19
19,83,1,3
19,83,2,19
19,84,1,2
19,84,2,19
19,85,1,1
19,85,2,19
19,86,1,1
19,86,2,19
19,87,1,1
19,87,2,19
19,88,1,2
19,88,2,19
19,89,1,3
19,89,2,19
19,90,1,3
19,90,2,19
19,91,1,2
19,91,2,19
19,92,1,2
19,92,2,19
19,93,1,2
19,93,2,19
19,94,1,2
19,94,2,19
19,95,1,2
19,95,2,19
19,96,1,3
19,96,2,19
19,97,1,5
19,97,2,19
19,98,1,3
19,98,2,19
19,99,1,2
19,99,2,19
19,100,1,2
19,100,2,19
19,101,1,2
19,101,2,19
19,102,1,2
19,102,2,19
19,103,1,2
19,103,2,19
19,104,1,3
19,104,2,19
19,105,1,3
19,105,2,19
19,106,1,3
19,106,2,19
19,107,1,3
19,107,2,19
19,108,1,3
19,108,2,19
19,109,1,3
19,109,2,19
19,110,1,3
19,110,2,19
19,111,1,3
19,111,2,19
19,112,1,5
19,112,2,19
19,113,1,3
19,113,2,19
19,114,1,3
19,114,2,19
19,115,1,3
19,115,2,19
19,116,1,3
19,116,2,19
19,117,1,3
19,117,2,19
19,118,1,3
19,118,2,19
19,119,1,3
19,119,2,19
19,120,1,4
19,120,2,19
19,121,1,4
19,121,2,19
19,122,1,4
19,122,2,19
19,123,1,4
19,123,2,19
19,124,1,4
19,124,2,19
19,125,1,4
19,125,2,19
19,126,1,4
19,126,2,19
19,127,1,5
19,127,2,19
19,128,1,4
19,128,2,19
19,129,1,4
19,129,2,19
19,130,1,4
19,130,2,19
19,131,1,4
19,131,2,19
19,132,1,4
19,132,2,19
19,133,1,4
19,133,2,19
19,134,1,4
19,134,2,19
20,0,1,4
20,0,2,20
20,1,1,4
20,1,2,20
20,2,1,4
20,2,2,20
20,3,1,4
20,3,2,20
20,4,1,4
20,4,2,20
20,5,1,4
20,5,2,20
20,6,1,4
20,6,2,20
20,7,1,5
20,7,2,20
20,8,1,4
20,8,2,20
20,9,1,4
20,9,2,20
20,10,1,4
20,10,2,20
20,11,1,4
20,11,2,20
20,12,1,4
20,12,2,20
20,13,1,4
20,13,2,20
20,14,1,4
20,14,2,20
20,15,1,3
20,15,2,20
20,16,1,3
20,16,2,20
20,17,1,3
20,17,2,20
20,18,1,3
20,18,2,20
20,19,1,3
20,19,2,20
20,20,1,3
20,20,2,20
20,21,1,3
20,21,2,20
20,22,1,5
20,22,2,20
20,23,1,3
20,23,2,20
20,24,1,3
20,24,2,20
20,25,1,3
20,25,2,20
20,26,1,3
20,26,2,20
20,27,1,3
20,27,2,20
20,28,1,3
20,28,2,20
20,29,1,3
20,29,2,20
20,30,1,3
20,30,2,20
20,31,1,2
20,31,2,20
20,32,1,2
20,32,2,20
20,33,1,2
20,33,2,20
20,34,1,2
20,34,2,20
20,35,1,2
20,35,2,20
20,36,1,3
20,36,2,20
20,37,1,5
20,37,2,20
20,38,1,3
20,38,2,20
20,39,1,2
20,39,2,20
20,40,1,2
20,40,2,20
20,41,1,2
20,41,2,20
20,42,1,2
20,42,2,20
20,43,1,2
20,43,2,20
20,44,1,3
20,44,2,20
20,45,1,3
20,45,2,20
20,46,1,2
20,46,2,20
20,47,1,1
20,47,2,20
20,48,1,1
20,48,2,20
20,49,1,1
20,49,2,20
20,50,1,2
20,50,2,20
20,51,1,3
20,51,2,20
20,52,1,5
20,52,2,20
20,53,1,3
20,53,2,20
20,54,1,2
20,54,2,20
20,55,1,1
20,55,2,20
20,56,1,1
20,56,2,20
20,57,1,1
20,57,2,20
20,58,1,2
20,58,2,20
20,59,1,3
20,59,2,20
20,60,1,3
20,60,2,20
20,61,1,2
20,61,2,20
20,62,1,1
20,62,2,20
20,63,1,0
20,63,2,20
20,64,1,1
20,64,2,20
20,65,1,2
20,65,2,20
20,66,1,3
20,66,2,20
20,67,1,5
20,67,2,20
20,68,1,3
20,68,2,20
20,69,1,2
20,69,2,20
20,70,1,1
20,70,2,20
20,71,1,0
20,71,2,20
20,72,1,1
20,72,2,20
20,73,1,2
20,73,2,20
20,74,1,3
20,74,2,20
20,75,1,3
20,75,2,20
20,76,1,2
20,76,2,20
20,77,1,1
20,77,2,20
20,78,1,1
20,78,2,20
20,79,1,1
20,79,2,20
20,80,1,2
20,80,2,20
20,81,1,3
20,81,2,20
20,82,1,5
20,82,2,20
20,83,1,3
20,83,2,20
20,84,1,2
20,84,2,20
20,85,1,1
20,85,2,20
20,86,1,1
20,86,2,20
20,87,1,1
20,87,2,20
20,88,1,2
20,88,2,20
20,89,1,3
20,89,2,20
20,90,1,3
20,90,2,20
20,91,1,2
20,91,2,20
20,92,1,2
20,92,2,20
20,93,1,2
20,93,2,20
20,94,1,2
20,94,2,20
20,95,1,2
20,95,2,20
20,96,1,3
20,96,2,20
20,97,1,5
20,97,2,20
20,98,1,3
20,98,2,20
20,99,1,2
20,99,2,20
20,100,1,2
20,100,2,20
20,101,1,2
20,101,2,20
20,102,1,2
20,102,2,20
20,103,1,2
20,103,2,20
20,104,1,3
20,104,2,20
20,105,1,3
20,105,2,20
20,106,1,3
20,106,2,20
20,107,1,3
20,107,2,20
20,108,1,3
20,108,2,20
20,109,1,3
20,109,2,20
20,110,1,3
20,110,2,20
20,111,1,3
20,111,2,20
20,112,1,5
20,112,2,20
20,113,1,3
20,113,2,20
20,114,1,3
20,114,2,20
20,115,1,3
20,115,2,20
20,116,1,3
20,116,2,20
20,117,1,3
20,117,2,20
20,118,1,3
20,118,2,20
20,119,1,3
20,119,2,20
20,120,1,4
20,120,2,20
20,121,1,4
20,121,2,20
20,122,1,4
20,122,2,20
20,123,1,4
20,123,2,20
20,124,1,4
20,124,2,20
20,125,1,4
20,125,2,20
20,126,1,4
20,126,2,20
20,127,1,5
20,127,2,20
20,128,1,4
20,128,2,20
20,129,1,4
20,129,2,20
20,130,1,4
20,130,2,20
20,131,1,4
20,131,2,20
20,132,1,4
20,132,2,20
20,133,1,4
20,133,2,20
20,134,1,4
20,134,2,20
21,0,1,4
21,0,2,20
21,1,1,4
21,1,2,20
21,2,1,4
21,2,2,20
21,3,1,4
21,3,2,20
21,4,1,4
21,4,2,20
21,5,1,4
21,5,2,20
21,6,1,4
21,6,2,20
21,7,1,5
21,7,2,20
21,8,1,4
21,8,2,20
21,9,1,4
21,9,2,20
21,10,1,4
21,10,2,20
21,11,1,4
21,11,2,20
21,12,1,4
21,12,2,20
21,13,1,4
21,13,2,20
21,14,1,4
21,14,2,20
21,15,1,3
21,15,2,20
21,16,1,3
21,16,2,20
21,17,1,3
21,17,2,20
21,18,1,3
21,18,2,20
21,19,1,3
21,19,2,20
21,20,1,3
21,20,2,20
21,21,1,3
21,21,2,20
21,22,1,5
21,22,2,20
21,23,1,3
21,23,2,20
21,24,1,3
21,24,2,20
21,25,1,3
21,25,2,20
21,26,1,3
21,26,2,20
21,27,1,3
21,27,2,20
21,28,1,3
21,28,2,20
21,29,1,3
21,29,2,20
21,30,1,3
21,30,2,20
21,31,1,2
21,31,2,20
21,32,1,2
21,32,2,20
21,33,1,2
21,33,2,20
21,34,1,2
21,34,2,20
21,35,1,2
21,35,2,20
21,36,1,3
21,36,2,20
21,37,1,5
21,37,2,20
21,38,1,3
21,38,2,20
21,39,1,2
21,39,2,20
21,40,1,2
21,40,2,20
21,41,1,2
21,41,2,20
21,42,1,2
21,42,2,20
21,43,1,2
21,43,2,20
21,44,1,3
21,44,2,20
21,45,1,3
21,45,2,20
21,46,1,2
21,46,2,20
21,47,1,1
21,47,2,20
21,48,1,1
21,48,2,20
21,49,1,1
21,49,2,20
21,50,1,2
21,50,2,20
21,51,1,3
21,51,2,20
21,52,1,5
21,52,2,20
21,53,1,3
21,53,2,20
21,54,1,2
21,54,2,20
21,55,1,1
21,55,2,20
21,56,1,1
21,56,2,20
21,57,1,1
21,57,2,20
21,58,1,2
21,58,2,20
21,59,1,3
21,59,2,20
21,60,1,3
21,60,2,20
21,61,1,2
21,61,2,20
21,62,1,1
21,62,2,20
21,63,1,0
21,63,2,20
21,64,1,1
21,64,2,20
21,65,1,2
21,65,2,20
21,66,1,3
21,66,2,20
21,67,1,5
21,67,2,20
21,68,1,3
21,68,2,20
21,69,1,2
21,69,2,20
21,70,1,1
21,70,2,20
21,71,1,0
21,71,2,20
21,72,1,1
21,72,2,20
21,73,1,2
21,73,2,20
21,74,1,3
21,74,2,20
21,75,1,3
21,75,2,20
21,76,1,2
21,76,2,20
21,77,1,1
21,77,2,20
21,78,1,1
21,78,2,20
21,79,1,1
21,79,2,20
21,80,1,2
21,80,2,20
21,81,1,3
21,81,2,20
21,82,1,5
21,82,2,20
21,83,1,3
21,83,2,20
21,84,1,2
21,84,2,20
21,85,1,1
21,85,2,20
21,86,1,1
21,86,2,20
21,87,1,1
21,87,2,20
21,88,1,2
21,88,2,20
21,89,1,3
21,89,2,20
21,90,1,3
21,90,2,20
21,91,1,2
21,91,2,20
21,92,1,2
21,92,2,20
21,93,1,2
21,93,2,20
21,94,1,2
21,94,2,20
21,95,1,2
21,95,2,20
21,96,1,3
21,96,2,20
21,97,1,5
21,97,2,20
21,98,1,3
21,98,2,20
21,99,1,2
21,99,2,20
21,100,1,2
21,100,2,20
21,101,1,2
21,101,2,20
21,102,1,2
21,102,2,20
21,103,1,2
21,103,2,20
21,104,1,3
21,104,2,20
21,105,1,3
21,105,2,20
21,106,1,3
21,106,2,20
21,107,1,3
21,107,2,20
21,108,1,3
21,108,2,20
21,109,1,3
21,109,2,20
21,110,1,3
21,110,2,20
21,111,1,3
21,111,2,20
21,112,1,5
21,112,2,20
21,113,1,3
21,113,2,20
21,114,1,3
21,114,2,20
21,115,1,3
21,115,2,20
21,116,1,3
21,116,2,20
21,117,1,3
21,117,2,20
21,118,1,3
21,118,2,20
21,119,1,3
21,119,2,20
21,120,1,4
21,120,2,20
21,121,1,4
21,121,2,20
21,122,1,4
21,122,2,20
21,123,1,4
21,123,2,20
21,124,1,4
21,124,2,20
21,125,1,4
21,125,2,20
21,126,1,4
21,126,2,20
21,127,1,5
21,127,2,20
21,128,1,4
21,128,2,20
21,129,1,4
21,129,2,20
21,130,1,4
21,130,2,20
21,131,1,4
21,131,2,20
21,132,1,4
21,132,2,20
21,133,1,4
21,133,2,20
21,134,1,4
21,134,2,20
22,0,1,4
22,0,2,20
22,1,1,4
22,1,2,20
22,2,1,4
22,2,2,20
22,3,1,4
22,3,2,20
22,4,1,4
22,4,2,20
22,5,1,4
22,5,2,20
22,6,1,4
22,6,2,20
22,7,1,5
22,7,2,20
22,8,1,4
22,8,2,20
22,9,1,4
22,9,2,20
22,10,1,4
22,10,2,20
22,11,1,4
22,11,2,20
22,12,1,4
22,12,2,20
22,13,1,4
22,13,2,20
22,14,1,4
22,14,2,20
22,15,1,3
22,15,2,20
22,16,1,3
22,16,2,20
22,17,1,3
22,17,2,20
22,18,1,3
22,18,2,20
22,19,1,3
22,19,2,20
22,20,1,3
22,20,2,20
22,21,1,3
22,21,2,20
22,22,1,5
22,22,2,20
22,23,1,3
22,23,2,20
22,24,1,3
22,24,2,20
22,25,1,3
22,25,2,20
22,26,1,3
22,26,2,20
22,27,1,3
22,27,2,20
22,28,1,3
22,28,2,20
22,29,1,3
22,29,2,20
22,30,1,3
22,30,2,20
22,31,1,2
22,31,2,20
22,32,1,2
22,32,2,20
22,33,1,2
22,33,2,20
22,34,1,2
22,34,2,20
22,35,1,2
22,35,2,20
22,36,1,3
22,36,2,20
22,37,1,5
22,37,2,20
22,38,1,3
22,38,2,20
22,39,1,2
22,39,2,20
22,40,1,2
22,40,2,20
22,41,1,2
22,41,2,20
22,42,1,2
22,42,2,20
22,43,1,2
22,43,2,20
22,44,1,3
22,44,2,20
22,45,1,3
22,45,2,20
22,46,1,2
22,46,2,20
22,47,1,1
22,47,2,20
22,48,1,1
22,48,2,20
22,49,1,1
22,49,2,20
22,50,1,2
22,50,2,20
22,51,1,3
22,51,2,20
22,52,1,5
22,52,2,20
22,53,1,3
22,53,2,20
22,54,1,2
22,54,2,20
22,55,1,1
22,55,2,20
22,56,1,1
22,56,2,20
22,57,1,1
22,57,2,20
22,58,1,2
22,58,2,20
22,59,1,3
22,59,2,20
22,60,1,3
22,60,2,20
22,61,1,2
22,61,2,20
22,62,1,1
22,62,2,20
22,63,1,0
22,63,2,20
22,64,1,1
22,64,2,20
22,65,1,2
22,65,2,20
22,66,1,3
22,66,2,20
22,67,1,5
22,67,2,20
22,68,1,3
22,68,2,20
22,69,1,2
22,69,2,20
22,70,1,1
22,70,2,20
22,71,1,0
22,71,2,20
22,72,1,1
22,72,2,20
22,73,1,2
22,73,2,20
22,74,1,3
22,74,2,20
22,75,1,3
22,75,2,20
22,76,1,2
22,76,2,20
22,77,1,1
22,77,2,20
22,78,1,1
22,78,2,20
22,79,1,1
22,79,2,20
22,80,1,2
22,80,2,20
22,81,1,3
22,81,2,20
22,82,1,5
22,82,2,20
22,83,1,3
22,83,2,20
22,84,1,2
22,84,2,20
22,85,1,1
22,85,2,20
22,86,1,1
22,86,2,20
22,87,1,1
22,87,2,20
22,88,1,2
22,88,2,20
22,89,1,3
22,89,2,20
22,90,1,3
22,90,2,20
22,91,1,2
22,91,2,20
22,92,1,2
22,92,2,20
22,93,1,2
22,93,2,20
22,94,1,2
22,94,2,20
22,95,1,2
22,95,2,20
22,96,1,3
22,96,2,20
22,97,1,5
22,97,2,20
22,98,1,3
22,98,2,20
22,99,1,2
22,99,2,20
22,100,1,2
22,100,2,20
22,101,1,2
22,101,2,20
22,102,1,2
22,102,2,20
22,103,1,2
22,103,2,20
22,104,1,3
22,104,2,20
22,105,1,3
22,105,2,20
22,106,1,3
22,106,2,20
22,107,1,3
22,107,2,20
22,108,1,3
22,108,2,20
22,109,1,3
22,109,2,20
22,110,1,3
22,110,2,20
22,111,1,3
22,111,2,20
22,112,1,5
22,112,2,20
22,113,1,3
22,113,2,20
22,114,1,3
22,114,2,20
22,115,1,3
22,115,2,20
22,116,1,3
22,116,2,20
22,117,1,3
22,117,2,20
22,118,1,3
22,118,2,20
22,119,1,3
22,119,2,20
22,120,1,4
22,120,2,20
22,121,1,4
22,121,2,20
22,122,1,4
22,122,2,20
22,123,1,4
22,123,2,20
22,124,1,4
22,124,2,20
22,125,1,4
22,125,2,20
22,126,1,4
22,126,2,20
22,127,1,5
22,127,2,20
22,128,1,4
22,128,2,20
22,129,1,4
22,129,2,20
22,130,1,4
22,130,2,20
22,131,1,4
22,131,2,20
22,132,1,4
22,132,2,20
22,133,1,4
22,133,2,20
22,134,1,4
22,134,2,20
23,0,1,4
23,0,2,20
23,1,1,4
23,1,2,20
23,2,1,4
23,2,2,20
23,3,1,4
23,3,2,20
23,4,1,4
23,4,2,20
23,5,1,4
23,5,2,20
23,6,1,4
23,6,2,20
23,7,1,5
23,7,2,20
23,8,1,4
23,8,2,20
23,9,1,4
23,9,2,20
23,10,1,4
23,10,2,20
23,11,1,4
23,11,2,20
23,12,1,4
23,12,2,20
23,13,1,4
23,13,2,20
23,14,1,4
23,14,2,20
23,15,1,3
23,15,2,20
23,16,1,3
23,16,2,20
23,17,1,3
23,17,2,20
23,18,1,3
23,18,2,20
23,19,1,3
23,19,2,20
23,20,1,3
23,20,2,20
23,21,1,3
23,21,2,20
23,22,1,5
23,22,2,20
23,23,1,3
23,23,2,20
23,24,1,3
23,24,2,20
23,25,1,3
23,25,2,20
23,26,1,3
23,26,2,20
23,27,1,3
23,27,2,20
23,28,1,3
23,28,2,20
23,29,1,3
23,29,2,20
23,30,1,3
23,30,2,20
23,31,1,2
23,31,2,20
23,32,1,2
23,32,2,20
23,33,1,2
23,33,2,20
23,34,1,2
23,34,2,20
23,35,1,2
23,35,2,20
23,36,1,3
23,36,2,20
23,37,1,5
23,37,2,20
23,38,1,3
23,38,2,20
23,39,1,2
23,39,2,20
23,40,1,2
23,40,2,20
23,41,1,2
23,41,2,20
23,42,1,2
23,42,2,20
23,43,1,2
23,43,2,20
23,44,1,3
23,44,2,20
23,45,1,3
23,45,2,20
23,46,1,2
23,46,2,20
23,47,1,1
23,47,2,20
23,48,1,1
23,48,2,20
23,49,1,1
23,49,2,20
23,50,1,2
23,50,2,20
23,51,1,3
23,51,2,20
23,52,1,5
23,52,2,20
23,53,1,3
23,53,2,20
23,54,1,2
23,54,2,20
23,55,1,1
23,55,2,20
23,56,1,1
23,56,2,20
23,57,1,1
23,57,2,20
23,58,1,2
23,58,2,20
23,59,1,3
23,59,2,20
23,60,1,3
23,60,2,20
23,61,1,2
23,61,2,20
23,62,1,1
23,62,2,20
23,63,1,0
23,63,2,20
23,64,1,1
23,64,2,20
23,65,1,2
23,65,2,20
23,66,1,3
23,66,2,20
23,67,1,5
23,67,2,20
23,68,1,3
23,68,2,20
23,69,1,2
23,69,2,20
23,70,1,1
23,70,2,20
23,71,1,0
23,71,2,20
23,72,1,1
23,72,2,20
23,73,1,2
23,73,2,20
23,74,1,3
23,74,2,20
23,75,1,3
23,75,2,20
23,76,1,2
23,76,2,20
23,77,1,1
23,77,2,20
23,78,1,1
23,78,2,20
23,79,1,1
23,79,2,20
23,80,1,2
23,80,2,20
23,81,1,3
23,81,2,20
23,82,1,5
23,82,2,20
23,83,1,3
23,83,2,20
23,84,1,2
23,84,2,20
23,85,1,1
23,85,2,20
23,86,1,1
23,86,2,20
23,87,1,1
23,87,2,20
23,88,1,2
23,88,2,20
23,89,1,3
23,89,2,20
23,90,1,3
23,90,2,20
23,91,1,2
23,91,2,20
23,92,1,2
23,92,2,20
23,93,1,2
23,93,2,20
23,94,1,2
23,94,2,20
23,95,1,2
23,95,2,20
23,96,1,3
23,96,2,20
23,97,1,5
23,97,2,20
23,98,1,3
23,98,2,20
23,99,1,2
23,99,2,20
23,100,1,2
23,100,2,20
23,101,1,2
23,101,2,20
23,102,1,2
23,102,2,20
23,103,1,2
23,103,2,20
23,104,1,3
23,104,2,20
23,105,1,3
23,105,2,20
23,106,1,3
23,106,2,20
23,107,1,3
23,107,2,20
23,108,1,3
23,108,2,20
23,109,1,3
23,109,2,20
23,110,1,3
23,110,2,20
23,111,1,3
23,111,2,20
23,112,1,5
23,112,2,20
23,113,1,3
23,113,2,20
23,114,1,3
23,114,2,20
23,115,1,3
23,115,2,20
23,116,1,3
23,116,2,20
23,117,1,3
23,117,2,20
23,118,1,3
23,118,2,20
23,119,1,3
23,119,2,20
23,120,1,4
23,120,2,20
23,121,1,4
23,121,2,20
23,122,1,4
23,122,2,20
23,123,1,4
23,123,2,20
23,124,1,4
23,124,2,20
23,125,1,4
23,125,2,20
23,126,1,4
23,126,2,20
23,127,1,5
23,127,2,20
23,128,1,4
23,128,2,20
23,129,1,4
23,129,2,20
23,130,1,4
23,130,2,20
23,131,1,4
23,131,2,20
23,132,1,4
23,132,2,20
23,133,1,4
23,133,2,20
23,134,1,4
23,134,2,20
24,0,1,4
24,0,2,20
24,1,1,4
24,1,2,20
24,2,1,4
24,2,2,20
24,3,1,4
24,3,2,20
24,4,1,4
24,4,2,20
24,5,1,4
24,5,2,20
24,6,1,4
24,6,2,20
24,7,1,5
24,7,2,20
24,8,1,4
24,8,2,20
24,9,1,4
24,9,2,20
24,10,1,4
24,10,2,20
24,11,1,4
24,11,2,20
24,12,1,4
24,12,2,20
24,13,1,4
24,13,2,20
24,14,1,4
24,14,2,20
24,15,1,3
24,15,2,20
24,16,1,3
24,16,2,20
24,17,1,3
24,17,2,20
24,18,1,3
24,18,2,20
24,19,1,3
24,19,2,20
24,20,1,3
24,20,2,20
24,21,1,3
24,21,2,20
24,22,1,5
24,22,2,20
24,23,1,3
24,23,2,20
24,24,1,3
24,24,2,20
24,25,1,3
24,25,2,20
24,26,1,3
24,26,2,20
24,27,1,3
24,27,2,20
24,28,1,3
24,28,2,20
24,29,1,3
24,29,2,20
24,30,1,3
24,30,2,20
24,31,1,2
24,31,2,20
24,32,1,2
24,32,2,20
24,33,1,2
24,33,2,20
24,34,1,2
24,34,2,20
24,35,1,2
24,35,2,20
24,36,1,3
24,36,2,20
24,37,1,5
24,37,2,20
24,38,1,3
24,38,2,20
24,39,1,2
24,39,2,20
24,40,1,2
24,40,2,20
24,41,1,2
24,41,2,20
24,42,1,2
24,42,2,20
24,43,1,2
24,43,2,20
24,44,1,3
24,44,2,20
24,45,1,3
24,45,2,20
24,46,1,2
24,46,2,20
24,47,1,1
24,47,2,20
24,48,1,1
24,48,2,20
24,49,1,1
24,49,2,20
24,50,1,2
24,50,2,20
24,51,1,3
24,51,2,20
24,52,1,5
24,52,2,20
24,53,1,3
24,53,2,20
24,54,1,2
24,54,2,20
24,55,1,1
24,55,2,20
24,56,1,1
24,56,2,20
24,57,1,1
24,57,2,20
24,58,1,2
24,58,2,20
24,59,1,3
24,59,2,20
24,60,1,3
24,60,2,20
24,61,1,2
24,61,2,20
24,62,1,1
24,62,2,20
24,63,1,0
24,63,2,20
24,64,1,1
24,64,2,20
24,65,1,2
24,65,2,20
24,66,1,3
24,66,2,20
24,67,1,5
24,67,2,20
24,68,1,3
24,68,2,20
24,69,1,2
24,69,2,20
24,70,1,1
24,70,2,20
24,71,1,0
24,71,2,20
24,72,1,1
24,72,2,20
24,73,1,2
24,73,2,20
24,74,1,3
24,74,2,20
24,75,1,3
24,75,2,20
24,76,1,2
24,76,2,20
24,77,1,1
24,77,2,20
24,78,1,1
24,78,2,20
24,79,1,1
24,79,2,20
24,80,1,2
24,80,2,20
24,81,1,3
24,81,2,20
24,82,1,5
24,82,2,20
24,83,1,3
24,83,2,20
24,84,1,2
24,84,2,20
24,85,1,1
24,85,2,20
24,86,1,1
24,86,2,20
24,87,1,1
24,87,2,20
24,88,1,2
24,88,2,20
24,89,1,3
24,89,2,20
24,90,1,3
24,90,2,20
24,91,1,2
24,91,2,20
24,92,1,2
24,92,2,20
24,93,1,2
24,93,2,20
24,94,1,2
24,94,2,20
24,95,1,2
24,95,2,20
24,96,1,3
24,96,2,20
24,97,1,5
24,97,2,20
24,98,1,3
24,98,2,20
24,99,1,2
24,99,2,20
24,100,1,2
24,100,2,20
24,101,1,2
24,101,2,20
24,102,1,2
24,102,2,20
24,103,1,2
24,103,2,20
24,104,1,3
24,104,2,20
24,105,1,3
24,105,2,20
24,106,1,3
24,106,2,20
24,107,1,3
24,107,2,20
24,108,1,3
24,108,2,20
24,109,1,3
24,109,2,20
24,110,1,3
24,110,2,20
24,111,1,3
24,111,2,20
24,112,1,5
24,112,2,20
24,113,1,3
24,113,2,20
24,114,1,3
24,114,2,20
24,115,1,3
24,115,2,20
24,116,1,3
24,116,2,20
24,117,1,3
24,117,2,20
24,118,1,3
24,118,2,20
24,119,1,3
24,119,2,20
24,120,1,4
24,120,2,20
24,121,1,4
24,121,2,20
24,122,1,4
24,122,2,20
24,123,1,4
24,123,2,20
24,124,1,4
24,124,2,20
24,125,1,4
24,125,2,20
24,126,1,4
24,126,2,20
24,127,1,5
24,127,2,20
24,128,1,4
24,128,2,20
24,129,1,4
24,129,2,20
24,130,1,4
24,130,2,20
24,131,1,4
24,131,2,20
24,132,1,4
24,132,2,20
24,133,1,4
24,133,2,20
24,134,1,4
24,134,2,20
25,0,1,4
25,0,2,20
25,1,1,4
25,1,2,20
25,2,1,4
25,2,2,20
25,3,1,4
25,3,2,20
25,4,1,4
25,4,2,20
25,5,1,4
25,5,2,20
25,6,1,4
25,6,2,20
25,7,1,5
25,7,2,20
25,8,1,4
25,8,2,20
25,9,1,4
25,9,2,20
25,10,1,4
25,10,2,20
25,11,1,4
25,11,2,20
25,12,1,4
25,12,2,20
25,13,1,4
25,13,2,20
25,14,1,4
25,14,2,20
25,15,1,3
25,15,2,20
25,16,1,3
25,16,2,20
25,17,1,3
25,17,2,20
25,18,1,3
25,18,2,20
25,19,1,3
25,19,2,20
25,20,1,3
25,20,2,20
25,21,1,3
25,21,2,20
25,22,1,5
25,22,2,20
25,23,1,3
25,23,2,20
25,24,1,3
25,24,2,20
25,25,1,3
25,25,2,20
25,26,1,3
25,26,2,20
25,27,1,3
25,27,2,20
25,28,1,3
25,28,2,20
25,29,1,3
25,29,2,20
25,30,1,3
25,30,2,20
25,31,1,2
25,31,2,20
25,32,1,2
25,32,2,20
25,33,1,2
25,33,2,20
25,34,1,2
25,34,2,20
25,35,1,2
25,35,2,20
25,36,1,3
25,36,2,20
25,37,1,5
25,37,2,20
25,38,1,3
25,38,2,20
25,39,1,2
25,39,2,20
25,40,1,2
25,40,2,20
25,41,1,2
25,41,2,20
25,42,1,2
25,42,2,20
25,43,1,2
25,43,2,20
25,44,1,3
25,44,2,20
25,45,1,3
25,45,2,20
25,46,1,2
25,46,2,20
25,47,1,1
25,47,2,20
25,48,1,1
25,48,2,20
25,49,1,1
25,49,2,20
25,50,1,2
25,50,2,20
25,51,1,3
25,51,2,20
25,52,1,5
25,52,2,20
25,53,1,3
25,53,2,20
25,54,1,2
25,54,2,20
25,55,1,1
25,55,2,20
25,56,1,1
25,56,2,20
25,57,1,1
25,57,2,20
25,58,1,2
25,58,2,20
25,59,1,3
25,59,2,20
25,60,1,3
25,60,2,20
25,61,1,2
25,61,2,20
25,62,1,1
25,62,2,20
25,63,1,0
25,63,2,20
25,64,1,1
25,64,2,20
25,65,1,2
25,65,2,20
25,66,1,3
25,66,2,20
25,67,1,5
25,67,2,20
25,68,1,3
25,68,2,20
25,69,1,2
25,69,2,20
25,70,1,1
25,70,2,20
25,71,1,0
25,71,2,20
25,72,1,1
25,72,2,20
25,73,1,2
25,73,2,20
25,74,1,3
25,74,2,20
25,75,1,3
25,75,2,20
25,76,1,2
25,76,2,20
25,77,1,1
25,77,2,20
25,78,1,1
25,78,2,20
25,79,1,1
25,79,2,20
25,80,1,2
25,80,2,20
25,81,1,3
25,81,2,20
25,82,1,5
25,82,2,20
25,83,1,3
25,83,2,20
25,84,1,2
25,84,2,20
25,85,1,1
25,85,2,20
25,86,1,1
25,86,2,20
25,87,1,1
25,87,2,20
25,88,1,2
25,88,2,20
25,89,1,3
25,89,2,20
25,90,1,3
25,90,2,20
25,91,1,2
25,91,2,20
25,92,1,2
25,92,2,20
25,93,1,2
25,93,2,20
25,94,1,2
25,94,2,20
25,95,1,2
25,95,2,20
25,96,1,3
25,96,2,20
25,97,1,5
25,97,2,20
25,98,1,3
25,98,2,20
25,99,1,2
25,99,2,20
25,100,1,2
25,100,2,20
25,101,1,2
25,101,2,20
25,102,1,2
25,102,2,20
25,103,1,2
25,103,2,20
25,104,1,3
25,104,2,20
25,105,1,3
25,105,2,20
25,106,1,3
25,106,2,20
25,107,1,3
25,107,2,20
25,108,1,3
25,108,2,20
25,109,1,3
25,109,2,20
25,110,1,3
25,110,2,20
25,111,1,3
25,111,2,20
25,112,1,5
25,112,2,20
25,113,1,3
25,113,2,20
25,114,1,3
25,114,2,20
25,115,1,3
25,115,2,20
25,116,1,3
25,116,2,20
25,117,1,3
25,117,2,20
25,118,1,3
25,118,2,20
25,119,1,3
25,119,2,20
25,120,1,4
25,120,2,20
25,121,1,4
25,121,2,20
25,122,1,4
25,122,2,20
25,123,1,4
25,123,2,20
25,124,1,4
25,124,2,20
25,125,1,4
25,125,2,20
25,126,1,4
25,126,2,20
25,127,1,5
25,127,2,20
25,128,1,4
25,128,2,20
25,129,1,4
25,129,2,20
25,130,1,4
25,130,2,20
25,131,1,4
25,131,2,20
25,132,1,4
25,132,2,20
25,133,1,4
25,133,2,20
25,134,1,4
25,134,2,20
26,0,1,4
26,0,2,20
26,1,1,4
26,1,2,20
26,2,1,4
26,2,2,20
26,3,1,4
26,3,2,20
26,4,1,4
26,4,2,20
26,5,1,4
26,5,2,20
26,6,1,4
26,6,2,20
26,7,1,5
26,7,2,20
26,8,1,4
26,8,2,20
26,9,1,4
26,9,2,20
26,10,1,4
26,10,2,20
26,11,1,4
26,11,2,20
26,12,1,4
26,12,2,20
26,13,1,4
26,13,2,20
26,14,1,4
26,14,2,20
26,15,1,3
26,15,2,20
26,16,1,3
26,16,2,20
26,17,1,3
26,17,2,20
26,18,1,3
26,18,2,20
26,19,1,3
26,19,2,20
26,20,1,3
26,20,2,20
26,21,1,3
26,21,2,20
26,22,1,5
26,22,2,20
26,23,1,3
26,23,2,20
26,24,1,3
26,24,2,20
26,25,1,3
26,25,2,20
26,26,1,3
26,26,2,20
26,27,1,3
26,27,2,20
26,28,1,3
26,28,2,20
26,29,1,3
26,29,2,20
26,30,1,3
26,30,2,20
26,31,1,2
26,31,2,20
26,32,1,2
26,32,2,20
26,33,1,2
26,33,2,20
26,34,1,2
26,34,2,20
26,35,1,2
26,35,2,20
26,36,1,3
26,36,2,20
26,37,1,5
26,37,2,20
26,38,1,3
26,38,2,20
26,39,1,2
26,39,2,20
26,40,1,2
26,40,2,20
26,41,1,2
26,41,2,20
26,42,1,2
26,42,2,20
26,43,1,2
26,43,2,20
26,44,1,3
26,44,2,20
26,45,1,3
26,45,2,20
26,46,1,2
26,46,2,20
26,47,1,1
26,47,2,20
26,48,1,1
26,48,2,20
26,49,1,1
26,49,2,20
26,50,1,2
26,50,2,20
26,51,1,3
26,51,2,20
26,52,1,5
26,52,2,20
26,53,1,3
26,53,2,20
26,54,1,2
26,54,2,20
26,55,1,1
26,55,2,20
26,56,1,1
26,56,2,20
26,57,1,1
26,57,2,20
26,58,1,2
26,58,2,20
26,59,1,3
26,59,2,20
26,60,1,3
26,60,2,20
26,61,1,2
26,61,2,20
26,62,1,1
26,62,2,20
26,63,1,0
26,63,2,20
26,64,1,1
26,64,2,20
26,65,1,2
26,65,2,20
26,66,1,3
26,66,2,20
26,67,1,5
26,67,2,20
26,68,1,3
26,68,2,20
26,69,1,2
26,69,2,20
26,70,1,1
26,70,2,20
26,71,1,0
26,71,2,20
26,72,1,1
26,72,2,20
26,73,1,2
26,73,2,20
26,74,1,3
26,74,2,20
26,75,1,3
26,75,2,20
26,76,1,2
26,76,2,20
26,77,1,1
26,77,2,20
26,78,1,1
26,78,2,20
26,79,1,1
26,79,2,20
26,80,1,2
26,80,2,20
26,81,1,3
26,81,2,20
26,82,1,5
26,82,2,20
26,83,1,3
26,83,2,20
26,84,1,2
26,84,2,20
26,85,1,1
26,85,2,20
26,86,1,1
26,86,2,20
26,87,1,1
26,87,2,20
26,88,1,2
26,88,2,20
26,89,1,3
26,89,2,20
26,90,1,3
26,90,2,20
26,91,1,2
26,91,2,20
26,92,1,2
26,92,2,20
26,93,1,2
26,93,2,20
26,94,1,2
26,94,2,20
26,95,1,2
26,95,2,20
26,96,1,3
26,96,2,20
26,97,1,5
26,97,2,20
26,98,1,3
26,98,2,20
26,99,1,2
26,99,2,20
26,100,1,2
26,100,2,20
26,101,1,2
26,101,2,20
26,102,1,2
26,102,2,20
26,103,1,2
26,103,2,20
26,104,1,3
26,104,2,20
26,105,1,3
26,105,2,20
26,106,1,3
26,106,2,20
26,107,1,3
26,107,2,20
26,108,1,3
26,108,2,20
26,109,1,3
26,109,2,20
26,110,1,3
26,110,2,20
26,111,1,3
26,111,2,20
26,112,1,5
26,112,2,20
26,113,1,3
26,113,2,20
26,114,1,3
26,114,2,20
26,115,1,3
26,115,2,20
26,116,1,3
26,116,2,20
26,117,1,3
26,117,2,20
26,118,1,3
26,118,2,20
26,119,1,3
26,119,2,20
26,120,1,4
26,120,2,20
26,121,1,4
26,121,2,20
26,122,1,4
26,122,2,20
26,123,1,4
26,123,2,20
26,124,1,4
26,124,2,20
26,125,1,4
26,125,2,20
26,126,1,4
26,126,2,20
26,127,1,5
26,127,2,20
26,128,1,4
26,128,2,20
26,129,1,4
26,129,2,20
26,130,1,4
26,130,2,20
26,131,1,4
26,131,2,20
26,132,1,4
26,132,2,20
26,133,1,4
26,133,2,20
26,134,1,4
26,134,2,20
27,0,1,4
27,0,2,20
27,1,1,4
27,1,2,20
27,2,1,4
27,2,2,20
27,3,1,4
27,3,2,20
27,4,1,4
27,4,2,20
27,5,1,4
27,5,2,20
27,6,1,4
27,6,2,20
27,7,1,5
27,7,2,20
27,8,1,4
27,8,2,20
27,9,1,4
27,9,2,20
27,10,1,4
27,10,2,20
27,11,1,4
27,11,2,20
27,12,1,4
27,12,2,20
27,13,1,4
27,13,2,20
27,14,1,4
27,14,2,20
27,15,1,3
27,15,2,20
27,16,1,3
27,16,2,20
27,17,1,3
27,17,2,20
27,18,1,3
27,18,2,20
27,19,1,3
27,19,2,20
27,20,1,3
27,20,2,20
27,21,1,3
27,21,2,20
27,22,1,5
27,22,2,20
27,23,1,3
27,23,2,20
27,24,1,3
27,24,2,20
27,25,1,3
27,25,2,20
27,26,1,3
27,26,2,20
27,27,1,3
27,27,2,20
27,28,1,3
27,28,2,20
27,29,1,3
27,29,2,20
27,30,1,3
27,30,2,20
27,31,1,2
27,31,2,20
27,32,1,2
27,32,2,20
27,33,1,2
27,33,2,20
27,34,1,2
27,34,2,20
27,35,1,2
27,35,2,20
27,36,1,3
27,36,2,20
27,37,1,5
27,37,2,20
27,38,1,3
27,38,2,20
27,39,1,2
27,39,2,20
27,40,1,2
27,40,2,20
27,41,1,2
27,41,2,20
27,42,1,2
27,42,2,20
27,43,1,2
27,43,2,20
27,44,1,3
27,44,2,20
27,45,1,3
27,45,2,20
27,46,1,2
27,46,2,20
27,47,1,1
27,47,2,20
27,48,1,1
27,48,2,20
27,49,1,1
27,49,2,20
27,50,1,2
27,50,2,20
27,51,1,3
27,51,2,20
27,52,1,5
27,52,2,20
27,53,1,3
27,53,2,20
27,54,1,2
27,54,2,20
27,55,1,1
27,55,2,20
27,56,1,1
27,56,2,20
27,57,1,1
27,57,2,20
27,58,1,2
27,58,2,20
27,59,1,3
27,59,2,20
27,60,1,3
27,60,2,20
27,61,1,2
27,61,2,20
27,62,1,1
27,62,2,20
27,63,1,0
27,63,2,20
27,64,1,1
27,64,2,20
27,65,1,2
27,65,2,20
27,66,1,3
27,66,2,20
27,67,1,5
27,67,2,20
27,68,1,3
27,68,2,20
27,69,1,2
27,69,2,20
27,70,1,1
27,70,2,20
27,71,1,0
27,71,2,20
27,72,1,1
27,72,2,20
27,73,1,2
27,73,2,20
27,74,1,3
27,74,2,20
27,75,1,3
27,75,2,20
27,76,1,2
27,76,2,20
27,77,1,1
27,77,2,20
27,78,1,1
27,78,2,20
27,79,1,1
27,79,2,20
27,80,1,2
27,80,2,20
27,81,1,3
27,81,2,20
27,82,1,5
27,82,2,20
27,83,1,3
27,83,2,20
27,84,1,2
27,84,2,20
27,85,1,1
27,85,2,20
27,86,1,1
27,86,2,20
27,87,1,1
27,87,2,20
27,88,1,2
27,88,2,20
27,89,1,3
27,89,2,20
27,90,1,3
27,90,2,20
27,91,1,2
27,91,2,20
27,92,1,2
27,92,2,20
27,93,1,2
27,93,2,20
27,94,1,2
27,94,2,20
27,95,1,2
27,95,2,20
27,96,1,3
27,96,2,20
27,97,1,5
27,97,2,20
27,98,1,3
27,98,2,20
27,99,1,2
27,99,2,20
27,100,1,2
27,100,2,20
27,101,1,2
27,101,2,20
27,102,1,2
27,102,2,20
27,103,1,2
27,103,2,20
27,104,1,3
27,104,2,20
27,105,1,3
27,105,2,20
27,106,1,3
27,106,2,20
27,107,1,3
27,107,2,20
27,108,1,3
27,108,2,20
27,109,1,3
27,109,2,20
27,110,1,3
27,110,2,20
27,111,1,3
27,111,2,20
27,112,1,5
27,112,2,20
27,113,1,3
27,113,2,20
27,114,1,3
27,114,2,20
27,115,1,3
27,115,2,20
27,116,1,3
27,116,2,20
27,117,1,3
27,117,2,20
27,118,1,3
27,118,2,20
27,119,1,3
27,119,2,20
27,120,1,4
27,120,2,20
27,121,1,4
27,121,2,20
27,122,1,4
27,122,2,20
27,123,1,4
27,123,2,20
27,124,1,4
27,124,2,20
27,125,1,4
27,125,2,20
27,126,1,4
27,126,2,20
27,127,1,5
27,127,2,20
27,128,1,4
27,128,2,20
27,129,1,4
27,129,2,20
27,130,1,4
27,130,2,20
27,131,1,4
27,131,2,20
27,132,1,4
27,132,2,20
27,133,1,4
27,133,2,20
27,134,1,4
27,134,2,20
28,0,1,4
28,0,2,20
28,1,1,4
28,1,2,20
28,2,1,4
28,2,2,20
28,3,1,4
28,3,2,20
28,4,1,4
28,4,2,20
28,5,1,4
28,5,2,20
28,6,1,4
28,6,2,20
28,7,1,5
28,7,2,20
28,8,1,4
28,8,2,20
28,9,1,4
28,9,2,20
28,10,1,4
28,10,2,20
28,11,1,4
28,11,2,20
28,12,1,4
28,12,2,20
28,13,1,4
28,13,2,20
28,14,1,4
28,14,2,20
28,15,1,3
28,15,2,20
28,16,1,3
28,16,2,20
28,17,1,3
28,17,2,20
28,18,1,3
28,18,2,20
28,19,1,3
28,19,2,20
28,20,1,3
28,20,2,20
28,21,1,3
28,21,2,20
28,22,1,5
28,22,2,20
28,23,1,3
28,23,2,20
28,24,1,3
28,24,2,20
28,25,1,3
28,25,2,20
28,26,1,3
28,26,2,20
28,27,1,3
28,27,2,20
28,28,1,3
28,28,2,20
28,29,1,3
28,29,2,20
28,30,1,3
28,30,2,20
28,31,1,2
28,31,2,20
28,32,1,2
28,32,2,20
28,33,1,2
28,33,2,20
28,34,1,2
28,34,2,20
28,35,1,2
28,35,2,20
28,36,1,3
28,36,2,20
28,37,1,5
28,37,2,20
28,38,1,3
28,38,2,20
28,39,1,2
28,39,2,20
28,40,1,2
28,40,2,20
28,41,1,2
28,41,2,20
28,42,1,2
28,42,2,20
28,43,1,2
28,43,2,20
28,44,1,3
28,44,2,20
28,45,1,3
28,45,2,20
28,46,1,2
28,46,2,20
28,47,1,1
28,47,2,20
28,48,1,1
28,48,2,20
28,49,1,1
28,49,2,20
28,50,1,2
28,50,2,20
28,51,1,3
28,51,2,20
28,52,1,5
28,52,2,20
28,53,1,3
28,53,2,20
28,54,1,2
28,54,2,20
28,55,1,1
28,55,2,20
28,56,1,1
28,56,2,20
28,57,1,1
28,57,2,20
28,58,1,2
28,58,2,20
28,59,1,3
28,59,2,20
28,60,1,3
28,60,2,20
28,61,1,2
28,61,2,20
28,62,1,1
28,62,2,20
28,63,1,0
28,63,2,20
28,64,1,1
28,64,2,20
28,65,1,2
28,65,2,20
28,66,1,3
28,66,2,20
28,67,1,5
28,67,2,20
28,68,1,3
28,68,2,20
28,69,1,2
28,69,2,20
28,70,1,1
28,70,2,20
28,71,1,0
28,71,2,20
28,72,1,1
28,72,2,20
28,73,1,2
28,73,2,20
28,74,1,3
28,74,2,20
28,75,1,3
28,75,2,20
28,76,1,2
28,76,2,20
28,77,1,1
28,77,2,20
28,78,1,1
28,78,2,20
28,79,1,1
28,79,2,20
28,80,1,2
28,80,2,20
28,81,1,3
28,81,2,20
28,82,1,5
28,82,2,20
28,83,1,3
28,83,2,20
28,84,1,2
28,84,2,20
28,85,1,1
28,85,2,20
28,86,1,1
28,86,2,20
28,87,1,1
28,87,2,20
28,88,1,2
28,88,2,20
28,89,1,3
28,89,2,20
28,90,1,3
28,90,2,20
28,91,1,2
28,91,2,20
28,92,1,2
28,92,2,20
28,93,1,2
28,93,2,20
28,94,1,2
28,94,2,20
28,95,1,2
28,95,2,20
28,96,1,3
28,96,2,20
28,97,1,5
28,97,2,20
28,98,1,3
28,98,2,20
28,99,1,2
28,99,2,20
28,100,1,2
28,100,2,20
28,101,1,2
28,101,2,20
28,102,1,2
28,102,2,20
28,103,1,2
28,103,2,20
28,104,1,3
28,104,2,20
28,105,1,3
28,105,2,20
28,106,1,3
28,106,2,20
28,107,1,3
28,107,2,20
28,108,1,3
28,108,2,20
28,109,1,3
28,109,2,20
28,110,1,3
28,110,2,20
28,111,1,3
28,111,2,20
28,112,1,5
28,112,2,20
28,113,1,3
28,113,2,20
28,114,1,3
28,114,2,20
28,115,1,3
28,115,2,20
28,116,1,3
28,116,2,20
28,117,1,3
28,117,2,20
28,118,1,3
28,118,2,20
28,119,1,3
28,119,2,20
28,120,1,4
28,120,2,20
28,121,1,4
28,121,2,20
28,122,1,4
28,122,2,20
28,123,1,4
28,123,2,20
28,124,1,4
28,124,2,20
28,125,1,4
28,125,2,20
28,126,1,4
28,126,2,20
28,127,1,5
28,127,2,20
28,128,1,4
28,128,2,20
28,129,1,4
28,129,2,20
28,130,1,4
28,130,2,20
28,131,1,4
28,131,2,20
28,132,1,4
28,132,2,20
28,133,1,4
28,133,2,20
28,134,1,4
28,134,2,20
29,0,1,4
29,0,2,20
29,1,1,4
29,1,2,20
29,2,1,4
29,2,2,20
29,3,1,4
29,3,2,20
29,4,1,4
29,4,2,20
29,5,1,4
29,5,2,20
29,6,1,4
29,6,2,20
29,7,1,5
29,7,2,20
29,8,1,4
29,8,2,20
29,9,1,4
29,9,2,20
29,10,1,4
29,10,2,20
29,11,1,4
29,11,2,20
29,12,1,4
29,12,2,20
29,13,1,4
29,13,2,20
29,14,1,4
29,14,2,20
29,15,1,3
29,15,2,20
29,16,1,3
29,16,2,20
29,17,1,3
29,17,2,20
29,18,1,3
29,18,2,20
29,19,1,3
29,19,2,20
29,20,1,3
29,20,2,20
29,21,1,3
29,21,2,20
29,22,1,5
29,22,2,20
29,23,1,3
29,23,2,20
29,24,1,3
29,24,2,20
29,25,1,3
29,25,2,20
29,26,1,3
29,26,2,20
29,27,1,3
29,27,2,20
29,28,1,3
29,28,2,20
29,29,1,3
29,29,2,20
29,30,1,3
29,30,2,20
29,31,1,2
29,31,2,20
29,32,1,2
29,32,2,20
29,33,1,2
29,33,2,20
29,34,1,2
29,34,2,20
29,35,1,2
29,35,2,20
29,36,1,3
29,36,2,20
29,37,1,5
29,37,2,20
29,38,1,3
29,38,2,20
29,39,1,2
29,39,2,20
29,40,1,2
29,40,2,20
29,41,1,2
29,41,2,20
29,42,1,2
29,42,2,20
29,43,1,2
29,43,2,20
29,44,1,3
29,44,2,20
29,45,1,3
29,45,2,20
29,46,1,2
29,46,2,20
29,47,1,1
29,47,2,20
29,48,1,1
29,48,2,20
29,49,1,1
29,49,2,20
29,50,1,2
29,50,2,20
29,51,1,3
29,51,2,20
29,52,1,5
29,52,2,20
29,53,1,3
29,53,2,20
29,54,1,2
29,54,2,20
29,55,1,1
29,55,2,20
29,56,1,1
29,56,2,20
29,57,1,1
29,57,2,20
29,58,1,2
29,58,2,20
29,59,1,3
29,59,2,20
29,60,1,3
29,60,2,20
29,61,1,2
29,61,2,20
29,62,1,1
29,62,2,20
29,63,1,0
29,63,2,20
29,64,1,1
29,64,2,20
29,65,1,2
29,65,2,20
29,66,1,3
29,66,2,20
29,67,1,5
29,67,2,20
29,68,1,3
29,68,2,20
29,69,1,2
29,69,2,20
29,70,1,1
29,70,2,20
29,71,1,0
29,71,2,20
29,72,1,1
29,72,2,20
29,73,1,2
29,73,2,20
29,74,1,3
29,74,2,20
29,75,1,3
29,75,2,20
29,76,1,2
29,76,2,20
29,77,1,1
29,77,2,20
29,78,1,1
29,78,2,20
29,79,1,1
29,79,2,20
29,80,1,2
29,80,2,20
29,81,1,3
29,81,2,20
29,82,1,5
29,82,2,20
29,83,1,3
29,83,2,20
29,84,1,2
29,84,2,20
29,85,1,1
29,85,2,20
29,86,1,1
29,86,2,20
29,87,1,1
29,87,2,20
29,88,1,2
29,88,2,20
29,89,1,3
29,89,2,20
29,90,1,3
29,90,2,20
29,91,1,2
29,91,2,20
29,92,1,2
29,92,2,20
29,93,1,2
29,93,2,20
29,94,1,2
29,94,2,20
29,95,1,2
29,95,2,20
29,96,1,3
29,96,2,20
29,97,1,5
29,97,2,20
29,98,1,3
29,98,2,20
29,99,1,2
29,99,2,20
29,100,1,2
29,100,2,20
29,101,1,2
29,101,2,20
29,102,1,2
29,102,2,20
29,103,1,2
29,103,2,20
29,104,1,3
29,104,2,20
29,105,1,3
29,105,2,20
29,106,1,3
29,106,2,20
29,107,1,3
29,107,2,20
29,108,1,3
29,108,2,20
29,109,1,3
29,109,2,20
29,110,1,3
29,110,2,20
29,111,1,3
29,111,2,20
29,112,1,5
29,112,2,20
29,113,1,3
29,113,2,20
29,114,1,3
29,114,2,20
29,115,1,3
29,115,2,20
29,116,1,3
29,116,2,20
29,117,1,3
29,117,2,20
29,118,1,3
29,118,2,20
29,119,1,3
29,119,2,20
29,120,1,4
29,120,2,20
29,121,1,4
29,121,2,20
29,122,1,4
29,122,2,20
29,123,1,4
29,123,2,20
29,124,1,4
29,124,2,20
29,125,1,4
29,125,2,20
29,126,1,4
29,126,2,20
29,127,1,5
29,127,2,20
29,128,1,4
29,128,2,20
29,129,1,4
29,129,2,20
29,130,1,4
29,130,2,20
29,131,1,4
29,131,2,20
29,132,1,4
29,132,2,20
29,133,1,4
29,133,2,20
29,134,1,4
29,134,2,20
30,0,1,4
30,0,2,20
30,1,1,4
30,1,2,20
30,2,1,4
30,2,2,20
30,3,1,4
30,3,2,20
30,4,1,4
30,4,2,20
30,5,1,4
30,5,2,20
30,6,1,4
30,6,2,20
30,7,1,5
30,7,2,20
30,8,1,4
30,8,2,20
30,9,1,4
30,9,2,20
30,10,1,4
30,10,2,20
30,11,1,4
30,11,2,20
30,12,1,4
30,12,2,20
30,13,1,4
30,13,2,20
30,14,1,4
30,14,2,20
30,15,1,3
30,15,2,20
30,16,1,3
30,16,2,20
30,17,1,3
30,17,2,20
30,18,1,3
30,18,2,20
30,19,1,3
30,19,2,20
30,20,1,3
30,20,2,20
30,21,1,3
30,21,2,20
30,22,1,5
30,22,2,20
30,23,1,3
30,23,2,20
30,24,1,3
30,24,2,20
30,25,1,3
30,25,2,20
30,26,1,3
30,26,2,20
30,27,1,3
30,27,2,20
30,28,1,3
30,28,2,20
30,29,1,3
30,29,2,20
30,30,1,3
30,30,2,20
30,31,1,2
30,31,2,20
30,32,1,2
30,32,2,20
30,33,1,2
30,33,2,20
30,34,1,2
30,34,2,20
30,35,1,2
30,35,2,20
30,36,1,3
30,36,2,20
30,37,1,5
30,37,2,20
30,38,1,3
30,38,2,20
30,39,1,2
30,39,2,20
30,40,1,2
30,40,2,20
30,41,1,2
30,41,2,20
30,42,1,2
30,42,2,20
30,43,1,2
30,43,2,20
30,44,1,3
30,44,2,20
30,45,1,3
30,45,2,20
30,46,1,2
30,46,2,20
30,47,1,1
30,47,2,20
30,48,1,1
30,48,2,20
30,49,1,1
30,49,2,20
30,50,1,2
30,50,2,20
30,51,1,3
30,51,2,20
30,52,1,5
30,52,2,20
30,53,1,3
30,53,2,20
30,54,1,2
30,54,2,20
30,55,1,1
30,55,2,20
30,56,1,1
30,56,2,20
30,57,1,1
30,57,2,20
30,58,1,2
30,58,2,20
30,59,1,3
30,59,2,20
30,60,1,3
30,60,2,20
30,61,1,2
30,61,2,20
30,62,1,1
30,62,2,20
30,63,1,0
30,63,2,20
30,64,1,1
30,64,2,20
30,65,1,2
30,65,2,20
30,66,1,3
30,66,2,20
30,67,1,5
30,67,2,20
30,68,1,3
30,68,2,20
30,69,1,2
30,69,2,20
30,70,1,1
30,70,2,20
30,71,1,0
30,71,2,20
30,72,1,1
30,72,2,20
30,73,1,2
30,73,2,20
30,74,1,3
30,74,2,20
30,75,1,3
30,75,2,20
30,76,1,2
30,76,2,20
30,77,1,1
30,77,2,20
30,78,1,1
30,78,2,20
30,79,1,1
30,79,2,20
30,80,1,2
30,80,2,20
30,81,1,3
30,81,2,20
30,82,1,5
30,82,2,20
30,83,1,3
30,83,2,20
30,84,1,2
30,84,2,20
30,85,1,1
30,85,2,20
30,86,1,1
30,86,2,20
30,87,1,1
30,87,2,20
30,88,1,2
30,88,2,20
30,89,1,3
30,89,2,20
30,90,1,3
30,90,2,20
30,91,1,2
30,91,2,20
30,92,1,2
30,92,2,20
30,93,1,2
30,93,2,20
30,94,1,2
30,94,2,20
30,95,1,2
30,95,2,20
30,96,1,3
30,96,2,20
30,97,1,5
30,97,2,20
30,98,1,3
30,98,2,20
30,99,1,2
30,99,2,20
30,100,1,2
30,100,2,20
30,101,1,2
30,101,2,20
30,102,1,2
30,102,2,20
30,103,1,2
30,103,2,20
30,104,1,3
30,104,2,20
30,105,1,3
30,105,2,20
30,106,1,3
30,106,2,20
30,107,1,3
30,107,2,20
30,108,1,3
30,108,2,20
30,109,1,3
30,109,2,20
30,110,1,3
30,110,2,20
30,111,1,3
30,111,2,20
30,112,1,5
30,112,2,20
30,113,1,3
30,113,2,20
30,114,1,3
30,114,2,20
30,115,1,3
30,115,2,20
30,116,1,3
30,116,2,20
30,117,1,3
30,117,2,20
30,118,1,3
30,118,2,20
30,119,1,3
30,119,2,20
30,120,1,4
30,120,2,20
30,121,1,4
30,121,2,20
30,122,1,4
30,122,2,20
30,123,1,4
30,123,2,20
30,124,1,4
30,124,2,20
30,125,1,4
30,125,2,20
30,126,1,4
30,126,2,20
30,127,1,5
30,127,2,20
30,128,1,4
30,128,2,20
30,129,1,4
30,129,2,20
30,130,1,4
30,130,2,20
30,131,1,4
30,131,2,20
30,132,1,4
30,132,2,20
30,133,1,4
30,133,2,20
30,134,1,4
30,134,2,20
31,0,1,4
31,0,2,20
31,1,1,4
31,1,2,20
31,2,1,4
31,2,2,20
31,3,1,4
31,3,2,20
31,4,1,4
31,4,2,20
31,5,1,4
31,5,2,20
31,6,1,4
31,6,2,20
31,7,1,5
31,7,2,20
31,8,1,4
31,8,2,20
31,9,1,4
31,9,2,20
31,10,1,4
31,10,2,20
31,11,1,4
31,11,2,20
31,12,1,4
31,12,2,20
31,13,1,4
31,13,2,20
31,14,1,4
31,14,2,20
31,15,1,3
31,15,2,20
31,16,1,3
31,16,2,20
31,17,1,3
31,17,2,20
31,18,1,3
31,18,2,20
31,19,1,3
31,19,2,20
31,20,1,3
31,20,2,20
31,21,1,3
31,21,2,20
31,22,1,5
31,22,2,20
31,23,1,3
31,23,2,20
31,24,1,3
31,24,2,20
31,25,1,3
31,25,2,20
31,26,1,3
31,26,2,20
31,27,1,3
31,27,2,20
31,28,1,3
31,28,2,20
31,29,1,3
31,29,2,20
31,30,1,3
31,30,2,20
31,31,1,2
31,31,2,20
31,32,1,2
31,32,2,20
31,33,1,2
31,33,2,20
31,34,1,2
31,34,2,20
31,35,1,2
31,35,2,20
31,36,1,3
31,36,2,20
31,37,1,5
31,37,2,20
31,38,1,3
31,38,2,20
31,39,1,2
31,39,2,20
31,40,1,2
31,40,2,20
31,41,1,2
31,41,2,20
31,42,1,2
31,42,2,20
31,43,1,2
31,43,2,20
31,44,1,3
31,44,2,20
31,45,1,3
31,45,2,20
31,46,1,2
31,46,2,20
31,47,1,1
31,47,2,20
31,48,1,1
31,48,2,20
31,49,1,1
31,49,2,20
31,50,1,2
31,50,2,20
31,51,1,3
31,51,2,20
31,52,1,5
31,52,2,20
31,53,1,3
31,53,2,20
31,54,1,2
31,54,2,20
31,55,1,1
31,55,2,20
31,56,1,1
31,56,2,20
31,57,1,1
31,57,2,20
31,58,1,2
31,58,2,20
31,59,1,3
31,59,2,20
31,60,1,3
31,60,2,20
31,61,1,2
31,61,2,20
31,62,1,1
31,62,2,20
31,63,1,0
31,63,2,20
31,64,1,1
31,64,2,20
31,65,1,2
31,65,2,20
31,66,1,3
31,66,2,20
31,67,1,5
31,67,2,20
31,68,1,3
31,68,2,20
31,69,1,2
31,69,2,20
31,70,1,1
31,70,2,20
31,71,1,0
31,71,2,20
31,72,1,1
31,72,2,20
31,73,1,2
31,73,2,20
31,74,1,3
31,74,2,20
31,75,1,3
31,75,2,20
31,76,1,2
31,76,2,20
31,77,1,1
31,77,2,20
31,78,1,1
31,78,2,20
31,79,1,1
31,79,2,20
31,80,1,2
31,80,2,20
31,81,1,3
31,81,2,20
31,82,1,5
31,82,2,20
31,83,1,3
31,83,2,20
31,84,1,2
31,84,2,20
31,85,1,1
31,85,2,20
31,86,1,1
31,86,2,20
31,87,1,1
31,87,2,20
31,88,1,2
31,88,2,20
31,89,1,3
31,89,2,20
31,90,1,3
31,90,2,20
31,91,1,2
31,91,2,20
31,92,1,2
31,92,2,20
31,93,1,2
31,93,2,20
31,94,1,2
31,94,2,20
31,95,1,2
31,95,2,20
31,96,1,3
31,96,2,20
31,97,1,5
31,97,2,20
31,98,1,3
31,98,2,20
31,99,1,2
31,99,2,20
31,100,1,2
31,100,2,20
31,101,1,2
31,101,2,20
31,102,1,2
31,102,2,20
31,103,1,2
31,103,2,20
31,104,1,3
31,104,2,20
31,105,1,3
31,105,2,20
31,106,1,3
31,106,2,20
31,107,1,3
31,107,2,20
31,108,1,3
31,108,2,20
31,109,1,3
31,109,2,20
31,110,1,3
31,110,2,20
31,111,1,3
31,111,2,20
31,112,1,5
31,112,2,20
31,113,1,3
31,113,2,20
31,114,1,3
31,114,2,20
31,115,1,3
31,115,2,20
31,116,1,3
31,116,2,20
31,117,1,3
31,117,2,20
31,118,1,3
31,118,2,20
31,119,1,3
31,119,2,20
31,120,1,4
31,120,2,20
31,121,1,4
31,121,2,20
31,122,1,4
31,122,2,20
31,123,1,4
31,123,2,20
31,124,1,4
31,124,2,20
31,125,1,4
31,125,2,20
31,126,1,4
31,126,2,20
31,127,1,5
31,127,2,20
31,128,1,4
31,128,2,20
31,129,1,4
31,129,2,20
31,130,1,4
31,130,2,20
31,131,1,4
31,131,2,20
31,132,1,4
31,132,2,20
31,133,1,4
31,133,2,20
31,134,1,4
31,134,2,20
32,0,1,4
32,0,2,20
32,1,1,4
32,1,2,20
32,2,1,4
32,2,2,20
32,3,1,4
32,3,2,20
32,4,1,4
32,4,2,20
32,5,1,4
32,5,2,20
32,6,1,4
32,6,2,20
32,7,1,5
32,7,2,20
32,8,1,4
32,8,2,20
32,9,1,4
32,9,2,20
32,10,1,4
32,10,2,20
32,11,1,4
32,11,2,20
32,12,1,4
32,12,2,20
32,13,1,4
32,13,2,20
32,14,1,4
32,14,2,20
32,15,1,3
32,15,2,20
32,16,1,3
32,16,2,20
32,17,1,3
32,17,2,20
32,18,1,3
32,18,2,20
32,19,1,3
32,19,2,20
32,20,1,3
32,20,2,20
32,21,1,3
32,21,2,20
32,22,1,5
32,22,2,20
32,23,1,3
32,23,2,20
32,24,1,3
32,24,2,20
32,25,1,3
32,25,2,20
32,26,1,3
32,26,2,20
32,27,1,3
32,27,2,20
32,28,1,3
32,28,2,20
32,29,1,3
32,29,2,20
32,30,1,3
32,30,2,20
32,31,1,2
32,31,2,20
32,32,1,2
32,32,2,20
32,33,1,2
32,33,2,20
32,34,1,2
32,34,2,20
32,35,1,2
32,35,2,20
32,36,1,3
32,36,2,20
32,37,1,5
32,37,2,20
32,38,1,3
32,38,2,20
32,39,1,2
32,39,2,20
32,40,1,2
32,40,2,20
32,41,1,2
32,41,2,20
32,42,1,2
32,42,2,20
32,43,1,2
32,43,2,20
32,44,1,3
32,44,2,20
32,45,1,3
32,45,2,20
32,46,1,2
32,46,2,20
32,47,1,1
32,47,2,20
32,48,1,1
32,48,2,20
32,49,1,1
32,49,2,20
32,50,1,2
32,50,2,20
32,51,1,3
32,51,2,20
32,52,1,5
32,52,2,20
32,53,1,3
32,53,2,20
32,54,1,2
32,54,2,20
32,55,1,1
32,55,2,20
32,56,1,1
32,56,2,20
32,57,1,1
32,57,2,20
32,58,1,2
32,58,2,20
32,59,1,3
32,59,2,20
32,60,1,3
32,60,2,20
32,61,1,2
32,61,2,20
32,62,1,1
32,62,2,20
32,63,1,0
32,63,2,20
32,64,1,1
32,64,2,20
32,65,1,2
32,65,2,20
32,66,1,3
32,66,2,20
32,67,1,5
32,67,2,20
32,68,1,3
32,68,2,20
32,69,1,2
32,69,2,20
32,70,1,1
32,70,2,20
32,71,1,0
32,71,2,20
32,72,1,1
32,72,2,20
32,73,1,2
32,73,2,20
32,74,1,3
32,74,2,20
32,75,1,3
32,75,2,20
32,76,1,2
32,76,2,20
32,77,1,1
32,77,2,20
32,78,1,1
32,78,2,20
32,79,1,1
32,79,2,20
32,80,1,2
32,80,2,20
32,81,1,3
32,81,2,20
32,82,1,5
32,82,2,20
32,83,1,3
32,83,2,20
32,84,1,2
32,84,2,20
32,85,1,1
32,85,2,20
32,86,1,1
32,86,2,20
32,87,1,1
32,87,2,20
32,88,1,2
32,88,2,20
32,89,1,3
32,89,2,20
32,90,1,3
32,90,2,20
32,91,1,2
32,91,2,20
32,92,1,2
32,92,2,20
32,93,1,2
32,93,2,20
32,94,1,2
32,94,2,20
32,95,1,2
32,95,2,20
32,96,1,3
32,96,2,20
32,97,1,5
32,97,2,20
32,98,1,3
32,98,2,20
32,99,1,2
32,99,2,20
32,100,1,2
32,100,2,20
32,101,1,2
32,101,2,20
32,102,1,2
32,102,2,20
32,103,1,2
32,103,2,20
32,104,1,3
32,104,2,20
32,105,1,3
32,105,2,20
32,106,1,3
32,106,2,20
32,107,1,3
32,107,2,20
32,108,1,3
32,108,2,20
32,109,1,3
32,109,2,20
32,110,1,3
32,110,2,20
32,111,1,3
32,111,2,20
32,112,1,5
32,112,2,20
32,113,1,3
32,113,2,20
32,114,1,3
32,114,2,20
32,115,1,3
32,115,2,20
32,116,1,3
32,116,2,20
32,117,1,3
32,117,2,20
32,118,1,3
32,118,2,20
32,119,1,3
32,119,2,20
32,120,1,4
32,120,2,20
32,121,1,4
32,121,2,20
32,122,1,4
32,122,2,20
32,123,1,4
32,123,2,20
32,124,1,4
32,124,2,20
32,125,1,4
32,125,2,20
32,126,1,4
32,126,2,20
32,127,1,5
32,127,2,20
32,128,1,4
32,128,2,20
32,129,1,4
32,129,2,20
32,130,1,4
32,130,2,20
32,131,1,4
32,131,2,20
32,132,1,4
32,132,2,20
32,133,1,4
32,133,2,20
32,134,1,4
32,134,2,20
33,0,1,4
33,0,2,20
33,1,1,4
33,1,2,20
33,2,1,4
33,2,2,20
33,3,1,4
33,3,2,20
33,4,1,4
33,4,2,20
33,5,1,4
33,5,2,20
33,6,1,4
33,6,2,20
33,7,1,5
33,7,2,20
33,8,1,4
33,8,2,20
33,9,1,4
33,9,2,20
33,10,1,4
33,10,2,20
33,11,1,4
33,11,2,20
33,12,1,4
33,12,2,20
33,13,1,4
33,13,2,20
33,14,1,4
33,14,2,20
33,15,1,3
33,15,2,20
33,16,1,3
33,16,2,20
33,17,1,3
33,17,2,20
33,18,1,3
33,18,2,20
33,19,1,3
33,19,2,20
33,20,1,3
33,20,2,20
33,21,1,3
33,21,2,20
33,22,1,5
33,22,2,20
33,23,1,3
33,23,2,20
33,24,1,3
33,24,2,20
33,25,1,3
33,25,2,20
33,26,1,3
33,26,2,20
33,27,1,3
33,27,2,20
33,28,1,3
33,28,2,20
33,29,1,3
33,29,2,20
33,30,1,3
33,30,2,20
33,31,1,2
33,31,2,20
33,32,1,2
33,32,2,20
33,33,1,2
33,33,2,20
33,34,1,2
33,34,2,20
33,35,1,2
33,35,2,20
33,36,1,3
33,36,2,20
33,37,1,5
33,37,2,20
33,38,1,3
33,38,2,20
33,39,1,2
33,39,2,20
33,40,1,2
33,40,2,20
33,41,1,2
33,41,2,20
33,42,1,2
33,42,2,20
33,43,1,2
33,43,2,20
33,44,1,3
33,44,2,20
33,45,1,3
33,45,2,20
33,46,1,2
33,46,2,20
33,47,1,1
33,47,2,20
33,48,1,1
33,48,2,20
33,49,1,1
33,49,2,20
33,50,1,2
33,50,2,20
33,51,1,3
33,51,2,20
33,52,1,5
33,52,2,20
33,53,1,3
33,53,2,20
33,54,1,2
33,54,2,20
33,55,1,1
33,55,2,20
33,56,1,1
33,56,2,20
33,57,1,1
33,57,2,20
33,58,1,2
33,58,2,20
33,59,1,3
33,59,2,20
33,60,1,3
33,60,2,20
33,61,1,2
33,61,2,20
33,62,1,1
33,62,2,20
33,63,1,0
33,63,2,20
33,64,1,1
33,64,2,20
33,65,1,2
33,65,2,20
33,66,1,3
33,66,2,20
33,67,1,5
33,67,2,20
33,68,1,3
33,68,2,20
33,69,1,2
33,69,2,20
33,70,1,1
33,70,2,20
33,71,1,0
33,71,2,20
33,72,1,1
33,72,2,20
33,73,1,2
33,73,2,20
33,74,1,3
33,74,2,20
33,75,1,3
33,75,2,20
33,76,1,2
33,76,2,20
33,77,1,1
33,77,2,20
33,78,1,1
33,78,2,20
33,79,1,1
33,79,2,20
33,80,1,2
33,80,2,20
33,81,1,3
33,81,2,20
33,82,1,5
33,82,2,20
33,83,1,3
33,83,2,20
33,84,1,2
33,84,2,20
33,85,1,1
33,85,2,20
33,86,1,1
33,86,2,20
33,87,1,1
33,87,2,20
33,88,1,2
33,88,2,20
33,89,1,3
33,89,2,20
33,90,1,3
33,90,2,20
33,91,1,2
33,91,2,20
33,92,1,2
33,92,2,20
33,93,1,2
33,93,2,20
33,94,1,2
33,94,2,20
33,95,1,2
33,95,2,20
33,96,1,3
33,96,2,20
33,97,1,5
33,97,2,20
33,98,1,3
33,98,2,20
33,99,1,2
33,99,2,20
33,100,1,2
33,100,2,20
33,101,1,2
33,101,2,20
33,102,1,2
33,102,2,20
33,103,1,2
33,103,2,20
33,104,1,3
33,104,2,20
33,105,1,3
33,105,2,20
33,106,1,3
33,106,2,20
33,107,1,3
33,107,2,20
33,108,1,3
33,108,2,20
33,109,1,3
33,109,2,20
33,110,1,3
33,110,2,20
33,111,1,3
33,111,2,20
33,112,1,5
33,112,2,20
33,113,1,3
33,113,2,20
33,114,1,3
33,114,2,20
33,115,1,3
33,115,2,20
33,116,1,3
33,116,2,20
33,117,1,3
33,117,2,20
33,118,1,3
33,118,2,20
33,119,1,3
33,119,2,20
33,120,1,4
33,120,2,20
33,121,1,4
33,121,2,20
33,122,1,4
33,122,2,20
33,123,1,4
33,123,2,20
33,124,1,4
33,124,2,20
33,125,1,4
33,125,2,20
33,126,1,4
33,126,2,20
33,127,1,5
33,127,2,20
33,128,1,4
33,128,2,20
33,129,1,4
33,129,2,20
33,130,1,4
33,130,2,20
33,131,1,4
33,131,2,20
33,132,1,4
33,132,2,20
33,133,1,4
33,133,2,20
33,134,1,4
33,134,2,20
34,0,1,4
34,0,2,20
34,1,1,4
34,1,2,20
34,2,1,4
34,2,2,20
34,3,1,4
34,3,2,20
34,4,1,4
34,4,2,20
34,5,1,4
34,5,2,20
34,6,1,4
34,6,2,20
34,7,1,5
34,7,2,20
34,8,1,4
34,8,2,20
34,9,1,4
34,9,2,20
34,10,1,4
34,10,2,20
34,11,1,4
34,11,2,20
34,12,1,4
34,12,2,20
34,13,1,4
34,13,2,20
34,14,1,4
34,14,2,20
34,15,1,3
34,15,2,20
34,16,1,3
34,16,2,20
34,17,1,3
34,17,2,20
34,18,1,3
34,18,2,20
34,19,1,3
34,19,2,20
34,20,1,3
34,20,2,20
34,21,1,3
34,21,2,20
34,22,1,5
34,22,2,20
34,23,1,3
34,23,2,20
34,24,1,3
34,24,2,20
34,25,1,3
34,25,2,20
34,26,1,3
34,26,2,20
34,27,1,3
34,27,2,20
34,28,1,3
34,28,2,20
34,29,1,3
34,29,2,20
34,30,1,3
34,30,2,20
34,31,1,2
34,31,2,20
34,32,1,2
34,32,2,20
34,33,1,2
34,33,2,20
34,34,1,2
34,34,2,20
34,35,1,2
34,35,2,20
34,36,1,3
34,36,2,20
34,37,1,5
34,37,2,20
34,38,1,3
34,38,2,20
34,39,1,2
34,39,2,20
34,40,1,2
34,40,2,20
34,41,1,2
34,41,2,20
34,42,1,2
34,42,2,20
34,43,1,2
34,43,2,20
34,44,1,3
34,44,2,20
34,45,1,3
34,45,2,20
34,46,1,2
34,46,2,20
34,47,1,1
34,47,2,20
34,48,1,1
34,48,2,20
34,49,1,1
34,49,2,20
34,50,1,2
34,50,2,20
34,51,1,3
34,51,2,20
34,52,1,5
34,52,2,20
34,53,1,3
34,53,2,20
34,54,1,2
34,54,2,20
34,55,1,1
34,55,2,20
34,56,1,1
34,56,2,20
34,57,1,1
34,57,2,20
34,58,1,2
34,58,2,20
34,59,1,3
34,59,2,20
34,60,1,3
34,60,2,20
34,61,1,2
34,61,2,20
34,62,1,1
34,62,2,20
34,63,1,0
34,63,2,20
34,64,1,1
34,64,2,20
34,65,1,2
34,65,2,20
34,66,1,3
34,66,2,20
34,67,1,5
34,67,2,20
34,68,1,3
34,68,2,20
34,69,1,2
34,69,2,20
34,70,1,1
34,70,2,20
34,71,1,0
34,71,2,20
34,72,1,1
34,72,2,20
34,73,1,2
34,73,2,20
34,74,1,3
34,74,2,20
34,75,1,3
34,75,2,20
34,76,1,2
34,76,2,20
34,77,1,1
34,77,2,20
34,78,1,1
34,78,2,20
34,79,1,1
34,79,2,20
34,80,1,2
34,80,2,20
34,81,1,3
34,81,2,20
34,82,1,5
34,82,2,20
34,83,1,3
34,83,2,20
34,84,1,2
34,84,2,20
34,85,1,1
34,85,2,20
34,86,1,1
34,86,2,20
34,87,1,1
34,87,2,20
34,88,1,2
34,88,2,20
34,89,1,3
34,89,2,20
34,90,1,3
34,90,2,20
34,91,1,2
34,91,2,20
34,92,1,2
34,92,2,20
34,93,1,2
34,93,2,20
34,94,1,2
34,94,2,20
34,95,1,2
34,95,2,20
34,96,1,3
34,96,2,20
34,97,1,5
34,97,2,20
34,98,1,3
34,98,2,20
34,99,1,2
34,99,2,20
34,100,1,2
34,100,2,20
34,101,1,2
34,101,2,20
34,102,1,2
34,102,2,20
34,103,1,2
34,103,2,20
34,104,1,3
34,104,2,20
34,105,1,3
34,105,2,20
34,106,1,3
34,106,2,20
34,107,1,3
34,107,2,20
34,108,1,3
34,108,2,20
34,109,1,3
34,109,2,20
34,110,1,3
34,110,2,20
34,111,1,3
34,111,2,20
34,112,1,5
34,112,2,20
34,113,1,3
34,113,2,20
34,114,1,3
34,114,2,20
34,115,1,3
34,115,2,20
34,116,1,3
34,116,2,20
34,117,1,3
34,117,2,20
34,118,1,3
34,118,2,20
34,119,1,3
34,119,2,20
34,120,1,4
34,120,2,20
34,121,1,4
34,121,2,20
34,122,1,4
34,122,2,20
34,123,1,4
34,123,2,20
34,124,1,4
34,124,2,20
34,125,1,4
34,125,2,20
34,126,1,4
34,126,2,20
34,127,1,5
34,127,2,20
34,128,1,4
34,128,2,20
34,129,1,4
34,129,2,20
34,130,1,4
34,130,2,20
34,131,1,4
34,131,2,20
34,132,1,4
34,132,2,20
34,133,1,4
34,133,2,20
34,134,1,4
34,134,2,20
35,0,1,4
35,0,2,20
35,1,1,4
35,1,2,20
35,2,1,4
35,2,2,20
35,3,1,4
35,3,2,20
35,4,1,4
35,4,2,20
35,5,1,4
35,5,2,20
35,6,1,4
35,6,2,20
35,7,1,5
35,7,2,20
35,8,1,4
35,8,2,20
35,9,1,4
35,9,2,20
35,10,1,4
35,10,2,20
35,11,1,4
35,11,2,20
35,12,1,4
35,12,2,20
35,13,1,4
35,13,2,20
35,14,1,4
35,14,2,20
35,15,1,3
35,15,2,20
35,16,1,3
35,16,2,20
35,17,1,3
35,17,2,20
35,18,1,3
35,18,2,20
35,19,1,3
35,19,2,20
35,20,1,3
35,20,2,20
35,21,1,3
35,21,2,20
35,22,1,5
35,22,2,20
35,23,1,3
35,23,2,20
35,24,1,3
35,24,2,20
35,25,1,3
35,25,2,20
35,26,1,3
35,26,2,20
35,27,1,3
35,27,2,20
35,28,1,3
35,28,2,20
35,29,1,3
35,29,2,20
35,30,1,3
35,30,2,20
35,31,1,2
35,31,2,20
35,32,1,2
35,32,2,20
35,33,1,2
35,33,2,20
35,34,1,2
35,34,2,20
35,35,1,2
35,35,2,20
35,36,1,3
35,36,2,20
35,37,1,5
35,37,2,20
35,38,1,3
35,38,2,20
35,39,1,2
35,39,2,20
35,40,1,2
35,40,2,20
35,41,1,2
35,41,2,20
35,42,1,2
35,42,2,20
35,43,1,2
35,43,2,20
35,44,1,3
35,44,2,20
35,45,1,3
35,45,2,20
35,46,1,2
35,46,2,20
35,47,1,1
35,47,2,20
35,48,1,1
35,48,2,20
35,49,1,1
35,49,2,20
35,50,1,2
35,50,2,20
35,51,1,3
35,51,2,20
35,52,1,5
35,52,2,20
35,53,1,3
35,53,2,20
35,54,1,2
35,54,2,20
35,55,1,1
35,55,2,20
35,56,1,1
35,56,2,20
35,57,1,1
35,57,2,20
35,58,1,2
35,58,2,20
35,59,1,3
35,59,2,20
35,60,1,3
35,60,2,20
35,61,1,2
35,61,2,20
35,62,1,1
35,62,2,20
35,63,1,0
35,63,2,20
35,64,1,1
35,64,2,20
35,65,1,2
35,65,2,20
35,66,1,3
35,66,2,20
35,67,1,5
35,67,2,20
35,68,1,3
35,68,2,20
35,69,1,2
35,69,2,20
35,70,1,1
35,70,2,20
35,71,1,0
35,71,2,20
35,72,1,1
35,72,2,20
35,73,1,2
35,73,2,20
35,74,1,3
35,74,2,20
35,75,1,3
35,75,2,20
35,76,1,2
35,76,2,20
35,77,1,1
35,77,2,20
35,78,1,1
35,78,2,20
35,79,1,1
35,79,2,20
35,80,1,2
35,80,2,20
35,81,1,3
35,81,2,20
35,82,1,5
35,82,2,20
35,83,1,3
35,83,2,20
35,84,1,2
35,84,2,20
35,85,1,1
35,85,2,20
35,86,1,1
35,86,2,20
35,87,1,1
35,87,2,20
35,88,1,2
35,88,2,20
35,89,1,3
35,89,2,20
35,90,1,3
35,90,2,20
35,91,1,2
35,91,2,20
35,92,1,2
35,92,2,20
35,93,1,2
35,93,2,20
35,94,1,2
35,94,2,20
35,95,1,2
35,95,2,20
35,96,1,3
35,96,2,20
35,97,1,5
35,97,2,20
35,98,1,3
35,98,2,20
35,99,1,2
35,99,2,20
35,100,1,2
35,100,2,20
35,101,1,2
35,101,2,20
35,102,1,2
35,102,2,20
35,103,1,2
35,103,2,20
35,104,1,3
35,104,2,20
35,105,1,3
35,105,2,20
35,106,1,3
35,106,2,20
35,107,1,3
35,107,2,20
35,108,1,3
35,108,2,20
35,109,1,3
35,109,2,20
35,110,1,3
35,110,2,20
35,111,1,3
35,111,2,20
35,112,1,5
35,112,2,20
35,113,1,3
35,113,2,20
35,114,1,3
35,114,2,20
35,115,1,3
35,115,2,20
35,116,1,3
35,116,2,20
35,117,1,3
35,117,2,20
35,118,1,3
35,118,2,20
35,119,1,3
35,119,2,20
35,120,1,4
35,120,2,20
35,121,1,4
35,121,2,20
35,122,1,4
35,122,2,20
35,123,1,4
35,123,2,20
35,124,1,4
35,124,2,20
35,125,1,4
35,125,2,20
35,126,1,4
35,126,2,20
35,127,1,5
35,127,2,20
35,128,1,4
35,128,2,20
35,129,1,4
35,129,2,20
35,130,1,4
35,130,2,20
35,131,1,4
35,131,2,20
35,132,1,4
35,132,2,20
35,133,1,4
35,133,2,20
35,134,1,4
35,134,2,20
36,0,1,4
36,0,2,20
36,1,1,4
36,1,2,20
36,2,1,4
36,2,2,20
36,3,1,4
36,3,2,20
36,4,1,4
36,4,2,20
36,5,1,4
36,5,2,20
36,6,1,4
36,6,2,20
36,7,1,5
36,7,2,20
36,8,1,4
36,8,2,20
36,9,1,4
36,9,2,20
36,10,1,4
36,10,2,20
36,11,1,4
36,11,2,20
36,12,1,4
36,12,2,20
36,13,1,4
36,13,2,20
36,14,1,4
36,14,2,20
36,15,1,3
36,15,2,20
36,16,1,3
36,16,2,20
36,17,1,3
36,17,2,20
36,18,1,3
36,18,2,20
36,19,1,3
36,19,2,20
36,20,1,3
36,20,2,20
36,21,1,3
36,21,2,20
36,22,1,5
36,22,2,20
36,23,1,3
36,23,2,20
36,24,1,3
36,24,2,20
36,25,1,3
36,25,2,20
36,26,1,3
36,26,2,20
36,27,1,3
36,27,2,20
36,28,1,3
36,28,2,20
36,29,1,3
36,29,2,20
36,30,1,3
36,30,2,20
36,31,1,2
36,31,2,20
36,32,1,2
36,32,2,20
36,33,1,2
36,33,2,20
36,34,1,2
36,34,2,20
36,35,1,2
36,35,2,20
36,36,1,3
36,36,2,20
36,37,1,5
36,37,2,20
36,38,1,3
36,38,2,20
36,39,1,2
36,39,2,20
36,40,1,2
36,40,2,20
36,41,1,2
36,41,2,20
36,42,1,2
36,42,2,20
36,43,1,2
36,43,2,20
36,44,1,3
36,44,2,20
36,45,1,3
36,45,2,20
36,46,1,2
36,46,2,20
36,47,1,1
36,47,2,20
36,48,1,1
36,48,2,20
36,49,1,1
36,49,2,20
36,50,1,2
36,50,2,20
36,51,1,3
36,51,2,20
36,52,1,5
36,52,2,20
36,53,1,3
36,53,2,20
36,54,1,2
36,54,2,20
36,55,1,1
36,55,2,20
36,56,1,1
36,56,2,20
36,57,1,1
36,57,2,20
36,58,1,2
36,58,2,20
36,59,1,3
36,59,2,20
36,60,1,3
36,60,2,20
36,61,1,2
36,61,2,20
36,62,1,1
36,62,2,20
36,63,1,0
36,63,2,20
36,64,1,1
36,64,2,20
36,65,1,2
36,65,2,20
36,66,1,3
36,66,2,20
36,67,1,5
36,67,2,20
36,68,1,3
36,68,2,20
36,69,1,2
36,69,2,20
36,70,1,1
36,70,2,20
36,71,1,0
36,71,2,20
36,72,1,1
36,72,2,20
36,73,1,2
36,73,2,20
36,74,1,3
36,74,2,20
36,75,1,3
36,75,2,20
36,76,1,2
36,76,2,20
36,77,1,1
36,77,2,20
36,78,1,1
36,78,2,20
36,79,1,1
36,79,2,20
36,80,1,2
36,80,2,20
36,81,1,3
36,81,2,20
36,82,1,5
36,82,2,20
36,83,1,3
36,83,2,20
36,84,1,2
36,84,2,20
36,85,1,1
36,85,2,20
36,86,1,1
36,86,2,20
36,87,1,1
36,87,2,20
36,88,1,2
36,88,2,20
36,89,1,3
36,89,2,20
36,90,1,3
36,90,2,20
36,91,1,2
36,91,2,20
36,92,1,2
36,92,2,20
36,93,1,2
36,93,2,20
36,94,1,2
36,94,2,20
36,95,1,2
36,95,2,20
36,96,1,3
36,96,2,20
36,97,1,5
36,97,2,20
36,98,1,3
36,98,2,20
36,99,1,2
36,99,2,20
36,100,1,2
36,100,2,20
36,101,1,2
36,101,2,20
36,102,1,2
36,102,2,20
36,103,1,2
36,103,2,20
36,104,1,3
36,104,2,20
36,105,1,3
36,105,2,20
36,106,1,3
36,106,2,20
36,107,1,3
36,107,2,20
36,108,1,3
36,108,2,20
36,109,1,3
36,109,2,20
36,110,1,3
36,110,2,20
36,111,1,3
36,111,2,20
36,112,1,5
36,112,2,20
36,113,1,3
36,113,2,20
36,114,1,3
36,114,2,20
36,115,1,3
36,115,2,20
36,116,1,3
36,116,2,20
36,117,1,3
36,117,2,20
36,118,1,3
36,118,2,20
36,119,1,3
36,119,2,20
36,120,1,4
36,120,2,20
36,121,1,4
36,121,2,20
36,122,1,4
36,122,2,20
36,123,1,4
36,123,2,20
36,124,1,4
36,124,2,20
36,125,1,4
36,125,2,20
36,126,1,4
36,126,2,20
36,127,1,5
36,127,2,20
36,128,1,4
36,128,2,20
36,129,1,4
36,129,2,20
36,130,1,4
36,130,2,20
36,131,1,4
36,131,2,20
36,132,1,4
36,132,2,20
36,133,1,4
36,133,2,20
36,134,1,4
36,134,2,20
37,0,1,4
37,0,2,20
37,1,1,4
37,1,2,20
37,2,1,4
37,2,2,20
37,3,1,4
37,3,2,20
37,4,1,4
37,4,2,20
37,5,1,4
37,5,2,20
37,6,1,4
37,6,2,20
37,7,1,5
37,7,2,20
37,8,1,4
37,8,2,20
37,9,1,4
37,9,2,20
37,10,1,4
37,10,2,20
37,11,1,4
37,11,2,20
37,12,1,4
37,12,2,20
37,13,1,4
37,13,2,20
37,14,1,4
37,14,2,20
37,15,1,3
37,15,2,20
37,16,1,3
37,16,2,20
37,17,1,3
37,17,2,20
37,18,1,3
37,18,2,20
37,19,1,3
37,19,2,20
37,20,1,3
37,20,2,20
37,21,1,3
37,21,2,20
37,22,1,5
37,22,2,20
37,23,1,3
37,23,2,20
37,24,1,3
37,24,2,20
37,25,1,3
37,25,2,20
37,26,1,3
37,26,2,20
37,27,1,3
37,27,2,20
37,28,1,3
37,28,2,20
37,29,1,3
37,29,2,20
37,30,1,3
37,30,2,20
37,31,1,2
37,31,2,20
37,32,1,2
37,32,2,20
37,33,1,2
37,33,2,20
37,34,1,2
37,34,2,20
37,35,1,2
37,35,2,20
37,36,1,3
37,36,2,20
37,37,1,5
37,37,2,20
37,38,1,3
37,38,2,20
37,39,1,2
37,39,2,20
37,40,1,2
37,40,2,20
37,41,1,2
37,41,2,20
37,42,1,2
37,42,2,20
37,43,1,2
37,43,2,20
37,44,1,3
37,44,2,20
37,45,1,3
37,45,2,20
37,46,1,2
37,46,2,20
37,47,1,1
37,47,2,20
37,48,1,1
37,48,2,20
37,49,1,1
37,49,2,20
37,50,1,2
37,50,2,20
37,51,1,3
37,51,2,20
37,52,1,5
37,52,2,20
37,53,1,3
37,53,2,20
37,54,1,2
37,54,2,20
37,55,1,1
37,55,2,20
37,56,1,1
37,56,2,20
37,57,1,1
37,57,2,20
37,58,1,2
37,58,2,20
37,59,1,3
37,59,2,20
37,60,1,3
37,60,2,20
37,61,1,2
37,61,2,20
37,62,1,1
37,62,2,20
37,63,1,0
37,63,2,20
37,64,1,1
37,64,2,20
37,65,1,2
37,65,2,20
37,66,1,3
37,66,2,20
37,67,1,5
37,67,2,20
37,68,1,3
37,68,2,20
37,69,1,2
37,69,2,20
37,70,1,1
37,70,2,20
37,71,1,0
37,71,2,20
37,72,1,1
37,72,2,20
37,73,1,2
37,73,2,20
37,74,1,3
37,74,2,20
37,75,1,3
37,75,2,20
37,76,1,2
37,76,2,20
37,77,1,1
37,77,2,20
37,78,1,1
37,78,2,20
37,79,1,1
37,79,2,20
37,80,1,2
37,80,2,20
37,81,1,3
37,81,2,20
37,82,1,5
37,82,2,20
37,83,1,3
37,83,2,20
37,84,1,2
37,84,2,20
37,85,1,1
37,85,2,20
37,86,1,1
37,86,2,20
37,87,1,1
37,87,2,20
37,88,1,2
37,88,2,20
37,89,1,3
37,89,2,20
37,90,1,3
37,90,2,20
37,91,1,2
37,91,2,20
37,92,1,2
37,92,2,20
37,93,1,2
37,93,2,20
37,94,1,2
37,94,2,20
37,95,1,2
37,95,2,20
37,96,1,3
37,96,2,20
37,97,1,5
37,97,2,20
37,98,1,3
37,98,2,20
37,99,1,2
37,99,2,20
37,100,1,2
37,100,2,20
37,101,1,2
37,101,2,20
37,102,1,2
37,102,2,20
37,103,1,2
37,103,2,20
37,104,1,3
37,104,2,20
37,105,1,3
37,105,2,20
37,106,1,3
37,106,2,20
37,107,1,3
37,107,2,20
37,108,1,3
37,108,2,20
37,109,1,3
37,109,2,20
37,110,1,3
37,110,2,20
37,111,1,3
37,111,2,20
37,112,1,5
37,112,2,20
37,113,1,3
37,113,2,20
37,114,1,3
37,114,2,20
37,115,1,3
37,115,2,20
37,116,1,3
37,116,2,20
37,117,1,3
37,117,2,20
37,118,1,3
37,118,2,20
37,119,1,3
37,119,2,20
37,120,1,4
37,120,2,20
37,121,1,4
37,121,2,20
37,122,1,4
37,122,2,20
37,123,1,4
37,123,2,20
37,124,1,4
37,124,2,20
37,125,1,4
37,125,2,20
37,126,1,4
37,126,2,20
37,127,1,5
37,127,2,20
37,128,1,4
37,128,2,20
37,129,1,4
37,129,2,20
37,130,1,4
37,130,2,20
37,131,1,4
37,131,2,20
37,132,1,4
37,132,2,20
37,133,1,4
37,133,2,20
37,134,1,4
37,134,2,20
38,0,1,4
38,0,2,20
38,1,1,4
38,1,2,20
38,2,1,4
38,2,2,20
38,3,1,4
38,3,2,20
38,4,1,4
38,4,2,20
38,5,1,4
38,5,2,20
38,6,1,4
38,6,2,20
38,7,1,5
38,7,2,20
38,8,1,4
38,8,2,20
38,9,1,4
38,9,2,20
38,10,1,4
38,10,2,20
38,11,1,4
38,11,2,20
38,12,1,4
38,12,2,20
38,13,1,4
38,13,2,20
38,14,1,4
38,14,2,20
38,15,1,3
38,15,2,20
38,16,1,3
38,16,2,20
38,17,1,3
38,17,2,20
38,18,1,3
38,18,2,20
38,19,1,3
38,19,2,20
38,20,1,3
38,20,2,20
38,21,1,3
38,21,2,20
38,22,1,5
38,22,2,20
38,23,1,3
38,23,2,20
38,24,1,3
38,24,2,20
38,25,1,3
38,25,2,20
38,26,1,3
38,26,2,20
38,27,1,3
38,27,2,20
38,28,1,3
38,28,2,20
38,29,1,3
38,29,2,20
38,30,1,3
38,30,2,20
38,31,1,2
38,31,2,20
38,32,1,2
38,32,2,20
38,33,1,2
38,33,2,20
38,34,1,2
38,34,2,20
38,35,1,2
38,35,2,20
38,36,1,3
38,36,2,20
38,37,1,5
38,37,2,20
38,38,1,3
38,38,2,20
38,39,1,2
38,39,2,20
38,40,1,2
38,40,2,20
38,41,1,2
38,41,2,20
38,42,1,2
38,42,2,20
38,43,1,2
38,43,2,20
38,44,1,3
38,44,2,20
38,45,1,3
38,45,2,20
38,46,1,2
38,46,2,20
38,47,1,1
38,47,2,20
38,48,1,1
38,48,2,20
38,49,1,1
38,49,2,20
38,50,1,2
38,50,2,20
38,51,1,3
38,51,2,20
38,52,1,5
38,52,2,20
38,53,1,3
38,53,2,20
38,54,1,2
38,54,2,20
38,55,1,1
38,55,2,20
38,56,1,1
38,56,2,20
38,57,1,1
38,57,2,20
38,58,1,2
38,58,2,20
38,59,1,3
38,59,2,20
38,60,1,3
38,60,2,20
38,61,1,2
38,61,2,20
38,62,1,1
38,62,2,20
38,63,1,0
38,63,2,20
38,64,1,1
38,64,2,20
38,65,1,2
38,65,2,20
38,66,1,3
38,66,2,20
38,67,1,5
38,67,2,20
38,68,1,3
38,68,2,20
38,69,1,2
38,69,2,20
38,70,1,1
38,70,2,20
38,71,1,0
38,71,2,20
38,72,1,1
38,72,2,20
38,73,1,2
38,73,2,20
38,74,1,3
38,74,2,20
38,75,1,3
38,75,2,20
38,76,1,2
38,76,2,20
38,77,1,1
38,77,2,20
38,78,1,1
38,78,2,20
38,79,1,1
38,79,2,20
38,80,1,2
38,80,2,20
38,81,1,3
38,81,2,20
38,82,1,5
38,82,2,20
38,83,1,3
38,83,2,20
38,84,1,2
38,84,2,20
38,85,1,1
38,85,2,20
38,86,1,1
38,86,2,20
38,87,1,1
38,87,2,20
38,88,1,2
38,88,2,20
38,89,1,3
38,89,2,20
38,90,1,3
38,90,2,20
38,91,1,2
38,91,2,20
38,92,1,2
38,92,2,20
38,93,1,2
38,93,2,20
38,94,1,2
38,94,2,20
38,95,1,2
38,95,2,20
38,96,1,3
38,96,2,20
38,97,1,5
38,97,2,20
38,98,1,3
38,98,2,20
38,99,1,2
38,99,2,20
38,100,1,2
38,100,2,20
38,101,1,2
38,101,2,20
38,102,1,2
38,102,2,20
38,103,1,2
38,103,2,20
38,104,1,3
38,104,2,20
38,105,1,3
38,105,2,20
38,106,1,3
38,106,2,20
38,107,1,3
38,107,2,20
38,108,1,3
38,108,2,20
38,109,1,3
38,109,2,20
38,110,1,3
38,110,2,20
38,111,1,3
38,111,2,20
38,112,1,5
38,112,2,20
38,113,1,3
38,113,2,20
38,114,1,3
38,114,2,20
38,115,1,3
38,115,2,20
38,116,1,3
38,116,2,20
38,117,1,3
38,117,2,20
38,118,1,3
38,118,2,20
38,119,1,3
38,119,2,20
38,120,1,4
38,120,2,20
38,121,1,4
38,121,2,20
38,122,1,4
38,122,2,20
38,123,1,4
38,123,2,20
38,124,1,4
38,124,2,20
38,125,1,4
38,125,2,20
38,126,1,4
38,126,2,20
38,127,1,5
38,127,2,20
38,128,1,4
38,128,2,20
38,129,1,4
38,129,2,20
38,130,1,4
38,130,2,20
38,131,1,4
38,131,2,20
38,132,1,4
38,132,2,20
38,133,1,4
38,133,2,20
38,134,1,4
38,134,2,20
39,0,1,4
39,0,2,20
39,1,1,4
39,1,2,20
39,2,1,4
39,2,2,20
39,3,1,4
39,3,2,20
39,4,1,4
39,4,2,20
39,5,1,4
39,5,2,20
39,6,1,4
39,6,2,20
39,7,1,5
39,7,2,20
39,8,1,4
39,8,2,20
39,9,1,4
39,9,2,20
39,10,1,4
39,10,2,20
39,11,1,4
39,11,2,20
39,12,1,4
39,12,2,20
39,13,1,4
39,13,2,20
39,14,1,4
39,14,2,20
39,15,1,3
39,15,2,20
39,16,1,3
39,16,2,20
39,17,1,3
39,17,2,20
39,18,1,3
39,18,2,20
39,19,1,3
39,19,2,20
39,20,1,3
39,20,2,20
39,21,1,3
39,21,2,20
39,22,1,5
39,22,2,20
39,23,1,3
39,23,2,20
39,24,1,3
39,24,2,20
39,25,1,3
39,25,2,20
39,26,1,3
39,26,2,20
39,27,1,3
39,27,2,20
39,28,1,3
39,28,2,20
39,29,1,3
39,29,2,20
39,30,1,3
39,30,2,20
39,31,1,2
39,31,2,20
39,32,1,2
39,32,2,20
39,33,1,2
39,33,2,20
39,34,1,2
39,34,2,20
39,35,1,2
39,35,2,20
39,36,1,3
39,36,2,20
39,37,1,5
39,37,2,20
39,38,1,3
39,38,2,20
39,39,1,2
39,39,2,20
39,40,1,2
39,40,2,20
39,41,1,2
39,41,2,20
39,42,1,2
39,42,2,20
39,43,1,2
39,43,2,20
39,44,1,3
39,44,2,20
39,45,1,3
39,45,2,20
39,46,1,2
39,46,2,20
39,47,1,1
39,47,2,20
39,48,1,1
39,48,2,20
39,49,1,1
39,49,2,20
39,50,1,2
39,50,2,20
39,51,1,3
39,51,2,20
39,52,1,5
39,52,2,20
39,53,1,3
39,53,2,20
39,54,1,2
39,54,2,20
39,55,1,1
39,55,2,20
39,56,1,1
39,56,2,20
39,57,1,1
39,57,2,20
39,58,1,2
39,58,2,20
39,59,1,3
39,59,2,20
39,60,1,3
39,60,2,20
39,61,1,2
39,61,2,20
39,62,1,1
39,62,2,20
39,63,1,0
39,63,2,20
39,64,1,1
39,64,2,20
39,65,1,2
39,65,2,20
39,66,1,3
39,66,2,20
39,67,1,5
39,67,2,20
39,68,1,3
39,68,2,20
39,69,1,2
39,69,2,20
39,70,1,1
39,70,2,20
39,71,1,0
39,71,2,20
39,72,1,1
39,72,2,20
39,73,1,2
39,73,2,20
39,74,1,3
39,74,2,20
39,75,1,3
39,75,2,20
39,76,1,2
39,76,2,20
39,77,1,1
39,77,2,20
39,78,1,1
39,78,2,20
39,79,1,1
39,79,2,20
39,80,1,2
39,80,2,20
39,81,1,3
39,81,2,20
39,82,1,5
39,82,2,20
39,83,1,3
39,83,2,20
39,84,1,2
39,84,2,20
39,85,1,1
39,85,2,20
39,86,1,1
39,86,2,20
39,87,1,1
39,87,2,20
39,88,1,2
39,88,2,20
39,89,1,3
39,89,2,20
39,90,1,3
39,90,2,20
39,91,1,2
39,91,2,20
39,92,1,2
39,92,2,20
39,93,1,2
39,93,2,20
39,94,1,2
39,94,2,20
39,95,1,2
39,95,2,20
39,96,1,3
39,96,2,20
39,97,1,5
39,97,2,20
39,98,1,3
39,98,2,20
39,99,1,2
39,99,2,20
39,100,1,2
39,100,2,20
39,101,1,2
39,101,2,20
39,102,1,2
39,102,2,20
39,103,1,2
39,103,2,20
39,104,1,3
39,104,2,20
39,105,1,3
39,105,2,20
39,106,1,3
39,106,2,20
39,107,1,3
39,107,2,20
39,108,1,3
39,108,2,20
39,109,1,3
39,109,2,20
39,110,1,3
39,110,2,20
39,111,1,3
39,111,2,20
39,112,1,5
39,112,2,20
39,113,1,3
39,113,2,20
39,114,1,3
39,114,2,20
39,115,1,3
39,115,2,20
39,116,1,3
39,116,2,20
39,117,1,3
39,117,2,20
39,118,1,3
39,118,2,20
39,119,1,3
39,119,2,20
39,120,1,4
39,120,2,20
39,121,1,4
39,121,2,20
39,122,1,4
39,122,2,20
39,123,1,4
39,123,2,20
39,124,1,4
39,124,2,20
39,125,1,4
39,125,2,20
39,126,1,4
39,126,2,20
39,127,1,5
39,127,2,20
39,128,1,4
39,128,2,20
39,129,1,4
39,129,2,20
39,130,1,4
39,130,2,20
39,131,1,4
39,131,2,20
39,132,1,4
39,132,2,20
39,133,1,4
39,133,2,20
39,134,1,4
39,134,2,20
40,0,1,4
40,0,2,20
40,1,1,4
40,1,2,20
40,2,1,4
40,2,2,20
40,3,1,4
40,3,2,20
40,4,1,4
40,4,2,20
40,5,1,4
40,5,2,20
40,6,1,4
40,6,2,20
40,7,1,5
40,7,2,20
40,8,1,4
40,8,2,20
40,9,1,4
40,9,2,20
40,10,1,4
40,10,2,20
40,11,1,4
40,11,2,20
40,12,1,4
40,12,2,20
40,13,1,4
40,13,2,20
40,14,1,4
40,14,2,20
40,15,1,3
40,15,2,20
40,16,1,3
40,16,2,20
40,17,1,3
40,17,2,20
40,18,1,3
40,18,2,20
40,19,1,3
40,19,2,20
40,20,1,3
40,20,2,20
40,21,1,3
40,21,2,20
40,22,1,5
40,22,2,20
40,23,1,3
40,23,2,20
40,24,1,3
40,24,2,20
40,25,1,3
40,25,2,20
40,26,1,3
40,26,2,20
40,27,1,3
40,27,2,20
40,28,1,3
40,28,2,20
40,29,1,3
40,29,2,20
40,30,1,3
40,30,2,20
40,31,1,2
40,31,2,20
40,32,1,2
40,32,2,20
40,33,1,2
40,33,2,20
40,34,1,2
40,34,2,20
40,35,1,2
40,35,2,20
40,36,1,3
40,36,2,20
40,37,1,5
40,37,2,20
40,38,1,3
40,38,2,20
40,39,1,2
40,39,2,20
40,40,1,2
40,40,2,20
40,41,1,2
40,41,2,20
40,42,1,2
40,42,2,20
40,43,1,2
40,43,2,20
40,44,1,3
40,44,2,20
40,45,1,3
40,45,2,20
40,46,1,2
40,46,2,20
40,47,1,1
40,47,2,20
40,48,1,1
40,48,2,20
40,49,1,1
40,49,2,20
40,50,1,2
40,50,2,20
40,51,1,3
40,51,2,20
40,52,1,5
40,52,2,20
40,53,1,3
40,53,2,20
40,54,1,2
40,54,2,20
40,55,1,1
40,55,2,20
40,56,1,1
40,56,2,20
40,57,1,1
40,57,2,20
40,58,1,2
40,58,2,20
40,59,1,3
40,59,2,20
40,60,1,3
40,60,2,20
40,61,1,2
40,61,2,20
40,62,1,1
40,62,2,20
40,63,1,0
40,63,2,20
40,64,1,1
40,64,2,20
40,65,1,2
40,65,2,20
40,66,1,3
40,66,2,20
40,67,1,5
40,67,2,20
40,68,1,3
40,68,2,20
40,69,1,2
40,69,2,20
40,70,1,1
40,70,2,20
40,71,1,0
40,71,2,20
40,72,1,1
40,72,2,20
40,73,1,2
40,73,2,20
40,74,1,3
40,74,2,20
40,75,1,3
40,75,2,20
40,76,1,2
40,76,2,20
40,77,1,1
40,77,2,20
40,78,1,1
40,78,2,20
40,79,1,1
40,79,2,20
40,80,1,2
40,80,2,20
40,81,1,3
40,81,2,20
40,82,1,5
40,82,2,20
40,83,1,3
40,83,2,20
40,84,1,2
40,84,2,20
40,85,1,1
40,85,2,20
40,86,1,1
40,86,2,20
40,87,1,1
40,87,2,20
40,88,1,2
40,88,2,20
40,89,1,3
40,89,2,20
40,90,1,3
40,90,2,20
40,91,1,2
40,91,2,20
40,92,1,2
40,92,2,20
40,93,1,2
40,93,2,20
40,94,1,2
40,94,2,20
40,95,1,2
40,95,2,20
40,96,1,3
40,96,2,20
40,97,1,5
40,97,2,20
40,98,1,3
40,98,2,20
40,99,1,2
40,99,2,20
40,100,1,2
40,100,2,20
40,101,1,2
40,101,2,20
40,102,1,2
40,102,2,20
40,103,1,2
40,103,2,20
40,104,1,3
40,104,2,20
40,105,1,3
40,105,2,20
40,106,1,3
40,106,2,20
40,107,1,3
40,107,2,20
40,108,1,3
40,108,2,20
40,109,1,3
40,109,2,20
40,110,1,3
40,110,2,20
40,111,1,3
40,111,2,20
40,112,1,5
40,112,2,20
40,113,1,3
40,113,2,20
40,114,1,3
40,114,2,20
40,115,1,3
40,115,2,20
40,116,1,3
40,116,2,20
40,117,1,3
40,117,2,20
40,118,1,3
40,118,2,20
40,119,1,3
40,119,2,20
40,120,1,4
40,120,2,20
40,121,1,4
40,121,2,20
40,122,1,4
40,122,2,20
40,123,1,4
40,123,2,20
40,124,1,4
40,124,2,20
40,125,1,4
40,125,2,20
40,126,1,4
40,126,2,20
40,127,1,5
40,127,2,20
40,128,1,4
40,128,2,20
40,129,1,4
40,129,2,20
40,130,1,4
40,130,2,20
40,131,1,4
40,131,2,20
40,132,1,4
40,132,2,20
40,133,1,4
40,133,2,20
40,134,1,4
40,134,2,20
41,0,1,4
41,0,2,20
41,1,1,4
41,1,2,20
41,2,1,4
41,2,2,20
41,3,1,4
41,3,2,20
41,4,1,4
41,4,2,20
41,5,1,4
41,5,2,20
41,6,1,4
41,6,2,20
41,7,1,5
41,7,2,20
41,8,1,4
41,8,2,20
41,9,1,4
41,9,2,20
41,10,1,4
41,10,2,20
41,11,1,4
41,11,2,20
41,12,1,4
41,12,2,20
41,13,1,4
41,13,2,20
41,14,1,4
41,14,2,20
41,15,1,3
41,15,2,20
41,16,1,3
41,16,2,20
41,17,1,3
41,17,2,20
41,18,1,3
41,18,2,20
41,19,1,3
41,19,2,20
41,20,1,3
41,20,2,20
41,21,1,3
41,21,2,20
41,22,1,5
41,22,2,20
41,23,1,3
41,23,2,20
41,24,1,3
41,24,2,20
41,25,1,3
41,25,2,20
41,26,1,3
41,26,2,20
41,27,1,3
41,27,2,20
41,28,1,3
41,28,2,20
41,29,1,3
41,29,2,20
41,30,1,3
41,30,2,20
41,31,1,2
41,31,2,20
41,32,1,2
41,32,2,20
41,33,1,2
41,33,2,20
41,34,1,2
41,34,2,20
41,35,1,2
41,35,2,20
41,36,1,3
41,36,2,20
41,37,1,5
41,37,2,20
41,38,1,3
41,38,2,20
41,39,1,2
41,39,2,20
41,40,1,2
41,40,2,20
41,41,1,2
41,41,2,20
41,42,1,2
41,42,2,20
41,43,1,2
41,43,2,20
41,44,1,3
41,44,2,20
41,45,1,3
41,45,2,20
41,46,1,2
41,46,2,20
41,47,1,1
41,47,2,20
41,48,1,1
41,48,2,20
41,49,1,1
41,49,2,20
41,50,1,2
41,50,2,20
41,51,1,3
41,51,2,20
41,52,1,5
41,52,2,20
41,53,1,3
41,53,2,20
41,54,1,2
41,54,2,20
41,55,1,1
41,55,2,20
41,56,1,1
41,56,2,20
41,57,1,1
41,57,2,20
41,58,1,2
41,58,2,20
41,59,1,3
41,59,2,20
41,60,1,3
41,60,2,20
41,61,1,2
41,61,2,20
41,62,1,1
41,62,2,20
41,63,1,0
41,63,2,20
41,64,1,1
41,64,2,20
41,65,1,2
41,65,2,20
41,66,1,3
41,66,2,20
41,67,1,5
41,67,2,20
41,68,1,3
41,68,2,20
41,69,1,2
41,69,2,20
41,70,1,1
41,70,2,20
41,71,1,0
41,71,2,20
41,72,1,1
41,72,2,20
41,73,1,2
41,73,2,20
41,74,1,3
41,74,2,20
41,75,1,3
41,75,2,20
41,76,1,2
41,76,2,20
41,77,1,1
41,77,2,20
41,78,1,1
41,78,2,20
41,79,1,1
41,79,2,20
41,80,1,2
41,80,2,20
41,81,1,3
41,81,2,20
41,82,1,5
41,82,2,20
41,83,1,3
41,83,2,20
41,84,1,2
41,84,2,20
41,85,1,1
41,85,2,20
41,86,1,1
41,86,2,20
41,87,1,1
41,87,2,20
41,88,1,2
41,88,2,20
41,89,1,3
41,89,2,20
41,90,1,3
41,90,2,20
41,91,1,2
41,91,2,20
41,92,1,2
41,92,2,20
41,93,1,2
41,93,2,20
41,94,1,2
41,94,2,20
41,95,1,2
41,95,2,20
41,96,1,3
41,96,2,20
41,97,1,5
41,97,2,20
41,98,1,3
41,98,2,20
41,99,1,2
41,99,2,20
41,100,1,2
41,100,2,20
41,101,1,2
41,101,2,20
41,102,1,2
41,102,2,20
41,103,1,2
41,103,2,20
41,104,1,3
41,104,2,20
41,105,1,3
41,105,2,20
41,106,1,3
41,106,2,20
41,107,1,3
41,107,2,20
41,108,1,3
41,108,2,20
41,109,1,3
41,109,2,20
41,110,1,3
41,110,2,20
41,111,1,3
41,111,2,20
41,112,1,5
41,112,2,20
41,113,1,3
41,113,2,20
41,114,1,3
41,114,2,20
41,115,1,3
41,115,2,20
41,116,1,3
41,116,2,20
41,117,1,3
41,117,2,20
41,118,1,3
41,118,2,20
41,119,1,3
41,119,2,20
41,120,1,4
41,120,2,20
41,121,1,4
41,121,2,20
41,122,1,4
41,122,2,20
41,123,1,4
41,123,2,20
41,124,1,4
41,124,2,20
41,125,1,4
41,125,2,20
41,126,1,4
41,126,2,20
41,127,1,5
41,127,2,20
41,128,1,4
41,128,2,20
41,129,1,4
41,129,2,20
41,130,1,4
41,130,2,20
41,131,1,4
41,131,2,20
41,132,1,4
41,132,2,20
41,133,1,4
41,133,2,20
41,134,1,4
41,134,2,20
42,0,1,4
42,0,2,20
42,1,1,4
42,1,2,20
42,2,1,4
42,2,2,20
42,3,1,4
42,3,2,20
42,4,1,4
42,4,2,20
42,5,1,4
42,5,2,20
42,6,1,4
42,6,2,20
42,7,1,5
42,7,2,20
42,8,1,4
42,8,2,20
42,9,1,4
42,9,2,20
42,10,1,4
42,10,2,20
42,11,1,4
42,11,2,20
42,12,1,4
42,12,2,20
42,13,1,4
42,13,2,20
42,14,1,4
42,14,2,20
42,15,1,3
42,15,2,20
42,16,1,3
42,16,2,20
42,17,1,3
42,17,2,20
42,18,1,3
42,18,2,20
42,19,1,3
42,19,2,20
42,20,1,3
42,20,2,20
42,21,1,3
42,21,2,20
42,22,1,5
42,22,2,20
42,23,1,3
42,23,2,20
42,24,1,3
42,24,2,20
42,25,1,3
42,25,2,20
42,26,1,3
42,26,2,20
42,27,1,3
42,27,2,20
42,28,1,3
42,28,2,20
42,29,1,3
42,29,2,20
42,30,1,3
42,30,2,20
42,31,1,2
42,31,2,20
42,32,1,2
42,32,2,20
42,33,1,2
42,33,2,20
42,34,1,2
42,34,2,20
42,35,1,2
42,35,2,20
42,36,1,3
42,36,2,20
42,37,1,5
42,37,2,20
42,38,1,3
42,38,2,20
42,39,1,2
42,39,2,20
42,40,1,2
42,40,2,20
42,41,1,2
42,41,2,20
42,42,1,2
42,42,2,20
42,43,1,2
42,43,2,20
42,44,1,3
42,44,2,20
42,45,1,3
42,45,2,20
42,46,1,2
42,46,2,20
42,47,1,1
42,47,2,20
42,48,1,1
42,48,2,20
42,49,1,1
42,49,2,20
42,50,1,2
42,50,2,20
42,51,1,3
42,51,2,20
42,52,1,5
42,52,2,20
42,53,1,3
42,53,2,20
42,54,1,2
42,54,2,20
42,55,1,1
42,55,2,20
42,56,1,1
42,56,2,20
42,57,1,1
42,57,2,20
42,58,1,2
42,58,2,20
42,59,1,3
42,59,2,20
42,60,1,3
42,60,2,20
42,61,1,2
42,61,2,20
42,62,1,1
42,62,2,20
42,63,1,0
42,63,2,20
42,64,1,1
42,64,2,20
42,65,1,2
42,65,2,20
42,66,1,3
42,66,2,20
42,67,1,5
42,67,2,20
42,68,1,3
42,68,2,20
42,69,1,2
42,69,2,20
42,70,1,1
42,70,2,20
42,71,1,0
42,71,2,20
42,72,1,1
42,72,2,20
42,73,1,2
42,73,2,20
42,74,1,3
42,74,2,20
42,75,1,3
42,75,2,20
42,76,1,2
42,76,2,20
42,77,1,1
42,77,2,20
42,78,1,1
42,78,2,20
42,79,1,1
42,79,2,20
42,80,1,2
42,80,2,20
42,81,1,3
42,81,2,20
42,82,1,5
42,82,2,20
42,83,1,3
42,83,2,20
42,84,1,2
42,84,2,20
42,85,1,1
42,85,2,20
42,86,1,1
42,86,2,20
42,87,1,1
42,87,2,20
42,88,1,2
42,88,2,20
42,89,1,3
42,89,2,20
42,90,1,3
42,90,2,20
42,91,1,2
42,91,2,20
42,92,1,2
42,92,2,20
42,93,1,2
42,93,2,20
42,94,1,2
42,94,2,20
42,95,1,2
42,95,2,20
42,96,1,3
42,96,2,20
42,97,1,5
42,97,2,20
42,98,1,3
42,98,2,20
42,99,1,2
42,99,2,20
42,100,1,2
42,100,2,20
42,101,1,2
42,101,2,20
42,102,1,2
42,102,2,20
42,103,1,2
42,103,2,20
42,104,1,3
42,104,2,20
42,105,1,3
42,105,2,20
42,106,1,3
42,106,2,20
42,107,1,3
42,107,2,20
42,108,1,3
42,108,2,20
42,109,1,3
42,109,2,20
42,110,1,3
42,110,2,20
42,111,1,3
42,111,2,20
42,112,1,5
42,112,2,20
42,113,1,3
42,113,2,20
42,114,1,3
42,114,2,20
42,115,1,3
42,115,2,20
42,116,1,3
42,116,2,20
42,117,1,3
42,117,2,20
42,118,1,3
42,118,2,20
42,119,1,3
42,119,2,20
42,120,1,4
42,120,2,20
42,121,1,4
42,121,2,20
42,122,1,4
42,122,2,20
42,123,1,4
42,123,2,20
42,124,1,4
42,124,2,20
42,125,1,4
42,125,2,20
42,126,1,4
42,126,2,20
42,127,1,5
42,127,2,20
42,128,1,4
42,128,2,20
42,129,1,4
42,129,2,20
42,130,1,4
42,130,2,20
42,131,1,4
42,131,2,20
42,132,1,4
42,132,2,20
42,133,1,4
42,133,2,20
42,134,1,4
42,134,2,20
43,0,1,4
43,0,2,20
43,1,1,4
43,1,2,20
43,2,1,4
43,2,2,20
43,3,1,4
43,3,2,20
43,4,1,4
43,4,2,20
43,5,1,4
43,5,2,20
43,6,1,4
43,6,2,20
43,7,1,5
43,7,2,20
43,8,1,4
43,8,2,20
43,9,1,4
43,9,2,20
43,10,1,4
43,10,2,20
43,11,1,4
43,11,2,20
43,12,1,4
43,12,2,20
43,13,1,4
43,13,2,20
43,14,1,4
43,14,2,20
43,15,1,3
43,15,2,20
43,16,1,3
43,16,2,20
43,17,1,3
43,17,2,20
43,18,1,3
43,18,2,20
43,19,1,3
43,19,2,20
43,20,1,3
43,20,2,20
43,21,1,3
43,21,2,20
43,22,1,5
43,22,2,20
43,23,1,3
43,23,2,20
43,24,1,3
43,24,2,20
43,25,1,3
43,25,2,20
43,26,1,3
43,26,2,20
43,27,1,3
43,27,2,20
43,28,1,3
43,28,2,20
43,29,1,3
43,29,2,20
43,30,1,3
43,30,2,20
43,31,1,2
43,31,2,20
43,32,1,2
43,32,2,20
43,33,1,2
43,33,2,20
43,34,1,2
43,34,2,20
43,35,1,2
43,35,2,20
43,36,1,3
43,36,2,20
43,37,1,5
43,37,2,20
43,38,1,3
43,38,2,20
43,39,1,2
43,39,2,20
43,40,1,2
43,40,2,20
43,41,1,2
43,41,2,20
43,42,1,2
43,42,2,20
43,43,1,2
43,43,2,20
43,44,1,3
43,44,2,20
43,45,1,3
43,45,2,20
43,46,1,2
43,46,2,20
43,47,1,1
43,47,2,20
43,48,1,1
43,48,2,20
43,49,1,1
43,49,2,20
43,50,1,2
43,50,2,20
43,51,1,3
43,51,2,20
43,52,1,5
43,52,2,20
43,53,1,3
43,53,2,20
43,54,1,2
43,54,2,20
43,55,1,1
43,55,2,20
43,56,1,1
43,56,2,20
43,57,1,1
43,57,2,20
43,58,1,2
43,58,2,20
43,59,1,3
43,59,2,20
43,60,1,3
43,60,2,20
43,61,1,2
43,61,2,20
43,62,1,1
43,62,2,20
43,63,1,0
43,63,2,20
43,64,1,1
43,64,2,20
43,65,1,2
43,65,2,20
43,66,1,3
43,66,2,20
43,67,1,5
43,67,2,20
43,68,1,3
43,68,2,20
43,69,1,2
43,69,2,20
43,70,1,1
43,70,2,20
43,71,1,0
43,71,2,20
43,72,1,1
43,72,2,20
43,73,1,2
43,73,2,20
43,74,1,3
43,74,2,20
43,75,1,3
43,75,2,20
43,76,1,2
43,76,2,20
43,77,1,1
43,77,2,20
43,78,1,1
43,78,2,20
43,79,1,1
43,79,2,20
43,80,1,2
43,80,2,20
43,81,1,3
43,81,2,20
43,82,1,5
43,82,2,20
43,83,1,3
43,83,2,20
43,84,1,2
43,84,2,20
43,85,1,1
43,85,2,20
43,86,1,1
43,86,2,20
43,87,1,1
43,87,2,20
43,88,1,2
43,88,2,20
43,89,1,3
43,89,2,20
43,90,1,3
43,90,2,20
43,91,1,2
43,91,2,20
43,92,1,2
43,92,2,20
43,93,1,2
43,93,2,20
43,94,1,2
43,94,2,20
43,95,1,2
43,95,2,20
43,96,1,3
43,96,2,20
43,97,1,5
43,97,2,20
43,98,1,3
43,98,2,20
43,99,1,2
43,99,2,20
43,100,1,2
43,100,2,20
43,101,1,2
43,101,2,20
43,102,1,2
43,102,2,20
43,103,1,2
43,103,2,20
43,104,1,3
43,104,2,20
43,105,1,3
43,105,2,20
43,106,1,3
43,106,2,20
43,107,1,3
43,107,2,20
43,108,1,3
43,108,2,20
43,109,1,3
43,109,2,20
43,110,1,3
43,110,2,20
43,111,1,3
43,111,2,20
43,112,1,5
43,112,2,20
43,113,1,3
43,113,2,20
43,114,1,3
43,114,2,20
43,115,1,3
43,115,2,20
43,116,1,3
43,116,2,20
43,117,1,3
43,117,2,20
43,118,1,3
43,118,2,20
43,119,1,3
43,119,2,20
43,120,1,4
43,120,2,20
43,121,1,4
43,121,2,20
43,122,1,4
43,122,2,20
43,123,1,4
43,123,2,20
43,124,1,4
43,124,2,20
43,125,1,4
43,125,2,20
43,126,1,4
43,126,2,20
43,127,1,5
43,127,2,20
43,128,1,4
43,128,2,20
43,129,1,4
43,129,2,20
43,130,1,4
43,130,2,20
43,131,1,4
43,131,2,20
43,132,1,4
43,132,2,20
43,133,1,4
43,133,2,20
43,134,1,4
43,134,2,20
44,0,1,4
44,0,2,20
44,1,1,4
44,1,2,20
44,2,1,4
44,2,2,20
44,3,1,4
44,3,2,20
44,4,1,4
44,4,2,20
44,5,1,4
44,5,2,20
44,6,1,4
44,6,2,20
44,7,1,5
44,7,2,20
44,8,1,4
44,8,2,20
44,9,1,4
44,9,2,20
44,10,1,4
44,10,2,20
44,11,1,4
44,11,2,20
44,12,1,4
44,12,2,20
44,13,1,4
44,13,2,20
44,14,1,4
44,14,2,20
44,15,1,3
44,15,2,20
44,16,1,3
44,16,2,20
44,17,1,3
44,17,2,20
44,18,1,3
44,18,2,20
44,19,1,3
44,19,2,20
44,20,1,3
44,20,2,20
44,21,1,3
44,21,2,20
44,22,1,5
44,22,2,20
44,23,1,3
44,23,2,20
44,24,1,3
44,24,2,20
44,25,1,3
44,25,2,20
44,26,1,3
44,26,2,20
44,27,1,3
44,27,2,20
44,28,1,3
44,28,2,20
44,29,1,3
44,29,2,20
44,30,1,3
44,30,2,20
44,31,1,2
44,31,2,20
44,32,1,2
44,32,2,20
44,33,1,2
44,33,2,20
44,34,1,2
44,34,2,20
44,35,1,2
44,35,2,20
44,36,1,3
44,36,2,20
44,37,1,5
44,37,2,20
44,38,1,3
44,38,2,20
44,39,1,2
44,39,2,20
44,40,1,2
44,40,2,20
44,41,1,2
44,41,2,20
44,42,1,2
44,42,2,20
44,43,1,2
44,43,2,20
44,44,1,3
44,44,2,20
44,45,1,3
44,45,2,20
44,46,1,2
44,46,2,20
44,47,1,1
44,47,2,20
44,48,1,1
44,48,2,20
44,49,1,1
44,49,2,20
44,50,1,2
44,50,2,20
44,51,1,3
44,51,2,20
44,52,1,5
44,52,2,20
44,53,1,3
44,53,2,20
44,54,1,2
44,54,2,20
44,55,1,1
44,55,2,20
44,56,1,1
44,56,2,20
44,57,1,1
44,57,2,20
44,58,1,2
44,58,2,20
44,59,1,3
44,59,2,20
44,60,1,3
44,60,2,20
44,61,1,2
44,61,2,20
44,62,1,1
44,62,2,20
44,63,1,0
44,63,2,20
44,64,1,1
44,64,2,20
44,65,1,2
44,65,2,20
44,66,1,3
44,66,2,20
44,67,1,5
44,67,2,20
44,68,1,3
44,68,2,20
44,69,1,2
44,69,2,20
44,70,1,1
44,70,2,20
44,71,1,0
44,71,2,20
44,72,1,1
44,72,2,20
44,73,1,2
44,73,2,20
44,74,1,3
44,74,2,20
44,75,1,3
44,75,2,20
44,76,1,2
44,76,2,20
44,77,1,1
44,77,2,20
44,78,1,1
44,78,2,20
44,79,1,1
44,79,2,20
44,80,1,2
44,80,2,20
44,81,1,3
44,81,2,20
44,82,1,5
44,82,2,20
44,83,1,3
44,83,2,20
44,84,1,2
44,84,2,20
44,85,1,1
44,85,2,20
44,86,1,1
44,86,2,20
44,87,1,1
44,87,2,20
44,88,1,2
44,88,2,20
44,89,1,3
44,89,2,20
44,90,1,3
44,90,2,20
44,91,1,2
44,91,2,20
44,92,1,2
44,92,2,20
44,93,1,2
44,93,2,20
44,94,1,2
44,94,2,20
44,95,1,2
44,95,2,20
44,96,1,3
44,96,2,20
44,97,1,5
44,97,2,20
44,98,1,3
44,98,2,20
44,99,1,2
44,99,2,20
44,100,1,2
44,100,2,20
44,101,1,2
44,101,2,20
44,102,1,2
44,102,2,20
44,103,1,2
44,103,2,20
44,104,1,3
44,104,2,20
44,105,1,3
44,105,2,20
44,106,1,3
44,106,2,20
44,107,1,3
44,107,2,20
44,108,1,3
44,108,2,20
44,109,1,3
44,109,2,20
44,110,1,3
44,110,2,20
44,111,1,3
44,111,2,20
44,112,1,5
44,112,2,20
44,113,1,3
44,113,2,20
44,114,1,3
44,114,2,20
44,115,1,3
44,115,2,20
44,116,1,3
44,116,2,20
44,117,1,3
44,117,2,20
44,118,1,3
44,118,2,20
44,119,1,3
44,119,2,20
44,120,1,4
44,120,2,20
44,121,1,4
44,121,2,20
44,122,1,4
44,122,2,20
44,123,1,4
44,123,2,20
44,124,1,4
44,124,2,20
44,125,1,4
44,125,2,20
44,126,1,4
44,126,2,20
44,127,1,5
44,127,2,20
44,128,1,4
44,128,2,20
44,129,1,4
44,129,2,20
44,130,1,4
44,130,2,20
44,131,1,4
44,131,2,20
44,132,1,4
44,132,2,20
44,133,1,4
44,133,2,20
44,134,1,4
44,134,2,20
45,0,1,4
45,0,2,20
45,1,1,4
45,1,2,20
45,2,1,4
45,2,2,20
45,3,1,4
45,3,2,20
45,4,1,4
45,4,2,20
45,5,1,4
45,5,2,20
45,6,1,4
45,6,2,20
45,7,1,5
45,7,2,20
45,8,1,4
45,8,2,20
45,9,1,4
45,9,2,20
45,10,1,4
45,10,2,20
45,11,1,4
45,11,2,20
45,12,1,4
45,12,2,20
45,13,1,4
45,13,2,20
45,14,1,4
45,14,2,20
45,15,1,3
45,15,2,20
45,16,1,3
45,16,2,20
45,17,1,3
45,17,2,20
45,18,1,3
45,18,2,20
45,19,1,3
45,19,2,20
45,20,1,3
45,20,2,20
45,21,1,3
45,21,2,20
45,22,1,5
45,22,2,20
45,23,1,3
45,23,2,20
45,24,1,3
45,24,2,20
45,25,1,3
45,25,2,20
45,26,1,3
45,26,2,20
45,27,1,3
45,27,2,20
45,28,1,3
45,28,2,20
45,29,1,3
45,29,2,20
45,30,1,3
45,30,2,20
45,31,1,2
45,31,2,20
45,32,1,2
45,32,2,20
45,33,1,2
45,33,2,20
45,34,1,2
45,34,2,20
45,35,1,2
45,35,2,20
45,36,1,3
45,36,2,20
45,37,1,5
45,37,2,20
45,38,1,3
45,38,2,20
45,39,1,2
45,39,2,20
45,40,1,2
45,40,2,20
45,41,1,2
45,41,2,20
45,42,1,2
45,42,2,20
45,43,1,2
45,43,2,20
45,44,1,3
45,44,2,20
45,45,1,3
45,45,2,20
45,46,1,2
45,46,2,20
45,47,1,1
45,47,2,20
45,48,1,1
45,48,2,20
45,49,1,1
45,49,2,20
45,50,1,2
45,50,2,20
45,51,1,3
45,51,2,20
45,52,1,5
45,52,2,20
45,53,1,3
45,53,2,20
45,54,1,2
45,54,2,20
45,55,1,1
45,55,2,20
45,56,1,1
45,56,2,20
45,57,1,1
45,57,2,20
45,58,1,2
45,58,2,20
45,59,1,3
45,59,2,20
45,60,1,3
45,60,2,20
45,61,1,2
45,61,2,20
45,62,1,1
45,62,2,20
45,63,1,0
45,63,2,20
45,64,1,1
45,64,2,20
45,65,1,2
45,65,2,20
45,66,1,3
45,66,2,20
45,67,1,5
45,67,2,20
45,68,1,3
45,68,2,20
45,69,1,2
45,69,2,20
45,70,1,1
45,70,2,20
45,71,1,0
45,71,2,20
45,72,1,1
45,72,2,20
45,73,1,2
45,73,2,20
45,74,1,3
45,74,2,20
45,75,1,3
45,75,2,20
45,76,1,2
45,76,2,20
45,77,1,1
45,77,2,20
45,78,1,1
45,78,2,20
45,79,1,1
45,79,2,20
45,80,1,2
45,80,2,20
45,81,1,3
45,81,2,20
45,82,1,5
45,82,2,20
45,83,1,3
45,83,2,20
45,84,1,2
45,84,2,20
45,85,1,1
45,85,2,20
45,86,1,1
45,86,2,20
45,87,1,1
45,87,2,20
45,88,1,2
45,88,2,20
45,89,1,3
45,89,2,20
45,90,1,3
45,90,2,20
45,91,1,2
45,91,2,20
45,92,1,2
45,92,2,20
45,93,1,2
45,93,2,20
45,94,1,2
45,94,2,20
45,95,1,2
45,95,2,20
45,96,1,3
45,96,2,20
45,97,1,5
45,97,2,20
45,98,1,3
45,98,2,20
45,99,1,2
45,99,2,20
45,100,1,2
45,100,2,20
45,101,1,2
45,101,2,20
45,102,1,2
45,102,2,20
45,103,1,2
45,103,2,20
45,104,1,3
45,104,2,20
45,105,1,3
45,105,2,20
45,106,1,3
45,106,2,20
45,107,1,3
45,107,2,20
45,108,1,3
45,108,2,20
45,109,1,3
45,109,2,20
45,110,1,3
45,110,2,20
45,111,1,3
45,111,2,20
45,112,1,5
45,112,2,20
45,113,1,3
45,113,2,20
45,114,1,3
45,114,2,20
45,115,1,3
45,115,2,20
45,116,1,3
45,116,2,20
45,117,1,3
45,117,2,20
45,118,1,3
45,118,2,20
45,119,1,3
45,119,2,20
45,120,1,4
45,120,2,20
45,121,1,4
45,121,2,20
45,122,1,4
45,122,2,20
45,123,1,4
45,123,2,20
45,124,1,4
45,124,2,20
45,125,1,4
45,125,2,20
45,126,1,4
45,126,2,20
45,127,1,5
45,127,2,20
45,128,1,4
45,128,2,20
45,129,1,4
45,129,2,20
45,130,1,4
45,130,2,20
45,131,1,4
45,131,2,20
45,132,1,4
45,132,2,20
45,133,1,4
45,133,2,20
45,134,1,4
45,134,2,20
46,0,1,4
46,0,2,20
46,1,1,4
46,1,2,20
46,2,1,4
46,2,2,20
46,3,1,4
46,3,2,20
46,4,1,4
46,4,2,20
46,5,1,4
46,5,2,20
46,6,1,4
46,6,2,20
46,7,1,5
46,7,2,20
46,8,1,4
46,8,2,20
46,9,1,4
46,9,2,20
46,10,1,4
46,10,2,20
46,11,1,4
46,11,2,20
46,12,1,4
46,12,2,20
46,13,1,4
46,13,2,20
46,14,1,4
46,14,2,20
46,15,1,3
46,15,2,20
46,16,1,3
46,16,2,20
46,17,1,3
46,17,2,20
46,18,1,3
46,18,2,20
46,19,1,3
46,19,2,20
46,20,1,3
46,20,2,20
46,21,1,3
46,21,2,20
46,22,1,5
46,22,2,20
46,23,1,3
46,23,2,20
46,24,1,3
46,24,2,20
46,25,1,3
46,25,2,20
46,26,1,3
46,26,2,20
46,27,1,3
46,27,2,20
46,28,1,3
46,28,2,20
46,29,1,3
46,29,2,20
46,30,1,3
46,30,2,20
46,31,1,2
46,31,2,20
46,32,1,2
46,32,2,20
46,33,1,2
46,33,2,20
46,34,1,2
46,34,2,20
46,35,1,2
46,35,2,20
46,36,1,3
46,36,2,20
46,37,1,5
46,37,2,20
46,38,1,3
46,38,2,20
46,39,1,2
46,39,2,20
46,40,1,2
46,40,2,20
46,41,1,2
46,41,2,20
46,42,1,2
46,42,2,20
46,43,1,2
46,43,2,20
46,44,1,3
46,44,2,20
46,45,1,3
46,45,2,20
46,46,1,2
46,46,2,20
46,47,1,1
46,47,2,20
46,48,1,1
46,48,2,20
46,49,1,1
46,49,2,20
46,50,1,2
46,50,2,20
46,51,1,3
46,51,2,20
46,52,1,5
46,52,2,20
46,53,1,3
46,53,2,20
46,54,1,2
46,54,2,20
46,55,1,1
46,55,2,20
46,56,1,1
46,56,2,20
46,57,1,1
46,57,2,20
46,58,1,2
46,58,2,20
46,59,1,3
46,59,2,20
46,60,1,3
46,60,2,20
46,61,1,2
46,61,2,20
46,62,1,1
46,62,2,20
46,63,1,0
46,63,2,20
46,64,1,1
46,64,2,20
46,65,1,2
46,65,2,20
46,66,1,3
46,66,2,20
46,67,1,5
46,67,2,20
46,68,1,3
46,68,2,20
46,69,1,2
46,69,2,20
46,70,1,1
46,70,2,20
46,71,1,0
46,71,2,20
46,72,1,1
46,72,2,20
46,73,1,2
46,73,2,20
46,74,1,3
46,74,2,20
46,75,1,3
46,75,2,20
46,76,1,2
46,76,2,20
46,77,1,1
46,77,2,20
46,78,1,1
46,78,2,20
46,79,1,1
46,79,2,20
46,80,1,2
46,80,2,20
46,81,1,3
46,81,2,20
46,82,1,5
46,82,2,20
46,83,1,3
46,83,2,20
46,84,1,2
46,84,2,20
46,85,1,1
46,85,2,20
46,86,1,1
46,86,2,20
46,87,1,1
46,87,2,20
46,88,1,2
46,88,2,20
46,89,1,3
46,89,2,20
46,90,1,3
46,90,2,20
46,91,1,2
46,91,2,20
46,92,1,2
46,92,2,20
46,93,1,2
46,93,2,20
46,94,1,2
46,94,2,20
46,95,1,2
46,95,2,20
46,96,1,3
46,96,2,20
46,97,1,5
46,97,2,20
46,98,1,3
46,98,2,20
46,99,1,2
46,99,2,20
46,100,1,2
46,100,2,20
46,101,1,2
46,101,2,20
46,102,1,2
46,102,2,20
46,103,1,2
46,103,2,20
46,104,1,3
46,104,2,20
46,105,1,3
46,105,2,20
46,106,1,3
46,106,2,20
46,107,1,3
46,107,2,20
46,108,1,3
46,108,2,20
46,109,1,3
46,109,2,20
46,110,1,3
46,110,2,20
46,111,1,3
46,111,2,20
46,112,1,5
46,112,2,20
46,113,1,3
46,113,2,20
46,114,1,3
46,114,2,20
46,115,1,3
46,115,2,20
46,116,1,3
46,116,2,20
46,117,1,3
46,117,2,20
46,118,1,3
46,118,2,20
46,119,1,3
46,119,2,20
46,120,1,4
46,120,2,20
46,121,1,4
46,121,2,20
46,122,1,4
46,122,2,20
46,123,1,4
46,123,2,20
46,124,1,4
46,124,2,20
46,125,1,4
46,125,2,20
46,126,1,4
46,126,2,20
46,127,1,5
46,127,2,20
46,128,1,4
46,128,2,20
46,129,1,4
46,129,2,20
46,130,1,4
46,130,2,20
46,131,1,4
46,131,2,20
46,132,1,4
46,132,2,20
46,133,1,4
46,133,2,20
46,134,1,4
46,134,2,20
47,0,1,4
47,0,2,20
47,1,1,4
47,1,2,20
47,2,1,4
47,2,2,20
47,3,1,4
47,3,2,20
47,4,1,4
47,4,2,20
47,5,1,4
47,5,2,20
47,6,1,4
47,6,2,20
47,7,1,5
47,7,2,20
47,8,1,4
47,8,2,20
47,9,1,4
47,9,2,20
47,10,1,4
47,10,2,20
47,11,1,4
47,11,2,20
47,12,1,4
47,12,2,20
47,13,1,4
47,13,2,20
47,14,1,4
47,14,2,20
47,15,1,3
47,15,2,20
47,16,1,3
47,16,2,20
47,17,1,3
47,17,2,20
47,18,1,3
47,18,2,20
47,19,1,3
47,19,2,20
47,20,1,3
47,20,2,20
47,21,1,3
47,21,2,20
47,22,1,5
47,22,2,20
47,23,1,3
47,23,2,20
47,24,1,3
47,24,2,20
47,25,1,3
47,25,2,20
47,26,1,3
47,26,2,20
47,27,1,3
47,27,2,20
47,28,1,3
47,28,2,20
47,29,1,3
47,29,2,20
47,30,1,3
47,30,2,20
47,31,1,2
47,31,2,20
47,32,1,2
47,32,2,20
47,33,1,2
47,33,2,20
47,34,1,2
47,34,2,20
47,35,1,2
47,35,2,20
47,36,1,3
47,36,2,20
47,37,1,5
47,37,2,20
47,38,1,3
47,38,2,20
47,39,1,2
47,39,2,20
47,40,1,2
47,40,2,20
47,41,1,2
47,41,2,20
47,42,1,2
47,42,2,20
47,43,1,2
47,43,2,20
47,44,1,3
47,44,2,20
47,45,1,3
47,45,2,20
47,46,1,2
47,46,2,20
47,47,1,1
47,47,2,20
47,48,1,1
47,48,2,20
47,49,1,1
47,49,2,20
47,50,1,2
47,50,2,20
47,51,1,3
47,51,2,20
47,52,1,5
47,52,2,20
47,53,1,3
47,53,2,20
47,54,1,2
47,54,2,20
47,55,1,1
47,55,2,20
47,56,1,1
47,56,2,20
47,57,1,1
47,57,2,20
47,58,1,2
47,58,2,20
47,59,1,3
47,59,2,20
47,60,1,3
47,60,2,20
47,61,1,2
47,61,2,20
47,62,1,1
47,62,2,20
47,63,1,0
47,63,2,20
47,64,1,1
47,64,2,20
47,65,1,2
47,65,2,20
47,66,1,3
47,66,2,20
47,67,1,5
47,67,2,20
47,68,1,3
47,68,2,20
47,69,1,2
47,69,2,20
47,70,1,1
47,70,2,20
47,71,1,0
47,71,2,20
47,72,1,1
47,72,2,20
47,73,1,2
47,73,2,20
47,74,1,3
47,74,2,20
47,75,1,3
47,75,2,20
47,76,1,2
47,76,2,20
47,77,1,1
47,77,2,20
47,78,1,1
47,78,2,20
47,79,1,1
47,79,2,20
47,80,1,2
47,80,2,20
47,81,1,3
47,81,2,20
47,82,1,5
47,82,2,20
47,83,1,3
47,83,2,20
47,84,1,2
47,84,2,20
47,85,1,1
47,85,2,20
47,86,1,1
47,86,2,20
47,87,1,1
47,87,2,20
47,88,1,2
47,88,2,20
47,89,1,3
47,89,2,20
47,90,1,3
47,90,2,20
47,91,1,2
47,91,2,20
47,92,1,2
47,92,2,20
47,93,1,2
47,93,2,20
47,94,1,2
47,94,2,20
47,95,1,2
47,95,2,20
47,96,1,3
47,96,2,20
47,97,1,5
47,97,2,20
47,98,1,3
47,98,2,20
47,99,1,2
47,99,2,20
47,100,1,2
47,100,2,20
47,101,1,2
47,101,2,20
47,102,1,2
47,102,2,20
47,103,1,2
47,103,2,20
47,104,1,3
47,104,2,20
47,105,1,3
47,105,2,20
47,106,1,3
47,106,2,20
47,107,1,3
47,107,2,20
47,108,1,3
47,108,2,20
47,109,1,3
47,109,2,20
47,110,1,3
47,110,2,20
47,111,1,3
47,111,2,20
47,112,1,5
47,112,2,20
47,113,1,3
47,113,2,20
47,114,1,3
47,114,2,20
47,115,1,3
47,115,2,20
47,116,1,3
47,116,2,20
47,117,1,3
47,117,2,20
47,118,1,3
47,118,2,20
47,119,1,3
47,119,2,20
47,120,1,4
47,120,2,20
47,121,1,4
47,121,2,20
47,122,1,4
47,122,2,20
47,123,1,4
47,123,2,20
47,124,1,4
47,124,2,20
47,125,1,4
47,125,2,20
47,126,1,4
47,126,2,20
47,127,1,5
47,127,2,20
47,128,1,4
47,128,2,20
47,129,1,4
47,129,2,20
47,130,1,4
47,130,2,20
47,131,1,4
47,131,2,20
47,132,1,4
47,132,2,20
47,133,1,4
47,133,2,20
47,134,1,4
47,134,2,20
48,0,1,4
48,0,2,20
48,1,1,4
48,1,2,20
48,2,1,4
48,2,2,20
48,3,1,4
48,3,2,20
48,4,1,4
48,4,2,20
48,5,1,4
48,5,2,20
48,6,1,4
48,6,2,20
48,7,1,5
48,7,2,20
48,8,1,4
48,8,2,20
48,9,1,4
48,9,2,20
48,10,1,4
48,10,2,20
48,11,1,4
48,11,2,20
48,12,1,4
48,12,2,20
48,13,1,4
48,13,2,20
48,14,1,4
48,14,2,20
48,15,1,3
48,15,2,20
48,16,1,3
48,16,2,20
48,17,1,3
48,17,2,20
48,18,1,3
48,18,2,20
48,19,1,3
48,19,2,20
48,20,1,3
48,20,2,20
48,21,1,3
48,21,2,20
48,22,1,5
48,22,2,20
48,23,1,3
48,23,2,20
48,24,1,3
48,24,2,20
48,25,1,3
48,25,2,20
48,26,1,3
48,26,2,20
48,27,1,3
48,27,2,20
48,28,1,3
48,28,2,20
48,29,1,3
48,29,2,20
48,30,1,3
48,30,2,20
48,31,1,2
48,31,2,20
48,32,1,2
48,32,2,20
48,33,1,2
48,33,2,20
48,34,1,2
48,34,2,20
48,35,1,2
48,35,2,20
48,36,1,3
48,36,2,20
48,37,1,5
48,37,2,20
48,38,1,3
48,38,2,20
48,39,1,2
48,39,2,20
48,40,1,2
48,40,2,20
48,41,1,2
48,41,2,20
48,42,1,2
48,42,2,20
48,43,1,2
48,43,2,20
48,44,1,3
48,44,2,20
48,45,1,3
48,45,2,20
48,46,1,2
48,46,2,20
48,47,1,1
48,47,2,20
48,48,1,1
48,48,2,20
48,49,1,1
48,49,2,20
48,50,1,2
48,50,2,20
48,51,1,3
48,51,2,20
48,52,1,5
48,52,2,20
48,53,1,3
48,53,2,20
48,54,1,2
48,54,2,20
48,55,1,1
48,55,2,20
48,56,1,1
48,56,2,20
48,57,1,1
48,57,2,20
48,58,1,2
48,58,2,20
48,59,1,3
48,59,2,20
48,60,1,3
48,60,2,20
48,61,1,2
48,61,2,20
48,62,1,1
48,62,2,20
48,63,1,0
48,63,2,20
48,64,1,1
48,64,2,20
48,65,1,2
48,65,2,20
48,66,1,3
48,66,2,20
48,67,1,5
48,67,2,20
48,68,1,3
48,68,2,20
48,69,1,2
48,69,2,20
48,70,1,1
48,70,2,20
48,71,1,0
48,71,2,20
48,72,1,1
48,72,2,20
48,73,1,2
48,73,2,20
48,74,1,3
48,74,2,20
48,75,1,3
48,75,2,20
48,76,1,2
48,76,2,20
48,77,1,1
48,77,2,20
48,78,1,1
48,78,2,20
48,79,1,1
48,79,2,20
48,80,1,2
48,80,2,20
48,81,1,3
48,81,2,20
48,82,1,5
48,82,2,20
48,83,1,3
48,83,2,20
48,84,1,2
48,84,2,20
48,85,1,1
48,85,2,20
48,86,1,1
48,86,2,20
48,87,1,1
48,87,2,20
48,88,1,2
48,88,2,20
48,89,1,3
48,89,2,20
48,90,1,3
48,90,2,20
48,91,1,2
48,91,2,20
48,92,1,2
48,92,2,20
48,93,1,2
48,93,2,20
48,94,1,2
48,94,2,20
48,95,1,2
48,95,2,20
48,96,1,3
48,96,2,20
48,97,1,5
48,97,2,20
48,98,1,3
48,98,2,20
48,99,1,2
48,99,2,20
48,100,1,2
48,100,2,20
48,101,1,2
48,101,2,20
48,102,1,2
48,102,2,20
48,103,1,2
48,103,2,20
48,104,1,3
48,104,2,20
48,105,1,3
48,105,2,20
48,106,1,3
48,106,2,20
48,107,1,3
48,107,2,20
48,108,1,3
48,108,2,20
48,109,1,3
48,109,2,20
48,110,1,3
48,110,2,20
48,111,1,3
48,111,2,20
48,112,1,5
48,112,2,20
48,113,1,3
48,113,2,20
48,114,1,3
48,114,2,20
48,115,1,3
48,115,2,20
48,116,1,3
48,116,2,20
48,117,1,3
48,117,2,20
48,118,1,3
48,118,2,20
48,119,1,3
48,119,2,20
48,120,1,4
48,120,2,20
48,121,1,4
48,121,2,20
48,122,1,4
48,122,2,20
48,123,1,4
48,123,2,20
48,124,1,4
48,124,2,20
48,125,1,4
48,125,2,20
48,126,1,4
48,126,2,20
48,127,1,5
48,127,2,20
48,128,1,4
48,128,2,20
48,129,1,4
48,129,2,20
48,130,1,4
48,130,2,20
48,131,1,4
48,131,2,20
48,132,1,4
48,132,2,20
48,133,1,4
48,133,2,20
48,134,1,4
48,134,2,20
49,0,1,4
49,0,2,20
49,1,1,4
49,1,2,20
49,2,1,4
49,2,2,20
49,3,1,4
49,3,2,20
49,4,1,4
49,4,2,20
49,5,1,4
49,5,2,20
49,6,1,4
49,6,2,20
49,7,1,5
49,7,2,20
49,8,1,4
49,8,2,20
49,9,1,4
49,9,2,20
49,10,1,4
49,10,2,20
49,11,1,4
49,11,2,20
49,12,1,4
49,12,2,20
49,13,1,4
49,13,2,20
49,14,1,4
49,14,2,20
49,15,1,3
49,15,2,20
49,16,1,3
49,16,2,20
49,17,1,3
49,17,2,20
49,18,1,3
49,18,2,20
49,19,1,3
49,19,2,20
49,20,1,3
49,20,2,20
49,21,1,3
49,21,2,20
49,22,1,5
49,22,2,20
49,23,1,3
49,23,2,20
49,24,1,3
49,24,2,20
49,25,1,3
49,25,2,20
49,26,1,3
49,26,2,20
49,27,1,3
49,27,2,20
49,28,1,3
49,28,2,20
49,29,1,3
49,29,2,20
49,30,1,3
49,30,2,20
49,31,1,2
49,31,2,20
49,32,1,2
49,32,2,20
49,33,1,2
49,33,2,20
49,34,1,2
49,34,2,20
49,35,1,2
49,35,2,20
49,36,1,3
49,36,2,20
49,37,1,5
49,37,2,20
49,38,1,3
49,38,2,20
49,39,1,2
49,39,2,20
49,40,1,2
49,40,2,20
49,41,1,2
49,41,2,20
49,42,1,2
49,42,2,20
49,43,1,2
49,43,2,20
49,44,1,3
49,44,2,20
49,45,1,3
49,45,2,20
49,46,1,2
49,46,2,20
49,47,1,1
49,47,2,20
49,48,1,1
49,48,2,20
49,49,1,1
49,49,2,20
49,50,1,2
49,50,2,20
49,51,1,3
49,51,2,20
49,52,1,5
49,52,2,20
49,53,1,3
49,53,2,20
49,54,1,2
49,54,2,20
49,55,1,1
49,55,2,20
49,56,1,1
49,56,2,20
49,57,1,1
49,57,2,20
49,58,1,2
49,58,2,20
49,59,1,3
49,59,2,20
49,60,1,3
49,60,2,20
49,61,1,2
49,61,2,20
49,62,1,1
49,62,2,20
49,63,1,0
49,63,2,20
49,64,1,1
49,64,2,20
49,65,1,2
49,65,2,20
49,66,1,3
49,66,2,20
49,67,1,5
49,67,2,20
49,68,1,3
49,68,2,20
49,69,1,2
49,69,2,20
49,70,1,1
49,70,2,20
49,71,1,0
49,71,2,20
49,72,1,1
49,72,2,20
49,73,1,2
49,73,2,20
49,74,1,3
49,74,2,20
49,75,1,3
49,75,2,20
49,76,1,2
49,76,2,20
49,77,1,1
49,77,2,20
49,78,1,1
49,78,2,20
49,79,1,1
49,79,2,20
49,80,1,2
49,80,2,20
49,81,1,3
49,81,2,20
49,82,1,5
49,82,2,20
49,83,1,3
49,83,2,20
49,84,1,2
49,84,2,20
49,85,1,1
49,85,2,20
49,86,1,1
49,86,2,20
49,87,1,1
49,87,2,20
49,88,1,2
49,88,2,20
49,89,1,3
49,89,2,20
49,90,1,3
49,90,2,20
49,91,1,2
49,91,2,20
49,92,1,2
49,92,2,20
49,93,1,2
49,93,2,20
49,94,1,2
49,94,2,20
49,95,1,2
49,95,2,20
49,96,1,3
49,96,2,20
49,97,1,5
49,97,2,20
49,98,1,3
49,98,2,20
49,99,1,2
49,99,2,20
49,100,1,2
49,100,2,20
49,101,1,2
49,101,2,20
49,102,1,2
49,102,2,20
49,103,1,2
49,103,2,20
49,104,1,3
49,104,2,20
49,105,1,3
49,105,2,20
49,106,1,3
49,106,2,20
49,107,1,3
49,107,2,20
49,108,1,3
49,108,2,20
49,109,1,3
49,109,2,20
49,110,1,3
49,110,2,20
49,111,1,3
49,111,2,20
49,112,1,5
49,112,2,20
49,113,1,3
49,113,2,20
49,114,1,3
49,114,2,20
49,115,1,3
49,115,2,20
49,116,1,3
49,116,2,20
49,117,1,3
49,117,2,20
49,118,1,3
49,118,2,20
49,119,1,3
49,119,2,20
49,120,1,4
49,120,2,20
49,121,1,4
49,121,2,20
49,122,1,4
49,122,2,20
49,123,1,4
49,123,2,20
49,124,1,4
49,124,2,20
49,125,1,4
49,125,2,20
49,126,1,4
49,126,2,20
49,127,1,5
49,127,2,20
49,128,1,4
49,128,2,20
49,129,1,4
49,129,2,20
49,130,1,4
49,130,2,20
49,131,1,4
49,131,2,20
49,132,1,4
49,132,2,20
49,133,1,4
49,133,2,20
49,134,1,4
49,134,2,20
50,0,1,4
50,0,2,20
50,1,1,4
50,1,2,20
50,2,1,4
50,2,2,20
50,3,1,4
50,3,2,20
50,4,1,4
50,4,2,20
50,5,1,4
50,5,2,20
50,6,1,4
50,6,2,20
50,7,1,5
50,7,2,20
50,8,1,4
50,8,2,20
50,9,1,4
50,9,2,20
50,10,1,4
50,10,2,20
50,11,1,4
50,11,2,20
50,12,1,4
50,12,2,20
50,13,1,4
50,13,2,20
50,14,1,4
50,14,2,20
50,15,1,3
50,15,2,20
50,16,1,3
50,16,2,20
50,17,1,3
50,17,2,20
50,18,1,3
50,18,2,20
50,19,1,3
50,19,2,20
50,20,1,3
50,20,2,20
50,21,1,3
50,21,2,20
50,22,1,5
50,22,2,20
50,23,1,3
50,23,2,20
50,24,1,3
50,24,2,20
50,25,1,3
50,25,2,20
50,26,1,3
50,26,2,20
50,27,1,3
50,27,2,20
50,28,1,3
50,28,2,20
50,29,1,3
50,29,2,20
50,30,1,3
50,30,2,20
50,31,1,2
50,31,2,20
50,32,1,2
50,32,2,20
50,33,1,2
50,33,2,20
50,34,1,2
50,34,2,20
50,35,1,2
50,35,2,20
50,36,1,3
50,36,2,20
50,37,1,5
50,37,2,20
50,38,1,3
50,38,2,20
50,39,1,2
50,39,2,20
50,40,1,2
50,40,2,20
50,41,1,2
50,41,2,20
50,42,1,2
50,42,2,20
50,43,1,2
50,43,2,20
50,44,1,3
50,44,2,20
50,45,1,3
50,45,2,20
50,46,1,2
50,46,2,20
50,47,1,1
50,47,2,20
50,48,1,1
50,48,2,20
50,49,1,1
50,49,2,20
50,50,1,2
50,50,2,20
50,51,1,3
50,51,2,20
50,52,1,5
50,52,2,20
50,53,1,3
50,53,2,20
50,54,1,2
50,54,2,20
50,55,1,1
50,55,2,20
50,56,1,1
50,56,2,20
50,57,1,1
50,57,2,20
50,58,1,2
50,58,2,20
50,59,1,3
50,59,2,20
50,60,1,3
50,60,2,20
50,61,1,2
50,61,2,20
50,62,1,1
50,62,2,20
50,63,1,0
50,63,2,20
50,64,1,1
50,64,2,20
50,65,1,2
50,65,2,20
50,66,1,3
50,66,2,20
50,67,1,5
50,67,2,20
50,68,1,3
50,68,2,20
50,69,1,2
50,69,2,20
50,70,1,1
50,70,2,20
50,71,1,0
50,71,2,20
50,72,1,1
50,72,2,20
50,73,1,2
50,73,2,20
50,74,1,3
50,74,2,20
50,75,1,3
50,75,2,20
50,76,1,2
50,76,2,20
50,77,1,1
50,77,2,20
50,78,1,1
50,78,2,20
50,79,1,1
50,79,2,20
50,80,1,2
50,80,2,20
50,81,1,3
50,81,2,20
50,82,1,5
50,82,2,20
50,83,1,3
50,83,2,20
50,84,1,2
50,84,2,20
50,85,1,1
50,85,2,20
50,86,1,1
50,86,2,20
50,87,1,1
50,87,2,20
50,88,1,2
50,88,2,20
50,89,1,3
50,89,2,20
50,90,1,3
50,90,2,20
50,91,1,2
50,91,2,20
50,92,1,2
50,92,2,20
50,93,1,2
50,93,2,20
50,94,1,2
50,94,2,20
50,95,1,2
50,95,2,20
50,96,1,3
50,96,2,20
50,97,1,5
50,97,2,20
50,98,1,3
50,98,2,20
50,99,1,2
50,99,2,20
50,100,1,2
50,100,2,20
50,101,1,2
50,101,2,20
50,102,1,2
50,102,2,20
50,103,1,2
50,103,2,20
50,104,1,3
50,104,2,20
50,105,1,3
50,105,2,20
50,106,1,3
50,106,2,20
50,107,1,3
50,107,2,20
50,108,1,3
50,108,2,20
50,109,1,3
50,109,2,20
50,110,1,3
50,110,2,20
50,111,1,3
50,111,2,20
50,112,1,5
50,112,2,20
50,113,1,3
50,113,2,20
50,114,1,3
50,114,2,20
50,115,1,3
50,115,2,20
50,116,1,3
50,116,2,20
50,117,1,3
50,117,2,20
50,118,1,3
50,118,2,20
50,119,1,3
50,119,2,20
50,120,1,4
50,120,2,20
50,121,1,4
50,121,2,20
50,122,1,4
50,122,2,20
50,123,1,4
50,123,2,20
50,124,1,4
50,124,2,20
50,125,1,4
50,125,2,20
50,126,1,4
50,126,2,20
50,127,1,5
50,127,2,20
50,128,1,4
50,128,2,20
50,129,1,4
50,129,2,20
50,130,1,4
50,130,2,20
50,131,1,4
50,131,2,20
50,132,1,4
50,132,2,20
50,133,1,4
50,133,2,20
50,134,1,4
50,134,2,20
51,0,1,4
51,0,2,20
51,1,1,4
51,1,2,20
51,2,1,4
51,2,2,20
51,3,1,4
51,3,2,20
51,4,1,4
51,4,2,20
51,5,1,4
51,5,2,20
51,6,1,4
51,6,2,20
51,7,1,5
51,7,2,20
51,8,1,4
51,8,2,20
51,9,1,4
51,9,2,20
51,10,1,4
51,10,2,20
51,11,1,4
51,11,2,20
51,12,1,4
51,12,2,20
51,13,1,4
51,13,2,20
51,14,1,4
51,14,2,20
51,15,1,3
51,15,2,20
51,16,1,3
51,16,2,20
51,17,1,3
51,17,2,20
51,18,1,3
51,18,2,20
51,19,1,3
51,19,2,20
51,20,1,3
51,20,2,20
51,21,1,3
51,21,2,20
51,22,1,5
51,22,2,20
51,23,1,3
51,23,2,20
51,24,1,3
51,24,2,20
51,25,1,3
51,25,2,20
51,26,1,3
51,26,2,20
51,27,1,3
51,27,2,20
51,28,1,3
51,28,2,20
51,29,1,3
51,29,2,20
51,30,1,3
51,30,2,20
51,31,1,2
51,31,2,20
51,32,1,2
51,32,2,20
51,33,1,2
51,33,2,20
51,34,1,2
51,34,2,20
51,35,1,2
51,35,2,20
51,36,1,3
51,36,2,20
51,37,1,5
51,37,2,20
51,38,1,3
51,38,2,20
51,39,1,2
51,39,2,20
51,40,1,2
51,40,2,20
51,41,1,2
51,41,2,20
51,42,1,2
51,42,2,20
51,43,1,2
51,43,2,20
51,44,1,3
51,44,2,20
51,45,1,3
51,45,2,20
51,46,1,2
51,46,2,20
51,47,1,1
51,47,2,20
51,48,1,1
51,48,2,20
51,49,1,1
51,49,2,20
51,50,1,2
51,50,2,20
51,51,1,3
51,51,2,20
51,52,1,5
51,52,2,20
51,53,1,3
51,53,2,20
51,54,1,2
51,54,2,20
51,55,1,1
51,55,2,20
51,56,1,1
51,56,2,20
51,57,1,1
51,57,2,20
51,58,1,2
51,58,2,20
51,59,1,3
51,59,2,20
51,60,1,3
51,60,2,20
51,61,1,2
51,61,2,20
51,62,1,1
51,62,2,20
51,63,1,0
51,63,2,20
51,64,1,1
51,64,2,20
51,65,1,2
51,65,2,20
51,66,1,3
51,66,2,20
51,67,1,5
51,67,2,20
51,68,1,3
51,68,2,20
51,69,1,2
51,69,2,20
51,70,1,1
51,70,2,20
51,71,1,0
51,71,2,20
51,72,1,1
51,72,2,20
51,73,1,2
51,73,2,20
51,74,1,3
51,74,2,20
51,75,1,3
51,75,2,20
51,76,1,2
51,76,2,20
51,77,1,1
51,77,2,20
51,78,1,1
51,78,2,20
51,79,1,1
51,79,2,20
51,80,1,2
51,80,2,20
51,81,1,3
51,81,2,20
51,82,1,5
51,82,2,20
51,83,1,3
51,83,2,20
51,84,1,2
51,84,2,20
51,85,1,1
51,85,2,20
51,86,1,1
51,86,2,20
51,87,1,1
51,87,2,20
51,88,1,2
51,88,2,20
51,89,1,3
51,89,2,20
51,90,1,3
51,90,2,20
51,91,1,2
51,91,2,20
51,92,1,2
51,92,2,20
51,93,1,2
51,93,2,20
51,94,1,2
51,94,2,20
51,95,1,2
51,95,2,20
51,96,1,3
51,96,2,20
51,97,1,5
51,97,2,20
51,98,1,3
51,98,2,20
51,99,1,2
51,99,2,20
51,100,1,2
51,100,2,20
51,101,1,2
51,101,2,20
51,102,1,2
51,102,2,20
51,103,1,2
51,103,2,20
51,104,1,3
51,104,2,20
51,105,1,3
51,105,2,20
51,106,1,3
51,106,2,20
51,107,1,3
51,107,2,20
51,108,1,3
51,108,2,20
51,109,1,3
51,109,2,20
51,110,1,3
51,110,2,20
51,111,1,3
51,111,2,20
51,112,1,5
51,112,2,20
51,113,1,3
51,113,2,20
51,114,1,3
51,114,2,20
51,115,1,3
51,115,2,20
51,116,1,3
51,116,2,20
51,117,1,3
51,117,2,20
51,118,1,3
51,118,2,20
51,119,1,3
51,119,2,20
51,120,1,4
51,120,2,20
51,121,1,4
51,121,2,20
51,122,1,4
51,122,2,20
51,123,1,4
51,123,2,20
51,124,1,4
51,124,2,20
51,125,1,4
51,125,2,20
51,126,1,4
51,126,2,20
51,127,1,5
51,127,2,20
51,128,1,4
51,128,2,20
51,129,1,4
51,129,2,20
51,130,1,4
51,130,2,20
51,131,1,4
51,131,2,20
51,132,1,4
51,132,2,20
51,133,1,4
51,133,2,20
51,134,1,4
51,134,2,20
52,0,1,4
52,0,2,20
52,1,1,4
52,1,2,20
52,2,1,4
52,2,2,20
52,3,1,4
52,3,2,20
52,4,1,4
52,4,2,20
52,5,1,4
52,5,2,20
52,6,1,4
52,6,2,20
52,7,1,5
52,7,2,20
52,8,1,4
52,8,2,20
52,9,1,4
52,9,2,20
52,10,1,4
52,10,2,20
52,11,1,4
52,11,2,20
52,12,1,4
52,12,2,20
52,13,1,4
52,13,2,20
52,14,1,4
52,14,2,20
52,15,1,3
52,15,2,20
52,16,1,3
52,16,2,20
52,17,1,3
52,17,2,20
52,18,1,3
52,18,2,20
52,19,1,3
52,19,2,20
52,20,1,3
52,20,2,20
52,21,1,3
52,21,2,20
52,22,1,5
52,22,2,20
52,23,1,3
52,23,2,20
52,24,1,3
52,24,2,20
52,25,1,3
52,25,2,20
52,26,1,3
52,26,2,20
52,27,1,3
52,27,2,20
52,28,1,3
52,28,2,20
52,29,1,3
52,29,2,20
52,30,1,3
52,30,2,20
52,31,1,2
52,31,2,20
52,32,1,2
52,32,2,20
52,33,1,2
52,33,2,20
52,34,1,2
52,34,2,20
52,35,1,2
52,35,2,20
52,36,1,3
52,36,2,20
52,37,1,5
52,37,2,20
52,38,1,3
52,38,2,20
52,39,1,2
52,39,2,20
52,40,1,2
52,40,2,20
52,41,1,2
52,41,2,20
52,42,1,2
52,42,2,20
52,43,1,2
52,43,2,20
52,44,1,3
52,44,2,20
52,45,1,3
52,45,2,20
52,46,1,2
52,46,2,20
52,47,1,1
52,47,2,20
52,48,1,1
52,48,2,20
52,49,1,1
52,49,2,20
52,50,1,2
52,50,2,20
52,51,1,3
52,51,2,20
52,52,1,5
52,52,2,20
52,53,1,3
52,53,2,20
52,54,1,2
52,54,2,20
52,55,1,1
52,55,2,20
52,56,1,1
52,56,2,20
52,57,1,1
52,57,2,20
52,58,1,2
52,58,2,20
52,59,1,3
52,59,2,20
52,60,1,3
52,60,2,20
52,61,1,2
52,61,2,20
52,62,1,1
52,62,2,20
52,63,1,0
52,63,2,20
52,64,1,1
52,64,2,20
52,65,1,2
52,65,2,20
52,66,1,3
52,66,2,20
52,67,1,5
52,67,2,20
52,68,1,3
52,68,2,20
52,69,1,2
52,69,2,20
52,70,1,1
52,70,2,20
52,71,1,0
52,71,2,20
52,72,1,1
52,72,2,20
52,73,1,2
52,73,2,20
52,74,1,3
52,74,2,20
52,75,1,3
52,75,2,20
52,76,1,2
52,76,2,20
52,77,1,1
52,77,2,20
52,78,1,1
52,78,2,20
52,79,1,1
52,79,2,20
52,80,1,2
52,80,2,20
52,81,1,3
52,81,2,20
52,82,1,5
52,82,2,20
52,83,1,3
52,83,2,20
52,84,1,2
52,84,2,20
52,85,1,1
52,85,2,20
52,86,1,1
52,86,2,20
52,87,1,1
52,87,2,20
52,88,1,2
52,88,2,20
52,89,1,3
52,89,2,20
52,90,1,3
52,90,2,20
52,91,1,2
52,91,2,20
52,92,1,2
52,92,2,20
52,93,1,2
52,93,2,20
52,94,1,2
52,94,2,20
52,95,1,2
52,95,2,20
52,96,1,3
52,96,2,20
52,97,1,5
52,97,2,20
52,98,1,3
52,98,2,20
52,99,1,2
52,99,2,20
52,100,1,2
52,100,2,20
52,101,1,2
52,101,2,20
52,102,1,2
52,102,2,20
52,103,1,2
52,103,2,20
52,104,1,3
52,104,2,20
52,105,1,3
52,105,2,20
52,106,1,3
52,106,2,20
52,107,1,3
52,107,2,20
52,108,1,3
52,108,2,20
52,109,1,3
52,109,2,20
52,110,1,3
52,110,2,20
52,111,1,3
52,111,2,20
52,112,1,5
52,112,2,20
52,113,1,3
52,113,2,20
52,114,1,3
52,114,2,20
52,115,1,3
52,115,2,20
52,116,1,3
52,116,2,20
52,117,1,3
52,117,2,20
52,118,1,3
52,118,2,20
52,119,1,3
52,119,2,20
52,120,1,4
52,120,2,20
52,121,1,4
52,121,2,20
52,122,1,4
52,122,2,20
52,123,1,4
52,123,2,20
52,124,1,4
52,124,2,20
52,125,1,4
52,125,2,20
52,126,1,4
52,126,2,20
52,127,1,5
52,127,2,20
52,128,1,4
52,128,2,20
52,129,1,4
52,129,2,20
52,130,1,4
52,130,2,20
52,131,1,4
52,131,2,20
52,132,1,4
52,132,2,20
52,133,1,4
52,133,2,20
52,134,1,4
52,134,2,20
53,0,1,4
53,0,2,20
53,1,1,4
53,1,2,20
53,2,1,4
53,2,2,20
53,3,1,4
53,3,2,20
53,4,1,4
53,4,2,20
53,5,1,4
53,5,2,20
53,6,1,4
53,6,2,20
53,7,1,5
53,7,2,20
53,8,1,4
53,8,2,20
53,9,1,4
53,9,2,20
53,10,1,4
53,10,2,20
53,11,1,4
53,11,2,20
53,12,1,4
53,12,2,20
53,13,1,4
53,13,2,20
53,14,1,4
53,14,2,20
53,15,1,3
53,15,2,20
53,16,1,3
53,16,2,20
53,17,1,3
53,17,2,20
53,18,1,3
53,18,2,20
53,19,1,3
53,19,2,20
53,20,1,3
53,20,2,20
53,21,1,3
53,21,2,20
53,22,1,5
53,22,2,20
53,23,1,3
53,23,2,20
53,24,1,3
53,24,2,20
53,25,1,3
53,25,2,20
53,26,1,3
53,26,2,20
53,27,1,3
53,27,2,20
53,28,1,3
53,28,2,20
53,29,1,3
53,29,2,20
53,30,1,3
53,30,2,20
53,31,1,2
53,31,2,20
53,32,1,2
53,32,2,20
53,33,1,2
53,33,2,20
53,34,1,2
53,34,2,20
53,35,1,2
53,35,2,20
53,36,1,3
53,36,2,20
53,37,1,5
53,37,2,20
53,38,1,3
53,38,2,20
53,39,1,2
53,39,2,20
53,40,1,2
53,40,2,20
53,41,1,2
53,41,2,20
53,42,1,2
53,42,2,20
53,43,1,2
53,43,2,20
53,44,1,3
53,44,2,20
53,45,1,3
53,45,2,20
53,46,1,2
53,46,2,20
53,47,1,1
53,47,2,20
53,48,1,1
53,48,2,20
53,49,1,1
53,49,2,20
53,50,1,2
53,50,2,20
53,51,1,3
53,51,2,20
53,52,1,5
53,52,2,20
53,53,1,3
53,53,2,20
53,54,1,2
53,54,2,20
53,55,1,1
53,55,2,20
53,56,1,1
53,56,2,20
53,57,1,1
53,57,2,20
53,58,1,2
53,58,2,20
53,59,1,3
53,59,2,20
53,60,1,3
53,60,2,20
53,61,1,2
53,61,2,20
53,62,1,1
53,62,2,20
53,63,1,0
53,63,2,20
53,64,1,1
53,64,2,20
53,65,1,2
53,65,2,20
53,66,1,3
53,66,2,20
53,67,1,5
53,67,2,20
53,68,1,3
53,68,2,20
53,69,1,2
53,69,2,20
53,70,1,1
53,70,2,20
53,71,1,0
53,71,2,20
53,72,1,1
53,72,2,20
53,73,1,2
53,73,2,20
53,74,1,3
53,74,2,20
53,75,1,3
53,75,2,20
53,76,1,2
53,76,2,20
53,77,1,1
53,77,2,20
53,78,1,1
53,78,2,20
53,79,1,1
53,79,2,20
53,80,1,2
53,80,2,20
53,81,1,3
53,81,2,20
53,82,1,5
53,82,2,20
53,83,1,3
53,83,2,20
53,84,1,2
53,84,2,20
53,85,1,1
53,85,2,20
53,86,1,1
53,86,2,20
53,87,1,1
53,87,2,20
53,88,1,2
53,88,2,20
53,89,1,3
53,89,2,20
53,90,1,3
53,90,2,20
53,91,1,2
53,91,2,20
53,92,1,2
53,92,2,20
53,93,1,2
53,93,2,20
53,94,1,2
53,94,2,20
53,95,1,2
53,95,2,20
53,96,1,3
53,96,2,20
53,97,1,5
53,97,2,20
53,98,1,3
53,98,2,20
53,99,1,2
53,99,2,20
53,100,1,2
53,100,2,20
53,101,1,2
53,101,2,20
53,102,1,2
53,102,2,20
53,103,1,2
53,103,2,20
53,104,1,3
53,104,2,20
53,105,1,3
53,105,2,20
53,106,1,3
53,106,2,20
53,107,1,3
53,107,2,20
53,108,1,3
53,108,2,20
53,109,1,3
53,109,2,20
53,110,1,3
53,110,2,20
53,111,1,3
53,111,2,20
53,112,1,5
53,112,2,20
53,113,1,3
53,113,2,20
53,114,1,3
53,114,2,20
53,115,1,3
53,115,2,20
53,116,1,3
53,116,2,20
53,117,1,3
53,117,2,20
53,118,1,3
53,118,2,20
53,119,1,3
53,119,2,20
53,120,1,4
53,120,2,20
53,121,1,4
53,121,2,20
53,122,1,4
53,122,2,20
53,123,1,4
53,123,2,20
53,124,1,4
53,124,2,20
53,125,1,4
53,125,2,20
53,126,1,4
53,126,2,20
53,127,1,5
53,127,2,20
53,128,1,4
53,128,2,20
53,129,1,4
53,129,2,20
53,130,1,4
53,130,2,20
53,131,1,4
53,131,2,20
53,132,1,4
53,132,2,20
53,133,1,4
53,133,2,20
53,134,1,4
53,134,2,20
54,0,1,4
54,0,2,20
54,1,1,4
54,1,2,20
54,2,1,4
54,2,2,20
54,3,1,4
54,3,2,20
54,4,1,4
54,4,2,20
54,5,1,4
54,5,2,20
54,6,1,4
54,6,2,20
54,7,1,5
54,7,2,20
54,8,1,4
54,8,2,20
54,9,1,4
54,9,2,20
54,10,1,4
54,10,2,20
54,11,1,4
54,11,2,20
54,12,1,4
54,12,2,20
54,13,1,4
54,13,2,20
54,14,1,4
54,14,2,20
54,15,1,3
54,15,2,20
54,16,1,3
54,16,2,20
54,17,1,3
54,17,2,20
54,18,1,3
54,18,2,20
54,19,1,3
54,19,2,20
54,20,1,3
54,20,2,20
54,21,1,3
54,21,2,20
54,22,1,5
54,22,2,20
54,23,1,3
54,23,2,20
54,24,1,3
54,24,2,20
54,25,1,3
54,25,2,20
54,26,1,3
54,26,2,20
54,27,1,3
54,27,2,20
54,28,1,3
54,28,2,20
54,29,1,3
54,29,2,20
54,30,1,3
54,30,2,20
54,31,1,2
54,31,2,20
54,32,1,2
54,32,2,20
54,33,1,2
54,33,2,20
54,34,1,2
54,34,2,20
54,35,1,2
54,35,2,20
54,36,1,3
54,36,2,20
54,37,1,5
54,37,2,20
54,38,1,3
54,38,2,20
54,39,1,2
54,39,2,20
54,40,1,2
54,40,2,20
54,41,1,2
54,41,2,20
54,42,1,2
54,42,2,20
54,43,1,2
54,43,2,20
54,44,1,3
54,44,2,20
54,45,1,3
54,45,2,20
54,46,1,2
54,46,2,20
54,47,1,1
54,47,2,20
54,48,1,1
54,48,2,20
54,49,1,1
54,49,2,20
54,50,1,2
54,50,2,20
54,51,1,3
54,51,2,20
54,52,1,5
54,52,2,20
54,53,1,3
54,53,2,20
54,54,1,2
54,54,2,20
54,55,1,1
54,55,2,20
54,56,1,1
54,56,2,20
54,57,1,1
54,57,2,20
54,58,1,2
54,58,2,20
54,59,1,3
54,59,2,20
54,60,1,3
54,60,2,20
54,61,1,2
54,61,2,20
54,62,1,1
54,62,2,20
54,63,1,0
54,63,2,20
54,64,1,1
54,64,2,20
54,65,1,2
54,65,2,20
54,66,1,3
54,66,2,20
54,67,1,5
54,67,2,20
54,68,1,3
54,68,2,20
54,69,1,2
54,69,2,20
54,70,1,1
54,70,2,20
54,71,1,0
54,71,2,20
54,72,1,1
54,72,2,20
54,73,1,2
54,73,2,20
54,74,1,3
54,74,2,20
54,75,1,3
54,75,2,20
54,76,1,2
54,76,2,20
54,77,1,1
54,77,2,20
54,78,1,1
54,78,2,20
54,79,1,1
54,79,2,20
54,80,1,2
54,80,2,20
54,81,1,3
54,81,2,20
54,82,1,5
54,82,2,20
54,83,1,3
54,83,2,20
54,84,1,2
54,84,2,20
54,85,1,1
54,85,2,20
54,86,1,1
54,86,2,20
54,87,1,1
54,87,2,20
54,88,1,2
54,88,2,20
54,89,1,3
54,89,2,20
54,90,1,3
54,90,2,20
54,91,1,2
54,91,2,20
54,92,1,2
54,92,2,20
54,93,1,2
54,93,2,20
54,94,1,2
54,94,2,20
54,95,1,2
54,95,2,20
54,96,1,3
54,96,2,20
54,97,1,5
54,97,2,20
54,98,1,3
54,98,2,20
54,99,1,2
54,99,2,20
54,100,1,2
54,100,2,20
54,101,1,2
54,101,2,20
54,102,1,2
54,102,2,20
54,103,1,2
54,103,2,20
54,104,1,3
54,104,2,20
54,105,1,3
54,105,2,20
54,106,1,3
54,106,2,20
54,107,1,3
54,107,2,20
54,108,1,3
54,108,2,20
54,109,1,3
54,109,2,20
54,110,1,3
54,110,2,20
54,111,1,3
54,111,2,20
54,112,1,5
54,112,2,20
54,113,1,3
54,113,2,20
54,114,1,3
54,114,2,20
54,115,1,3
54,115,2,20
54,116,1,3
54,116,2,20
54,117,1,3
54,117,2,20
54,118,1,3
54,118,2,20
54,119,1,3
54,119,2,20
54,120,1,4
54,120,2,20
54,121,1,4
54,121,2,20
54,122,1,4
54,122,2,20
54,123,1,4
54,123,2,20
54,124,1,4
54,124,2,20
54,125,1,4
54,125,2,20
54,126,1,4
54,126,2,20
54,127,1,5
54,127,2,20
54,128,1,4
54,128,2,20
54,129,1,4
54,129,2,20
54,130,1,4
54,130,2,20
54,131,1,4
54,131,2,20
54,132,1,4
54,132,2,20
54,133,1,4
54,133,2,20
54,134,1,4
54,134,2,20
55,0,1,4
55,0,2,20
55,1,1,4
55,1,2,20
55,2,1,4
55,2,2,20
55,3,1,4
55,3,2,20
55,4,1,4
55,4,2,20
55,5,1,4
55,5,2,20
55,6,1,4
55,6,2,20
55,7,1,5
55,7,2,20
55,8,1,4
55,8,2,20
55,9,1,4
55,9,2,20
55,10,1,4
55,10,2,20
55,11,1,4
55,11,2,20
55,12,1,4
55,12,2,20
55,13,1,4
55,13,2,20
55,14,1,4
55,14,2,20
55,15,1,3
55,15,2,20
55,16,1,3
55,16,2,20
55,17,1,3
55,17,2,20
55,18,1,3
55,18,2,20
55,19,1,3
55,19,2,20
55,20,1,3
55,20,2,20
55,21,1,3
55,21,2,20
55,22,1,5
55,22,2,20
55,23,1,3
55,23,2,20
55,24,1,3
55,24,2,20
55,25,1,3
55,25,2,20
55,26,1,3
55,26,2,20
55,27,1,3
55,27,2,20
55,28,1,3
55,28,2,20
55,29,1,3
55,29,2,20
55,30,1,3
55,30,2,20
55,31,1,2
55,31,2,20
55,32,1,2
55,32,2,20
55,33,1,2
55,33,2,20
55,34,1,2
55,34,2,20
55,35,1,2
55,35,2,20
55,36,1,3
55,36,2,20
55,37,1,5
55,37,2,20
55,38,1,3
55,38,2,20
55,39,1,2
55,39,2,20
55,40,1,2
55,40,2,20
55,41,1,2
55,41,2,20
55,42,1,2
55,42,2,20
55,43,1,2
55,43,2,20
55,44,1,3
55,44,2,20
55,45,1,3
55,45,2,20
55,46,1,2
55,46,2,20
55,47,1,1
55,47,2,20
55,48,1,1
55,48,2,20
55,49,1,1
55,49,2,20
55,50,1,2
55,50,2,20
55,51,1,3
55,51,2,20
55,52,1,5
55,52,2,20
55,53,1,3
55,53,2,20
55,54,1,2
55,54,2,20
55,55,1,1
55,55,2,20
55,56,1,1
55,56,2,20
55,57,1,1
55,57,2,20
55,58,1,2
55,58,2,20
55,59,1,3
55,59,2,20
55,60,1,3
55,60,2,20
55,61,1,2
55,61,2,20
55,62,1,1
55,62,2,20
55,63,1,0
55,63,2,20
55,64,1,1
55,64,2,20
55,65,1,2
55,65,2,20
55,66,1,3
55,66,2,20
55,67,1,5
55,67,2,20
55,68,1,3
55,68,2,20
55,69,1,2
55,69,2,20
55,70,1,1
55,70,2,20
55,71,1,0
55,71,2,20
55,72,1,1
55,72,2,20
55,73,1,2
55,73,2,20
55,74,1,3
55,74,2,20
55,75,1,3
55,75,2,20
55,76,1,2
55,76,2,20
55,77,1,1
55,77,2,20
55,78,1,1
55,78,2,20
55,79,1,1
55,79,2,20
55,80,1,2
55,80,2,20
55,81,1,3
55,81,2,20
55,82,1,5
55,82,2,20
55,83,1,3
55,83,2,20
55,84,1,2
55,84,2,20
55,85,1,1
55,85,2,20
55,86,1,1
55,86,2,20
55,87,1,1
55,87,2,20
55,88,1,2
55,88,2,20
55,89,1,3
55,89,2,20
55,90,1,3
55,90,2,20
55,91,1,2
55,91,2,20
55,92,1,2
55,92,2,20
55,93,1,2
55,93,2,20
55,94,1,2
55,94,2,20
55,95,1,2
55,95,2,20
55,96,1,3
55,96,2,20
55,97,1,5
55,97,2,20
55,98,1,3
55,98,2,20
55,99,1,2
55,99,2,20
55,100,1,2
55,100,2,20
55,101,1,2
55,101,2,20
55,102,1,2
55,102,2,20
55,103,1,2
55,103,2,20
55,104,1,3
55,104,2,20
55,105,1,3
55,105,2,20
55,106,1,3
55,106,2,20
55,107,1,3
55,107,2,20
55,108,1,3
55,108,2,20
55,109,1,3
55,109,2,20
55,110,1,3
55,110,2,20
55,111,1,3
55,111,2,20
55,112,1,5
55,112,2,20
55,113,1,3
55,113,2,20
55,114,1,3
55,114,2,20
55,115,1,3
55,115,2,20
55,116,1,3
55,116,2,20
55,117,1,3
55,117,2,20
55,118,1,3
55,118,2,20
55,119,1,3
55,119,2,20
55,120,1,4
55,120,2,20
55,121,1,4
55,121,2,20
55,122,1,4
55,122,2,20
55,123,1,4
55,123,2,20
55,124,1,4
55,124,2,20
55,125,1,4
55,125,2,20
55,126,1,4
55,126,2,20
55,127,1,5
55,127,2,20
55,128,1,4
55,128,2,20
55,129,1,4
55,129,2,20
55,130,1,4
55,130,2,20
55,131,1,4
55,131,2,20
55,132,1,4
55,132,2,20
55,133,1,4
55,133,2,20
55,134,1,4
55,134,2,20
56,0,1,4
56,0,2,20
56,1,1,4
56,1,2,20
56,2,1,4
56,2,2,20
56,3,1,4
56,3,2,20
56,4,1,4
56,4,2,20
56,5,1,4
56,5,2,20
56,6,1,4
56,6,2,20
56,7,1,5
56,7,2,20
56,8,1,4
56,8,2,20
56,9,1,4
56,9,2,20
56,10,1,4
56,10,2,20
56,11,1,4
56,11,2,20
56,12,1,4
56,12,2,20
56,13,1,4
56,13,2,20
56,14,1,4
56,14,2,20
56,15,1,3
56,15,2,20
56,16,1,3
56,16,2,20
56,17,1,3
56,17,2,20
56,18,1,3
56,18,2,20
56,19,1,3
56,19,2,20
56,20,1,3
56,20,2,20
56,21,1,3
56,21,2,20
56,22,1,5
56,22,2,20
56,23,1,3
56,23,2,20
56,24,1,3
56,24,2,20
56,25,1,3
56,25,2,20
56,26,1,3
56,26,2,20
56,27,1,3
56,27,2,20
56,28,1,3
56,28,2,20
56,29,1,3
56,29,2,20
56,30,1,3
56,30,2,20
56,31,1,2
56,31,2,20
56,32,1,2
56,32,2,20
56,33,1,2
56,33,2,20
56,34,1,2
56,34,2,20
56,35,1,2
56,35,2,20
56,36,1,3
56,36,2,20
56,37,1,5
56,37,2,20
56,38,1,3
56,38,2,20
56,39,1,2
56,39,2,20
56,40,1,2
56,40,2,20
56,41,1,2
56,41,2,20
56,42,1,2
56,42,2,20
56,43,1,2
56,43,2,20
56,44,1,3
56,44,2,20
56,45,1,3
56,45,2,20
56,46,1,2
56,46,2,20
56,47,1,1
56,47,2,20
56,48,1,1
56,48,2,20
56,49,1,1
56,49,2,20
56,50,1,2
56,50,2,20
56,51,1,3
56,51,2,20
56,52,1,5
56,52,2,20
56,53,1,3
56,53,2,20
56,54,1,2
56,54,2,20
56,55,1,1
56,55,2,20
56,56,1,1
56,56,2,20
56,57,1,1
56,57,2,20
56,58,1,2
56,58,2,20
56,59,1,3
56,59,2,20
56,60,1,3
56,60,2,20
56,61,1,2
56,61,2,20
56,62,1,1
56,62,2,20
56,63,1,0
56,63,2,20
56,64,1,1
56,64,2,20
56,65,1,2
56,65,2,20
56,66,1,3
56,66,2,20
56,67,1,5
56,67,2,20
56,68,1,3
56,68,2,20
56,69,1,2
56,69,2,20
56,70,1,1
56,70,2,20
56,71,1,0
56,71,2,20
56,72,1,1
56,72,2,20
56,73,1,2
56,73,2,20
56,74,1,3
56,74,2,20
56,75,1,3
56,75,2,20
56,76,1,2
56,76,2,20
56,77,1,1
56,77,2,20
56,78,1,1
56,78,2,20
56,79,1,1
56,79,2,20
56,80,1,2
56,80,2,20
56,81,1,3
56,81,2,20
56,82,1,5
56,82,2,20
56,83,1,3
56,83,2,20
56,84,1,2
56,84,2,20
56,85,1,1
56,85,2,20
56,86,1,1
56,86,2,20
56,87,1,1
56,87,2,20
56,88,1,2
56,88,2,20
56,89,1,3
56,89,2,20
56,90,1,3
56,90,2,20
56,91,1,2
56,91,2,20
56,92,1,2
56,92,2,20
56,93,1,2
56,93,2,20
56,94,1,2
56,94,2,20
56,95,1,2
56,95,2,20
56,96,1,3
56,96,2,20
56,97,1,5
56,97,2,20
56,98,1,3
56,98,2,20
56,99,1,2
56,99,2,20
56,100,1,2
56,100,2,20
56,101,1,2
56,101,2,20
56,102,1,2
56,102,2,20
56,103,1,2
56,103,2,20
56,104,1,3
56,104,2,20
56,105,1,3
56,105,2,20
56,106,1,3
56,106,2,20
56,107,1,3
56,107,2,20
56,108,1,3
56,108,2,20
56,109,1,3
56,109,2,20
56,110,1,3
56,110,2,20
56,111,1,3
56,111,2,20
56,112,1,5
56,112,2,20
56,113,1,3
56,113,2,20
56,114,1,3
56,114,2,20
56,115,1,3
56,115,2,20
56,116,1,3
56,116,2,20
56,117,1,3
56,117,2,20
56,118,1,3
56,118,2,20
56,119,1,3
56,119,2,20
56,120,1,4
56,120,2,20
56,121,1,4
56,121,2,20
56,122,1,4
56,122,2,20
56,123,1,4
56,123,2,20
56,124,1,4
56,124,2,20
56,125,1,4
56,125,2,20
56,126,1,4
56,126,2,20
56,127,1,5
56,127,2,20
56,128,1,4
56,128,2,20
56,129,1,4
56,129,2,20
56,130,1,4
56,130,2,20
56,131,1,4
56,131,2,20
56,132,1,4
56,132,2,20
56,133,1,4
56,133,2,20
56,134,1,4
56,134,2,20
57,0,1,4
57,0,2,20
57,1,1,4
57,1,2,20
57,2,1,4
57,2,2,20
57,3,1,4
57,3,2,20
57,4,1,4
57,4,2,20
57,5,1,4
57,5,2,20
57,6,1,4
57,6,2,20
57,7,1,5
57,7,2,20
57,8,1,4
57,8,2,20
57,9,1,4
57,9,2,20
57,10,1,4
57,10,2,20
57,11,1,4
57,11,2,20
57,12,1,4
57,12,2,20
57,13,1,4
57,13,2,20
57,14,1,4
57,14,2,20
57,15,1,3
57,15,2,20
57,16,1,3
57,16,2,20
57,17,1,3
57,17,2,20
57,18,1,3
57,18,2,20
57,19,1,3
57,19,2,20
57,20,1,3
57,20,2,20
57,21,1,3
57,21,2,20
57,22,1,5
57,22,2,20
57,23,1,3
57,23,2,20
57,24,1,3
57,24,2,20
57,25,1,3
57,25,2,20
57,26,1,3
57,26,2,20
57,27,1,3
57,27,2,20
57,28,1,3
57,28,2,20
57,29,1,3
57,29,2,20
57,30,1,3
57,30,2,20
57,31,1,2
57,31,2,20
57,32,1,2
57,32,2,20
57,33,1,2
57,33,2,20
57,34,1,2
57,34,2,20
57,35,1,2
57,35,2,20
57,36,1,3
57,36,2,20
57,37,1,5
57,37,2,20
57,38,1,3
57,38,2,20
57,39,1,2
57,39,2,20
57,40,1,2
57,40,2,20
57,41,1,2
57,41,2,20
57,42,1,2
57,42,2,20
57,43,1,2
57,43,2,20
57,44,1,3
57,44,2,20
57,45,1,3
57,45,2,20
57,46,1,2
57,46,2,20
57,47,1,1
57,47,2,20
57,48,1,1
57,48,2,20
57,49,1,1
57,49,2,20
57,50,1,2
57,50,2,20
57,51,1,3
57,51,2,20
57,52,1,5
57,52,2,20
57,53,1,3
57,53,2,20
57,54,1,2
57,54,2,20
57,55,1,1
57,55,2,20
57,56,1,1
57,56,2,20
57,57,1,1
57,57,2,20
57,58,1,2
57,58,2,20
57,59,1,3
57,59,2,20
57,60,1,3
57,60,2,20
57,61,1,2
57,61,2,20
57,62,1,1
57,62,2,20
57,63,1,0
57,63,2,20
57,64,1,1
57,64,2,20
57,65,1,2
57,65,2,20
57,66,1,3
57,66,2,20
57,67,1,5
57,67,2,20
57,68,1,3
57,68,2,20
57,69,1,2
57,69,2,20
57,70,1,1
57,70,2,20
57,71,1,0
57,71,2,20
57,72,1,1
57,72,2,20
57,73,1,2
57,73,2,20
57,74,1,3
57,74,2,20
57,75,1,3
57,75,2,20
57,76,1,2
57,76,2,20
57,77,1,1
57,77,2,20
57,78,1,1
57,78,2,20
57,79,1,1
57,79,2,20
57,80,1,2
57,80,2,20
57,81,1,3
57,81,2,20
57,82,1,5
57,82,2,20
57,83,1,3
57,83,2,20
57,84,1,2
57,84,2,20
57,85,1,1
57,85,2,20
57,86,1,1
57,86,2,20
57,87,1,1
57,87,2,20
57,88,1,2
57,88,2,20
57,89,1,3
57,89,2,20
57,90,1,3
57,90,2,20
57,91,1,2
57,91,2,20
57,92,1,2
57,92,2,20
57,93,1,2
57,93,2,20
57,94,1,2
57,94,2,20
57,95,1,2
57,95,2,20
57,96,1,3
57,96,2,20
57,97,1,5
57,97,2,20
57,98,1,3
57,98,2,20
57,99,1,2
57,99,2,20
57,100,1,2
57,100,2,20
57,101,1,2
57,101,2,20
57,102,1,2
57,102,2,20
57,103,1,2
57,103,2,20
57,104,1,3
57,104,2,20
57,105,1,3
57,105,2,20
57,106,1,3
57,106,2,20
57,107,1,3
57,107,2,20
57,108,1,3
57,108,2,20
57,109,1,3
57,109,2,20
57,110,1,3
57,110,2,20
57,111,1,3
57,111,2,20
57,112,1,5
57,112,2,20
57,113,1,3
57,113,2,20
57,114,1,3
57,114,2,20
57,115,1,3
57,115,2,20
57,116,1,3
57,116,2,20
57,117,1,3
57,117,2,20
57,118,1,3
57,118,2,20
57,119,1,3
57,119,2,20
57,120,1,4
57,120,2,20
57,121,1,4
57,121,2,20
57,122,1,4
57,122,2,20
57,123,1,4
57,123,2,20
57,124,1,4
57,124,2,20
57,125,1,4
57,125,2,20
57,126,1,4
57,126,2,20
57,127,1,5
57,127,2,20
57,128,1,4
57,128,2,20
57,129,1,4
57,129,2,20
57,130,1,4
57,130,2,20
57,131,1,4
57,131,2,20
57,132,1,4
57,132,2,20
57,133,1,4
57,133,2,20
57,134,1,4
57,134,2,20
58,0,1,4
58,0,2,20
58,1,1,4
58,1,2,20
58,2,1,4
58,2,2,20
58,3,1,4
58,3,2,20
58,4,1,4
58,4,2,20
58,5,1,4
58,5,2,20
58,6,1,4
58,6,2,20
58,7,1,5
58,7,2,20
58,8,1,4
58,8,2,20
58,9,1,4
58,9,2,20
58,10,1,4
58,10,2,20
58,11,1,4
58,11,2,20
58,12,1,4
58,12,2,20
58,13,1,4
58,13,2,20
58,14,1,4
58,14,2,20
58,15,1,3
58,15,2,20
58,16,1,3
58,16,2,20
58,17,1,3
58,17,2,20
58,18,1,3
58,18,2,20
58,19,1,3
58,19,2,20
58,20,1,3
58,20,2,20
58,21,1,3
58,21,2,20
58,22,1,5
58,22,2,20
58,23,1,3
58,23,2,20
58,24,1,3
58,24,2,20
58,25,1,3
58,25,2,20
58,26,1,3
58,26,2,20
58,27,1,3
58,27,2,20
58,28,1,3
58,28,2,20
58,29,1,3
58,29,2,20
58,30,1,3
58,30,2,20
58,31,1,2
58,31,2,20
58,32,1,2
58,32,2,20
58,33,1,2
58,33,2,20
58,34,1,2
58,34,2,20
58,35,1,2
58,35,2,20
58,36,1,3
58,36,2,20
58,37,1,5
58,37,2,20
58,38,1,3
58,38,2,20
58,39,1,2
58,39,2,20
58,40,1,2
58,40,2,20
58,41,1,2
58,41,2,20
58,42,1,2
58,42,2,20
58,43,1,2
58,43,2,20
58,44,1,3
58,44,2,20
58,45,1,3
58,45,2,20
58,46,1,2
58,46,2,20
58,47,1,1
58,47,2,20
58,48,1,1
58,48,2,20
58,49,1,1
58,49,2,20
58,50,1,2
58,50,2,20
58,51,1,3
58,51,2,20
58,52,1,5
58,52,2,20
58,53,1,3
58,53,2,20
58,54,1,2
58,54,2,20
58,55,1,1
58,55,2,20
58,56,1,1
58,56,2,20
58,57,1,1
58,57,2,20
58,58,1,2
58,58,2,20
58,59,1,3
58,59,2,20
58,60,1,3
58,60,2,20
58,61,1,2
58,61,2,20
58,62,1,1
58,62,2,20
58,63,1,0
58,63,2,20
58,64,1,1
58,64,2,20
58,65,1,2
58,65,2,20
58,66,1,3
58,66,2,20
58,67,1,5
58,67,2,20
58,68,1,3
58,68,2,20
58,69,1,2
58,69,2,20
58,70,1,1
58,70,2,20
58,71,1,0
58,71,2,20
58,72,1,1
58,72,2,20
58,73,1,2
58,73,2,20
58,74,1,3
58,74,2,20
58,75,1,3
58,75,2,20
58,76,1,2
58,76,2,20
58,77,1,1
58,77,2,20
58,78,1,1
58,78,2,20
58,79,1,1
58,79,2,20
58,80,1,2
58,80,2,20
58,81,1,3
58,81,2,20
58,82,1,5
58,82,2,20
58,83,1,3
58,83,2,20
58,84,1,2
58,84,2,20
58,85,1,1
58,85,2,20
58,86,1,1
58,86,2,20
58,87,1,1
58,87,2,20
58,88,1,2
58,88,2,20
58,89,1,3
58,89,2,20
58,90,1,3
58,90,2,20
58,91,1,2
58,91,2,20
58,92,1,2
58,92,2,20
58,93,1,2
58,93,2,20
58,94,1,2
58,94,2,20
58,95,1,2
58,95,2,20
58,96,1,3
58,96,2,20
58,97,1,5
58,97,2,20
58,98,1,3
58,98,2,20
58,99,1,2
58,99,2,20
58,100,1,2
58,100,2,20
58,101,1,2
58,101,2,20
58,102,1,2
58,102,2,20
58,103,1,2
58,103,2,20
58,104,1,3
58,104,2,20
58,105,1,3
58,105,2,20
58,106,1,3
58,106,2,20
58,107,1,3
58,107,2,20
58,108,1,3
58,108,2,20
58,109,1,3
58,109,2,20
58,110,1,3
58,110,2,20
58,111,1,3
58,111,2,20
58,112,1,5
58,112,2,20
58,113,1,3
58,113,2,20
58,114,1,3
58,114,2,20
58,115,1,3
58,115,2,20
58,116,1,3
58,116,2,20
58,117,1,3
58,117,2,20
58,118,1,3
58,118,2,20
58,119,1,3
58,119,2,20
58,120,1,4
58,120,2,20
58,121,1,4
58,121,2,20
58,122,1,4
58,122,2,20
58,123,1,4
58,123,2,20
58,124,1,4
58,124,2,20
58,125,1,4
58,125,2,20
58,126,1,4
58,126,2,20
58,127,1,5
58,127,2,20
58,128,1,4
58,128,2,20
58,129,1,4
58,129,2,20
58,130,1,4
58,130,2,20
58,131,1,4
58,131,2,20
58,132,1,4
58,132,2,20
58,133,1,4
58,133,2,20
58,134,1,4
58,134,2,20
59,0,1,4
59,0,2,20
59,1,1,4
59,1,2,20
59,2,1,4
59,2,2,20
59,3,1,4
59,3,2,20
59,4,1,4
59,4,2,20
59,5,1,4
59,5,2,20
59,6,1,4
59,6,2,20
59,7,1,5
59,7,2,20
59,8,1,4
59,8,2,20
59,9,1,4
59,9,2,20
59,10,1,4
59,10,2,20
59,11,1,4
59,11,2,20
59,12,1,4
59,12,2,20
59,13,1,4
59,13,2,20
59,14,1,4
59,14,2,20
59,15,1,3
59,15,2,20
59,16,1,3
59,16,2,20
59,17,1,3
59,17,2,20
59,18,1,3
59,18,2,20
59,19,1,3
59,19,2,20
59,20,1,3
59,20,2,20
59,21,1,3
59,21,2,20
59,22,1,5
59,22,2,20
59,23,1,3
59,23,2,20
59,24,1,3
59,24,2,20
59,25,1,3
59,25,2,20
59,26,1,3
59,26,2,20
59,27,1,3
59,27,2,20
59,28,1,3
59,28,2,20
59,29,1,3
59,29,2,20
59,30,1,3
59,30,2,20
59,31,1,2
59,31,2,20
59,32,1,2
59,32,2,20
59,33,1,2
59,33,2,20
59,34,1,2
59,34,2,20
59,35,1,2
59,35,2,20
59,36,1,3
59,36,2,20
59,37,1,5
59,37,2,20
59,38,1,3
59,38,2,20
59,39,1,2
59,39,2,20
59,40,1,2
59,40,2,20
59,41,1,2
59,41,2,20
59,42,1,2
59,42,2,20
59,43,1,2
59,43,2,20
59,44,1,3
59,44,2,20
59,45,1,3
59,45,2,20
59,46,1,2
59,46,2,20
59,47,1,1
59,47,2,20
59,48,1,1
59,48,2,20
59,49,1,1
59,49,2,20
59,50,1,2
59,50,2,20
59,51,1,3
59,51,2,20
59,52,1,5
59,52,2,20
59,53,1,3
59,53,2,20
59,54,1,2
59,54,2,20
59,55,1,1
59,55,2,20
59,56,1,1
59,56,2,20
59,57,1,1
59,57,2,20
59,58,1,2
59,58,2,20
59,59,1,3
59,59,2,20
59,60,1,3
59,60,2,20
59,61,1,2
59,61,2,20
59,62,1,1
59,62,2,20
59,63,1,0
59,63,2,20
59,64,1,1
59,64,2,20
59,65,1,2
59,65,2,20
59,66,1,3
59,66,2,20
59,67,1,5
59,67,2,20
59,68,1,3
59,68,2,20
59,69,1,2
59,69,2,20
59,70,1,1
59,70,2,20
59,71,1,0
59,71,2,20
59,72,1,1
59,72,2,20
59,73,1,2
59,73,2,20
59,74,1,3
59,74,2,20
59,75,1,3
59,75,2,20
59,76,1,2
59,76,2,20
59,77,1,1
59,77,2,20
59,78,1,1
59,78,2,20
59,79,1,1
59,79,2,20
59,80,1,2
59,80,2,20
59,81,1,3
59,81,2,20
59,82,1,5
59,82,2,20
59,83,1,3
59,83,2,20
59,84,1,2
59,84,2,20
59,85,1,1
59,85,2,20
59,86,1,1
59,86,2,20
59,87,1,1
59,87,2,20
59,88,1,2
59,88,2,20
59,89,1,3
59,89,2,20
59,90,1,3
59,90,2,20
59,91,1,2
59,91,2,20
59,92,1,2
59,92,2,20
59,93,1,2
59,93,2,20
59,94,1,2
59,94,2,20
59,95,1,2
59,95,2,20
59,96,1,3
59,96,2,20
59,97,1,5
59,97,2,20
59,98,1,3
59,98,2,20
59,99,1,2
59,99,2,20
59,100,1,2
59,100,2,20
59,101,1,2
59,101,2,20
59,102,1,2
59,102,2,20
59,103,1,2
59,103,2,20
59,104,1,3
59,104,2,20
59,105,1,3
59,105,2,20
59,106,1,3
59,106,2,20
59,107,1,3
59,107,2,20
59,108,1,3
59,108,2,20
59,109,1,3
59,109,2,20
59,110,1,3
59,110,2,20
59,111,1,3
59,111,2,20
59,112,1,5
59,112,2,20
59,113,1,3
59,113,2,20
59,114,1,3
59,114,2,20
59,115,1,3
59,115,2,20
59,116,1,3
59,116,2,20
59,117,1,3
59,117,2,20
59,118,1,3
59,118,2,20
59,119,1,3
59,119,2,20
59,120,1,4
59,120,2,20
59,121,1,4
59,121,2,20
59,122,1,4
59,122,2,20
59,123,1,4
59,123,2,20
59,124,1,4
59,124,2,20
59,125,1,4
59,125,2,20
59,126,1,4
59,126,2,20
59,127,1,5
59,127,2,20
59,128,1,4
59,128,2,20
59,129,1,4
59,129,2,20
59,130,1,4
59,130,2,20
59,131,1,4
59,131,2,20
59,132,1,4
59,132,2,20
59,133,1,4
59,133,2,20
59,134,1,4
59,134,2,20
60,0,1,4
60,0,2,20
60,1,1,4
60,1,2,20
60,2,1,4
60,2,2,20
60,3,1,4
60,3,2,20
60,4,1,4
60,4,2,20
60,5,1,4
60,5,2,20
60,6,1,4
60,6,2,20
60,7,1,5
60,7,2,20
60,8,1,4
60,8,2,20
60,9,1,4
60,9,2,20
60,10,1,4
60,10,2,20
60,11,1,4
60,11,2,20
60,12,1,4
60,12,2,20
60,13,1,4
60,13,2,20
60,14,1,4
60,14,2,20
60,15,1,3
60,15,2,20
60,16,1,3
60,16,2,20
60,17,1,3
60,17,2,20
60,18,1,3
60,18,2,20
60,19,1,3
60,19,2,20
60,20,1,3
60,20,2,20
60,21,1,3
60,21,2,20
60,22,1,5
60,22,2,20
60,23,1,3
60,23,2,20
60,24,1,3
60,24,2,20
60,25,1,3
60,25,2,20
60,26,1,3
60,26,2,20
60,27,1,3
60,27,2,20
60,28,1,3
60,28,2,20
60,29,1,3
60,29,2,20
60,30,1,3
60,30,2,20
60,31,1,2
60,31,2,20
60,32,1,2
60,32,2,20
60,33,1,2
60,33,2,20
60,34,1,2
60,34,2,20
60,35,1,2
60,35,2,20
60,36,1,3
60,36,2,20
60,37,1,5
60,37,2,20
60,38,1,3
60,38,2,20
60,39,1,2
60,39,2,20
60,40,1,2
60,40,2,20
60,41,1,2
60,41,2,20
60,42,1,2
60,42,2,20
60,43,1,2
60,43,2,20
60,44,1,3
60,44,2,20
60,45,1,3
60,45,2,20
60,46,1,2
60,46,2,20
60,47,1,1
60,47,2,20
60,48,1,1
60,48,2,20
60,49,1,1
60,49,2,20
60,50,1,2
60,50,2,20
60,51,1,3
60,51,2,20
60,52,1,5
60,52,2,20
60,53,1,3
60,53,2,20
60,54,1,2
60,54,2,20
60,55,1,1
60,55,2,20
60,56,1,1
60,56,2,20
60,57,1,1
60,57,2,20
60,58,1,2
60,58,2,20
60,59,1,3
60,59,2,20
60,60,1,3
60,60,2,20
60,61,1,2
60,61,2,20
60,62,1,1
60,62,2,20
60,63,1,0
60,63,2,20
60,64,1,1
60,64,2,20
60,65,1,2
60,65,2,20
60,66,1,3
60,66,2,20
60,67,1,5
60,67,2,20
60,68,1,3
60,68,2,20
60,69,1,2
60,69,2,20
60,70,1,1
60,70,2,20
60,71,1,0
60,71,2,20
60,72,1,1
60,72,2,20
60,73,1,2
60,73,2,20
60,74,1,3
60,74,2,20
60,75,1,3
60,75,2,20
60,76,1,2
60,76,2,20
60,77,1,1
60,77,2,20
60,78,1,1
60,78,2,20
60,79,1,1
60,79,2,20
60,80,1,2
60,80,2,20
60,81,1,3
60,81,2,20
60,82,1,5
60,82,2,20
60,83,1,3
60,83,2,20
60,84,1,2
60,84,2,20
60,85,1,1
60,85,2,20
60,86,1,1
60,86,2,20
60,87,1,1
60,87,2,20
60,88,1,2
60,88,2,20
60,89,1,3
60,89,2,20
60,90,1,3
60,90,2,20
60,91,1,2
60,91,2,20
60,92,1,2
60,92,2,20
60,93,1,2
60,93,2,20
60,94,1,2
60,94,2,20
60,95,1,2
60,95,2,20
60,96,1,3
60,96,2,20
60,97,1,5
60,97,2,20
60,98,1,3
60,98,2,20
60,99,1,2
60,99,2,20
60,100,1,2
60,100,2,20
60,101,1,2
60,101,2,20
60,102,1,2
60,102,2,20
60,103,1,2
60,103,2,20
60,104,1,3
60,104,2,20
60,105,1,3
60,105,2,20
60,106,1,3
60,106,2,20
60,107,1,3
60,107,2,20
60,108,1,3
60,108,2,20
60,109,1,3
60,109,2,20
60,110,1,3
60,110,2,20
60,111,1,3
60,111,2,20
60,112,1,5
60,112,2,20
60,113,1,3
60,113,2,20
60,114,1,3
60,114,2,20
60,115,1,3
60,115,2,20
60,116,1,3
60,116,2,20
60,117,1,3
60,117,2,20
60,118,1,3
60,118,2,20
60,119,1,3
60,119,2,20
60,120,1,4
60,120,2,20
60,121,1,4
60,121,2,20
60,122,1,4
60,122,2,20
60,123,1,4
60,123,2,20
60,124,1,4
60,124,2,20
60,125,1,4
60,125,2,20
60,126,1,4
60,126,2,20
60,127,1,5
60,127,2,20
60,128,1,4
60,128,2,20
60,129,1,4
60,129,2,20
60,130,1,4
60,130,2,20
60,131,1,4
60,131,2,20
60,132,1,4
60,132,2,20
60,133,1,4
60,133,2,20
60,134,1,4
60,134,2,20
61,0,1,4
61,0,2,20
61,1,1,4
61,1,2,20
61,2,1,4
61,2,2,20
61,3,1,4
61,3,2,20
61,4,1,4
61,4,2,20
61,5,1,4
61,5,2,20
61,6,1,4
61,6,2,20
61,7,1,5
61,7,2,20
61,8,1,4
61,8,2,20
61,9,1,4
61,9,2,20
61,10,1,4
61,10,2,20
61,11,1,4
61,11,2,20
61,12,1,4
61,12,2,20
61,13,1,4
61,13,2,20
61,14,1,4
61,14,2,20
61,15,1,3
61,15,2,20
61,16,1,3
61,16,2,20
61,17,1,3
61,17,2,20
61,18,1,3
61,18,2,20
61,19,1,3
61,19,2,20
61,20,1,3
61,20,2,20
61,21,1,3
61,21,2,20
61,22,1,5
61,22,2,20
61,23,1,3
61,23,2,20
61,24,1,3
61,24,2,20
61,25,1,3
61,25,2,20
61,26,1,3
61,26,2,20
61,27,1,3
61,27,2,20
61,28,1,3
61,28,2,20
61,29,1,3
61,29,2,20
61,30,1,3
61,30,2,20
61,31,1,2
61,31,2,20
61,32,1,2
61,32,2,20
61,33,1,2
61,33,2,20
61,34,1,2
61,34,2,20
61,35,1,2
61,35,2,20
61,36,1,3
61,36,2,20
61,37,1,5
61,37,2,20
61,38,1,3
61,38,2,20
61,39,1,2
61,39,2,20
61,40,1,2
61,40,2,20
61,41,1,2
61,41,2,20
61,42,1,2
61,42,2,20
61,43,1,2
61,43,2,20
61,44,1,3
61,44,2,20
61,45,1,3
61,45,2,20
61,46,1,2
61,46,2,20
61,47,1,1
61,47,2,20
61,48,1,1
61,48,2,20
61,49,1,1
61,49,2,20
61,50,1,2
61,50,2,20
61,51,1,3
61,51,2,20
61,52,1,5
61,52,2,20
61,53,1,3
61,53,2,20
61,54,1,2
61,54,2,20
61,55,1,1
61,55,2,20
61,56,1,1
61,56,2,20
61,57,1,1
61,57,2,20
61,58,1,2
61,58,2,20
61,59,1,3
61,59,2,20
61,60,1,3
61,60,2,20
61,61,1,2
61,61,2,20
61,62,1,1
61,62,2,20
61,63,1,0
61,63,2,20
61,64,1,1
61,64,2,20
61,65,1,2
61,65,2,20
61,66,1,3
61,66,2,20
61,67,1,5
61,67,2,20
61,68,1,3
61,68,2,20
61,69,1,2
61,69,2,20
61,70,1,1
61,70,2,20
61,71,1,0
61,71,2,20
61,72,1,1
61,72,2,20
61,73,1,2
61,73,2,20
61,74,1,3
61,74,2,20
61,75,1,3
61,75,2,20
61,76,1,2
61,76,2,20
61,77,1,1
61,77,2,20
61,78,1,1
61,78,2,20
61,79,1,1
61,79,2,20
61,80,1,2
61,80,2,20
61,81,1,3
61,81,2,20
61,82,1,5
61,82,2,20
61,83,1,3
61,83,2,20
61,84,1,2
61,84,2,20
61,85,1,1
61,85,2,20
61,86,1,1
61,86,2,20
61,87,1,1
61,87,2,20
61,88,1,2
61,88,2,20
61,89,1,3
61,89,2,20
61,90,1,3
61,90,2,20
61,91,1,2
61,91,2,20
61,92,1,2
61,92,2,20
61,93,1,2
61,93,2,20
61,94,1,2
61,94,2,20
61,95,1,2
61,95,2,20
61,96,1,3
61,96,2,20
61,97,1,5
61,97,2,20
61,98,1,3
61,98,2,20
61,99,1,2
61,99,2,20
61,100,1,2
61,100,2,20
61,101,1,2
61,101,2,20
61,102,1,2
61,102,2,20
61,103,1,2
61,103,2,20
61,104,1,3
61,104,2,20
61,105,1,3
61,105,2,20
61,106,1,3
61,106,2,20
61,107,1,3
61,107,2,20
61,108,1,3
61,108,2,20
61,109,1,3
61,109,2,20
61,110,1,3
61,110,2,20
61,111,1,3
61,111,2,20
61,112,1,5
61,112,2,20
61,113,1,3
61,113,2,20
61,114,1,3
61,114,2,20
61,115,1,3
61,115,2,20
61,116,1,3
61,116,2,20
61,117,1,3
61,117,2,20
61,118,1,3
61,118,2,20
61,119,1,3
61,119,2,20
61,120,1,4
61,120,2,20
61,121,1,4
61,121,2,20
61,122,1,4
61,122,2,20
61,123,1,4
61,123,2,20
61,124,1,4
61,124,2,20
61,125,1,4
61,125,2,20
61,126,1,4
61,126,2,20
61,127,1,5
61,127,2,20
61,128,1,4
61,128,2,20
61,129,1,4
61,129,2,20
61,130,1,4
61,130,2,20
61,131,1,4
61,131,2,20
61,132,1,4
61,132,2,20
61,133,1,4
61,133,2,20
61,134,1,4
61,134,2,20
62,0,1,4
62,0,2,20
62,1,1,4
62,1,2,20
62,2,1,4
62,2,2,20
62,3,1,4
62,3,2,20
62,4,1,4
62,4,2,20
62,5,1,4
62,5,2,20
62,6,1,4
62,6,2,20
62,7,1,5
62,7,2,20
62,8,1,4
62,8,2,20
62,9,1,4
62,9,2,20
62,10,1,4
62,10,2,20
62,11,1,4
62,11,2,20
62,12,1,4
62,12,2,20
62,13,1,4
62,13,2,20
62,14,1,4
62,14,2,20
62,15,1,3
62,15,2,20
62,16,1,3
62,16,2,20
62,17,1,3
62,17,2,20
62,18,1,3
62,18,2,20
62,19,1,3
62,19,2,20
62,20,1,3
62,20,2,20
62,21,1,3
62,21,2,20
62,22,1,5
62,22,2,20
62,23,1,3
62,23,2,20
62,24,1,3
62,24,2,20
62,25,1,3
62,25,2,20
62,26,1,3
62,26,2,20
62,27,1,3
62,27,2,20
62,28,1,3
62,28,2,20
62,29,1,3
62,29,2,20
62,30,1,3
62,30,2,20
62,31,1,2
62,31,2,20
62,32,1,2
62,32,2,20
62,33,1,2
62,33,2,20
62,34,1,2
62,34,2,20
62,35,1,2
62,35,2,20
62,36,1,3
62,36,2,20
62,37,1,5
62,37,2,20
62,38,1,3
62,38,2,20
62,39,1,2
62,39,2,20
62,40,1,2
62,40,2,20
62,41,1,2
62,41,2,20
62,42,1,2
62,42,2,20
62,43,1,2
62,43,2,20
62,44,1,3
62,44,2,20
62,45,1,3
62,45,2,20
62,46,1,2
62,46,2,20
62,47,1,1
62,47,2,20
62,48,1,1
62,48,2,20
62,49,1,1
62,49,2,20
62,50,1,2
62,50,2,20
62,51,1,3
62,51,2,20
62,52,1,5
62,52,2,20
62,53,1,3
62,53,2,20
62,54,1,2
62,54,2,20
62,55,1,1
62,55,2,20
62,56,1,1
62,56,2,20
62,57,1,1
62,57,2,20
62,58,1,2
62,58,2,20
62,59,1,3
62,59,2,20
62,60,1,3
62,60,2,20
62,61,1,2
62,61,2,20
62,62,1,1
62,62,2,20
62,63,1,0
62,63,2,20
62,64,1,1
62,64,2,20
62,65,1,2
62,65,2,20
62,66,1,3
62,66,2,20
62,67,1,5
62,67,2,20
62,68,1,3
62,68,2,20
62,69,1,2
62,69,2,20
62,70,1,1
62,70,2,20
62,71,1,0
62,71,2,20
62,72,1,1
62,72,2,20
62,73,1,2
62,73,2,20
62,74,1,3
62,74,2,20
62,75,1,3
62,75,2,20
62,76,1,2
62,76,2,20
62,77,1,1
62,77,2,20
62,78,1,1
62,78,2,20
62,79,1,1
62,79,2,20
62,80,1,2
62,80,2,20
62,81,1,3
62,81,2,20
62,82,1,5
62,82,2,20
62,83,1,3
62,83,2,20
62,84,1,2
62,84,2,20
62,85,1,1
62,85,2,20
62,86,1,1
62,86,2,20
62,87,1,1
62,87,2,20
62,88,1,2
62,88,2,20
62,89,1,3
62,89,2,20
62,90,1,3
62,90,2,20
62,91,1,2
62,91,2,20
62,92,1,2
62,92,2,20
62,93,1,2
62,93,2,20
62,94,1,2
62,94,2,20
62,95,1,2
62,95,2,20
62,96,1,3
62,96,2,20
62,97,1,5
62,97,2,20
62,98,1,3
62,98,2,20
62,99,1,2
62,99,2,20
62,100,1,2
62,100,2,20
62,101,1,2
62,101,2,20
62,102,1,2
62,102,2,20
62,103,1,2
62,103,2,20
62,104,1,3
62,104,2,20
62,105,1,3
62,105,2,20
62,106,1,3
62,106,2,20
62,107,1,3
62,107,2,20
62,108,1,3
62,108,2,20
62,109,1,3
62,109,2,20
62,110,1,3
62,110,2,20
62,111,1,3
62,111,2,20
62,112,1,5
62,112,2,20
62,113,1,3
62,113,2,20
62,114,1,3
62,114,2,20
62,115,1,3
62,115,2,20
62,116,1,3
62,116,2,20
62,117,1,3
62,117,2,20
62,118,1,3
62,118,2,20
62,119,1,3
62,119,2,20
62,120,1,4
62,120,2,20
62,121,1,4
62,121,2,20
62,122,1,4
62,122,2,20
62,123,1,4
62,123,2,20
62,124,1,4
62,124,2,20
62,125,1,4
62,125,2,20
62,126,1,4
62,126,2,20
62,127,1,5
62,127,2,20
62,128,1,4
62,128,2,20
62,129,1,4
62,129,2,20
62,130,1,4
62,130,2,20
62,131,1,4
62,131,2,20
62,132,1,4
62,132,2,20
62,133,1,4
62,133,2,20
62,134,1,4
62,134,2,20
63,0,1,4
63,0,2,20
63,1,1,4
63,1,2,20
63,2,1,4
63,2,2,20
63,3,1,4
63,3,2,20
63,4,1,4
63,4,2,20
63,5,1,4
63,5,2,20
63,6,1,4
63,6,2,20
63,7,1,5
63,7,2,20
63,8,1,4
63,8,2,20
63,9,1,4
63,9,2,20
63,10,1,4
63,10,2,20
63,11,1,4
63,11,2,20
63,12,1,4
63,12,2,20
63,13,1,4
63,13,2,20
63,14,1,4
63,14,2,20
63,15,1,3
63,15,2,20
63,16,1,3
63,16,2,20
63,17,1,3
63,17,2,20
63,18,1,3
63,18,2,20
63,19,1,3
63,19,2,20
63,20,1,3
63,20,2,20
63,21,1,3
63,21,2,20
63,22,1,5
63,22,2,20
63,23,1,3
63,23,2,20
63,24,1,3
63,24,2,20
63,25,1,3
63,25,2,20
63,26,1,3
63,26,2,20
63,27,1,3
63,27,2,20
63,28,1,3
63,28,2,20
63,29,1,3
63,29,2,20
63,30,1,3
63,30,2,20
63,31,1,2
63,31,2,20
63,32,1,2
63,32,2,20
63,33,1,2
63,33,2,20
63,34,1,2
63,34,2,20
63,35,1,2
63,35,2,20
63,36,1,3
63,36,2,20
63,37,1,5
63,37,2,20
63,38,1,3
63,38,2,20
63,39,1,2
63,39,2,20
63,40,1,2
63,40,2,20
63,41,1,2
63,41,2,20
63,42,1,2
63,42,2,20
63,43,1,2
63,43,2,20
63,44,1,3
63,44,2,20
63,45,1,3
63,45,2,20
63,46,1,2
63,46,2,20
63,47,1,1
63,47,2,20
63,48,1,1
63,48,2,20
63,49,1,1
63,49,2,20
63,50,1,2
63,50,2,20
63,51,1,3
63,51,2,20
63,52,1,5
63,52,2,20
63,53,1,3
63,53,2,20
63,54,1,2
63,54,2,20
63,55,1,1
63,55,2,20
63,56,1,1
63,56,2,20
63,57,1,1
63,57,2,20
63,58,1,2
63,58,2,20
63,59,1,3
63,59,2,20
63,60,1,3
63,60,2,20
63,61,1,2
63,61,2,20
63,62,1,1
63,62,2,20
63,63,1,0
63,63,2,20
63,64,1,1
63,64,2,20
63,65,1,2
63,65,2,20
63,66,1,3
63,66,2,20
63,67,1,5
63,67,2,20
63,68,1,3
63,68,2,20
63,69,1,2
63,69,2,20
63,70,1,1
63,70,2,20
63,71,1,0
63,71,2,20
63,72,1,1
63,72,2,20
63,73,1,2
63,73,2,20
63,74,1,3
63,74,2,20
63,75,1,3
63,75,2,20
63,76,1,2
63,76,2,20
63,77,1,1
63,77,2,20
63,78,1,1
63,78,2,20
63,79,1,1
63,79,2,20
63,80,1,2
63,80,2,20
63,81,1,3
63,81,2,20
63,82,1,5
63,82,2,20
63,83,1,3
63,83,2,20
63,84,1,2
63,84,2,20
63,85,1,1
63,85,2,20
63,86,1,1
63,86,2,20
63,87,1,1
63,87,2,20
63,88,1,2
63,88,2,20
63,89,1,3
63,89,2,20
63,90,1,3
63,90,2,20
63,91,1,2
63,91,2,20
63,92,1,2
63,92,2,20
63,93,1,2
63,93,2,20
63,94,1,2
63,94,2,20
63,95,1,2
63,95,2,20
63,96,1,3
63,96,2,20
63,97,1,5
63,97,2,20
63,98,1,3
63,98,2,20
63,99,1,2
63,99,2,20
63,100,1,2
63,100,2,20
63,101,1,2
63,101,2,20
63,102,1,2
63,102,2,20
63,103,1,2
63,103,2,20
63,104,1,3
63,104,2,20
63,105,1,3
63,105,2,20
63,106,1,3
63,106,2,20
63,107,1,3
63,107,2,20
63,108,1,3
63,108,2,20
63,109,1,3
63,109,2,20
63,110,1,3
63,110,2,20
63,111,1,3
63,111,2,20
63,112,1,5
63,112,2,20
63,113,1,3
63,113,2,20
63,114,1,3
63,114,2,20
63,115,1,3
63,115,2,20
63,116,1,3
63,116,2,20
63,117,1,3
63,117,2,20
63,118,1,3
63,118,2,20
63,119,1,3
63,119,2,20
63,120,1,4
63,120,2,20
63,121,1,4
63,121,2,20
63,122,1,4
63,122,2,20
63,123,1,4
63,123,2,20
63,124,1,4
63,124,2,20
63,125,1,4
63,125,2,20
63,126,1,4
63,126,2,20
63,127,1,5
63,127,2,20
63,128,1,4
63,128,2,20
63,129,1,4
63,129,2,20
63,130,1,4
63,130,2,20
63,131,1,4
63,131,2,20
63,132,1,4
63,132,2,20
63,133,1,4
63,133,2,20
63,134,1,4
63,134,2,20
64,0,1,4
64,0,2,20
64,1,1,4
64,1,2,20
64,2,1,4
64,2,2,20
64,3,1,4
64,3,2,20
64,4,1,4
64,4,2,20
64,5,1,4
64,5,2,20
64,6,1,4
64,6,2,20
64,7,1,5
64,7,2,20
64,8,1,4
64,8,2,20
64,9,1,4
64,9,2,20
64,10,1,4
64,10,2,20
64,11,1,4
64,11,2,20
64,12,1,4
64,12,2,20
64,13,1,4
64,13,2,20
64,14,1,4
64,14,2,20
64,15,1,3
64,15,2,20
64,16,1,3
64,16,2,20
64,17,1,3
64,17,2,20
64,18,1,3
64,18,2,20
64,19,1,3
64,19,2,20
64,20,1,3
64,20,2,20
64,21,1,3
64,21,2,20
64,22,1,5
64,22,2,20
64,23,1,3
64,23,2,20
64,24,1,3
64,24,2,20
64,25,1,3
64,25,2,20
64,26,1,3
64,26,2,20
64,27,1,3
64,27,2,20
64,28,1,3
64,28,2,20
64,29,1,3
64,29,2,20
64,30,1,3
64,30,2,20
64,31,1,2
64,31,2,20
64,32,1,2
64,32,2,20
64,33,1,2
64,33,2,20
64,34,1,2
64,34,2,20
64,35,1,2
64,35,2,20
64,36,1,3
64,36,2,20
64,37,1,5
64,37,2,20
64,38,1,3
64,38,2,20
64,39,1,2
64,39,2,20
64,40,1,2
64,40,2,20
64,41,1,2
64,41,2,20
64,42,1,2
64,42,2,20
64,43,1,2
64,43,2,20
64,44,1,3
64,44,2,20
64,45,1,3
64,45,2,20
64,46,1,2
64,46,2,20
64,47,1,1
64,47,2,20
64,48,1,1
64,48,2,20
64,49,1,1
64,49,2,20
64,50,1,2
64,50,2,20
64,51,1,3
64,51,2,20
64,52,1,5
64,52,2,20
64,53,1,3
64,53,2,20
64,54,1,2
64,54,2,20
64,55,1,1
64,55,2,20
64,56,1,1
64,56,2,20
64,57,1,1
64,57,2,20
64,58,1,2
64,58,2,20
64,59,1,3
64,59,2,20
64,60,1,3
64,60,2,20
64,61,1,2
64,61,2,20
64,62,1,1
64,62,2,20
64,63,1,0
64,63,2,20
64,64,1,1
64,64,2,20
64,65,1,2
64,65,2,20
64,66,1,3
64,66,2,20
64,67,1,5
64,67,2,20
64,68,1,3
64,68,2,20
64,69,1,2
64,69,2,20
64,70,1,1
64,70,2,20
64,71,1,0
64,71,2,20
64,72,1,1
64,72,2,20
64,73,1,2
64,73,2,20
64,74,1,3
64,74,2,20
64,75,1,3
64,75,2,20
64,76,1,2
64,76,2,20
64,77,1,1
64,77,2,20
64,78,1,1
64,78,2,20
64,79,1,1
64,79,2,20
64,80,1,2
64,80,2,20
64,81,1,3
64,81,2,20
64,82,1,5
64,82,2,20
64,83,1,3
64,83,2,20
64,84,1,2
64,84,2,20
64,85,1,1
64,85,2,20
64,86,1,1
64,86,2,20
64,87,1,1
64,87,2,20
64,88,1,2
64,88,2,20
64,89,1,3
64,89,2,20
64,90,1,3
64,90,2,20
64,91,1,2
64,91,2,20
64,92,1,2
64,92,2,20
64,93,1,2
64,93,2,20
64,94,1,2
64,94,2,20
64,95,1,2
64,95,2,20
64,96,1,3
64,96,2,20
64,97,1,5
64,97,2,20
64,98,1,3
64,98,2,20
64,99,1,2
64,99,2,20
64,100,1,2
64,100,2,20
64,101,1,2
64,101,2,20
64,102,1,2
64,102,2,20
64,103,1,2
64,103,2,20
64,104,1,3
64,104,2,20
64,105,1,3
64,105,2,20
64,106,1,3
64,106,2,20
64,107,1,3
64,107,2,20
64,108,1,3
64,108,2,20
64,109,1,3
64,109,2,20
64,110,1,3
64,110,2,20
64,111,1,3
64,111,2,20
64,112,1,5
64,112,2,20
64,113,1,3
64,113,2,20
64,114,1,3
64,114,2,20
64,115,1,3
64,115,2,20
64,116,1,3
64,116,2,20
64,117,1,3
64,117,2,20
64,118,1,3
64,118,2,20
64,119,1,3
64,119,2,20
64,120,1,4
64,120,2,20
64,121,1,4
64,121,2,20
64,122,1,4
64,122,2,20
64,123,1,4
64,123,2,20
64,124,1,4
64,124,2,20
64,125,1,4
64,125,2,20
64,126,1,4
64,126,2,20
64,127,1,5
64,127,2,20
64,128,1,4
64,128,2,20
64,129,1,4
64,129,2,20
64,130,1,4
64,130,2,20
64,131,1,4
64,131,2,20
64,132,1,4
64,132,2,20
64,133,1,4
64,133,2,20
64,134,1,4
64,134,2,20
65,0,1,4
65,0,2,20
65,1,1,4
65,1,2,20
65,2,1,4
65,2,2,20
65,3,1,4
65,3,2,20
65,4,1,4
65,4,2,20
65,5,1,4
65,5,2,20
65,6,1,4
65,6,2,20
65,7,1,5
65,7,2,20
65,8,1,4
65,8,2,20
65,9,1,4
65,9,2,20
65,10,1,4
65,10,2,20
65,11,1,4
65,11,2,20
65,12,1,4
65,12,2,20
65,13,1,4
65,13,2,20
65,14,1,4
65,14,2,20
65,15,1,3
65,15,2,20
65,16,1,3
65,16,2,20
65,17,1,3
65,17,2,20
65,18,1,3
65,18,2,20
65,19,1,3
65,19,2,20
65,20,1,3
65,20,2,20
65,21,1,3
65,21,2,20
65,22,1,5
65,22,2,20
65,23,1,3
65,23,2,20
65,24,1,3
65,24,2,20
65,25,1,3
65,25,2,20
65,26,1,3
65,26,2,20
65,27,1,3
65,27,2,20
65,28,1,3
65,28,2,20
65,29,1,3
65,29,2,20
65,30,1,3
65,30,2,20
65,31,1,2
65,31,2,20
65,32,1,2
65,32,2,20
65,33,1,2
65,33,2,20
65,34,1,2
65,34,2,20
65,35,1,2
65,35,2,20
65,36,1,3
65,36,2,20
65,37,1,5
65,37,2,20
65,38,1,3
65,38,2,20
65,39,1,2
65,39,2,20
65,40,1,2
65,40,2,20
65,41,1,2
65,41,2,20
65,42,1,2
65,42,2,20
65,43,1,2
65,43,2,20
65,44,1,3
65,44,2,20
65,45,1,3
65,45,2,20
65,46,1,2
65,46,2,20
65,47,1,1
65,47,2,20
65,48,1,1
65,48,2,20
65,49,1,1
65,49,2,20
65,50,1,2
65,50,2,20
65,51,1,3
65,51,2,20
65,52,1,5
65,52,2,20
65,53,1,3
65,53,2,20
65,54,1,2
65,54,2,20
65,55,1,1
65,55,2,20
65,56,1,1
65,56,2,20
65,57,1,1
65,57,2,20
65,58,1,2
65,58,2,20
65,59,1,3
65,59,2,20
65,60,1,3
65,60,2,20
65,61,1,2
65,61,2,20
65,62,1,1
65,62,2,20
65,63,1,0
65,63,2,20
65,64,1,1
65,64,2,20
65,65,1,2
65,65,2,20
65,66,1,3
65,66,2,20
65,67,1,5
65,67,2,20
65,68,1,3
65,68,2,20
65,69,1,2
65,69,2,20
65,70,1,1
65,70,2,20
65,71,1,0
65,71,2,20
65,72,1,1
65,72,2,20
65,73,1,2
65,73,2,20
65,74,1,3
65,74,2,20
65,75,1,3
65,75,2,20
65,76,1,2
65,76,2,20
65,77,1,1
65,77,2,20
65,78,1,1
65,78,2,20
65,79,1,1
65,79,2,20
65,80,1,2
65,80,2,20
65,81,1,3
65,81,2,20
65,82,1,5
65,82,2,20
65,83,1,3
65,83,2,20
65,84,1,2
65,84,2,20
65,85,1,1
65,85,2,20
65,86,1,1
65,86,2,20
65,87,1,1
65,87,2,20
65,88,1,2
65,88,2,20
65,89,1,3
65,89,2,20
65,90,1,3
65,90,2,20
65,91,1,2
65,91,2,20
65,92,1,2
65,92,2,20
65,93,1,2
65,93,2,20
65,94,1,2
65,94,2,20
65,95,1,2
65,95,2,20
65,96,1,3
65,96,2,20
65,97,1,5
65,97,2,20
65,98,1,3
65,98,2,20
65,99,1,2
65,99,2,20
65,100,1,2
65,100,2,20
65,101,1,2
65,101,2,20
65,102,1,2
65,102,2,20
65,103,1,2
65,103,2,20
65,104,1,3
65,104,2,20
65,105,1,3
65,105,2,20
65,106,1,3
65,106,2,20
65,107,1,3
65,107,2,20
65,108,1,3
65,108,2,20
65,109,1,3
65,109,2,20
65,110,1,3
65,110,2,20
65,111,1,3
65,111,2,20
65,112,1,5
65,112,2,20
65,113,1,3
65,113,2,20
65,114,1,3
65,114,2,20
65,115,1,3
65,115,2,20
65,116,1,3
65,116,2,20
65,117,1,3
65,117,2,20
65,118,1,3
65,118,2,20
65,119,1,3
65,119,2,20
65,120,1,4
65,120,2,20
65,121,1,4
65,121,2,20
65,122,1,4
65,122,2,20
65,123,1,4
65,123,2,20
65,124,1,4
65,124,2,20
65,125,1,4
65,125,2,20
65,126,1,4
65,126,2,20
65,127,1,5
65,127,2,20
65,128,1,4
65,128,2,20
65,129,1,4
65,129,2,20
65,130,1,4
65,130,2,20
65,131,1,4
65,131,2,20
65,132,1,4
65,132,2,20
65,133,1,4
65,133,2,20
65,134,1,4
65,134,2,20
66,0,1,4
66,0,2,20
66,1,1,4
66,1,2,20
66,2,1,4
66,2,2,20
66,3,1,4
66,3,2,20
66,4,1,4
66,4,2,20
66,5,1,4
66,5,2,20
66,6,1,4
66,6,2,20
66,7,1,5
66,7,2,20
66,8,1,4
66,8,2,20
66,9,1,4
66,9,2,20
66,10,1,4
66,10,2,20
66,11,1,4
66,11,2,20
66,12,1,4
66,12,2,20
66,13,1,4
66,13,2,20
66,14,1,4
66,14,2,20
66,15,1,3
66,15,2,20
66,16,1,3
66,16,2,20
66,17,1,3
66,17,2,20
66,18,1,3
66,18,2,20
66,19,1,3
66,19,2,20
66,20,1,3
66,20,2,20
66,21,1,3
66,21,2,20
66,22,1,5
66,22,2,20
66,23,1,3
66,23,2,20
66,24,1,3
66,24,2,20
66,25,1,3
66,25,2,20
66,26,1,3
66,26,2,20
66,27,1,3
66,27,2,20
66,28,1,3
66,28,2,20
66,29,1,3
66,29,2,20
66,30,1,3
66,30,2,20
66,31,1,2
66,31,2,20
66,32,1,2
66,32,2,20
66,33,1,2
66,33,2,20
66,34,1,2
66,34,2,20
66,35,1,2
66,35,2,20
66,36,1,3
66,36,2,20
66,37,1,5
66,37,2,20
66,38,1,3
66,38,2,20
66,39,1,2
66,39,2,20
66,40,1,2
66,40,2,20
66,41,1,2
66,41,2,20
66,42,1,2
66,42,2,20
66,43,1,2
66,43,2,20
66,44,1,3
66,44,2,20
66,45,1,3
66,45,2,20
66,46,1,2
66,46,2,20
66,47,1,1
66,47,2,20
66,48,1,1
66,48,2,20
66,49,1,1
66,49,2,20
66,50,1,2
66,50,2,20
66,51,1,3
66,51,2,20
66,52,1,5
66,52,2,20
66,53,1,3
66,53,2,20
66,54,1,2
66,54,2,20
66,55,1,1
66,55,2,20
66,56,1,1
66,56,2,20
66,57,1,1
66,57,2,20
66,58,1,2
66,58,2,20
66,59,1,3
66,59,2,20
66,60,1,3
66,60,2,20
66,61,1,2
66,61,2,20
66,62,1,1
66,62,2,20
66,63,1,0
66,63,2,20
66,64,1,1
66,64,2,20
66,65,1,2
66,65,2,20
66,66,1,3
66,66,2,20
66,67,1,5
66,67,2,20
66,68,1,3
66,68,2,20
66,69,1,2
66,69,2,20
66,70,1,1
66,70,2,20
66,71,1,0
66,71,2,20
66,72,1,1
66,72,2,20
66,73,1,2
66,73,2,20
66,74,1,3
66,74,2,20
66,75,1,3
66,75,2,20
66,76,1,2
66,76,2,20
66,77,1,1
66,77,2,20
66,78,1,1
66,78,2,20
66,79,1,1
66,79,2,20
66,80,1,2
66,80,2,20
66,81,1,3
66,81,2,20
66,82,1,5
66,82,2,20
66,83,1,3
66,83,2,20
66,84,1,2
66,84,2,20
66,85,1,1
66,85,2,20
66,86,1,1
66,86,2,20
66,87,1,1
66,87,2,20
66,88,1,2
66,88,2,20
66,89,1,3
66,89,2,20
66,90,1,3
66,90,2,20
66,91,1,2
66,91,2,20
66,92,1,2
66,92,2,20
66,93,1,2
66,93,2,20
66,94,1,2
66,94,2,20
66,95,1,2
66,95,2,20
66,96,1,3
66,96,2,20
66,97,1,5
66,97,2,20
66,98,1,3
66,98,2,20
66,99,1,2
66,99,2,20
66,100,1,2
66,100,2,20
66,101,1,2
66,101,2,20
66,102,1,2
66,102,2,20
66,103,1,2
66,103,2,20
66,104,1,3
66,104,2,20
66,105,1,3
66,105,2,20
66,106,1,3
66,106,2,20
66,107,1,3
66,107,2,20
66,108,1,3
66,108,2,20
66,109,1,3
66,109,2,20
66,110,1,3
66,110,2,20
66,111,1,3
66,111,2,20
66,112,1,5
66,112,2,20
66,113,1,3
66,113,2,20
66,114,1,3
66,114,2,20
66,115,1,3
66,115,2,20
66,116,1,3
66,116,2,20
66,117,1,3
66,117,2,20
66,118,1,3
66,118,2,20
66,119,1,3
66,119,2,20
66,120,1,4
66,120,2,20
66,121,1,4
66,121,2,20
66,122,1,4
66,122,2,20
66,123,1,4
66,123,2,20
66,124,1,4
66,124,2,20
66,125,1,4
66,125,2,20
66,126,1,4
66,126,2,20
66,127,1,5
66,127,2,20
66,128,1,4
66,128,2,20
66,129,1,4
66,129,2,20
66,130,1,4
66,130,2,20
66,131,1,4
66,131,2,20
66,132,1,4
66,132,2,20
66,133,1,4
66,133,2,20
66,134,1,4
66,134,2,20
67,0,1,4
67,0,2,20
67,1,1,4
67,1,2,20
67,2,1,4
67,2,2,20
67,3,1,4
67,3,2,20
67,4,1,4
67,4,2,20
67,5,1,4
67,5,2,20
67,6,1,4
67,6,2,20
67,7,1,5
67,7,2,20
67,8,1,4
67,8,2,20
67,9,1,4
67,9,2,20
67,10,1,4
67,10,2,20
67,11,1,4
67,11,2,20
67,12,1,4
67,12,2,20
67,13,1,4
67,13,2,20
67,14,1,4
67,14,2,20
67,15,1,3
67,15,2,20
67,16,1,3
67,16,2,20
67,17,1,3
67,17,2,20
67,18,1,3
67,18,2,20
67,19,1,3
67,19,2,20
67,20,1,3
67,20,2,20
67,21,1,3
67,21,2,20
67,22,1,5
67,22,2,20
67,23,1,3
67,23,2,20
67,24,1,3
67,24,2,20
67,25,1,3
67,25,2,20
67,26,1,3
67,26,2,20
67,27,1,3
67,27,2,20
67,28,1,3
67,28,2,20
67,29,1,3
67,29,2,20
67,30,1,3
67,30,2,20
67,31,1,2
67,31,2,20
67,32,1,2
67,32,2,20
67,33,1,2
67,33,2,20
67,34,1,2
67,34,2,20
67,35,1,2
67,35,2,20
67,36,1,3
67,36,2,20
67,37,1,5
67,37,2,20
67,38,1,3
67,38,2,20
67,39,1,2
67,39,2,20
67,40,1,2
67,40,2,20
67,41,1,2
67,41,2,20
67,42,1,2
67,42,2,20
67,43,1,2
67,43,2,20
67,44,1,3
67,44,2,20
67,45,1,3
67,45,2,20
67,46,1,2
67,46,2,20
67,47,1,1
67,47,2,20
67,48,1,1
67,48,2,20
67,49,1,1
67,49,2,20
67,50,1,2
67,50,2,20
67,51,1,3
67,51,2,20
67,52,1,5
67,52,2,20
67,53,1,3
67,53,2,20
67,54,1,2
67,54,2,20
67,55,1,1
67,55,2,20
67,56,1,1
67,56,2,20
67,57,1,1
67,57,2,20
67,58,1,2
67,58,2,20
67,59,1,3
67,59,2,20
67,60,1,3
67,60,2,20
67,61,1,2
67,61,2,20
67,62,1,1
67,62,2,20
67,63,1,0
67,63,2,20
67,64,1,1
67,64,2,20
67,65,1,2
67,65,2,20
67,66,1,3
67,66,2,20
67,67,1,5
67,67,2,20
67,68,1,3
67,68,2,20
67,69,1,2
67,69,2,20
67,70,1,1
67,70,2,20
67,71,1,0
67,71,2,20
67,72,1,1
67,72,2,20
67,73,1,2
67,73,2,20
67,74,1,3
67,74,2,20
67,75,1,3
67,75,2,20
67,76,1,2
67,76,2,20
67,77,1,1
67,77,2,20
67,78,1,1
67,78,2,20
67,79,1,1
67,79,2,20
67,80,1,2
67,80,2,20
67,81,1,3
67,81,2,20
67,82,1,5
67,82,2,20
67,83,1,3
67,83,2,20
67,84,1,2
67,84,2,20
67,85,1,1
67,85,2,20
67,86,1,1
67,86,2,20
67,87,1,1
67,87,2,20
67,88,1,2
67,88,2,20
67,89,1,3
67,89,2,20
67,90,1,3
67,90,2,20
67,91,1,2
67,91,2,20
67,92,1,2
67,92,2,20
67,93,1,2
67,93,2,20
67,94,1,2
67,94,2,20
67,95,1,2
67,95,2,20
67,96,1,3
67,96,2,20
67,97,1,5
67,97,2,20
67,98,1,3
67,98,2,20
67,99,1,2
67,99,2,20
67,100,1,2
67,100,2,20
67,101,1,2
67,101,2,20
67,102,1,2
67,102,2,20
67,103,1,2
67,103,2,20
67,104,1,3
67,104,2,20
67,105,1,3
67,105,2,20
67,106,1,3
67,106,2,20
67,107,1,3
67,107,2,20
67,108,1,3
67,108,2,20
67,109,1,3
67,109,2,20
67,110,1,3
67,110,2,20
67,111,1,3
67,111,2,20
67,112,1,5
67,112,2,20
67,113,1,3
67,113,2,20
67,114,1,3
67,114,2,20
67,115,1,3
67,115,2,20
67,116,1,3
67,116,2,20
67,117,1,3
67,117,2,20
67,118,1,3
67,118,2,20
67,119,1,3
67,119,2,20
67,120,1,4
67,120,2,20
67,121,1,4
67,121,2,20
67,122,1,4
67,122,2,20
67,123,1,4
67,123,2,20
67,124,1,4
67,124,2,20
67,125,1,4
67,125,2,20
67,126,1,4
67,126,2,20
67,127,1,5
67,127,2,20
67,128,1,4
67,128,2,20
67,129,1,4
67,129,2,20
67,130,1,4
67,130,2,20
67,131,1,4
67,131,2,20
67,132,1,4
67,132,2,20
67,133,1,4
67,133,2,20
67,134,1,4
67,134,2,20
68,0,1,4
68,0,2,20
68,1,1,4
68,1,2,20
68,2,1,4
68,2,2,20
68,3,1,4
68,3,2,20
68,4,1,4
68,4,2,20
68,5,1,4
68,5,2,20
68,6,1,4
68,6,2,20
68,7,1,5
68,7,2,20
68,8,1,4
68,8,2,20
68,9,1,4
68,9,2,20
68,10,1,4
68,10,2,20
68,11,1,4
68,11,2,20
68,12,1,4
68,12,2,20
68,13,1,4
68,13,2,20
68,14,1,4
68,14,2,20
68,15,1,3
68,15,2,20
68,16,1,3
68,16,2,20
68,17,1,3
68,17,2,20
68,18,1,3
68,18,2,20
68,19,1,3
68,19,2,20
68,20,1,3
68,20,2,20
68,21,1,3
68,21,2,20
68,22,1,5
68,22,2,20
68,23,1,3
68,23,2,20
68,24,1,3
68,24,2,20
68,25,1,3
68,25,2,20
68,26,1,3
68,26,2,20
68,27,1,3
68,27,2,20
68,28,1,3
68,28,2,20
68,29,1,3
68,29,2,20
68,30,1,3
68,30,2,20
68,31,1,2
68,31,2,20
68,32,1,2
68,32,2,20
68,33,1,2
68,33,2,20
68,34,1,2
68,34,2,20
68,35,1,2
68,35,2,20
68,36,1,3
68,36,2,20
68,37,1,5
68,37,2,20
68,38,1,3
68,38,2,20
68,39,1,2
68,39,2,20
68,40,1,2
68,40,2,20
68,41,1,2
68,41,2,20
68,42,1,2
68,42,2,20
68,43,1,2
68,43,2,20
68,44,1,3
68,44,2,20
68,45,1,3
68,45,2,20
68,46,1,2
68,46,2,20
68,47,1,1
68,47,2,20
68,48,1,1
68,48,2,20
68,49,1,1
68,49,2,20
68,50,1,2
68,50,2,20
68,51,1,3
68,51,2,20
68,52,1,5
68,52,2,20
68,53,1,3
68,53,2,20
68,54,1,2
68,54,2,20
68,55,1,1
68,55,2,20
68,56,1,1
68,56,2,20
68,57,1,1
68,57,2,20
68,58,1,2
68,58,2,20
68,59,1,3
68,59,2,20
68,60,1,3
68,60,2,20
68,61,1,2
68,61,2,20
68,62,1,1
68,62,2,20
68,63,1,0
68,63,2,20
68,64,1,1
68,64,2,20
68,65,1,2
68,65,2,20
68,66,1,3
68,66,2,20
68,67,1,5
68,67,2,20
68,68,1,3
68,68,2,20
68,69,1,2
68,69,2,20
68,70,1,1
68,70,2,20
68,71,1,0
68,71,2,20
68,72,1,1
68,72,2,20
68,73,1,2
68,73,2,20
68,74,1,3
68,74,2,20
68,75,1,3
68,75,2,20
68,76,1,2
68,76,2,20
68,77,1,1
68,77,2,20
68,78,1,1
68,78,2,20
68,79,1,1
68,79,2,20
68,80,1,2
68,80,2,20
68,81,1,3
68,81,2,20
68,82,1,5
68,82,2,20
68,83,1,3
68,83,2,20
68,84,1,2
68,84,2,20
68,85,1,1
68,85,2,20
68,86,1,1
68,86,2,20
68,87,1,1
68,87,2,20
68,88,1,2
68,88,2,20
68,89,1,3
68,89,2,20
68,90,1,3
68,90,2,20
68,91,1,2
68,91,2,20
68,92,1,2
68,92,2,20
68,93,1,2
68,93,2,20
68,94,1,2
68,94,2,20
68,95,1,2
68,95,2,20
68,96,1,3
68,96,2,20
68,97,1,5
68,97,2,20
68,98,1,3
68,98,2,20
68,99,1,2
68,99,2,20
68,100,1,2
68,100,2,20
68,101,1,2
68,101,2,20
68,102,1,2
68,102,2,20
68,103,1,2
68,103,2,20
68,104,1,3
68,104,2,20
68,105,1,3
68,105,2,20
68,106,1,3
68,106,2,20
68,107,1,3
68,107,2,20
68,108,1,3
68,108,2,20
68,109,1,3
68,109,2,20
68,110,1,3
68,110,2,20
68,111,1,3
68,111,2,20
68,112,1,5
68,112,2,20
68,113,1,3
68,113,2,20
68,114,1,3
68,114,2,20
68,115,1,3
68,115,2,20
68,116,1,3
68,116,2,20
68,117,1,3
68,117,2,20
68,118,1,3
68,118,2,20
68,119,1,3
68,119,2,20
68,120,1,4
68,120,2,20
68,121,1,4
68,121,2,20
68,122,1,4
68,122,2,20
68,123,1,4
68,123,2,20
68,124,1,4
68,124,2,20
68,125,1,4
68,125,2,20
68,126,1,4
68,126,2,20
68,127,1,5
68,127,2,20
68,128,1,4
68,128,2,20
68,129,1,4
68,129,2,20
68,130,1,4
68,130,2,20
68,131,1,4
68,131,2,20
68,132,1,4
68,132,2,20
68,133,1,4
68,133,2,20
68,134,1,4
68,134,2,20
69,0,1,4
69,0,2,20
69,1,1,4
69,1,2,20
69,2,1,4
69,2,2,20
69,3,1,4
69,3,2,20
69,4,1,4
69,4,2,20
69,5,1,4
69,5,2,20
69,6,1,4
69,6,2,20
69,7,1,5
69,7,2,20
69,8,1,4
69,8,2,20
69,9,1,4
69,9,2,20
69,10,1,4
69,10,2,20
69,11,1,4
69,11,2,20
69,12,1,4
69,12,2,20
69,13,1,4
69,13,2,20
69,14,1,4
69,14,2,20
69,15,1,3
69,15,2,20
69,16,1,3
69,16,2,20
69,17,1,3
69,17,2,20
69,18,1,3
69,18,2,20
69,19,1,3
69,19,2,20
69,20,1,3
69,20,2,20
69,21,1,3
69,21,2,20
69,22,1,5
69,22,2,20
69,23,1,3
69,23,2,20
69,24,1,3
69,24,2,20
69,25,1,3
69,25,2,20
69,26,1,3
69,26,2,20
69,27,1,3
69,27,2,20
69,28,1,3
69,28,2,20
69,29,1,3
69,29,2,20
69,30,1,3
69,30,2,20
69,31,1,2
69,31,2,20
69,32,1,2
69,32,2,20
69,33,1,2
69,33,2,20
69,34,1,2
69,34,2,20
69,35,1,2
69,35,2,20
69,36,1,3
69,36,2,20
69,37,1,5
69,37,2,20
69,38,1,3
69,38,2,20
69,39,1,2
69,39,2,20
69,40,1,2
69,40,2,20
69,41,1,2
69,41,2,20
69,42,1,2
69,42,2,20
69,43,1,2
69,43,2,20
69,44,1,3
69,44,2,20
69,45,1,3
69,45,2,20
69,46,1,2
69,46,2,20
69,47,1,1
69,47,2,20
69,48,1,1
69,48,2,20
69,49,1,1
69,49,2,20
69,50,1,2
69,50,2,20
69,51,1,3
69,51,2,20
69,52,1,5
69,52,2,20
69,53,1,3
69,53,2,20
69,54,1,2
69,54,2,20
69,55,1,1
69,55,2,20
69,56,1,1
69,56,2,20
69,57,1,1
69,57,2,20
69,58,1,2
69,58,2,20
69,59,1,3
69,59,2,20
69,60,1,3
69,60,2,20
69,61,1,2
69,61,2,20
69,62,1,1
69,62,2,20
69,63,1,0
69,63,2,20
69,64,1,1
69,64,2,20
69,65,1,2
69,65,2,20
69,66,1,3
69,66,2,20
69,67,1,5
69,67,2,20
69,68,1,3
69,68,2,20
69,69,1,2
69,69,2,20
69,70,1,1
69,70,2,20
69,71,1,0
69,71,2,20
69,72,1,1
69,72,2,20
69,73,1,2
69,73,2,20
69,74,1,3
69,74,2,20
69,75,1,3
69,75,2,20
69,76,1,2
69,76,2,20
69,77,1,1
69,77,2,20
69,78,1,1
69,78,2,20
69,79,1,1
69,79,2,20
69,80,1,2
69,80,2,20
69,81,1,3
69,81,2,20
69,82,1,5
69,82,2,20
69,83,1,3
69,83,2,20
69,84,1,2
69,84,2,20
69,85,1,1
69,85,2,20
69,86,1,1
69,86,2,20
69,87,1,1
69,87,2,20
69,88,1,2
69,88,2,20
69,89,1,3
69,89,2,20
69,90,1,3
69,90,2,20
69,91,1,2
69,91,2,20
69,92,1,2
69,92,2,20
69,93,1,2
69,93,2,20
69,94,1,2
69,94,2,20
69,95,1,2
69,95,2,20
69,96,1,3
69,96,2,20
69,97,1,5
69,97,2,20
69,98,1,3
69,98,2,20
69,99,1,2
69,99,2,20
69,100,1,2
69,100,2,20
69,101,1,2
69,101,2,20
69,102,1,2
69,102,2,20
69,103,1,2
69,103,2,20
69,104,1,3
69,104,2,20
69,105,1,3
69,105,2,20
69,106,1,3
69,106,2,20
69,107,1,3
69,107,2,20
69,108,1,3
69,108,2,20
69,109,1,3
69,109,2,20
69,110,1,3
69,110,2,20
69,111,1,3
69,111,2,20
69,112,1,5
69,112,2,20
69,113,1,3
69,113,2,20
69,114,1,3
69,114,2,20
69,115,1,3
69,115,2,20
69,116,1,3
69,116,2,20
69,117,1,3
69,117,2,20
69,118,1,3
69,118,2,20
69,119,1,3
69,119,2,20
69,120,1,4
69,120,2,20
69,121,1,4
69,121,2,20
69,122,1,4
69,122,2,20
69,123,1,4
69,123,2,20
69,124,1,4
69,124,2,20
69,125,1,4
69,125,2,20
69,126,1,4
69,126,2,20
69,127,1,5
69,127,2,20
69,128,1,4
69,128,2,20
69,129,1,4
69,129,2,20
69,130,1,4
69,130,2,20
69,131,1,4
69,131,2,20
69,132,1,4
69,132,2,20
69,133,1,4
69,133,2,20
69,134,1,4
69,134,2,20
70,0,1,4
70,0,2,20
70,1,1,4
70,1,2,20
70,2,1,4
70,2,2,20
70,3,1,4
70,3,2,20
70,4,1,4
70,4,2,20
70,5,1,4
70,5,2,20
70,6,1,4
70,6,2,20
70,7,1,5
70,7,2,20
70,8,1,4
70,8,2,20
70,9,1,4
70,9,2,20
70,10,1,4
70,10,2,20
70,11,1,4
70,11,2,20
70,12,1,4
70,12,2,20
70,13,1,4
70,13,2,20
70,14,1,4
70,14,2,20
70,15,1,3
70,15,2,20
70,16,1,3
70,16,2,20
70,17,1,3
70,17,2,20
70,18,1,3
70,18,2,20
70,19,1,3
70,19,2,20
70,20,1,3
70,20,2,20
70,21,1,3
70,21,2,20
70,22,1,5
70,22,2,20
70,23,1,3
70,23,2,20
70,24,1,3
70,24,2,20
70,25,1,3
70,25,2,20
70,26,1,3
70,26,2,20
70,27,1,3
70,27,2,20
70,28,1,3
70,28,2,20
70,29,1,3
70,29,2,20
70,30,1,3
70,30,2,20
70,31,1,2
70,31,2,20
70,32,1,2
70,32,2,20
70,33,1,2
70,33,2,20
70,34,1,2
70,34,2,20
70,35,1,2
70,35,2,20
70,36,1,3
70,36,2,20
70,37,1,5
70,37,2,20
70,38,1,3
70,38,2,20
70,39,1,2
70,39,2,20
70,40,1,2
70,40,2,20
70,41,1,2
70,41,2,20
70,42,1,2
70,42,2,20
70,43,1,2
70,43,2,20
70,44,1,3
70,44,2,20
70,45,1,3
70,45,2,20
70,46,1,2
70,46,2,20
70,47,1,1
70,47,2,20
70,48,1,1
70,48,2,20
70,49,1,1
70,49,2,20
70,50,1,2
70,50,2,20
70,51,1,3
70,51,2,20
70,52,1,5
70,52,2,20
70,53,1,3
70,53,2,20
70,54,1,2
70,54,2,20
70,55,1,1
70,55,2,20
70,56,1,1
70,56,2,20
70,57,1,1
70,57,2,20
70,58,1,2
70,58,2,20
70,59,1,3
70,59,2,20
70,60,1,3
70,60,2,20
70,61,1,2
70,61,2,20
70,62,1,1
70,62,2,20
70,63,1,0
70,63,2,20
70,64,1,1
70,64,2,20
70,65,1,2
70,65,2,20
70,66,1,3
70,66,2,20
70,67,1,5
70,67,2,20
70,68,1,3
70,68,2,20
70,69,1,2
70,69,2,20
70,70,1,1
70,70,2,20
70,71,1,0
70,71,2,20
70,72,1,1
70,72,2,20
70,73,1,2
70,73,2,20
70,74,1,3
70,74,2,20
70,75,1,3
70,75,2,20
70,76,1,2
70,76,2,20
70,77,1,1
70,77,2,20
70,78,1,1
70,78,2,20
70,79,1,1
70,79,2,20
70,80,1,2
70,80,2,20
70,81,1,3
70,81,2,20
70,82,1,5
70,82,2,20
70,83,1,3
70,83,2,20
70,84,1,2
70,84,2,20
70,85,1,1
70,85,2,20
70,86,1,1
70,86,2,20
70,87,1,1
70,87,2,20
70,88,1,2
70,88,2,20
70,89,1,3
70,89,2,20
70,90,1,3
70,90,2,20
70,91,1,2
70,91,2,20
70,92,1,2
70,92,2,20
70,93,1,2
70,93,2,20
70,94,1,2
70,94,2,20
70,95,1,2
70,95,2,20
70,96,1,3
70,96,2,20
70,97,1,5
70,97,2,20
70,98,1,3
70,98,2,20
70,99,1,2
70,99,2,20
70,100,1,2
70,100,2,20
70,101,1,2
70,101,2,20
70,102,1,2
70,102,2,20
70,103,1,2
70,103,2,20
70,104,1,3
70,104,2,20
70,105,1,3
70,105,2,20
70,106,1,3
70,106,2,20
70,107,1,3
70,107,2,20
70,108,1,3
70,108,2,20
70,109,1,3
70,109,2,20
70,110,1,3
70,110,2,20
70,111,1,3
70,111,2,20
70,112,1,5
70,112,2,20
70,113,1,3
70,113,2,20
70,114,1,3
70,114,2,20
70,115,1,3
70,115,2,20
70,116,1,3
70,116,2,20
70,117,1,3
70,117,2,20
70,118,1,3
70,118,2,20
70,119,1,3
70,119,2,20
70,120,1,4
70,120,2,20
70,121,1,4
70,121,2,20
70,122,1,4
70,122,2,20
70,123,1,4
70,123,2,20
70,124,1,4
70,124,2,20
70,125,1,4
70,125,2,20
70,126,1,4
70,126,2,20
70,127,1,5
70,127,2,20
70,128,1,4
70,128,2,20
70,129,1,4
70,129,2,20
70,130,1,4
70,130,2,20
70,131,1,4
70,131,2,20
70,132,1,4
70,132,2,20
70,133,1,4
70,133,2,20
70,134,1,4
70,134,2,20
71,0,1,4
71,0,2,20
71,1,1,4
71,1,2,20
71,2,1,4
71,2,2,20
71,3,1,4
71,3,2,20
71,4,1,4
71,4,2,20
71,5,1,4
71,5,2,20
71,6,1,4
71,6,2,20
71,7,1,5
71,7,2,20
71,8,1,4
71,8,2,20
71,9,1,4
71,9,2,20
71,10,1,4
71,10,2,20
71,11,1,4
71,11,2,20
71,12,1,4
71,12,2,20
71,13,1,4
71,13,2,20
71,14,1,4
71,14,2,20
71,15,1,3
71,15,2,20
71,16,1,3
71,16,2,20
71,17,1,3
71,17,2,20
71,18,1,3
71,18,2,20
71,19,1,3
71,19,2,20
71,20,1,3
71,20,2,20
71,21,1,3
71,21,2,20
71,22,1,5
71,22,2,20
71,23,1,3
71,23,2,20
71,24,1,3
71,24,2,20
71,25,1,3
71,25,2,20
71,26,1,3
71,26,2,20
71,27,1,3
71,27,2,20
71,28,1,3
71,28,2,20
71,29,1,3
71,29,2,20
71,30,1,3
71,30,2,20
71,31,1,2
71,31,2,20
71,32,1,2
71,32,2,20
71,33,1,2
71,33,2,20
71,34,1,2
71,34,2,20
71,35,1,2
71,35,2,20
71,36,1,3
71,36,2,20
71,37,1,5
71,37,2,20
71,38,1,3
71,38,2,20
71,39,1,2
71,39,2,20
71,40,1,2
71,40,2,20
71,41,1,2
71,41,2,20
71,42,1,2
71,42,2,20
71,43,1,2
71,43,2,20
71,44,1,3
71,44,2,20
71,45,1,3
71,45,2,20
71,46,1,2
71,46,2,20
71,47,1,1
71,47,2,20
71,48,1,1
71,48,2,20
71,49,1,1
71,49,2,20
71,50,1,2
71,50,2,20
71,51,1,3
71,51,2,20
71,52,1,5
71,52,2,20
71,53,1,3
71,53,2,20
71,54,1,2
71,54,2,20
71,55,1,1
71,55,2,20
71,56,1,1
71,56,2,20
71,57,1,1
71,57,2,20
71,58,1,2
71,58,2,20
71,59,1,3
71,59,2,20
71,60,1,3
71,60,2,20
71,61,1,2
71,61,2,20
71,62,1,1
71,62,2,20
71,63,1,0
71,63,2,20
71,64,1,1
71,64,2,20
71,65,1,2
71,65,2,20
71,66,1,3
71,66,2,20
71,67,1,5
71,67,2,20
71,68,1,3
71,68,2,20
71,69,1,2
71,69,2,20
71,70,1,1
71,70,2,20
71,71,1,0
71,71,2,20
71,72,1,1
71,72,2,20
71,73,1,2
71,73,2,20
71,74,1,3
71,74,2,20
71,75,1,3
71,75,2,20
71,76,1,2
71,76,2,20
71,77,1,1
71,77,2,20
71,78,1,1
71,78,2,20
71,79,1,1
71,79,2,20
71,80,1,2
71,80,2,20
71,81,1,3
71,81,2,20
71,82,1,5
71,82,2,20
71,83,1,3
71,83,2,20
71,84,1,2
71,84,2,20
71,85,1,1
71,85,2,20
71,86,1,1
71,86,2,20
71,87,1,1
71,87,2,20
71,88,1,2
71,88,2,20
71,89,1,3
71,89,2,20
71,90,1,3
71,90,2,20
71,91,1,2
71,91,2,20
71,92,1,2
71,92,2,20
71,93,1,2
71,93,2,20
71,94,1,2
71,94,2,20
71,95,1,2
71,95,2,20
71,96,1,3
71,96,2,20
71,97,1,5
71,97,2,20
71,98,1,3
71,98,2,20
71,99,1,2
71,99,2,20
71,100,1,2
71,100,2,20
71,101,1,2
71,101,2,20
71,102,1,2
71,102,2,20
71,103,1,2
71,103,2,20
71,104,1,3
71,104,2,20
71,105,1,3
71,105,2,20
71,106,1,3
71,106,2,20
71,107,1,3
71,107,2,20
71,108,1,3
71,108,2,20
71,109,1,3
71,109,2,20
71,110,1,3
71,110,2,20
71,111,1,3
71,111,2,20
71,112,1,5
71,112,2,20
71,113,1,3
71,113,2,20
71,114,1,3
71,114,2,20
71,115,1,3
71,115,2,20
71,116,1,3
71,116,2,20
71,117,1,3
71,117,2,20
71,118,1,3
71,118,2,20
71,119,1,3
71,119,2,20
71,120,1,4
71,120,2,20
71,121,1,4
71,121,2,20
71,122,1,4
71,122,2,20
71,123,1,4
71,123,2,20
71,124,1,4
71,124,2,20
71,125,1,4
71,125,2,20
71,126,1,4
71,126,2,20
71,127,1,5
71,127,2,20
71,128,1,4
71,128,2,20
71,129,1,4
71,129,2,20
71,130,1,4
71,130,2,20
71,131,1,4
71,131,2,20
71,132,1,4
71,132,2,20
71,133,1,4
71,133,2,20
71,134,1,4
71,134,2,20
72,0,1,4
72,0,2,20
72,1,1,4
72,1,2,20
72,2,1,4
72,2,2,20
72,3,1,4
72,3,2,20
72,4,1,4
72,4,2,20
72,5,1,4
72,5,2,20
72,6,1,4
72,6,2,20
72,7,1,5
72,7,2,20
72,8,1,4
72,8,2,20
72,9,1,4
72,9,2,20
72,10,1,4
72,10,2,20
72,11,1,4
72,11,2,20
72,12,1,4
72,12,2,20
72,13,1,4
72,13,2,20
72,14,1,4
72,14,2,20
72,15,1,3
72,15,2,20
72,16,1,3
72,16,2,20
72,17,1,3
72,17,2,20
72,18,1,3
72,18,2,20
72,19,1,3
72,19,2,20
72,20,1,3
72,20,2,20
72,21,1,3
72,21,2,20
72,22,1,5
72,22,2,20
72,23,1,3
72,23,2,20
72,24,1,3
72,24,2,20
72,25,1,3
72,25,2,20
72,26,1,3
72,26,2,20
72,27,1,3
72,27,2,20
72,28,1,3
72,28,2,20
72,29,1,3
72,29,2,20
72,30,1,3
72,30,2,20
72,31,1,2
72,31,2,20
72,32,1,2
72,32,2,20
72,33,1,2
72,33,2,20
72,34,1,2
72,34,2,20
72,35,1,2
72,35,2,20
72,36,1,3
72,36,2,20
72,37,1,5
72,37,2,20
72,38,1,3
72,38,2,20
72,39,1,2
72,39,2,20
72,40,1,2
72,40,2,20
72,41,1,2
72,41,2,20
72,42,1,2
72,42,2,20
72,43,1,2
72,43,2,20
72,44,1,3
72,44,2,20
72,45,1,3
72,45,2,20
72,46,1,2
72,46,2,20
72,47,1,1
72,47,2,20
72,48,1,1
72,48,2,20
72,49,1,1
72,49,2,20
72,50,1,2
72,50,2,20
72,51,1,3
72,51,2,20
72,52,1,5
72,52,2,20
72,53,1,3
72,53,2,20
72,54,1,2
72,54,2,20
72,55,1,1
72,55,2,20
72,56,1,1
72,56,2,20
72,57,1,1
72,57,2,20
72,58,1,2
72,58,2,20
72,59,1,3
72,59,2,20
72,60,1,3
72,60,2,20
72,61,1,2
72,61,2,20
72,62,1,1
72,62,2,20
72,63,1,0
72,63,2,20
72,64,1,1
72,64,2,20
72,65,1,2
72,65,2,20
72,66,1,3
72,66,2,20
72,67,1,5
72,67,2,20
72,68,1,3
72,68,2,20
72,69,1,2
72,69,2,20
72,70,1,1
72,70,2,20
72,71,1,0
72,71,2,20
72,72,1,1
72,72,2,20
72,73,1,2
72,73,2,20
72,74,1,3
72,74,2,20
72,75,1,3
72,75,2,20
72,76,1,2
72,76,2,20
72,77,1,1
72,77,2,20
72,78,1,1
72,78,2,20
72,79,1,1
72,79,2,20
72,80,1,2
72,80,2,20
72,81,1,3
72,81,2,20
72,82,1,5
72,82,2,20
72,83,1,3
72,83,2,20
72,84,1,2
72,84,2,20
72,85,1,1
72,85,2,20
72,86,1,1
72,86,2,20
72,87,1,1
72,87,2,20
72,88,1,2
72,88,2,20
72,89,1,3
72,89,2,20
72,90,1,3
72,90,2,20
72,91,1,2
72,91,2,20
72,92,1,2
72,92,2,20
72,93,1,2
72,93,2,20
72,94,1,2
72,94,2,20
72,95,1,2
72,95,2,20
72,96,1,3
72,96,2,20
72,97,1,5
72,97,2,20
72,98,1,3
72,98,2,20
72,99,1,2
72,99,2,20
72,100,1,2
72,100,2,20
72,101,1,2
72,101,2,20
72,102,1,2
72,102,2,20
72,103,1,2
72,103,2,20
72,104,1,3
72,104,2,20
72,105,1,3
72,105,2,20
72,106,1,3
72,106,2,20
72,107,1,3
72,107,2,20
72,108,1,3
72,108,2,20
72,109,1,3
72,109,2,20
72,110,1,3
72,110,2,20
72,111,1,3
72,111,2,20
72,112,1,5
72,112,2,20
72,113,1,3
72,113,2,20
72,114,1,3
72,114,2,20
72,115,1,3
72,115,2,20
72,116,1,3
72,116,2,20
72,117,1,3
72,117,2,20
72,118,1,3
72,118,2,20
72,119,1,3
72,119,2,20
72,120,1,4
72,120,2,20
72,121,1,4
72,121,2,20
72,122,1,4
72,122,2,20
72,123,1,4
72,123,2,20
72,124,1,4
72,124,2,20
72,125,1,4
72,125,2,20
72,126,1,4
72,126,2,20
72,127,1,5
72,127,2,20
72,128,1,4
72,128,2,20
72,129,1,4
72,129,2,20
72,130,1,4
72,130,2,20
72,131,1,4
72,131,2,20
72,132,1,4
72,132,2,20
72,133,1,4
72,133,2,20
72,134,1,4
72,134,2,20
73,0,1,4
73,0,2,20
73,1,1,4
73,1,2,20
73,2,1,4
73,2,2,20
73,3,1,4
73,3,2,20
73,4,1,4
73,4,2,20
73,5,1,4
73,5,2,20
73,6,1,4
73,6,2,20
73,7,1,5
73,7,2,20
73,8,1,4
73,8,2,20
73,9,1,4
73,9,2,20
73,10,1,4
73,10,2,20
73,11,1,4
73,11,2,20
73,12,1,4
73,12,2,20
73,13,1,4
73,13,2,20
73,14,1,4
73,14,2,20
73,15,1,3
73,15,2,20
73,16,1,3
73,16,2,20
73,17,1,3
73,17,2,20
73,18,1,3
73,18,2,20
73,19,1,3
73,19,2,20
73,20,1,3
73,20,2,20
73,21,1,3
73,21,2,20
73,22,1,5
73,22,2,20
73,23,1,3
73,23,2,20
73,24,1,3
73,24,2,20
73,25,1,3
73,25,2,20
73,26,1,3
73,26,2,20
73,27,1,3
73,27,2,20
73,28,1,3
73,28,2,20
73,29,1,3
73,29,2,20
73,30,1,3
73,30,2,20
73,31,1,2
73,31,2,20
73,32,1,2
73,32,2,20
73,33,1,2
73,33,2,20
73,34,1,2
73,34,2,20
73,35,1,2
73,35,2,20
73,36,1,3
73,36,2,20
73,37,1,5
73,37,2,20
73,38,1,3
73,38,2,20
73,39,1,2
73,39,2,20
73,40,1,2
73,40,2,20
73,41,1,2
73,41,2,20
73,42,1,2
73,42,2,20
73,43,1,2
73,43,2,20
73,44,1,3
73,44,2,20
73,45,1,3
73,45,2,20
73,46,1,2
73,46,2,20
73,47,1,1
73,47,2,20
73,48,1,1
73,48,2,20
73,49,1,1
73,49,2,20
73,50,1,2
73,50,2,20
73,51,1,3
73,51,2,20
73,52,1,5
73,52,2,20
73,53,1,3
73,53,2,20
73,54,1,2
73,54,2,20
73,55,1,1
73,55,2,20
73,56,1,1
73,56,2,20
73,57,1,1
73,57,2,20
73,58,1,2
73,58,2,20
73,59,1,3
73,59,2,20
73,60,1,3
73,60,2,20
73,61,1,2
73,61,2,20
73,62,1,1
73,62,2,20
73,63,1,0
73,63,2,20
73,64,1,1
73,64,2,20
73,65,1,2
73,65,2,20
73,66,1,3
73,66,2,20
73,67,1,5
73,67,2,20
73,68,1,3
73,68,2,20
73,69,1,2
73,69,2,20
73,70,1,1
73,70,2,20
73,71,1,0
73,71,2,20
73,72,1,1
73,72,2,20
73,73,1,2
73,73,2,20
73,74,1,3
73,74,2,20
73,75,1,3
73,75,2,20
73,76,1,2
73,76,2,20
73,77,1,1
73,77,2,20
73,78,1,1
73,78,2,20
73,79,1,1
73,79,2,20
73,80,1,2
73,80,2,20
73,81,1,3
73,81,2,20
73,82,1,5
73,82,2,20
73,83,1,3
73,83,2,20
73,84,1,2
73,84,2,20
73,85,1,1
73,85,2,20
73,86,1,1
73,86,2,20
73,87,1,1
73,87,2,20
73,88,1,2
73,88,2,20
73,89,1,3
73,89,2,20
73,90,1,3
73,90,2,20
73,91,1,2
73,91,2,20
73,92,1,2
73,92,2,20
73,93,1,2
73,93,2,20
73,94,1,2
73,94,2,20
73,95,1,2
73,95,2,20
73,96,1,3
73,96,2,20
73,97,1,5
73,97,2,20
73,98,1,3
73,98,2,20
73,99,1,2
73,99,2,20
73,100,1,2
73,100,2,20
73,101,1,2
73,101,2,20
73,102,1,2
73,102,2,20
73,103,1,2
73,103,2,20
73,104,1,3
73,104,2,20
73,105,1,3
73,105,2,20
73,106,1,3
73,106,2,20
73,107,1,3
73,107,2,20
73,108,1,3
73,108,2,20
73,109,1,3
73,109,2,20
73,110,1,3
73,110,2,20
73,111,1,3
73,111,2,20
73,112,1,5
73,112,2,20
73,113,1,3
73,113,2,20
73,114,1,3
73,114,2,20
73,115,1,3
73,115,2,20
73,116,1,3
73,116,2,20
73,117,1,3
73,117,2,20
73,118,1,3
73,118,2,20
73,119,1,3
73,119,2,20
73,120,1,4
73,120,2,20
73,121,1,4
73,121,2,20
73,122,1,4
73,122,2,20
73,123,1,4
73,123,2,20
73,124,1,4
73,124,2,20
73,125,1,4
73,125,2,20
73,126,1,4
73,126,2,20
73,127,1,5
73,127,2,20
73,128,1,4
73,128,2,20
73,129,1,4
73,129,2,20
73,130,1,4
73,130,2,20
73,131,1,4
73,131,2,20
73,132,1,4
73,132,2,20
73,133,1,4
73,133,2,20
73,134,1,4
73,134,2,20
74,0,1,4
74,0,2,20
74,1,1,4
74,1,2,20
74,2,1,4
74,2,2,20
74,3,1,4
74,3,2,20
74,4,1,4
74,4,2,20
74,5,1,4
74,5,2,20
74,6,1,4
74,6,2,20
74,7,1,5
74,7,2,20
74,8,1,4
74,8,2,20
74,9,1,4
74,9,2,20
74,10,1,4
74,10,2,20
74,11,1,4
74,11,2,20
74,12,1,4
74,12,2,20
74,13,1,4
74,13,2,20
74,14,1,4
74,14,2,20
74,15,1,3
74,15,2,20
74,16,1,3
74,16,2,20
74,17,1,3
74,17,2,20
74,18,1,3
74,18,2,20
74,19,1,3
74,19,2,20
74,20,1,3
74,20,2,20
74,21,1,3
74,21,2,20
74,22,1,5
74,22,2,20
74,23,1,3
74,23,2,20
74,24,1,3
74,24,2,20
74,25,1,3
74,25,2,20
74,26,1,3
74,26,2,20
74,27,1,3
74,27,2,20
74,28,1,3
74,28,2,20
74,29,1,3
74,29,2,20
74,30,1,3
74,30,2,20
74,31,1,2
74,31,2,20
74,32,1,2
74,32,2,20
74,33,1,2
74,33,2,20
74,34,1,2
74,34,2,20
74,35,1,2
74,35,2,20
74,36,1,3
74,36,2,20
74,37,1,5
74,37,2,20
74,38,1,3
74,38,2,20
74,39,1,2
74,39,2,20
74,40,1,2
74,40,2,20
74,41,1,2
74,41,2,20
74,42,1,2
74,42,2,20
74,43,1,2
74,43,2,20
74,44,1,3
74,44,2,20
74,45,1,3
74,45,2,20
74,46,1,2
74,46,2,20
74,47,1,1
74,47,2,20
74,48,1,1
74,48,2,20
74,49,1,1
74,49,2,20
74,50,1,2
74,50,2,20
74,51,1,3
74,51,2,20
74,52,1,5
74,52,2,20
74,53,1,3
74,53,2,20
74,54,1,2
74,54,2,20
74,55,1,1
74,55,2,20
74,56,1,1
74,56,2,20
74,57,1,1
74,57,2,20
74,58,1,2
74,58,2,20
74,59,1,3
74,59,2,20
74,60,1,3
74,60,2,20
74,61,1,2
74,61,2,20
74,62,1,1
74,62,2,20
74,63,1,0
74,63,2,20
74,64,1,1
74,64,2,20
74,65,1,2
74,65,2,20
74,66,1,3
74,66,2,20
74,67,1,5
74,67,2,20
74,68,1,3
74,68,2,20
74,69,1,2
74,69,2,20
74,70,1,1
74,70,2,20
74,71,1,0
74,71,2,20
74,72,1,1
74,72,2,20
74,73,1,2
74,73,2,20
74,74,1,3
74,74,2,20
74,75,1,3
74,75,2,20
74,76,1,2
74,76,2,20
74,77,1,1
74,77,2,20
74,78,1,1
74,78,2,20
74,79,1,1
74,79,2,20
74,80,1,2
74,80,2,20
74,81,1,3
74,81,2,20
74,82,1,5
74,82,2,20
74,83,1,3
74,83,2,20
74,84,1,2
74,84,2,20
74,85,1,1
74,85,2,20
74,86,1,1
74,86,2,20
74,87,1,1
74,87,2,20
74,88,1,2
74,88,2,20
74,89,1,3
74,89,2,20
74,90,1,3
74,90,2,20
74,91,1,2
74,91,2,20
74,92,1,2
74,92,2,20
74,93,1,2
74,93,2,20
74,94,1,2
74,94,2,20
74,95,1,2
74,95,2,20
74,96,1,3
74,96,2,20
74,97,1,5
74,97,2,20
74,98,1,3
74,98,2,20
74,99,1,2
74,99,2,20
74,100,1,2
74,100,2,20
74,101,1,2
74,101,2,20
74,102,1,2
74,102,2,20
74,103,1,2
74,103,2,20
74,104,1,3
74,104,2,20
74,105,1,3
74,105,2,20
74,106,1,3
74,106,2,20
74,107,1,3
74,107,2,20
74,108,1,3
74,108,2,20
74,109,1,3
74,109,2,20
74,110,1,3
74,110,2,20
74,111,1,3
74,111,2,20
74,112,1,5
74,112,2,20
74,113,1,3
74,113,2,20
74,114,1,3
74,114,2,20
74,115,1,3
74,115,2,20
74,116,1,3
74,116,2,20
74,117,1,3
74,117,2,20
74,118,1,3
74,118,2,20
74,119,1,3
74,119,2,20
74,120,1,4
74,120,2,20
74,121,1,4
74,121,2,20
74,122,1,4
74,122,2,20
74,123,1,4
74,123,2,20
74,124,1,4
74,124,2,20
74,125,1,4
74,125,2,20
74,126,1,4
74,126,2,20
74,127,1,5
74,127,2,20
74,128,1,4
74,128,2,20
74,129,1,4
74,129,2,20
74,130,1,4
74,130,2,20
74,131,1,4
74,131,2,20
74,132,1,4
74,132,2,20
74,133,1,4
74,133,2,20
74,134,1,4
74,134,2,20
75,0,1,4
75,0,2,20
75,1,1,4
75,1,2,20
75,2,1,4
75,2,2,20
75,3,1,4
75,3,2,20
75,4,1,4
75,4,2,20
75,5,1,4
75,5,2,20
75,6,1,4
75,6,2,20
75,7,1,5
75,7,2,20
75,8,1,4
75,8,2,20
75,9,1,4
75,9,2,20
75,10,1,4
75,10,2,20
75,11,1,4
75,11,2,20
75,12,1,4
75,12,2,20
75,13,1,4
75,13,2,20
75,14,1,4
75,14,2,20
75,15,1,3
75,15,2,20
75,16,1,3
75,16,2,20
75,17,1,3
75,17,2,20
75,18,1,3
75,18,2,20
75,19,1,3
75,19,2,20
75,20,1,3
75,20,2,20
75,21,1,3
75,21,2,20
75,22,1,5
75,22,2,20
75,23,1,3
75,23,2,20
75,24,1,3
75,24,2,20
75,25,1,3
75,25,2,20
75,26,1,3
75,26,2,20
75,27,1,3
75,27,2,20
75,28,1,3
75,28,2,20
75,29,1,3
75,29,2,20
75,30,1,3
75,30,2,20
75,31,1,2
75,31,2,20
75,32,1,2
75,32,2,20
75,33,1,2
75,33,2,20
75,34,1,2
75,34,2,20
75,35,1,2
75,35,2,20
75,36,1,3
75,36,2,20
75,37,1,5
75,37,2,20
75,38,1,3
75,38,2,20
75,39,1,2
75,39,2,20
75,40,1,2
75,40,2,20
75,41,1,2
75,41,2,20
75,42,1,2
75,42,2,20
75,43,1,2
75,43,2,20
75,44,1,3
75,44,2,20
75,45,1,3
75,45,2,20
75,46,1,2
75,46,2,20
75,47,1,1
75,47,2,20
75,48,1,1
75,48,2,20
75,49,1,1
75,49,2,20
75,50,1,2
75,50,2,20
75,51,1,3
75,51,2,20
75,52,1,5
75,52,2,20
75,53,1,3
75,53,2,20
75,54,1,2
75,54,2,20
75,55,1,1
75,55,2,20
75,56,1,1
75,56,2,20
75,57,1,1
75,57,2,20
75,58,1,2
75,58,2,20
75,59,1,3
75,59,2,20
75,60,1,3
75,60,2,20
75,61,1,2
75,61,2,20
75,62,1,1
75,62,2,20
75,63,1,0
75,63,2,20
75,64,1,1
75,64,2,20
75,65,1,2
75,65,2,20
75,66,1,3
75,66,2,20
75,67,1,5
75,67,2,20
75,68,1,3
75,68,2,20
75,69,1,2
75,69,2,20
75,70,1,1
75,70,2,20
75,71,1,0
75,71,2,20
75,72,1,1
75,72,2,20
75,73,1,2
75,73,2,20
75,74,1,3
75,74,2,20
75,75,1,3
75,75,2,20
75,76,1,2
75,76,2,20
75,77,1,1
75,77,2,20
75,78,1,1
75,78,2,20
75,79,1,1
75,79,2,20
75,80,1,2
75,80,2,20
75,81,1,3
75,81,2,20
75,82,1,5
75,82,2,20
75,83,1,3
75,83,2,20
75,84,1,2
75,84,2,20
75,85,1,1
75,85,2,20
75,86,1,1
75,86,2,20
75,87,1,1
75,87,2,20
75,88,1,2
75,88,2,20
75,89,1,3
75,89,2,20
75,90,1,3
75,90,2,20
75,91,1,2
75,91,2,20
75,92,1,2
75,92,2,20
75,93,1,2
75,93,2,20
75,94,1,2
75,94,2,20
75,95,1,2
75,95,2,20
75,96,1,3
75,96,2,20
75,97,1,5
75,97,2,20
75,98,1,3
75,98,2,20
75,99,1,2
75,99,2,20
75,100,1,2
75,100,2,20
75,101,1,2
75,101,2,20
75,102,1,2
75,102,2,20
75,103,1,2
75,103,2,20
75,104,1,3
75,104,2,20
75,105,1,3
75,105,2,20
75,106,1,3
75,106,2,20
75,107,1,3
75,107,2,20
75,108,1,3
75,108,2,20
75,109,1,3
75,109,2,20
75,110,1,3
75,110,2,20
75,111,1,3
75,111,2,20
75,112,1,5
75,112,2,20
75,113,1,3
75,113,2,20
75,114,1,3
75,114,2,20
75,115,1,3
75,115,2,20
75,116,1,3
75,116,2,20
75,117,1,3
75,117,2,20
75,118,1,3
75,118,2,20
75,119,1,3
75,119,2,20
75,120,1,4
75,120,2,20
75,121,1,4
75,121,2,20
75,122,1,4
75,122,2,20
75,123,1,4
75,123,2,20
75,124,1,4
75,124,2,20
75,125,1,4
75,125,2,20
75,126,1,4
75,126,2,20
75,127,1,5
75,127,2,20
75,128,1,4
75,128,2,20
75,129,1,4
75,129,2,20
75,130,1,4
75,130,2,20
75,131,1,4
75,131,2,20
75,132,1,4
75,132,2,20
75,133,1,4
75,133,2,20
75,134,1,4
75,134,2,20
76,0,1,4
76,0,2,20
76,1,1,4
76,1,2,20
76,2,1,4
76,2,2,20
76,3,1,4
76,3,2,20
76,4,1,4
76,4,2,20
76,5,1,4
76,5,2,20
76,6,1,4
76,6,2,20
76,7,1,5
76,7,2,20
76,8,1,4
76,8,2,20
76,9,1,4
76,9,2,20
76,10,1,4
76,10,2,20
76,11,1,4
76,11,2,20
76,12,1,4
76,12,2,20
76,13,1,4
76,13,2,20
76,14,1,4
76,14,2,20
76,15,1,3
76,15,2,20
76,16,1,3
76,16,2,20
76,17,1,3
76,17,2,20
76,18,1,3
76,18,2,20
76,19,1,3
76,19,2,20
76,20,1,3
76,20,2,20
76,21,1,3
76,21,2,20
76,22,1,5
76,22,2,20
76,23,1,3
76,23,2,20
76,24,1,3
76,24,2,20
76,25,1,3
76,25,2,20
76,26,1,3
76,26,2,20
76,27,1,3
76,27,2,20
76,28,1,3
76,28,2,20
76,29,1,3
76,29,2,20
76,30,1,3
76,30,2,20
76,31,1,2
76,31,2,20
76,32,1,2
76,32,2,20
76,33,1,2
76,33,2,20
76,34,1,2
76,34,2,20
76,35,1,2
76,35,2,20
76,36,1,3
76,36,2,20
76,37,1,5
76,37,2,20
76,38,1,3
76,38,2,20
76,39,1,2
76,39,2,20
76,40,1,2
76,40,2,20
76,41,1,2
76,41,2,20
76,42,1,2
76,42,2,20
76,43,1,2
76,43,2,20
76,44,1,3
76,44,2,20
76,45,1,3
76,45,2,20
76,46,1,2
76,46,2,20
76,47,1,1
76,47,2,20
76,48,1,1
76,48,2,20
76,49,1,1
76,49,2,20
76,50,1,2
76,50,2,20
76,51,1,3
76,51,2,20
76,52,1,5
76,52,2,20
76,53,1,3
76,53,2,20
76,54,1,2
76,54,2,20
76,55,1,1
76,55,2,20
76,56,1,1
76,56,2,20
76,57,1,1
76,57,2,20
76,58,1,2
76,58,2,20
76,59,1,3
76,59,2,20
76,60,1,3
76,60,2,20
76,61,1,2
76,61,2,20
76,62,1,1
76,62,2,20
76,63,1,0
76,63,2,20
76,64,1,1
76,64,2,20
76,65,1,2
76,65,2,20
76,66,1,3
76,66,2,20
76,67,1,5
76,67,2,20
76,68,1,3
76,68,2,20
76,69,1,2
76,69,2,20
76,70,1,1
76,70,2,20
76,71,1,0
76,71,2,20
76,72,1,1
76,72,2,20
76,73,1,2
76,73,2,20
76,74,1,3
76,74,2,20
76,75,1,3
76,75,2,20
76,76,1,2
76,76,2,20
76,77,1,1
76,77,2,20
76,78,1,1
76,78,2,20
76,79,1,1
76,79,2,20
76,80,1,2
76,80,2,20
76,81,1,3
76,81,2,20
76,82,1,5
76,82,2,20
76,83,1,3
76,83,2,20
76,84,1,2
76,84,2,20
76,85,1,1
76,85,2,20
76,86,1,1
76,86,2,20
76,87,1,1
76,87,2,20
76,88,1,2
76,88,2,20
76,89,1,3
76,89,2,20
76,90,1,3
76,90,2,20
76,91,1,2
76,91,2,20
76,92,1,2
76,92,2,20
76,93,1,2
76,93,2,20
76,94,1,2
76,94,2,20
76,95,1,2
76,95,2,20
76,96,1,3
76,96,2,20
76,97,1,5
76,97,2,20
76,98,1,3
76,98,2,20
76,99,1,2
76,99,2,20
76,100,1,2
76,100,2,20
76,101,1,2
76,101,2,20
76,102,1,2
76,102,2,20
76,103,1,2
76,103,2,20
76,104,1,3
76,104,2,20
76,105,1,3
76,105,2,20
76,106,1,3
76,106,2,20
76,107,1,3
76,107,2,20
76,108,1,3
76,108,2,20
76,109,1,3
76,109,2,20
76,110,1,3
76,110,2,20
76,111,1,3
76,111,2,20
76,112,1,5
76,112,2,20
76,113,1,3
76,113,2,20
76,114,1,3
76,114,2,20
76,115,1,3
76,115,2,20
76,116,1,3
76,116,2,20
76,117,1,3
76,117,2,20
76,118,1,3
76,118,2,20
76,119,1,3
76,119,2,20
76,120,1,4
76,120,2,20
76,121,1,4
76,121,2,20
76,122,1,4
76,122,2,20
76,123,1,4
76,123,2,20
76,124,1,4
76,124,2,20
76,125,1,4
76,125,2,20
76,126,1,4
76,126,2,20
76,127,1,5
76,127,2,20
76,128,1,4
76,128,2,20
76,129,1,4
76,129,2,20
76,130,1,4
76,130,2,20
76,131,1,4
76,131,2,20
76,132,1,4
76,132,2,20
76,133,1,4
76,133,2,20
76,134,1,4
76,134,2,20
77,0,1,4
77,0,2,20
77,1,1,4
77,1,2,20
77,2,1,4
77,2,2,20
77,3,1,4
77,3,2,20
77,4,1,4
77,4,2,20
77,5,1,4
77,5,2,20
77,6,1,4
77,6,2,20
77,7,1,5
77,7,2,20
77,8,1,4
77,8,2,20
77,9,1,4
77,9,2,20
77,10,1,4
77,10,2,20
77,11,1,4
77,11,2,20
77,12,1,4
77,12,2,20
77,13,1,4
77,13,2,20
77,14,1,4
77,14,2,20
77,15,1,3
77,15,2,20
77,16,1,3
77,16,2,20
77,17,1,3
77,17,2,20
77,18,1,3
77,18,2,20
77,19,1,3
77,19,2,20
77,20,1,3
77,20,2,20
77,21,1,3
77,21,2,20
77,22,1,5
77,22,2,20
77,23,1,3
77,23,2,20
77,24,1,3
77,24,2,20
77,25,1,3
77,25,2,20
77,26,1,3
77,26,2,20
77,27,1,3
77,27,2,20
77,28,1,3
77,28,2,20
77,29,1,3
77,29,2,20
77,30,1,3
77,30,2,20
77,31,1,2
77,31,2,20
77,32,1,2
77,32,2,20
77,33,1,2
77,33,2,20
77,34,1,2
77,34,2,20
77,35,1,2
77,35,2,20
77,36,1,3
77,36,2,20
77,37,1,5
77,37,2,20
77,38,1,3
77,38,2,20
77,39,1,2
77,39,2,20
77,40,1,2
77,40,2,20
77,41,1,2
77,41,2,20
77,42,1,2
77,42,2,20
77,43,1,2
77,43,2,20
77,44,1,3
77,44,2,20
77,45,1,3
77,45,2,20
77,46,1,2
77,46,2,20
77,47,1,1
77,47,2,20
77,48,1,1
77,48,2,20
77,49,1,1
77,49,2,20
77,50,1,2
77,50,2,20
77,51,1,3
77,51,2,20
77,52,1,5
77,52,2,20
77,53,1,3
77,53,2,20
77,54,1,2
77,54,2,20
77,55,1,1
77,55,2,20
77,56,1,1
77,56,2,20
77,57,1,1
77,57,2,20
77,58,1,2
77,58,2,20
77,59,1,3
77,59,2,20
77,60,1,3
77,60,2,20
77,61,1,2
77,61,2,20
77,62,1,1
77,62,2,20
77,63,1,0
77,63,2,20
77,64,1,1
77,64,2,20
77,65,1,2
77,65,2,20
77,66,1,3
77,66,2,20
77,67,1,5
77,67,2,20
77,68,1,3
77,68,2,20
77,69,1,2
77,69,2,20
77,70,1,1
77,70,2,20
77,71,1,0
77,71,2,20
77,72,1,1
77,72,2,20
77,73,1,2
77,73,2,20
77,74,1,3
77,74,2,20
77,75,1,3
77,75,2,20
77,76,1,2
77,76,2,20
77,77,1,1
77,77,2,20
77,78,1,1
77,78,2,20
77,79,1,1
77,79,2,20
77,80,1,2
77,80,2,20
77,81,1,3
77,81,2,20
77,82,1,5
77,82,2,20
77,83,1,3
77,83,2,20
77,84,1,2
77,84,2,20
77,85,1,1
77,85,2,20
77,86,1,1
77,86,2,20
77,87,1,1
77,87,2,20
77,88,1,2
77,88,2,20
77,89,1,3
77,89,2,20
77,90,1,3
77,90,2,20
77,91,1,2
77,91,2,20
77,92,1,2
77,92,2,20
77,93,1,2
77,93,2,20
77,94,1,2
77,94,2,20
77,95,1,2
77,95,2,20
77,96,1,3
77,96,2,20
77,97,1,5
77,97,2,20
77,98,1,3
77,98,2,20
77,99,1,2
77,99,2,20
77,100,1,2
77,100,2,20
77,101,1,2
77,101,2,20
77,102,1,2
77,102,2,20
77,103,1,2
77,103,2,20
77,104,1,3
77,104,2,20
77,105,1,3
77,105,2,20
77,106,1,3
77,106,2,20
77,107,1,3
77,107,2,20
77,108,1,3
77,108,2,20
77,109,1,3
77,109,2,20
77,110,1,3
77,110,2,20
77,111,1,3
77,111,2,20
77,112,1,5
77,112,2,20
77,113,1,3
77,113,2,20
77,114,1,3
77,114,2,20
77,115,1,3
77,115,2,20
77,116,1,3
77,116,2,20
77,117,1,3
77,117,2,20
77,118,1,3
77,118,2,20
77,119,1,3
77,119,2,20
77,120,1,4
77,120,2,20
77,121,1,4
77,121,2,20
77,122,1,4
77,122,2,20
77,123,1,4
77,123,2,20
77,124,1,4
77,124,2,20
77,125,1,4
77,125,2,20
77,126,1,4
77,126,2,20
77,127,1,5
77,127,2,20
77,128,1,4
77,128,2,20
77,129,1,4
77,129,2,20
77,130,1,4
77,130,2,20
77,131,1,4
77,131,2,20
77,132,1,4
77,132,2,20
77,133,1,4
77,133,2,20
77,134,1,4
77,134,2,20
78,0,1,4
78,0,2,20
78,1,1,4
78,1,2,20
78,2,1,4
78,2,2,20
78,3,1,4
78,3,2,20
78,4,1,4
78,4,2,20
78,5,1,4
78,5,2,20
78,6,1,4
78,6,2,20
78,7,1,5
78,7,2,20
78,8,1,4
78,8,2,20
78,9,1,4
78,9,2,20
78,10,1,4
78,10,2,20
78,11,1,4
78,11,2,20
78,12,1,4
78,12,2,20
78,13,1,4
78,13,2,20
78,14,1,4
78,14,2,20
78,15,1,3
78,15,2,20
78,16,1,3
78,16,2,20
78,17,1,3
78,17,2,20
78,18,1,3
78,18,2,20
78,19,1,3
78,19,2,20
78,20,1,3
78,20,2,20
78,21,1,3
78,21,2,20
78,22,1,5
78,22,2,20
78,23,1,3
78,23,2,20
78,24,1,3
78,24,2,20
78,25,1,3
78,25,2,20
78,26,1,3
78,26,2,20
78,27,1,3
78,27,2,20
78,28,1,3
78,28,2,20
78,29,1,3
78,29,2,20
78,30,1,3
78,30,2,20
78,31,1,2
78,31,2,20
78,32,1,2
78,32,2,20
78,33,1,2
78,33,2,20
78,34,1,2
78,34,2,20
78,35,1,2
78,35,2,20
78,36,1,3
78,36,2,20
78,37,1,5
78,37,2,20
78,38,1,3
78,38,2,20
78,39,1,2
78,39,2,20
78,40,1,2
78,40,2,20
78,41,1,2
78,41,2,20
78,42,1,2
78,42,2,20
78,43,1,2
78,43,2,20
78,44,1,3
78,44,2,20
78,45,1,3
78,45,2,20
78,46,1,2
78,46,2,20
78,47,1,1
78,47,2,20
78,48,1,1
78,48,2,20
78,49,1,1
78,49,2,20
78,50,1,2
78,50,2,20
78,51,1,3
78,51,2,20
78,52,1,5
78,52,2,20
78,53,1,3
78,53,2,20
78,54,1,2
78,54,2,20
78,55,1,1
78,55,2,20
78,56,1,1
78,56,2,20
78,57,1,1
78,57,2,20
78,58,1,2
78,58,2,20
78,59,1,3
78,59,2,20
78,60,1,3
78,60,2,20
78,61,1,2
78,61,2,20
78,62,1,1
78,62,2,20
78,63,1,0
78,63,2,20
78,64,1,1
78,64,2,20
78,65,1,2
78,65,2,20
78,66,1,3
78,66,2,20
78,67,1,5
78,67,2,20
78,68,1,3
78,68,2,20
78,69,1,2
78,69,2,20
78,70,1,1
78,70,2,20
78,71,1,0
78,71,2,20
78,72,1,1
78,72,2,20
78,73,1,2
78,73,2,20
78,74,1,3
78,74,2,20
78,75,1,3
78,75,2,20
78,76,1,2
78,76,2,20
78,77,1,1
78,77,2,20
78,78,1,1
78,78,2,20
78,79,1,1
78,79,2,20
78,80,1,2
78,80,2,20
78,81,1,3
78,81,2,20
78,82,1,5
78,82,2,20
78,83,1,3
78,83,2,20
78,84,1,2
78,84,2,20
78,85,1,1
78,85,2,20
78,86,1,1
78,86,2,20
78,87,1,1
78,87,2,20
78,88,1,2
78,88,2,20
78,89,1,3
78,89,2,20
78,90,1,3
78,90,2,20
78,91,1,2
78,91,2,20
78,92,1,2
78,92,2,20
78,93,1,2
78,93,2,20
78,94,1,2
78,94,2,20
78,95,1,2
78,95,2,20
78,96,1,3
78,96,2,20
78,97,1,5
78,97,2,20
78,98,1,3
78,98,2,20
78,99,1,2
78,99,2,20
78,100,1,2
78,100,2,20
78,101,1,2
78,101,2,20
78,102,1,2
78,102,2,20
78,103,1,2
78,103,2,20
78,104,1,3
78,104,2,20
78,105,1,3
78,105,2,20
78,106,1,3
78,106,2,20
78,107,1,3
78,107,2,20
78,108,1,3
78,108,2,20
78,109,1,3
78,109,2,20
78,110,1,3
78,110,2,20
78,111,1,3
78,111,2,20
78,112,1,5
78,112,2,20
78,113,1,3
78,113,2,20
78,114,1,3
78,114,2,20
78,115,1,3
78,115,2,20
78,116,1,3
78,116,2,20
78,117,1,3
78,117,2,20
78,118,1,3
78,118,2,20
78,119,1,3
78,119,2,20
78,120,1,4
78,120,2,20
78,121,1,4
78,121,2,20
78,122,1,4
78,122,2,20
78,123,1,4
78,123,2,20
78,124,1,4
78,124,2,20
78,125,1,4
78,125,2,20
78,126,1,4
78,126,2,20
78,127,1,5
78,127,2,20
78,128,1,4
78,128,2,20
78,129,1,4
78,129,2,20
78,130,1,4
78,130,2,20
78,131,1,4
78,131,2,20
78,132,1,4
78,132,2,20
78,133,1,4
78,133,2,20
78,134,1,4
78,134,2,20
79,0,1,4
79,0,2,20
79,1,1,4
79,1,2,20
79,2,1,4
79,2,2,20
79,3,1,4
79,3,2,20
79,4,1,4
79,4,2,20
79,5,1,4
79,5,2,20
79,6,1,4
79,6,2,20
79,7,1,5
79,7,2,20
79,8,1,4
79,8,2,20
79,9,1,4
79,9,2,20
79,10,1,4
79,10,2,20
79,11,1,4
79,11,2,20
79,12,1,4
79,12,2,20
79,13,1,4
79,13,2,20
79,14,1,4
79,14,2,20
79,15,1,3
79,15,2,20
79,16,1,3
79,16,2,20
79,17,1,3
79,17,2,20
79,18,1,3
79,18,2,20
79,19,1,3
79,19,2,20
79,20,1,3
79,20,2,20
79,21,1,3
79,21,2,20
79,22,1,5
79,22,2,20
79,23,1,3
79,23,2,20
79,24,1,3
79,24,2,20
79,25,1,3
79,25,2,20
79,26,1,3
79,26,2,20
79,27,1,3
79,27,2,20
79,28,1,3
79,28,2,20
79,29,1,3
79,29,2,20
79,30,1,3
79,30,2,20
79,31,1,2
79,31,2,20
79,32,1,2
79,32,2,20
79,33,1,2
79,33,2,20
79,34,1,2
79,34,2,20
79,35,1,2
79,35,2,20
79,36,1,3
79,36,2,20
79,37,1,5
79,37,2,20
79,38,1,3
79,38,2,20
79,39,1,2
79,39,2,20
79,40,1,2
79,40,2,20
79,41,1,2
79,41,2,20
79,42,1,2
79,42,2,20
79,43,1,2
79,43,2,20
79,44,1,3
79,44,2,20
79,45,1,3
79,45,2,20
79,46,1,2
79,46,2,20
79,47,1,1
79,47,2,20
79,48,1,1
79,48,2,20
79,49,1,1
79,49,2,20
79,50,1,2
79,50,2,20
79,51,1,3
79,51,2,20
79,52,1,5
79,52,2,20
79,53,1,3
79,53,2,20
79,54,1,2
79,54,2,20
79,55,1,1
79,55,2,20
79,56,1,1
79,56,2,20
79,57,1,1
79,57,2,20
79,58,1,2
79,58,2,20
79,59,1,3
79,59,2,20
79,60,1,3
79,60,2,20
79,61,1,2
79,61,2,20
79,62,1,1
79,62,2,20
79,63,1,0
79,63,2,20
79,64,1,1
79,64,2,20
79,65,1,2
79,65,2,20
79,66,1,3
79,66,2,20
79,67,1,5
79,67,2,20
79,68,1,3
79,68,2,20
79,69,1,2
79,69,2,20
79,70,1,1
79,70,2,20
79,71,1,0
79,71,2,20
79,72,1,1
79,72,2,20
79,73,1,2
79,73,2,20
79,74,1,3
79,74,2,20
79,75,1,3
79,75,2,20
79,76,1,2
79,76,2,20
79,77,1,1
79,77,2,20
79,78,1,1
79,78,2,20
79,79,1,1
79,79,2,20
79,80,1,2
79,80,2,20
79,81,1,3
79,81,2,20
79,82,1,5
79,82,2,20
79,83,1,3
79,83,2,20
79,84,1,2
79,84,2,20
79,85,1,1
79,85,2,20
79,86,1,1
79,86,2,20
79,87,1,1
79,87,2,20
79,88,1,2
79,88,2,20
79,89,1,3
79,89,2,20
79,90,1,3
79,90,2,20
79,91,1,2
79,91,2,20
79,92,1,2
79,92,2,20
79,93,1,2
79,93,2,20
79,94,1,2
79,94,2,20
79,95,1,2
79,95,2,20
79,96,1,3
79,96,2,20
79,97,1,5
79,97,2,20
79,98,1,3
79,98,2,20
79,99,1,2
79,99,2,20
79,100,1,2
79,100,2,20
79,101,1,2
79,101,2,20
79,102,1,2
79,102,2,20
79,103,1,2
79,103,2,20
79,104,1,3
79,104,2,20
79,105,1,3
79,105,2,20
79,106,1,3
79,106,2,20
79,107,1,3
79,107,2,20
79,108,1,3
79,108,2,20
79,109,1,3
79,109,2,20
79,110,1,3
79,110,2,20
79,111,1,3
79,111,2,20
79,112,1,5
79,112,2,20
79,113,1,3
79,113,2,20
79,114,1,3
79,114,2,20
79,115,1,3
79,115,2,20
79,116,1,3
79,116,2,20
79,117,1,3
79,117,2,20
79,118,1,3
79,118,2,20
79,119,1,3
79,119,2,20
79,120,1,4
79,120,2,20
79,121,1,4
79,121,2,20
79,122,1,4
79,122,2,20
79,123,1,4
79,123,2,20
79,124,1,4
79,124,2,20
79,125,1,4
79,125,2,20
79,126,1,4
79,126,2,20
79,127,1,5
79,127,2,20
79,128,1,4
79,128,2,20
79,129,1,4
79,129,2,20
79,130,1,4
79,130,2,20
79,131,1,4
79,131,2,20
79,132,1,4
79,132,2,20
79,133,1,4
79,133,2,20
79,134,1,4
79,134,2,20
80,0,1,4
80,0,2,20
80,1,1,4
80,1,2,20
80,2,1,4
80,2,2,20
80,3,1,4
80,3,2,20
80,4,1,4
80,4,2,20
80,5,1,4
80,5,2,20
80,6,1,4
80,6,2,20
80,7,1,5
80,7,2,20
80,8,1,4
80,8,2,20
80,9,1,4
80,9,2,20
80,10,1,4
80,10,2,20
80,11,1,4
80,11,2,20
80,12,1,4
80,12,2,20
80,13,1,4
80,13,2,20
80,14,1,4
80,14,2,20
80,15,1,3
80,15,2,20
80,16,1,3
80,16,2,20
80,17,1,3
80,17,2,20
80,18,1,3
80,18,2,20
80,19,1,3
80,19,2,20
80,20,1,3
80,20,2,20
80,21,1,3
80,21,2,20
80,22,1,5
80,22,2,20
80,23,1,3
80,23,2,20
80,24,1,3
80,24,2,20
80,25,1,3
80,25,2,20
80,26,1,3
80,26,2,20
80,27,1,3
80,27,2,20
80,28,1,3
80,28,2,20
80,29,1,3
80,29,2,20
80,30,1,3
80,30,2,20
80,31,1,2
80,31,2,20
80,32,1,2
80,32,2,20
80,33,1,2
80,33,2,20
80,34,1,2
80,34,2,20
80,35,1,2
80,35,2,20
80,36,1,3
80,36,2,20
80,37,1,5
80,37,2,20
80,38,1,3
80,38,2,20
80,39,1,2
80,39,2,20
80,40,1,2
80,40,2,20
80,41,1,2
80,41,2,20
80,42,1,2
80,42,2,20
80,43,1,2
80,43,2,20
80,44,1,3
80,44,2,20
80,45,1,3
80,45,2,20
80,46,1,2
80,46,2,20
80,47,1,1
80,47,2,20
80,48,1,1
80,48,2,20
80,49,1,1
80,49,2,20
80,50,1,2
80,50,2,20
80,51,1,3
80,51,2,20
80,52,1,5
80,52,2,20
80,53,1,3
80,53,2,20
80,54,1,2
80,54,2,20
80,55,1,1
80,55,2,20
80,56,1,1
80,56,2,20
80,57,1,1
80,57,2,20
80,58,1,2
80,58,2,20
80,59,1,3
80,59,2,20
80,60,1,3
80,60,2,20
80,61,1,2
80,61,2,20
80,62,1,1
80,62,2,20
80,63,1,0
80,63,2,20
80,64,1,1
80,64,2,20
80,65,1,2
80,65,2,20
80,66,1,3
80,66,2,20
80,67,1,5
80,67,2,20
80,68,1,3
80,68,2,20
80,69,1,2
80,69,2,20
80,70,1,1
80,70,2,20
80,71,1,0
80,71,2,20
80,72,1,1
80,72,2,20
80,73,1,2
80,73,2,20
80,74,1,3
80,74,2,20
80,75,1,3
80,75,2,20
80,76,1,2
80,76,2,20
80,77,1,1
80,77,2,20
80,78,1,1
80,78,2,20
80,79,1,1
80,79,2,20
80,80,1,2
80,80,2,20
80,81,1,3
80,81,2,20
80,82,1,5
80,82,2,20
80,83,1,3
80,83,2,20
80,84,1,2
80,84,2,20
80,85,1,1
80,85,2,20
80,86,1,1
80,86,2,20
80,87,1,1
80,87,2,20
80,88,1,2
80,88,2,20
80,89,1,3
80,89,2,20
80,90,1,3
80,90,2,20
80,91,1,2
80,91,2,20
80,92,1,2
80,92,2,20
80,93,1,2
80,93,2,20
80,94,1,2
80,94,2,20
80,95,1,2
80,95,2,20
80,96,1,3
80,96,2,20
80,97,1,5
80,97,2,20
80,98,1,3
80,98,2,20
80,99,1,2
80,99,2,20
80,100,1,2
80,100,2,20
80,101,1,2
80,101,2,20
80,102,1,2
80,102,2,20
80,103,1,2
80,103,2,20
80,104,1,3
80,104,2,20
80,105,1,3
80,105,2,20
80,106,1,3
80,106,2,20
80,107,1,3
80,107,2,20
80,108,1,3
80,108,2,20
80,109,1,3
80,109,2,20
80,110,1,3
80,110,2,20
80,111,1,3
80,111,2,20
80,112,1,5
80,112,2,20
80,113,1,3
80,113,2,20
80,114,1,3
80,114,2,20
80,115,1,3
80,115,2,20
80,116,1,3
80,116,2,20
80,117,1,3
80,117,2,20
80,118,1,3
80,118,2,20
80,119,1,3
80,119,2,20
80,120,1,4
80,120,2,20
80,121,1,4
80,121,2,20
80,122,1,4
80,122,2,20
80,123,1,4
80,123,2,20
80,124,1,4
80,124,2,20
80,125,1,4
80,125,2,20
80,126,1,4
80,126,2,20
80,127,1,5
80,127,2,20
80,128,1,4
80,128,2,20
80,129,1,4
80,129,2,20
80,130,1,4
80,130,2,20
80,131,1,4
80,131,2,20
80,132,1,4
80,132,2,20
80,133,1,4
80,133,2,20
80,134,1,4
80,134,2,20
81,0,1,4
81,0,2,20
81,1,1,4
81,1,2,20
81,2,1,4
81,2,2,20
81,3,1,4
81,3,2,20
81,4,1,4
81,4,2,20
81,5,1,4
81,5,2,20
81,6,1,4
81,6,2,20
81,7,1,5
81,7,2,20
81,8,1,4
81,8,2,20
81,9,1,4
81,9,2,20
81,10,1,4
81,10,2,20
81,11,1,4
81,11,2,20
81,12,1,4
81,12,2,20
81,13,1,4
81,13,2,20
81,14,1,4
81,14,2,20
81,15,1,3
81,15,2,20
81,16,1,3
81,16,2,20
81,17,1,3
81,17,2,20
81,18,1,3
81,18,2,20
81,19,1,3
81,19,2,20
81,20,1,3
81,20,2,20
81,21,1,3
81,21,2,20
81,22,1,5
81,22,2,20
81,23,1,3
81,23,2,20
81,24,1,3
81,24,2,20
81,25,1,3
81,25,2,20
81,26,1,3
81,26,2,20
81,27,1,3
81,27,2,20
81,28,1,3
81,28,2,20
81,29,1,3
81,29,2,20
81,30,1,3
81,30,2,20
81,31,1,2
81,31,2,20
81,32,1,2
81,32,2,20
81,33,1,2
81,33,2,20
81,34,1,2
81,34,2,20
81,35,1,2
81,35,2,20
81,36,1,3
81,36,2,20
81,37,1,5
81,37,2,20
81,38,1,3
81,38,2,20
81,39,1,2
81,39,2,20
81,40,1,2
81,40,2,20
81,41,1,2
81,41,2,20
81,42,1,2
81,42,2,20
81,43,1,2
81,43,2,20
81,44,1,3
81,44,2,20
81,45,1,3
81,45,2,20
81,46,1,2
81,46,2,20
81,47,1,1
81,47,2,20
81,48,1,1
81,48,2,20
81,49,1,1
81,49,2,20
81,50,1,2
81,50,2,20
81,51,1,3
81,51,2,20
81,52,1,5
81,52,2,20
81,53,1,3
81,53,2,20
81,54,1,2
81,54,2,20
81,55,1,1
81,55,2,20
81,56,1,1
81,56,2,20
81,57,1,1
81,57,2,20
81,58,1,2
81,58,2,20
81,59,1,3
81,59,2,20
81,60,1,3
81,60,2,20
81,61,1,2
81,61,2,20
81,62,1,1
81,62,2,20
81,63,1,0
81,63,2,20
81,64,1,1
81,64,2,20
81,65,1,2
81,65,2,20
81,66,1,3
81,66,2,20
81,67,1,5
81,67,2,20
81,68,1,3
81,68,2,20
81,69,1,2
81,69,2,20
81,70,1,1
81,70,2,20
81,71,1,0
81,71,2,20
81,72,1,1
81,72,2,20
81,73,1,2
81,73,2,20
81,74,1,3
81,74,2,20
81,75,1,3
81,75,2,20
81,76,1,2
81,76,2,20
81,77,1,1
81,77,2,20
81,78,1,1
81,78,2,20
81,79,1,1
81,79,2,20
81,80,1,2
81,80,2,20
81,81,1,3
81,81,2,20
81,82,1,5
81,82,2,20
81,83,1,3
81,83,2,20
81,84,1,2
81,84,2,20
81,85,1,1
81,85,2,20
81,86,1,1
81,86,2,20
81,87,1,1
81,87,2,20
81,88,1,2
81,88,2,20
81,89,1,3
81,89,2,20
81,90,1,3
81,90,2,20
81,91,1,2
81,91,2,20
81,92,1,2
81,92,2,20
81,93,1,2
81,93,2,20
81,94,1,2
81,94,2,20
81,95,1,2
81,95,2,20
81,96,1,3
81,96,2,20
81,97,1,5
81,97,2,20
81,98,1,3
81,98,2,20
81,99,1,2
81,99,2,20
81,100,1,2
81,100,2,20
81,101,1,2
81,101,2,20
81,102,1,2
81,102,2,20
81,103,1,2
81,103,2,20
81,104,1,3
81,104,2,20
81,105,1,3
81,105,2,20
81,106,1,3
81,106,2,20
81,107,1,3
81,107,2,20
81,108,1,3
81,108,2,20
81,109,1,3
81,109,2,20
81,110,1,3
81,110,2,20
81,111,1,3
81,111,2,20
81,112,1,5
81,112,2,20
81,113,1,3
81,113,2,20
81,114,1,3
81,114,2,20
81,115,1,3
81,115,2,20
81,116,1,3
81,116,2,20
81,117,1,3
81,117,2,20
81,118,1,3
81,118,2,20
81,119,1,3
81,119,2,20
81,120,1,4
81,120,2,20
81,121,1,4
81,121,2,20
81,122,1,4
81,122,2,20
81,123,1,4
81,123,2,20
81,124,1,4
81,124,2,20
81,125,1,4
81,125,2,20
81,126,1,4
81,126,2,20
81,127,1,5
81,127,2,20
81,128,1,4
81,128,2,20
81,129,1,4
81,129,2,20
81,130,1,4
81,130,2,20
81,131,1,4
81,131,2,20
81,132,1,4
81,132,2,20
81,133,1,4
81,133,2,20
81,134,1,4
81,134,2,20
82,0,1,4
82,0,2,20
82,1,1,4
82,1,2,20
82,2,1,4
82,2,2,20
82,3,1,4
82,3,2,20
82,4,1,4
82,4,2,20
82,5,1,4
82,5,2,20
82,6,1,4
82,6,2,20
82,7,1,5
82,7,2,20
82,8,1,4
82,8,2,20
82,9,1,4
82,9,2,20
82,10,1,4
82,10,2,20
82,11,1,4
82,11,2,20
82,12,1,4
82,12,2,20
82,13,1,4
82,13,2,20
82,14,1,4
82,14,2,20
82,15,1,3
82,15,2,20
82,16,1,3
82,16,2,20
82,17,1,3
82,17,2,20
82,18,1,3
82,18,2,20
82,19,1,3
82,19,2,20
82,20,1,3
82,20,2,20
82,21,1,3
82,21,2,20
82,22,1,5
82,22,2,20
82,23,1,3
82,23,2,20
82,24,1,3
82,24,2,20
82,25,1,3
82,25,2,20
82,26,1,3
82,26,2,20
82,27,1,3
82,27,2,20
82,28,1,3
82,28,2,20
82,29,1,3
82,29,2,20
82,30,1,3
82,30,2,20
82,31,1,2
82,31,2,20
82,32,1,2
82,32,2,20
82,33,1,2
82,33,2,20
82,34,1,2
82,34,2,20
82,35,1,2
82,35,2,20
82,36,1,3
82,36,2,20
82,37,1,5
82,37,2,20
82,38,1,3
82,38,2,20
82,39,1,2
82,39,2,20
82,40,1,2
82,40,2,20
82,41,1,2
82,41,2,20
82,42,1,2
82,42,2,20
82,43,1,2
82,43,2,20
82,44,1,3
82,44,2,20
82,45,1,3
82,45,2,20
82,46,1,2
82,46,2,20
82,47,1,1
82,47,2,20
82,48,1,1
82,48,2,20
82,49,1,1
82,49,2,20
82,50,1,2
82,50,2,20
82,51,1,3
82,51,2,20
82,52,1,5
82,52,2,20
82,53,1,3
82,53,2,20
82,54,1,2
82,54,2,20
82,55,1,1
82,55,2,20
82,56,1,1
82,56,2,20
82,57,1,1
82,57,2,20
82,58,1,2
82,58,2,20
82,59,1,3
82,59,2,20
82,60,1,3
82,60,2,20
82,61,1,2
82,61,2,20
82,62,1,1
82,62,2,20
82,63,1,0
82,63,2,20
82,64,1,1
82,64,2,20
82,65,1,2
82,65,2,20
82,66,1,3
82,66,2,20
82,67,1,5
82,67,2,20
82,68,1,3
82,68,2,20
82,69,1,2
82,69,2,20
82,70,1,1
82,70,2,20
82,71,1,0
82,71,2,20
82,72,1,1
82,72,2,20
82,73,1,2
82,73,2,20
82,74,1,3
82,74,2,20
82,75,1,3
82,75,2,20
82,76,1,2
82,76,2,20
82,77,1,1
82,77,2,20
82,78,1,1
82,78,2,20
82,79,1,1
82,79,2,20
82,80,1,2
82,80,2,20
82,81,1,3
82,81,2,20
82,82,1,5
82,82,2,20
82,83,1,3
82,83,2,20
82,84,1,2
82,84,2,20
82,85,1,1
82,85,2,20
82,86,1,1
82,86,2,20
82,87,1,1
82,87,2,20
82,88,1,2
82,88,2,20
82,89,1,3
82,89,2,20
82,90,1,3
82,90,2,20
82,91,1,2
82,91,2,20
82,92,1,2
82,92,2,20
82,93,1,2
82,93,2,20
82,94,1,2
82,94,2,20
82,95,1,2
82,95,2,20
82,96,1,3
82,96,2,20
82,97,1,5
82,97,2,20
82,98,1,3
82,98,2,20
82,99,1,2
82,99,2,20
82,100,1,2
82,100,2,20
82,101,1,2
82,101,2,20
82,102,1,2
82,102,2,20
82,103,1,2
82,103,2,20
82,104,1,3
82,104,2,20
82,105,1,3
82,105,2,20
82,106,1,3
82,106,2,20
82,107,1,3
82,107,2,20
82,108,1,3
82,108,2,20
82,109,1,3
82,109,2,20
82,110,1,3
82,110,2,20
82,111,1,3
82,111,2,20
82,112,1,5
82,112,2,20
82,113,1,3
82,113,2,20
82,114,1,3
82,114,2,20
82,115,1,3
82,115,2,20
82,116,1,3
82,116,2,20
82,117,1,3
82,117,2,20
82,118,1,3
82,118,2,20
82,119,1,3
82,119,2,20
82,120,1,4
82,120,2,20
82,121,1,4
82,121,2,20
82,122,1,4
82,122,2,20
82,123,1,4
82,123,2,20
82,124,1,4
82,124,2,20
82,125,1,4
82,125,2,20
82,126,1,4
82,126,2,20
82,127,1,5
82,127,2,20
82,128,1,4
82,128,2,20
82,129,1,4
82,129,2,20
82,130,1,4
82,130,2,20
82,131,1,4
82,131,2,20
82,132,1,4
82,132,2,20
82,133,1,4
82,133,2,20
82,134,1,4
82,134,2,20
83,0,1,4
83,0,2,20
83,1,1,4
83,1,2,20
83,2,1,4
83,2,2,20
83,3,1,4
83,3,2,20
83,4,1,4
83,4,2,20
83,5,1,4
83,5,2,20
83,6,1,4
83,6,2,20
83,7,1,5
83,7,2,20
83,8,1,4
83,8,2,20
83,9,1,4
83,9,2,20
83,10,1,4
83,10,2,20
83,11,1,4
83,11,2,20
83,12,1,4
83,12,2,20
83,13,1,4
83,13,2,20
83,14,1,4
83,14,2,20
83,15,1,3
83,15,2,20
83,16,1,3
83,16,2,20
83,17,1,3
83,17,2,20
83,18,1,3
83,18,2,20
83,19,1,3
83,19,2,20
83,20,1,3
83,20,2,20
83,21,1,3
83,21,2,20
83,22,1,5
83,22,2,20
83,23,1,3
83,23,2,20
83,24,1,3
83,24,2,20
83,25,1,3
83,25,2,20
83,26,1,3
83,26,2,20
83,27,1,3
83,27,2,20
83,28,1,3
83,28,2,20
83,29,1,3
83,29,2,20
83,30,1,3
83,30,2,20
83,31,1,2
83,31,2,20
83,32,1,2
83,32,2,20
83,33,1,2
83,33,2,20
83,34,1,2
83,34,2,20
83,35,1,2
83,35,2,20
83,36,1,3
83,36,2,20
83,37,1,5
83,37,2,20
83,38,1,3
83,38,2,20
83,39,1,2
83,39,2,20
83,40,1,2
83,40,2,20
83,41,1,2
83,41,2,20
83,42,1,2
83,42,2,20
83,43,1,2
83,43,2,20
83,44,1,3
83,44,2,20
83,45,1,3
83,45,2,20
83,46,1,2
83,46,2,20
83,47,1,1
83,47,2,20
83,48,1,1
83,48,2,20
83,49,1,1
83,49,2,20
83,50,1,2
83,50,2,20
83,51,1,3
83,51,2,20
83,52,1,5
83,52,2,20
83,53,1,3
83,53,2,20
83,54,1,2
83,54,2,20
83,55,1,1
83,55,2,20
83,56,1,1
83,56,2,20
83,57,1,1
83,57,2,20
83,58,1,2
83,58,2,20
83,59,1,3
83,59,2,20
83,60,1,3
83,60,2,20
83,61,1,2
83,61,2,20
83,62,1,1
83,62,2,20
83,63,1,0
83,63,2,20
83,64,1,1
83,64,2,20
83,65,1,2
83,65,2,20
83,66,1,3
83,66,2,20
83,67,1,5
83,67,2,20
83,68,1,3
83,68,2,20
83,69,1,2
83,69,2,20
83,70,1,1
83,70,2,20
83,71,1,0
83,71,2,20
83,72,1,1
83,72,2,20
83,73,1,2
83,73,2,20
83,74,1,3
83,74,2,20
83,75,1,3
83,75,2,20
83,76,1,2
83,76,2,20
83,77,1,1
83,77,2,20
83,78,1,1
83,78,2,20
83,79,1,1
83,79,2,20
83,80,1,2
83,80,2,20
83,81,1,3
83,81,2,20
83,82,1,5
83,82,2,20
83,83,1,3
83,83,2,20
83,84,1,2
83,84,2,20
83,85,1,1
83,85,2,20
83,86,1,1
83,86,2,20
83,87,1,1
83,87,2,20
83,88,1,2
83,88,2,20
83,89,1,3
83,89,2,20
83,90,1,3
83,90,2,20
83,91,1,2
83,91,2,20
83,92,1,2
83,92,2,20
83,93,1,2
83,93,2,20
83,94,1,2
83,94,2,20
83,95,1,2
83,95,2,20
83,96,1,3
83,96,2,20
83,97,1,5
83,97,2,20
83,98,1,3
83,98,2,20
83,99,1,2
83,99,2,20
83,100,1,2
83,100,2,20
83,101,1,2
83,101,2,20
83,102,1,2
83,102,2,20
83,103,1,2
83,103,2,20
83,104,1,3
83,104,2,20
83,105,1,3
83,105,2,20
83,106,1,3
83,106,2,20
83,107,1,3
83,107,2,20
83,108,1,3
83,108,2,20
83,109,1,3
83,109,2,20
83,110,1,3
83,110,2,20
83,111,1,3
83,111,2,20
83,112,1,5
83,112,2,20
83,113,1,3
83,113,2,20
83,114,1,3
83,114,2,20
83,115,1,3
83,115,2,20
83,116,1,3
83,116,2,20
83,117,1,3
83,117,2,20
83,118,1,3
83,118,2,20
83,119,1,3
83,119,2,20
83,120,1,4
83,120,2,20
83,121,1,4
83,121,2,20
83,122,1,4
83,122,2,20
83,123,1,4
83,123,2,20
83,124,1,4
83,124,2,20
83,125,1,4
83,125,2,20
83,126,1,4
83,126,2,20
83,127,1,5
83,127,2,20
83,128,1,4
83,128,2,20
83,129,1,4
83,129,2,20
83,130,1,4
83,130,2,20
83,131,1,4
83,131,2,20
83,132,1,4
83,132,2,20
83,133,1,4
83,133,2,20
83,134,1,4
83,134,2,20
84,0,1,4
84,0,2,20
84,1,1,4
84,1,2,20
84,2,1,4
84,2,2,20
84,3,1,4
84,3,2,20
84,4,1,4
84,4,2,20
84,5,1,4
84,5,2,20
84,6,1,4
84,6,2,20
84,7,1,5
84,7,2,20
84,8,1,4
84,8,2,20
84,9,1,4
84,9,2,20
84,10,1,4
84,10,2,20
84,11,1,4
84,11,2,20
84,12,1,4
84,12,2,20
84,13,1,4
84,13,2,20
84,14,1,4
84,14,2,20
84,15,1,3
84,15,2,20
84,16,1,3
84,16,2,20
84,17,1,3
84,17,2,20
84,18,1,3
84,18,2,20
84,19,1,3
84,19,2,20
84,20,1,3
84,20,2,20
84,21,1,3
84,21,2,20
84,22,1,5
84,22,2,20
84,23,1,3
84,23,2,20
84,24,1,3
84,24,2,20
84,25,1,3
84,25,2,20
84,26,1,3
84,26,2,20
84,27,1,3
84,27,2,20
84,28,1,3
84,28,2,20
84,29,1,3
84,29,2,20
84,30,1,3
84,30,2,20
84,31,1,2
84,31,2,20
84,32,1,2
84,32,2,20
84,33,1,2
84,33,2,20
84,34,1,2
84,34,2,20
84,35,1,2
84,35,2,20
84,36,1,3
84,36,2,20
84,37,1,5
84,37,2,20
84,38,1,3
84,38,2,20
84,39,1,2
84,39,2,20
84,40,1,2
84,40,2,20
84,41,1,2
84,41,2,20
84,42,1,2
84,42,2,20
84,43,1,2
84,43,2,20
84,44,1,3
84,44,2,20
84,45,1,3
84,45,2,20
84,46,1,2
84,46,2,20
84,47,1,1
84,47,2,20
84,48,1,1
84,48,2,20
84,49,1,1
84,49,2,20
84,50,1,2
84,50,2,20
84,51,1,3
84,51,2,20
84,52,1,5
84,52,2,20
84,53,1,3
84,53,2,20
84,54,1,2
84,54,2,20
84,55,1,1
84,55,2,20
84,56,1,1
84,56,2,20
84,57,1,1
84,57,2,20
84,58,1,2
84,58,2,20
84,59,1,3
84,59,2,20
84,60,1,3
84,60,2,20
84,61,1,2
84,61,2,20
84,62,1,1
84,62,2,20
84,63,1,0
84,63,2,20
84,64,1,1
84,64,2,20
84,65,1,2
84,65,2,20
84,66,1,3
84,66,2,20
84,67,1,5
84,67,2,20
84,68,1,3
84,68,2,20
84,69,1,2
84,69,2,20
84,70,1,1
84,70,2,20
84,71,1,0
84,71,2,20
84,72,1,1
84,72,2,20
84,73,1,2
84,73,2,20
84,74,1,3
84,74,2,20
84,75,1,3
84,75,2,20
84,76,1,2
84,76,2,20
84,77,1,1
84,77,2,20
84,78,1,1
84,78,2,20
84,79,1,1
84,79,2,20
84,80,1,2
84,80,2,20
84,81,1,3
84,81,2,20
84,82,1,5
84,82,2,20
84,83,1,3
84,83,2,20
84,84,1,2
84,84,2,20
84,85,1,1
84,85,2,20
84,86,1,1
84,86,2,20
84,87,1,1
84,87,2,20
84,88,1,2
84,88,2,20
84,89,1,3
84,89,2,20
84,90,1,3
84,90,2,20
84,91,1,2
84,91,2,20
84,92,1,2
84,92,2,20
84,93,1,2
84,93,2,20
84,94,1,2
84,94,2,20
84,95,1,2
84,95,2,20
84,96,1,3
84,96,2,20
84,97,1,5
84,97,2,20
84,98,1,3
84,98,2,20
84,99,1,2
84,99,2,20
84,100,1,2
84,100,2,20
84,101,1,2
84,101,2,20
84,102,1,2
84,102,2,20
84,103,1,2
84,103,2,20
84,104,1,3
84,104,2,20
84,105,1,3
84,105,2,20
84,106,1,3
84,106,2,20
84,107,1,3
84,107,2,20
84,108,1,3
84,108,2,20
84,109,1,3
84,109,2,20
84,110,1,3
84,110,2,20
84,111,1,3
84,111,2,20
84,112,1,5
84,112,2,20
84,113,1,3
84,113,2,20
84,114,1,3
84,114,2,20
84,115,1,3
84,115,2,20
84,116,1,3
84,116,2,20
84,117,1,3
84,117,2,20
84,118,1,3
84,118,2,20
84,119,1,3
84,119,2,20
84,120,1,4
84,120,2,20
84,121,1,4
84,121,2,20
84,122,1,4
84,122,2,20
84,123,1,4
84,123,2,20
84,124,1,4
84,124,2,20
84,125,1,4
84,125,2,20
84,126,1,4
84,126,2,20
84,127,1,5
84,127,2,20
84,128,1,4
84,128,2,20
84,129,1,4
84,129,2,20
84,130,1,4
84,130,2,20
84,131,1,4
84,131,2,20
84,132,1,4
84,132,2,20
84,133,1,4
84,133,2,20
84,134,1,4
84,134,2,20
85,0,1,4
85,0,2,20
85,1,1,4
85,1,2,20
85,2,1,4
85,2,2,20
85,3,1,4
85,3,2,20
85,4,1,4
85,4,2,20
85,5,1,4
85,5,2,20
85,6,1,4
85,6,2,20
85,7,1,5
85,7,2,20
85,8,1,4
85,8,2,20
85,9,1,4
85,9,2,20
85,10,1,4
85,10,2,20
85,11,1,4
85,11,2,20
85,12,1,4
85,12,2,20
85,13,1,4
85,13,2,20
85,14,1,4
85,14,2,20
85,15,1,3
85,15,2,20
85,16,1,3
85,16,2,20
85,17,1,3
85,17,2,20
85,18,1,3
85,18,2,20
85,19,1,3
85,19,2,20
85,20,1,3
85,20,2,20
85,21,1,3
85,21,2,20
85,22,1,5
85,22,2,20
85,23,1,3
85,23,2,20
85,24,1,3
85,24,2,20
85,25,1,3
85,25,2,20
85,26,1,3
85,26,2,20
85,27,1,3
85,27,2,20
85,28,1,3
85,28,2,20
85,29,1,3
85,29,2,20
85,30,1,3
85,30,2,20
85,31,1,2
85,31,2,20
85,32,1,2
85,32,2,20
85,33,1,2
85,33,2,20
85,34,1,2
85,34,2,20
85,35,1,2
85,35,2,20
85,36,1,3
85,36,2,20
85,37,1,5
85,37,2,20
85,38,1,3
85,38,2,20
85,39,1,2
85,39,2,20
85,40,1,2
85,40,2,20
85,41,1,2
85,41,2,20
85,42,1,2
85,42,2,20
85,43,1,2
85,43,2,20
85,44,1,3
85,44,2,20
85,45,1,3
85,45,2,20
85,46,1,2
85,46,2,20
85,47,1,1
85,47,2,20
85,48,1,1
85,48,2,20
85,49,1,1
85,49,2,20
85,50,1,2
85,50,2,20
85,51,1,3
85,51,2,20
85,52,1,5
85,52,2,20
85,53,1,3
85,53,2,20
85,54,1,2
85,54,2,20
85,55,1,1
85,55,2,20
85,56,1,1
85,56,2,20
85,57,1,1
85,57,2,20
85,58,1,2
85,58,2,20
85,59,1,3
85,59,2,20
85,60,1,3
85,60,2,20
85,61,1,2
85,61,2,20
85,62,1,1
85,62,2,20
85,63,1,0
85,63,2,20
85,64,1,1
85,64,2,20
85,65,1,2
85,65,2,20
85,66,1,3
85,66,2,20
85,67,1,5
85,67,2,20
85,68,1,3
85,68,2,20
85,69,1,2
85,69,2,20
85,70,1,1
85,70,2,20
85,71,1,0
85,71,2,20
85,72,1,1
85,72,2,20
85,73,1,2
85,73,2,20
85,74,1,3
85,74,2,20
85,75,1,3
85,75,2,20
85,76,1,2
85,76,2,20
85,77,1,1
85,77,2,20
85,78,1,1
85,78,2,20
85,79,1,1
85,79,2,20
85,80,1,2
85,80,2,20
85,81,1,3
85,81,2,20
85,82,1,5
85,82,2,20
85,83,1,3
85,83,2,20
85,84,1,2
85,84,2,20
85,85,1,1
85,85,2,20
85,86,1,1
85,86,2,20
85,87,1,1
85,87,2,20
85,88,1,2
85,88,2,20
85,89,1,3
85,89,2,20
85,90,1,3
85,90,2,20
85,91,1,2
85,91,2,20
85,92,1,2
85,92,2,20
85,93,1,2
85,93,2,20
85,94,1,2
85,94,2,20
85,95,1,2
85,95,2,20
85,96,1,3
85,96,2,20
85,97,1,5
85,97,2,20
85,98,1,3
85,98,2,20
85,99,1,2
85,99,2,20
85,100,1,2
85,100,2,20
85,101,1,2
85,101,2,20
85,102,1,2
85,102,2,20
85,103,1,2
85,103,2,20
85,104,1,3
85,104,2,20
85,105,1,3
85,105,2,20
85,106,1,3
85,106,2,20
85,107,1,3
85,107,2,20
85,108,1,3
85,108,2,20
85,109,1,3
85,109,2,20
85,110,1,3
85,110,2,20
85,111,1,3
85,111,2,20
85,112,1,5
85,112,2,20
85,113,1,3
85,113,2,20
85,114,1,3
85,114,2,20
85,115,1,3
85,115,2,20
85,116,1,3
85,116,2,20
85,117,1,3
85,117,2,20
85,118,1,3
85,118,2,20
85,119,1,3
85,119,2,20
85,120,1,4
85,120,2,20
85,121,1,4
85,121,2,20
85,122,1,4
85,122,2,20
85,123,1,4
85,123,2,20
85,124,1,4
85,124,2,20
85,125,1,4
85,125,2,20
85,126,1,4
85,126,2,20
85,127,1,5
85,127,2,20
85,128,1,4
85,128,2,20
85,129,1,4
85,129,2,20
85,130,1,4
85,130,2,20
85,131,1,4
85,131,2,20
85,132,1,4
85,132,2,20
85,133,1,4
85,133,2,20
85,134,1,4
85,134,2,20
86,0,1,4
86,0,2,20
86,1,1,4
86,1,2,20
86,2,1,4
86,2,2,20
86,3,1,4
86,3,2,20
86,4,1,4
86,4,2,20
86,5,1,4
86,5,2,20
86,6,1,4
86,6,2,20
86,7,1,5
86,7,2,20
86,8,1,4
86,8,2,20
86,9,1,4
86,9,2,20
86,10,1,4
86,10,2,20
86,11,1,4
86,11,2,20
86,12,1,4
86,12,2,20
86,13,1,4
86,13,2,20
86,14,1,4
86,14,2,20
86,15,1,3
86,15,2,20
86,16,1,3
86,16,2,20
86,17,1,3
86,17,2,20
86,18,1,3
86,18,2,20
86,19,1,3
86,19,2,20
86,20,1,3
86,20,2,20
86,21,1,3
86,21,2,20
86,22,1,5
86,22,2,20
86,23,1,3
86,23,2,20
86,24,1,3
86,24,2,20
86,25,1,3
86,25,2,20
86,26,1,3
86,26,2,20
86,27,1,3
86,27,2,20
86,28,1,3
86,28,2,20
86,29,1,3
86,29,2,20
86,30,1,3
86,30,2,20
86,31,1,2
86,31,2,20
86,32,1,2
86,32,2,20
86,33,1,2
86,33,2,20
86,34,1,2
86,34,2,20
86,35,1,2
86,35,2,20
86,36,1,3
86,36,2,20
86,37,1,5
86,37,2,20
86,38,1,3
86,38,2,20
86,39,1,2
86,39,2,20
86,40,1,2
86,40,2,20
86,41,1,2
86,41,2,20
86,42,1,2
86,42,2,20
86,43,1,2
86,43,2,20
86,44,1,3
86,44,2,20
86,45,1,3
86,45,2,20
86,46,1,2
86,46,2,20
86,47,1,1
86,47,2,20
86,48,1,1
86,48,2,20
86,49,1,1
86,49,2,20
86,50,1,2
86,50,2,20
86,51,1,3
86,51,2,20
86,52,1,5
86,52,2,20
86,53,1,3
86,53,2,20
86,54,1,2
86,54,2,20
86,55,1,1
86,55,2,20
86,56,1,1
86,56,2,20
86,57,1,1
86,57,2,20
86,58,1,2
86,58,2,20
86,59,1,3
86,59,2,20
86,60,1,3
86,60,2,20
86,61,1,2
86,61,2,20
86,62,1,1
86,62,2,20
86,63,1,0
86,63,2,20
86,64,1,1
86,64,2,20
86,65,1,2
86,65,2,20
86,66,1,3
86,66,2,20
86,67,1,5
86,67,2,20
86,68,1,3
86,68,2,20
86,69,1,2
86,69,2,20
86,70,1,1
86,70,2,20
86,71,1,0
86,71,2,20
86,72,1,1
86,72,2,20
86,73,1,2
86,73,2,20
86,74,1,3
86,74,2,20
86,75,1,3
86,75,2,20
86,76,1,2
86,76,2,20
86,77,1,1
86,77,2,20
86,78,1,1
86,78,2,20
86,79,1,1
86,79,2,20
86,80,1,2
86,80,2,20
86,81,1,3
86,81,2,20
86,82,1,5
86,82,2,20
86,83,1,3
86,83,2,20
86,84,1,2
86,84,2,20
86,85,1,1
86,85,2,20
86,86,1,1
86,86,2,20
86,87,1,1
86,87,2,20
86,88,1,2
86,88,2,20
86,89,1,3
86,89,2,20
86,90,1,3
86,90,2,20
86,91,1,2
86,91,2,20
86,92,1,2
86,92,2,20
86,93,1,2
86,93,2,20
86,94,1,2
86,94,2,20
86,95,1,2
86,95,2,20
86,96,1,3
86,96,2,20
86,97,1,5
86,97,2,20
86,98,1,3
86,98,2,20
86,99,1,2
86,99,2,20
86,100,1,2
86,100,2,20
86,101,1,2
86,101,2,20
86,102,1,2
86,102,2,20
86,103,1,2
86,103,2,20
86,104,1,3
86,104,2,20
86,105,1,3
86,105,2,20
86,106,1,3
86,106,2,20
86,107,1,3
86,107,2,20
86,108,1,3
86,108,2,20
86,109,1,3
86,109,2,20
86,110,1,3
86,110,2,20
86,111,1,3
86,111,2,20
86,112,1,5
86,112,2,20
86,113,1,3
86,113,2,20
86,114,1,3
86,114,2,20
86,115,1,3
86,115,2,20
86,116,1,3
86,116,2,20
86,117,1,3
86,117,2,20
86,118,1,3
86,118,2,20
86,119,1,3
86,119,2,20
86,120,1,4
86,120,2,20
86,121,1,4
86,121,2,20
86,122,1,4
86,122,2,20
86,123,1,4
86,123,2,20
86,124,1,4
86,124,2,20
86,125,1,4
86,125,2,20
86,126,1,4
86,126,2,20
86,127,1,5
86,127,2,20
86,128,1,4
86,128,2,20
86,129,1,4
86,129,2,20
86,130,1,4
86,130,2,20
86,131,1,4
86,131,2,20
86,132,1,4
86,132,2,20
86,133,1,4
86,133,2,20
86,134,1,4
86,134,2,20
87,0,1,4
87,0,2,20
87,1,1,4
87,1,2,20
87,2,1,4
87,2,2,20
87,3,1,4
87,3,2,20
87,4,1,4
87,4,2,20
87,5,1,4
87,5,2,20
87,6,1,4
87,6,2,20
87,7,1,5
87,7,2,20
87,8,1,4
87,8,2,20
87,9,1,4
87,9,2,20
87,10,1,4
87,10,2,20
87,11,1,4
87,11,2,20
87,12,1,4
87,12,2,20
87,13,1,4
87,13,2,20
87,14,1,4
87,14,2,20
87,15,1,3
87,15,2,20
87,16,1,3
87,16,2,20
87,17,1,3
87,17,2,20
87,18,1,3
87,18,2,20
87,19,1,3
87,19,2,20
87,20,1,3
87,20,2,20
87,21,1,3
87,21,2,20
87,22,1,5
87,22,2,20
87,23,1,3
87,23,2,20
87,24,1,3
87,24,2,20
87,25,1,3
87,25,2,20
87,26,1,3
87,26,2,20
87,27,1,3
87,27,2,20
87,28,1,3
87,28,2,20
87,29,1,3
87,29,2,20
87,30,1,3
87,30,2,20
87,31,1,2
87,31,2,20
87,32,1,2
87,32,2,20
87,33,1,2
87,33,2,20
87,34,1,2
87,34,2,20
87,35,1,2
87,35,2,20
87,36,1,3
87,36,2,20
87,37,1,5
87,37,2,20
87,38,1,3
87,38,2,20
87,39,1,2
87,39,2,20
87,40,1,2
87,40,2,20
87,41,1,2
87,41,2,20
87,42,1,2
87,42,2,20
87,43,1,2
87,43,2,20
87,44,1,3
87,44,2,20
87,45,1,3
87,45,2,20
87,46,1,2
87,46,2,20
87,47,1,1
87,47,2,20
87,48,1,1
87,48,2,20
87,49,1,1
87,49,2,20
87,50,1,2
87,50,2,20
87,51,1,3
87,51,2,20
87,52,1,5
87,52,2,20
87,53,1,3
87,53,2,20
87,54,1,2
87,54,2,20
87,55,1,1
87,55,2,20
87,56,1,1
87,56,2,20
87,57,1,1
87,57,2,20
87,58,1,2
87,58,2,20
87,59,1,3
87,59,2,20
87,60,1,3
87,60,2,20
87,61,1,2
87,61,2,20
87,62,1,1
87,62,2,20
87,63,1,0
87,63,2,20
87,64,1,1
87,64,2,20
87,65,1,2
87,65,2,20
87,66,1,3
87,66,2,20
87,67,1,5
87,67,2,20
87,68,1,3
87,68,2,20
87,69,1,2
87,69,2,20
87,70,1,1
87,70,2,20
87,71,1,0
87,71,2,20
87,72,1,1
87,72,2,20
87,73,1,2
87,73,2,20
87,74,1,3
87,74,2,20
87,75,1,3
87,75,2,20
87,76,1,2
87,76,2,20
87,77,1,1
87,77,2,20
87,78,1,1
87,78,2,20
87,79,1,1
87,79,2,20
87,80,1,2
87,80,2,20
87,81,1,3
87,81,2,20
87,82,1,5
87,82,2,20
87,83,1,3
87,83,2,20
87,84,1,2
87,84,2,20
87,85,1,1
87,85,2,20
87,86,1,1
87,86,2,20
87,87,1,1
87,87,2,20
87,88,1,2
87,88,2,20
87,89,1,3
87,89,2,20
87,90,1,3
87,90,2,20
87,91,1,2
87,91,2,20
87,92,1,2
87,92,2,20
87,93,1,2
87,93,2,20
87,94,1,2
87,94,2,20
87,95,1,2
87,95,2,20
87,96,1,3
87,96,2,20
87,97,1,5
87,97,2,20
87,98,1,3
87,98,2,20
87,99,1,2
87,99,2,20
87,100,1,2
87,100,2,20
87,101,1,2
87,101,2,20
87,102,1,2
87,102,2,20
87,103,1,2
87,103,2,20
87,104,1,3
87,104,2,20
87,105,1,3
87,105,2,20
87,106,1,3
87,106,2,20
87,107,1,3
87,107,2,20
87,108,1,3
87,108,2,20
87,109,1,3
87,109,2,20
87,110,1,3
87,110,2,20
87,111,1,3
87,111,2,20
87,112,1,5
87,112,2,20
87,113,1,3
87,113,2,20
87,114,1,3
87,114,2,20
87,115,1,3
87,115,2,20
87,116,1,3
87,116,2,20
87,117,1,3
87,117,2,20
87,118,1,3
87,118,2,20
87,119,1,3
87,119,2,20
87,120,1,4
87,120,2,20
87,121,1,4
87,121,2,20
87,122,1,4
87,122,2,20
87,123,1,4
87,123,2,20
87,124,1,4
87,124,2,20
87,125,1,4
87,125,2,20
87,126,1,4
87,126,2,20
87,127,1,5
87,127,2,20
87,128,1,4
87,128,2,20
87,129,1,4
87,129,2,20
87,130,1,4
87,130,2,20
87,131,1,4
87,131,2,20
87,132,1,4
87,132,2,20
87,133,1,4
87,133,2,20
87,134,1,4
87,134,2,20
88,0,1,4
88,0,2,20
88,1,1,4
88,1,2,20
88,2,1,4
88,2,2,20
88,3,1,4
88,3,2,20
88,4,1,4
88,4,2,20
88,5,1,4
88,5,2,20
88,6,1,4
88,6,2,20
88,7,1,5
88,7,2,20
88,8,1,4
88,8,2,20
88,9,1,4
88,9,2,20
88,10,1,4
88,10,2,20
88,11,1,4
88,11,2,20
88,12,1,4
88,12,2,20
88,13,1,4
88,13,2,20
88,14,1,4
88,14,2,20
88,15,1,3
88,15,2,20
88,16,1,3
88,16,2,20
88,17,1,3
88,17,2,20
88,18,1,3
88,18,2,20
88,19,1,3
88,19,2,20
88,20,1,3
88,20,2,20
88,21,1,3
88,21,2,20
88,22,1,5
88,22,2,20
88,23,1,3
88,23,2,20
88,24,1,3
88,24,2,20
88,25,1,3
88,25,2,20
88,26,1,3
88,26,2,20
88,27,1,3
88,27,2,20
88,28,1,3
88,28,2,20
88,29,1,3
88,29,2,20
88,30,1,3
88,30,2,20
88,31,1,2
88,31,2,20
88,32,1,2
88,32,2,20
88,33,1,2
88,33,2,20
88,34,1,2
88,34,2,20
88,35,1,2
88,35,2,20
88,36,1,3
88,36,2,20
88,37,1,5
88,37,2,20
88,38,1,3
88,38,2,20
88,39,1,2
88,39,2,20
88,40,1,2
88,40,2,20
88,41,1,2
88,41,2,20
88,42,1,2
88,42,2,20
88,43,1,2
88,43,2,20
88,44,1,3
88,44,2,20
88,45,1,3
88,45,2,20
88,46,1,2
88,46,2,20
88,47,1,1
88,47,2,20
88,48,1,1
88,48,2,20
88,49,1,1
88,49,2,20
88,50,1,2
88,50,2,20
88,51,1,3
88,51,2,20
88,52,1,5
88,52,2,20
88,53,1,3
88,53,2,20
88,54,1,2
88,54,2,20
88,55,1,1
88,55,2,20
88,56,1,1
88,56,2,20
88,57,1,1
88,57,2,20
88,58,1,2
88,58,2,20
88,59,1,3
88,59,2,20
88,60,1,3
88,60,2,20
88,61,1,2
88,61,2,20
88,62,1,1
88,62,2,20
88,63,1,0
88,63,2,20
88,64,1,1
88,64,2,20
88,65,1,2
88,65,2,20
88,66,1,3
88,66,2,20
88,67,1,5
88,67,2,20
88,68,1,3
88,68,2,20
88,69,1,2
88,69,2,20
88,70,1,1
88,70,2,20
88,71,1,0
88,71,2,20
88,72,1,1
88,72,2,20
88,73,1,2
88,73,2,20
88,74,1,3
88,74,2,20
88,75,1,3
88,75,2,20
88,76,1,2
88,76,2,20
88,77,1,1
88,77,2,20
88,78,1,1
88,78,2,20
88,79,1,1
88,79,2,20
88,80,1,2
88,80,2,20
88,81,1,3
88,81,2,20
88,82,1,5
88,82,2,20
88,83,1,3
88,83,2,20
88,84,1,2
88,84,2,20
88,85,1,1
88,85,2,20
88,86,1,1
88,86,2,20
88,87,1,1
88,87,2,20
88,88,1,2
88,88,2,20
88,89,1,3
88,89,2,20
88,90,1,3
88,90,2,20
88,91,1,2
88,91,2,20
88,92,1,2
88,92,2,20
88,93,1,2
88,93,2,20
88,94,1,2
88,94,2,20
88,95,1,2
88,95,2,20
88,96,1,3
88,96,2,20
88,97,1,5
88,97,2,20
88,98,1,3
88,98,2,20
88,99,1,2
88,99,2,20
88,100,1,2
88,100,2,20
88,101,1,2
88,101,2,20
88,102,1,2
88,102,2,20
88,103,1,2
88,103,2,20
88,104,1,3
88,104,2,20
88,105,1,3
88,105,2,20
88,106,1,3
88,106,2,20
88,107,1,3
88,107,2,20
88,108,1,3
88,108,2,20
88,109,1,3
88,109,2,20
88,110,1,3
88,110,2,20
88,111,1,3
88,111,2,20
88,112,1,5
88,112,2,20
88,113,1,3
88,113,2,20
88,114,1,3
88,114,2,20
88,115,1,3
88,115,2,20
88,116,1,3
88,116,2,20
88,117,1,3
88,117,2,20
88,118,1,3
88,118,2,20
88,119,1,3
88,119,2,20
88,120,1,4
88,120,2,20
88,121,1,4
88,121,2,20
88,122,1,4
88,122,2,20
88,123,1,4
88,123,2,20
88,124,1,4
88,124,2,20
88,125,1,4
88,125,2,20
88,126,1,4
88,126,2,20
88,127,1,5
88,127,2,20
88,128,1,4
88,128,2,20
88,129,1,4
88,129,2,20
88,130,1,4
88,130,2,20
88,131,1,4
88,131,2,20
88,132,1,4
88,132,2,20
88,133,1,4
88,133,2,20
88,134,1,4
88,134,2,20
89,0,1,4
89,0,2,20
89,1,1,4
89,1,2,20
89,2,1,4
89,2,2,20
89,3,1,4
89,3,2,20
89,4,1,4
89,4,2,20
89,5,1,4
89,5,2,20
89,6,1,4
89,6,2,20
89,7,1,5
89,7,2,20
89,8,1,4
89,8,2,20
89,9,1,4
89,9,2,20
89,10,1,4
89,10,2,20
89,11,1,4
89,11,2,20
89,12,1,4
89,12,2,20
89,13,1,4
89,13,2,20
89,14,1,4
89,14,2,20
89,15,1,3
89,15,2,20
89,16,1,3
89,16,2,20
89,17,1,3
89,17,2,20
89,18,1,3
89,18,2,20
89,19,1,3
89,19,2,20
89,20,1,3
89,20,2,20
89,21,1,3
89,21,2,20
89,22,1,5
89,22,2,20
89,23,1,3
89,23,2,20
89,24,1,3
89,24,2,20
89,25,1,3
89,25,2,20
89,26,1,3
89,26,2,20
89,27,1,3
89,27,2,20
89,28,1,3
89,28,2,20
89,29,1,3
89,29,2,20
89,30,1,3
89,30,2,20
89,31,1,2
89,31,2,20
89,32,1,2
89,32,2,20
89,33,1,2
89,33,2,20
89,34,1,2
89,34,2,20
89,35,1,2
89,35,2,20
89,36,1,3
89,36,2,20
89,37,1,5
89,37,2,20
89,38,1,3
89,38,2,20
89,39,1,2
89,39,2,20
89,40,1,2
89,40,2,20
89,41,1,2
89,41,2,20
89,42,1,2
89,42,2,20
89,43,1,2
89,43,2,20
89,44,1,3
89,44,2,20
89,45,1,3
89,45,2,20
89,46,1,2
89,46,2,20
89,47,1,1
89,47,2,20
89,48,1,1
89,48,2,20
89,49,1,1
89,49,2,20
89,50,1,2
89,50,2,20
89,51,1,3
89,51,2,20
89,52,1,5
89,52,2,20
89,53,1,3
89,53,2,20
89,54,1,2
89,54,2,20
89,55,1,1
89,55,2,20
89,56,1,1
89,56,2,20
89,57,1,1
89,57,2,20
89,58,1,2
89,58,2,20
89,59,1,3
89,59,2,20
89,60,1,3
89,60,2,20
89,61,1,2
89,61,2,20
89,62,1,1
89,62,2,20
89,63,1,0
89,63,2,20
89,64,1,1
89,64,2,20
89,65,1,2
89,65,2,20
89,66,1,3
89,66,2,20
89,67,1,5
89,67,2,20
89,68,1,3
89,68,2,20
89,69,1,2
89,69,2,20
89,70,1,1
89,70,2,20
89,71,1,0
89,71,2,20
89,72,1,1
89,72,2,20
89,73,1,2
89,73,2,20
89,74,1,3
89,74,2,20
89,75,1,3
89,75,2,20
89,76,1,2
89,76,2,20
89,77,1,1
89,77,2,20
89,78,1,1
89,78,2,20
89,79,1,1
89,79,2,20
89,80,1,2
89,80,2,20
89,81,1,3
89,81,2,20
89,82,1,5
89,82,2,20
89,83,1,3
89,83,2,20
89,84,1,2
89,84,2,20
89,85,1,1
89,85,2,20
89,86,1,1
89,86,2,20
89,87,1,1
89,87,2,20
89,88,1,2
89,88,2,20
89,89,1,3
89,89,2,20
89,90,1,3
89,90,2,20
89,91,1,2
89,91,2,20
89,92,1,2
89,92,2,20
89,93,1,2
89,93,2,20
89,94,1,2
89,94,2,20
89,95,1,2
89,95,2,20
89,96,1,3
89,96,2,20
89,97,1,5
89,97,2,20
89,98,1,3
89,98,2,20
89,99,1,2
89,99,2,20
89,100,1,2
89,100,2,20
89,101,1,2
89,101,2,20
89,102,1,2
89,102,2,20
89,103,1,2
89,103,2,20
89,104,1,3
89,104,2,20
89,105,1,3
89,105,2,20
89,106,1,3
89,106,2,20
89,107,1,3
89,107,2,20
89,108,1,3
89,108,2,20
89,109,1,3
89,109,2,20
89,110,1,3
89,110,2,20
89,111,1,3
89,111,2,20
89,112,1,5
89,112,2,20
89,113,1,3
89,113,2,20
89,114,1,3
89,114,2,20
89,115,1,3
89,115,2,20
89,116,1,3
89,116,2,20
89,117,1,3
89,117,2,20
89,118,1,3
89,118,2,20
89,119,1,3
89,119,2,20
89,120,1,4
89,120,2,20
89,121,1,4
89,121,2,20
89,122,1,4
89,122,2,20
89,123,1,4
89,123,2,20
89,124,1,4
89,124,2,20
89,125,1,4
89,125,2,20
89,126,1,4
89,126,2,20
89,127,1,5
89,127,2,20
89,128,1,4
89,128,2,20
89,129,1,4
89,129,2,20
89,130,1,4
89,130,2,20
89,131,1,4
89,131,2,20
89,132,1,4
89,132,2,20
89,133,1,4
89,133,2,20
89,134,1,4
89,134,2,20
90,0,1,4
90,0,2,20
90,1,1,4
90,1,2,20
90,2,1,4
90,2,2,20
90,3,1,4
90,3,2,20
90,4,1,4
90,4,2,20
90,5,1,4
90,5,2,20
90,6,1,4
90,6,2,20
90,7,1,5
90,7,2,20
90,8,1,4
90,8,2,20
90,9,1,4
90,9,2,20
90,10,1,4
90,10,2,20
90,11,1,4
90,11,2,20
90,12,1,4
90,12,2,20
90,13,1,4
90,13,2,20
90,14,1,4
90,14,2,20
90,15,1,3
90,15,2,20
90,16,1,3
90,16,2,20
90,17,1,3
90,17,2,20
90,18,1,3
90,18,2,20
90,19,1,3
90,19,2,20
90,20,1,3
90,20,2,20
90,21,1,3
90,21,2,20
90,22,1,5
90,22,2,20
90,23,1,3
90,23,2,20
90,24,1,3
90,24,2,20
90,25,1,3
90,25,2,20
90,26,1,3
90,26,2,20
90,27,1,3
90,27,2,20
90,28,1,3
90,28,2,20
90,29,1,3
90,29,2,20
90,30,1,3
90,30,2,20
90,31,1,2
90,31,2,20
90,32,1,2
90,32,2,20
90,33,1,2
90,33,2,20
90,34,1,2
90,34,2,20
90,35,1,2
90,35,2,20
90,36,1,3
90,36,2,20
90,37,1,5
90,37,2,20
90,38,1,3
90,38,2,20
90,39,1,2
90,39,2,20
90,40,1,2
90,40,2,20
90,41,1,2
90,41,2,20
90,42,1,2
90,42,2,20
90,43,1,2
90,43,2,20
90,44,1,3
90,44,2,20
90,45,1,3
90,45,2,20
90,46,1,2
90,46,2,20
90,47,1,1
90,47,2,20
90,48,1,1
90,48,2,20
90,49,1,1
90,49,2,20
90,50,1,2
90,50,2,20
90,51,1,3
90,51,2,20
90,52,1,5
90,52,2,20
90,53,1,3
90,53,2,20
90,54,1,2
90,54,2,20
90,55,1,1
90,55,2,20
90,56,1,1
90,56,2,20
90,57,1,1
90,57,2,20
90,58,1,2
90,58,2,20
90,59,1,3
90,59,2,20
90,60,1,3
90,60,2,20
90,61,1,2
90,61,2,20
90,62,1,1
90,62,2,20
90,63,1,0
90,63,2,20
90,64,1,1
90,64,2,20
90,65,1,2
90,65,2,20
90,66,1,3
90,66,2,20
90,67,1,5
90,67,2,20
90,68,1,3
90,68,2,20
90,69,1,2
90,69,2,20
90,70,1,1
90,70,2,20
90,71,1,0
90,71,2,20
90,72,1,1
90,72,2,20
90,73,1,2
90,73,2,20
90,74,1,3
90,74,2,20
90,75,1,3
90,75,2,20
90,76,1,2
90,76,2,20
90,77,1,1
90,77,2,20
90,78,1,1
90,78,2,20
90,79,1,1
90,79,2,20
90,80,1,2
90,80,2,20
90,81,1,3
90,81,2,20
90,82,1,5
90,82,2,20
90,83,1,3
90,83,2,20
90,84,1,2
90,84,2,20
90,85,1,1
90,85,2,20
90,86,1,1
90,86,2,20
90,87,1,1
90,87,2,20
90,88,1,2
90,88,2,20
90,89,1,3
90,89,2,20
90,90,1,3
90,90,2,20
90,91,1,2
90,91,2,20
90,92,1,2
90,92,2,20
90,93,1,2
90,93,2,20
90,94,1,2
90,94,2,20
90,95,1,2
90,95,2,20
90,96,1,3
90,96,2,20
90,97,1,5
90,97,2,20
90,98,1,3
90,98,2,20
90,99,1,2
90,99,2,20
90,100,1,2
90,100,2,20
90,101,1,2
90,101,2,20
90,102,1,2
90,102,2,20
90,103,1,2
90,103,2,20
90,104,1,3
90,104,2,20
90,105,1,3
90,105,2,20
90,106,1,3
90,106,2,20
90,107,1,3
90,107,2,20
90,108,1,3
90,108,2,20
90,109,1,3
90,109,2,20
90,110,1,3
90,110,2,20
90,111,1,3
90,111,2,20
90,112,1,5
90,112,2,20
90,113,1,3
90,113,2,20
90,114,1,3
90,114,2,20
90,115,1,3
90,115,2,20
90,116,1,3
90,116,2,20
90,117,1,3
90,117,2,20
90,118,1,3
90,118,2,20
90,119,1,3
90,119,2,20
90,120,1,4
90,120,2,20
90,121,1,4
90,121,2,20
90,122,1,4
90,122,2,20
90,123,1,4
90,123,2,20
90,124,1,4
90,124,2,20
90,125,1,4
90,125,2,20
90,126,1,4
90,126,2,20
90,127,1,5
90,127,2,20
90,128,1,4
90,128,2,20
90,129,1,4
90,129,2,20
90,130,1,4
90,130,2,20
90,131,1,4
90,131,2,20
90,132,1,4
90,132,2,20
90,133,1,4
90,133,2,20
90,134,1,4
90,134,2,20
91,0,1,4
91,0,2,20
91,1,1,4
91,1,2,20
91,2,1,4
91,2,2,20
91,3,1,4
91,3,2,20
91,4,1,4
91,4,2,20
91,5,1,4
91,5,2,20
91,6,1,4
91,6,2,20
91,7,1,5
91,7,2,20
91,8,1,4
91,8,2,20
91,9,1,4
91,9,2,20
91,10,1,4
91,10,2,20
91,11,1,4
91,11,2,20
91,12,1,4
91,12,2,20
91,13,1,4
91,13,2,20
91,14,1,4
91,14,2,20
91,15,1,3
91,15,2,20
91,16,1,3
91,16,2,20
91,17,1,3
91,17,2,20
91,18,1,3
91,18,2,20
91,19,1,3
91,19,2,20
91,20,1,3
91,20,2,20
91,21,1,3
91,21,2,20
91,22,1,5
91,22,2,20
91,23,1,3
91,23,2,20
91,24,1,3
91,24,2,20
91,25,1,3
91,25,2,20
91,26,1,3
91,26,2,20
91,27,1,3
91,27,2,20
91,28,1,3
91,28,2,20
91,29,1,3
91,29,2,20
91,30,1,3
91,30,2,20
91,31,1,2
91,31,2,20
91,32,1,2
91,32,2,20
91,33,1,2
91,33,2,20
91,34,1,2
91,34,2,20
91,35,1,2
91,35,2,20
91,36,1,3
91,36,2,20
91,37,1,5
91,37,2,20
91,38,1,3
91,38,2,20
91,39,1,2
91,39,2,20
91,40,1,2
91,40,2,20
91,41,1,2
91,41,2,20
91,42,1,2
91,42,2,20
91,43,1,2
91,43,2,20
91,44,1,3
91,44,2,20
91,45,1,3
91,45,2,20
91,46,1,2
91,46,2,20
91,47,1,1
91,47,2,20
91,48,1,1
91,48,2,20
91,49,1,1
91,49,2,20
91,50,1,2
91,50,2,20
91,51,1,3
91,51,2,20
91,52,1,5
91,52,2,20
91,53,1,3
91,53,2,20
91,54,1,2
91,54,2,20
91,55,1,1
91,55,2,20
91,56,1,1
91,56,2,20
91,57,1,1
91,57,2,20
91,58,1,2
91,58,2,20
91,59,1,3
91,59,2,20
91,60,1,3
91,60,2,20
91,61,1,2
91,61,2,20
91,62,1,1
91,62,2,20
91,63,1,0
91,63,2,20
91,64,1,1
91,64,2,20
91,65,1,2
91,65,2,20
91,66,1,3
91,66,2,20
91,67,1,5
91,67,2,20
91,68,1,3
91,68,2,20
91,69,1,2
91,69,2,20
91,70,1,1
91,70,2,20
91,71,1,0
91,71,2,20
91,72,1,1
91,72,2,20
91,73,1,2
91,73,2,20
91,74,1,3
91,74,2,20
91,75,1,3
91,75,2,20
91,76,1,2
91,76,2,20
91,77,1,1
91,77,2,20
91,78,1,1
91,78,2,20
91,79,1,1
91,79,2,20
91,80,1,2
91,80,2,20
91,81,1,3
91,81,2,20
91,82,1,5
91,82,2,20
91,83,1,3
91,83,2,20
91,84,1,2
91,84,2,20
91,85,1,1
91,85,2,20
91,86,1,1
91,86,2,20
91,87,1,1
91,87,2,20
91,88,1,2
91,88,2,20
91,89,1,3
91,89,2,20
91,90,1,3
91,90,2,20
91,91,1,2
91,91,2,20
91,92,1,2
91,92,2,20
91,93,1,2
91,93,2,20
91,94,1,2
91,94,2,20
91,95,1,2
91,95,2,20
91,96,1,3
91,96,2,20
91,97,1,5
91,97,2,20
91,98,1,3
91,98,2,20
91,99,1,2
91,99,2,20
91,100,1,2
91,100,2,20
91,101,1,2
91,101,2,20
91,102,1,2
91,102,2,20
91,103,1,2
91,103,2,20
91,104,1,3
91,104,2,20
91,105,1,3
91,105,2,20
91,106,1,3
91,106,2,20
91,107,1,3
91,107,2,20
91,108,1,3
91,108,2,20
91,109,1,3
91,109,2,20
91,110,1,3
91,110,2,20
91,111,1,3
91,111,2,20
91,112,1,5
91,112,2,20
91,113,1,3
91,113,2,20
91,114,1,3
91,114,2,20
91,115,1,3
91,115,2,20
91,116,1,3
91,116,2,20
91,117,1,3
91,117,2,20
91,118,1,3
91,118,2,20
91,119,1,3
91,119,2,20
91,120,1,4
91,120,2,20
91,121,1,4
91,121,2,20
91,122,1,4
91,122,2,20
91,123,1,4
91,123,2,20
91,124,1,4
91,124,2,20
91,125,1,4
91,125,2,20
91,126,1,4
91,126,2,20
91,127,1,5
91,127,2,20
91,128,1,4
91,128,2,20
91,129,1,4
91,129,2,20
91,130,1,4
91,130,2,20
91,131,1,4
91,131,2,20
91,132,1,4
91,132,2,20
91,133,1,4
91,133,2,20
91,134,1,4
91,134,2,20
92,0,1,4
92,0,2,20
92,1,1,4
92,1,2,20
92,2,1,4
92,2,2,20
92,3,1,4
92,3,2,20
92,4,1,4
92,4,2,20
92,5,1,4
92,5,2,20
92,6,1,4
92,6,2,20
92,7,1,5
92,7,2,20
92,8,1,4
92,8,2,20
92,9,1,4
92,9,2,20
92,10,1,4
92,10,2,20
92,11,1,4
92,11,2,20
92,12,1,4
92,12,2,20
92,13,1,4
92,13,2,20
92,14,1,4
92,14,2,20
92,15,1,3
92,15,2,20
92,16,1,3
92,16,2,20
92,17,1,3
92,17,2,20
92,18,1,3
92,18,2,20
92,19,1,3
92,19,2,20
92,20,1,3
92,20,2,20
92,21,1,3
92,21,2,20
92,22,1,5
92,22,2,20
92,23,1,3
92,23,2,20
92,24,1,3
92,24,2,20
92,25,1,3
92,25,2,20
92,26,1,3
92,26,2,20
92,27,1,3
92,27,2,20
92,28,1,3
92,28,2,20
92,29,1,3
92,29,2,20
92,30,1,3
92,30,2,20
92,31,1,2
92,31,2,20
92,32,1,2
92,32,2,20
92,33,1,2
92,33,2,20
92,34,1,2
92,34,2,20
92,35,1,2
92,35,2,20
92,36,1,3
92,36,2,20
92,37,1,5
92,37,2,20
92,38,1,3
92,38,2,20
92,39,1,2
92,39,2,20
92,40,1,2
92,40,2,20
92,41,1,2
92,41,2,20
92,42,1,2
92,42,2,20
92,43,1,2
92,43,2,20
92,44,1,3
92,44,2,20
92,45,1,3
92,45,2,20
92,46,1,2
92,46,2,20
92,47,1,1
92,47,2,20
92,48,1,1
92,48,2,20
92,49,1,1
92,49,2,20
92,50,1,2
92,50,2,20
92,51,1,3
92,51,2,20
92,52,1,5
92,52,2,20
92,53,1,3
92,53,2,20
92,54,1,2
92,54,2,20
92,55,1,1
92,55,2,20
92,56,1,1
92,56,2,20
92,57,1,1
92,57,2,20
92,58,1,2
92,58,2,20
92,59,1,3
92,59,2,20
92,60,1,3
92,60,2,20
92,61,1,2
92,61,2,20
92,62,1,1
92,62,2,20
92,63,1,0
92,63,2,20
92,64,1,1
92,64,2,20
92,65,1,2
92,65,2,20
92,66,1,3
92,66,2,20
92,67,1,5
92,67,2,20
92,68,1,3
92,68,2,20
92,69,1,2
92,69,2,20
92,70,1,1
92,70,2,20
92,71,1,0
92,71,2,20
92,72,1,1
92,72,2,20
92,73,1,2
92,73,2,20
92,74,1,3
92,74,2,20
92,75,1,3
92,75,2,20
92,76,1,2
92,76,2,20
92,77,1,1
92,77,2,20
92,78,1,1
92,78,2,20
92,79,1,1
92,79,2,20
92,80,1,2
92,80,2,20
92,81,1,3
92,81,2,20
92,82,1,5
92,82,2,20
92,83,1,3
92,83,2,20
92,84,1,2
92,84,2,20
92,85,1,1
92,85,2,20
92,86,1,1
92,86,2,20
92,87,1,1
92,87,2,20
92,88,1,2
92,88,2,20
92,89,1,3
92,89,2,20
92,90,1,3
92,90,2,20
92,91,1,2
92,91,2,20
92,92,1,2
92,92,2,20
92,93,1,2
92,93,2,20
92,94,1,2
92,94,2,20
92,95,1,2
92,95,2,20
92,96,1,3
92,96,2,20
92,97,1,5
92,97,2,20
92,98,1,3
92,98,2,20
92,99,1,2
92,99,2,20
92,100,1,2
92,100,2,20
92,101,1,2
92,101,2,20
92,102,1,2
92,102,2,20
92,103,1,2
92,103,2,20
92,104,1,3
92,104,2,20
92,105,1,3
92,105,2,20
92,106,1,3
92,106,2,20
92,107,1,3
92,107,2,20
92,108,1,3
92,108,2,20
92,109,1,3
92,109,2,20
92,110,1,3
92,110,2,20
92,111,1,3
92,111,2,20
92,112,1,5
92,112,2,20
92,113,1,3
92,113,2,20
92,114,1,3
92,114,2,20
92,115,1,3
92,115,2,20
92,116,1,3
92,116,2,20
92,117,1,3
92,117,2,20
92,118,1,3
92,118,2,20
92,119,1,3
92,119,2,20
92,120,1,4
92,120,2,20
92,121,1,4
92,121,2,20
92,122,1,4
92,122,2,20
92,123,1,4
92,123,2,20
92,124,1,4
92,124,2,20
92,125,1,4
92,125,2,20
92,126,1,4
92,126,2,20
92,127,1,5
92,127,2,20
92,128,1,4
92,128,2,20
92,129,1,4
92,129,2,20
92,130,1,4
92,130,2,20
92,131,1,4
92,131,2,20
92,132,1,4
92,132,2,20
92,133,1,4
92,133,2,20
92,134,1,4
92,134,2,20
93,0,1,4
93,0,2,20
93,1,1,4
93,1,2,20
93,2,1,4
93,2,2,20
93,3,1,4
93,3,2,20
93,4,1,4
93,4,2,20
93,5,1,4
93,5,2,20
93,6,1,4
93,6,2,20
93,7,1,5
93,7,2,20
93,8,1,4
93,8,2,20
93,9,1,4
93,9,2,20
93,10,1,4
93,10,2,20
93,11,1,4
93,11,2,20
93,12,1,4
93,12,2,20
93,13,1,4
93,13,2,20
93,14,1,4
93,14,2,20
93,15,1,3
93,15,2,20
93,16,1,3
93,16,2,20
93,17,1,3
93,17,2,20
93,18,1,3
93,18,2,20
93,19,1,3
93,19,2,20
93,20,1,3
93,20,2,20
93,21,1,3
93,21,2,20
93,22,1,5
93,22,2,20
93,23,1,3
93,23,2,20
93,24,1,3
93,24,2,20
93,25,1,3
93,25,2,20
93,26,1,3
93,26,2,20
93,27,1,3
93,27,2,20
93,28,1,3
93,28,2,20
93,29,1,3
93,29,2,20
93,30,1,3
93,30,2,20
93,31,1,2
93,31,2,20
93,32,1,2
93,32,2,20
93,33,1,2
93,33,2,20
93,34,1,2
93,34,2,20
93,35,1,2
93,35,2,20
93,36,1,3
93,36,2,20
93,37,1,5
93,37,2,20
93,38,1,3
93,38,2,20
93,39,1,2
93,39,2,20
93,40,1,2
93,40,2,20
93,41,1,2
93,41,2,20
93,42,1,2
93,42,2,20
93,43,1,2
93,43,2,20
93,44,1,3
93,44,2,20
93,45,1,3
93,45,2,20
93,46,1,2
93,46,2,20
93,47,1,1
93,47,2,20
93,48,1,1
93,48,2,20
93,49,1,1
93,49,2,20
93,50,1,2
93,50,2,20
93,51,1,3
93,51,2,20
93,52,1,5
93,52,2,20
93,53,1,3
93,53,2,20
93,54,1,2
93,54,2,20
93,55,1,1
93,55,2,20
93,56,1,1
93,56,2,20
93,57,1,1
93,57,2,20
93,58,1,2
93,58,2,20
93,59,1,3
93,59,2,20
93,60,1,3
93,60,2,20
93,61,1,2
93,61,2,20
93,62,1,1
93,62,2,20
93,63,1,0
93,63,2,20
93,64,1,1
93,64,2,20
93,65,1,2
93,65,2,20
93,66,1,3
93,66,2,20
93,67,1,5
93,67,2,20
93,68,1,3
93,68,2,20
93,69,1,2
93,69,2,20
93,70,1,1
93,70,2,20
93,71,1,0
93,71,2,20
93,72,1,1
93,72,2,20
93,73,1,2
93,73,2,20
93,74,1,3
93,74,2,20
93,75,1,3
93,75,2,20
93,76,1,2
93,76,2,20
93,77,1,1
93,77,2,20
93,78,1,1
93,78,2,20
93,79,1,1
93,79,2,20
93,80,1,2
93,80,2,20
93,81,1,3
93,81,2,20
93,82,1,5
93,82,2,20
93,83,1,3
93,83,2,20
93,84,1,2
93,84,2,20
93,85,1,1
93,85,2,20
93,86,1,1
93,86,2,20
93,87,1,1
93,87,2,20
93,88,1,2
93,88,2,20
93,89,1,3
93,89,2,20
93,90,1,3
93,90,2,20
93,91,1,2
93,91,2,20
93,92,1,2
93,92,2,20
93,93,1,2
93,93,2,20
93,94,1,2
93,94,2,20
93,95,1,2
93,95,2,20
93,96,1,3
93,96,2,20
93,97,1,5
93,97,2,20
93,98,1,3
93,98,2,20
93,99,1,2
93,99,2,20
93,100,1,2
93,100,2,20
93,101,1,2
93,101,2,20
93,102,1,2
93,102,2,20
93,103,1,2
93,103,2,20
93,104,1,3
93,104,2,20
93,105,1,3
93,105,2,20
93,106,1,3
93,106,2,20
93,107,1,3
93,107,2,20
93,108,1,3
93,108,2,20
93,109,1,3
93,109,2,20
93,110,1,3
93,110,2,20
93,111,1,3
93,111,2,20
93,112,1,5
93,112,2,20
93,113,1,3
93,113,2,20
93,114,1,3
93,114,2,20
93,115,1,3
93,115,2,20
93,116,1,3
93,116,2,20
93,117,1,3
93,117,2,20
93,118,1,3
93,118,2,20
93,119,1,3
93,119,2,20
93,120,1,4
93,120,2,20
93,121,1,4
93,121,2,20
93,122,1,4
93,122,2,20
93,123,1,4
93,123,2,20
93,124,1,4
93,124,2,20
93,125,1,4
93,125,2,20
93,126,1,4
93,126,2,20
93,127,1,5
93,127,2,20
93,128,1,4
93,128,2,20
93,129,1,4
93,129,2,20
93,130,1,4
93,130,2,20
93,131,1,4
93,131,2,20
93,132,1,4
93,132,2,20
93,133,1,4
93,133,2,20
93,134,1,4
93,134,2,20
94,0,1,4
94,0,2,20
94,1,1,4
94,1,2,20
94,2,1,4
94,2,2,20
94,3,1,4
94,3,2,20
94,4,1,4
94,4,2,20
94,5,1,4
94,5,2,20
94,6,1,4
94,6,2,20
94,7,1,5
94,7,2,20
94,8,1,4
94,8,2,20
94,9,1,4
94,9,2,20
94,10,1,4
94,10,2,20
94,11,1,4
94,11,2,20
94,12,1,4
94,12,2,20
94,13,1,4
94,13,2,20
94,14,1,4
94,14,2,20
94,15,1,3
94,15,2,20
94,16,1,3
94,16,2,20
94,17,1,3
94,17,2,20
94,18,1,3
94,18,2,20
94,19,1,3
94,19,2,20
94,20,1,3
94,20,2,20
94,21,1,3
94,21,2,20
94,22,1,5
94,22,2,20
94,23,1,3
94,23,2,20
94,24,1,3
94,24,2,20
94,25,1,3
94,25,2,20
94,26,1,3
94,26,2,20
94,27,1,3
94,27,2,20
94,28,1,3
94,28,2,20
94,29,1,3
94,29,2,20
94,30,1,3
94,30,2,20
94,31,1,2
94,31,2,20
94,32,1,2
94,32,2,20
94,33,1,2
94,33,2,20
94,34,1,2
94,34,2,20
94,35,1,2
94,35,2,20
94,36,1,3
94,36,2,20
94,37,1,5
94,37,2,20
94,38,1,3
94,38,2,20
94,39,1,2
94,39,2,20
94,40,1,2
94,40,2,20
94,41,1,2
94,41,2,20
94,42,1,2
94,42,2,20
94,43,1,2
94,43,2,20
94,44,1,3
94,44,2,20
94,45,1,3
94,45,2,20
94,46,1,2
94,46,2,20
94,47,1,1
94,47,2,20
94,48,1,1
94,48,2,20
94,49,1,1
94,49,2,20
94,50,1,2
94,50,2,20
94,51,1,3
94,51,2,20
94,52,1,5
94,52,2,20
94,53,1,3
94,53,2,20
94,54,1,2
94,54,2,20
94,55,1,1
94,55,2,20
94,56,1,1
94,56,2,20
94,57,1,1
94,57,2,20
94,58,1,2
94,58,2,20
94,59,1,3
94,59,2,20
94,60,1,3
94,60,2,20
94,61,1,2
94,61,2,20
94,62,1,1
94,62,2,20
94,63,1,0
94,63,2,20
94,64,1,1
94,64,2,20
94,65,1,2
94,65,2,20
94,66,1,3
94,66,2,20
94,67,1,5
94,67,2,20
94,68,1,3
94,68,2,20
94,69,1,2
94,69,2,20
94,70,1,1
94,70,2,20
94,71,1,0
94,71,2,20
94,72,1,1
94,72,2,20
94,73,1,2
94,73,2,20
94,74,1,3
94,74,2,20
94,75,1,3
94,75,2,20
94,76,1,2
94,76,2,20
94,77,1,1
94,77,2,20
94,78,1,1
94,78,2,20
94,79,1,1
94,79,2,20
94,80,1,2
94,80,2,20
94,81,1,3
94,81,2,20
94,82,1,5
94,82,2,20
94,83,1,3
94,83,2,20
94,84,1,2
94,84,2,20
94,85,1,1
94,85,2,20
94,86,1,1
94,86,2,20
94,87,1,1
94,87,2,20
94,88,1,2
94,88,2,20
94,89,1,3
94,89,2,20
94,90,1,3
94,90,2,20
94,91,1,2
94,91,2,20
94,92,1,2
94,92,2,20
94,93,1,2
94,93,2,20
94,94,1,2
94,94,2,20
94,95,1,2
94,95,2,20
94,96,1,3
94,96,2,20
94,97,1,5
94,97,2,20
94,98,1,3
94,98,2,20
94,99,1,2
94,99,2,20
94,100,1,2
94,100,2,20
94,101,1,2
94,101,2,20
94,102,1,2
94,102,2,20
94,103,1,2
94,103,2,20
94,104,1,3
94,104,2,20
94,105,1,3
94,105,2,20
94,106,1,3
94,106,2,20
94,107,1,3
94,107,2,20
94,108,1,3
94,108,2,20
94,109,1,3
94,109,2,20
94,110,1,3
94,110,2,20
94,111,1,3
94,111,2,20
94,112,1,5
94,112,2,20
94,113,1,3
94,113,2,20
94,114,1,3
94,114,2,20
94,115,1,3
94,115,2,20
94,116,1,3
94,116,2,20
94,117,1,3
94,117,2,20
94,118,1,3
94,118,2,20
94,119,1,3
94,119,2,20
94,120,1,4
94,120,2,20
94,121,1,4
94,121,2,20
94,122,1,4
94,122,2,20
94,123,1,4
94,123,2,20
94,124,1,4
94,124,2,20
94,125,1,4
94,125,2,20
94,126,1,4
94,126,2,20
94,127,1,5
94,127,2,20
94,128,1,4
94,128,2,20
94,129,1,4
94,129,2,20
94,130,1,4
94,130,2,20
94,131,1,4
94,131,2,20
94,132,1,4
94,132,2,20
94,133,1,4
94,133,2,20
94,134,1,4
94,134,2,20
95,0,1,4
95,0,2,20
95,1,1,4
95,1,2,20
95,2,1,4
95,2,2,20
95,3,1,4
95,3,2,20
95,4,1,4
95,4,2,20
95,5,1,4
95,5,2,20
95,6,1,4
95,6,2,20
95,7,1,5
95,7,2,20
95,8,1,4
95,8,2,20
95,9,1,4
95,9,2,20
95,10,1,4
95,10,2,20
95,11,1,4
95,11,2,20
95,12,1,4
95,12,2,20
95,13,1,4
95,13,2,20
95,14,1,4
95,14,2,20
95,15,1,3
95,15,2,20
95,16,1,3
95,16,2,20
95,17,1,3
95,17,2,20
95,18,1,3
95,18,2,20
95,19,1,3
95,19,2,20
95,20,1,3
95,20,2,20
95,21,1,3
95,21,2,20
95,22,1,5
95,22,2,20
95,23,1,3
95,23,2,20
95,24,1,3
95,24,2,20
95,25,1,3
95,25,2,20
95,26,1,3
95,26,2,20
95,27,1,3
95,27,2,20
95,28,1,3
95,28,2,20
95,29,1,3
95,29,2,20
95,30,1,3
95,30,2,20
95,31,1,2
95,31,2,20
95,32,1,2
95,32,2,20
95,33,1,2
95,33,2,20
95,34,1,2
95,34,2,20
95,35,1,2
95,35,2,20
95,36,1,3
95,36,2,20
95,37,1,5
95,37,2,20
95,38,1,3
95,38,2,20
95,39,1,2
95,39,2,20
95,40,1,2
95,40,2,20
95,41,1,2
95,41,2,20
95,42,1,2
95,42,2,20
95,43,1,2
95,43,2,20
95,44,1,3
95,44,2,20
95,45,1,3
95,45,2,20
95,46,1,2
95,46,2,20
95,47,1,1
95,47,2,20
95,48,1,1
95,48,2,20
95,49,1,1
95,49,2,20
95,50,1,2
95,50,2,20
95,51,1,3
95,51,2,20
95,52,1,5
95,52,2,20
95,53,1,3
95,53,2,20
95,54,1,2
95,54,2,20
95,55,1,1
95,55,2,20
95,56,1,1
95,56,2,20
95,57,1,1
95,57,2,20
95,58,1,2
95,58,2,20
95,59,1,3
95,59,2,20
95,60,1,3
95,60,2,20
95,61,1,2
95,61,2,20
95,62,1,1
95,62,2,20
95,63,1,0
95,63,2,20
95,64,1,1
95,64,2,20
95,65,1,2
95,65,2,20
95,66,1,3
95,66,2,20
95,67,1,5
95,67,2,20
95,68,1,3
95,68,2,20
95,69,1,2
95,69,2,20
95,70,1,1
95,70,2,20
95,71,1,0
95,71,2,20
95,72,1,1
95,72,2,20
95,73,1,2
95,73,2,20
95,74,1,3
95,74,2,20
95,75,1,3
95,75,2,20
95,76,1,2
95,76,2,20
95,77,1,1
95,77,2,20
95,78,1,1
95,78,2,20
95,79,1,1
95,79,2,20
95,80,1,2
95,80,2,20
95,81,1,3
95,81,2,20
95,82,1,5
95,82,2,20
95,83,1,3
95,83,2,20
95,84,1,2
95,84,2,20
95,85,1,1
95,85,2,20
95,86,1,1
95,86,2,20
95,87,1,1
95,87,2,20
95,88,1,2
95,88,2,20
95,89,1,3
95,89,2,20
95,90,1,3
95,90,2,20
95,91,1,2
95,91,2,20
95,92,1,2
95,92,2,20
95,93,1,2
95,93,2,20
95,94,1,2
95,94,2,20
95,95,1,2
95,95,2,20
95,96,1,3
95,96,2,20
95,97,1,5
95,97,2,20
95,98,1,3
95,98,2,20
95,99,1,2
95,99,2,20
95,100,1,2
95,100,2,20
95,101,1,2
95,101,2,20
95,102,1,2
95,102,2,20
95,103,1,2
95,103,2,20
95,104,1,3
95,104,2,20
95,105,1,3
95,105,2,20
95,106,1,3
95,106,2,20
95,107,1,3
95,107,2,20
95,108,1,3
95,108,2,20
95,109,1,3
95,109,2,20
95,110,1,3
95,110,2,20
95,111,1,3
95,111,2,20
95,112,1,5
95,112,2,20
95,113,1,3
95,113,2,20
95,114,1,3
95,114,2,20
95,115,1,3
95,115,2,20
95,116,1,3
95,116,2,20
95,117,1,3
95,117,2,20
95,118,1,3
95,118,2,20
95,119,1,3
95,119,2,20
95,120,1,4
95,120,2,20
95,121,1,4
95,121,2,20
95,122,1,4
95,122,2,20
95,123,1,4
95,123,2,20
95,124,1,4
95,124,2,20
95,125,1,4
95,125,2,20
95,126,1,4
95,126,2,20
95,127,1,5
95,127,2,20
95,128,1,4
95,128,2,20
95,129,1,4
95,129,2,20
95,130,1,4
95,130,2,20
95,131,1,4
95,131,2,20
95,132,1,4
95,132,2,20
95,133,1,4
95,133,2,20
95,134,1,4
95,134,2,20
96,0,1,4
96,0,2,20
96,1,1,4
96,1,2,20
96,2,1,4
96,2,2,20
96,3,1,4
96,3,2,20
96,4,1,4
96,4,2,20
96,5,1,4
96,5,2,20
96,6,1,4
96,6,2,20
96,7,1,5
96,7,2,20
96,8,1,4
96,8,2,20
96,9,1,4
96,9,2,20
96,10,1,4
96,10,2,20
96,11,1,4
96,11,2,20
96,12,1,4
96,12,2,20
96,13,1,4
96,13,2,20
96,14,1,4
96,14,2,20
96,15,1,3
96,15,2,20
96,16,1,3
96,16,2,20
96,17,1,3
96,17,2,20
96,18,1,3
96,18,2,20
96,19,1,3
96,19,2,20
96,20,1,3
96,20,2,20
96,21,1,3
96,21,2,20
96,22,1,5
96,22,2,20
96,23,1,3
96,23,2,20
96,24,1,3
96,24,2,20
96,25,1,3
96,25,2,20
96,26,1,3
96,26,2,20
96,27,1,3
96,27,2,20
96,28,1,3
96,28,2,20
96,29,1,3
96,29,2,20
96,30,1,3
96,30,2,20
96,31,1,2
96,31,2,20
96,32,1,2
96,32,2,20
96,33,1,2
96,33,2,20
96,34,1,2
96,34,2,20
96,35,1,2
96,35,2,20
96,36,1,3
96,36,2,20
96,37,1,5
96,37,2,20
96,38,1,3
96,38,2,20
96,39,1,2
96,39,2,20
96,40,1,2
96,40,2,20
96,41,1,2
96,41,2,20
96,42,1,2
96,42,2,20
96,43,1,2
96,43,2,20
96,44,1,3
96,44,2,20
96,45,1,3
96,45,2,20
96,46,1,2
96,46,2,20
96,47,1,1
96,47,2,20
96,48,1,1
96,48,2,20
96,49,1,1
96,49,2,20
96,50,1,2
96,50,2,20
96,51,1,3
96,51,2,20
96,52,1,5
96,52,2,20
96,53,1,3
96,53,2,20
96,54,1,2
96,54,2,20
96,55,1,1
96,55,2,20
96,56,1,1
96,56,2,20
96,57,1,1
96,57,2,20
96,58,1,2
96,58,2,20
96,59,1,3
96,59,2,20
96,60,1,3
96,60,2,20
96,61,1,2
96,61,2,20
96,62,1,1
96,62,2,20
96,63,1,0
96,63,2,20
96,64,1,1
96,64,2,20
96,65,1,2
96,65,2,20
96,66,1,3
96,66,2,20
96,67,1,5
96,67,2,20
96,68,1,3
96,68,2,20
96,69,1,2
96,69,2,20
96,70,1,1
96,70,2,20
96,71,1,0
96,71,2,20
96,72,1,1
96,72,2,20
96,73,1,2
96,73,2,20
96,74,1,3
96,74,2,20
96,75,1,3
96,75,2,20
96,76,1,2
96,76,2,20
96,77,1,1
96,77,2,20
96,78,1,1
96,78,2,20
96,79,1,1
96,79,2,20
96,80,1,2
96,80,2,20
96,81,1,3
96,81,2,20
96,82,1,5
96,82,2,20
96,83,1,3
96,83,2,20
96,84,1,2
96,84,2,20
96,85,1,1
96,85,2,20
96,86,1,1
96,86,2,20
96,87,1,1
96,87,2,20
96,88,1,2
96,88,2,20
96,89,1,3
96,89,2,20
96,90,1,3
96,90,2,20
96,91,1,2
96,91,2,20
96,92,1,2
96,92,2,20
96,93,1,2
96,93,2,20
96,94,1,2
96,94,2,20
96,95,1,2
96,95,2,20
96,96,1,3
96,96,2,20
96,97,1,5
96,97,2,20
96,98,1,3
96,98,2,20
96,99,1,2
96,99,2,20
96,100,1,2
96,100,2,20
96,101,1,2
96,101,2,20
96,102,1,2
96,102,2,20
96,103,1,2
96,103,2,20
96,104,1,3
96,104,2,20
96,105,1,3
96,105,2,20
96,106,1,3
96,106,2,20
96,107,1,3
96,107,2,20
96,108,1,3
96,108,2,20
96,109,1,3
96,109,2,20
96,110,1,3
96,110,2,20
96,111,1,3
96,111,2,20
96,112,1,5
96,112,2,20
96,113,1,3
96,113,2,20
96,114,1,3
96,114,2,20
96,115,1,3
96,115,2,20
96,116,1,3
96,116,2,20
96,117,1,3
96,117,2,20
96,118,1,3
96,118,2,20
96,119,1,3
96,119,2,20
96,120,1,4
96,120,2,20
96,121,1,4
96,121,2,20
96,122,1,4
96,122,2,20
96,123,1,4
96,123,2,20
96,124,1,4
96,124,2,20
96,125,1,4
96,125,2,20
96,126,1,4
96,126,2,20
96,127,1,5
96,127,2,20
96,128,1,4
96,128,2,20
96,129,1,4
96,129,2,20
96,130,1,4
96,130,2,20
96,131,1,4
96,131,2,20
96,132,1,4
96,132,2,20
96,133,1,4
96,133,2,20
96,134,1,4
96,134,2,20
97,0,1,4
97,0,2,20
97,1,1,4
97,1,2,20
97,2,1,4
97,2,2,20
97,3,1,4
97,3,2,20
97,4,1,4
97,4,2,20
97,5,1,4
97,5,2,20
97,6,1,4
97,6,2,20
97,7,1,5
97,7,2,20
97,8,1,4
97,8,2,20
97,9,1,4
97,9,2,20
97,10,1,4
97,10,2,20
97,11,1,4
97,11,2,20
97,12,1,4
97,12,2,20
97,13,1,4
97,13,2,20
97,14,1,4
97,14,2,20
97,15,1,3
97,15,2,20
97,16,1,3
97,16,2,20
97,17,1,3
97,17,2,20
97,18,1,3
97,18,2,20
97,19,1,3
97,19,2,20
97,20,1,3
97,20,2,20
97,21,1,3
97,21,2,20
97,22,1,5
97,22,2,20
97,23,1,3
97,23,2,20
97,24,1,3
97,24,2,20
97,25,1,3
97,25,2,20
97,26,1,3
97,26,2,20
97,27,1,3
97,27,2,20
97,28,1,3
97,28,2,20
97,29,1,3
97,29,2,20
97,30,1,3
97,30,2,20
97,31,1,2
97,31,2,20
97,32,1,2
97,32,2,20
97,33,1,2
97,33,2,20
97,34,1,2
97,34,2,20
97,35,1,2
97,35,2,20
97,36,1,3
97,36,2,20
97,37,1,5
97,37,2,20
97,38,1,3
97,38,2,20
97,39,1,2
97,39,2,20
97,40,1,2
97,40,2,20
97,41,1,2
97,41,2,20
97,42,1,2
97,42,2,20
97,43,1,2
97,43,2,20
97,44,1,3
97,44,2,20
97,45,1,3
97,45,2,20
97,46,1,2
97,46,2,20
97,47,1,1
97,47,2,20
97,48,1,1
97,48,2,20
97,49,1,1
97,49,2,20
97,50,1,2
97,50,2,20
97,51,1,3
97,51,2,20
97,52,1,5
97,52,2,20
97,53,1,3
97,53,2,20
97,54,1,2
97,54,2,20
97,55,1,1
97,55,2,20
97,56,1,1
97,56,2,20
97,57,1,1
97,57,2,20
97,58,1,2
97,58,2,20
97,59,1,3
97,59,2,20
97,60,1,3
97,60,2,20
97,61,1,2
97,61,2,20
97,62,1,1
97,62,2,20
97,63,1,0
97,63,2,20
97,64,1,1
97,64,2,20
97,65,1,2
97,65,2,20
97,66,1,3
97,66,2,20
97,67,1,5
97,67,2,20
97,68,1,3
97,68,2,20
97,69,1,2
97,69,2,20
97,70,1,1
97,70,2,20
97,71,1,0
97,71,2,20
97,72,1,1
97,72,2,20
97,73,1,2
97,73,2,20
97,74,1,3
97,74,2,20
97,75,1,3
97,75,2,20
97,76,1,2
97,76,2,20
97,77,1,1
97,77,2,20
97,78,1,1
97,78,2,20
97,79,1,1
97,79,2,20
97,80,1,2
97,80,2,20
97,81,1,3
97,81,2,20
97,82,1,5
97,82,2,20
97,83,1,3
97,83,2,20
97,84,1,2
97,84,2,20
97,85,1,1
97,85,2,20
97,86,1,1
97,86,2,20
97,87,1,1
97,87,2,20
97,88,1,2
97,88,2,20
97,89,1,3
97,89,2,20
97,90,1,3
97,90,2,20
97,91,1,2
97,91,2,20
97,92,1,2
97,92,2,20
97,93,1,2
97,93,2,20
97,94,1,2
97,94,2,20
97,95,1,2
97,95,2,20
97,96,1,3
97,96,2,20
97,97,1,5
97,97,2,20
97,98,1,3
97,98,2,20
97,99,1,2
97,99,2,20
97,100,1,2
97,100,2,20
97,101,1,2
97,101,2,20
97,102,1,2
97,102,2,20
97,103,1,2
97,103,2,20
97,104,1,3
97,104,2,20
97,105,1,3
97,105,2,20
97,106,1,3
97,106,2,20
97,107,1,3
97,107,2,20
97,108,1,3
97,108,2,20
97,109,1,3
97,109,2,20
97,110,1,3
97,110,2,20
97,111,1,3
97,111,2,20
97,112,1,5
97,112,2,20
97,113,1,3
97,113,2,20
97,114,1,3
97,114,2,20
97,115,1,3
97,115,2,20
97,116,1,3
97,116,2,20
97,117,1,3
97,117,2,20
97,118,1,3
97,118,2,20
97,119,1,3
97,119,2,20
97,120,1,4
97,120,2,20
97,121,1,4
97,121,2,20
97,122,1,4
97,122,2,20
97,123,1,4
97,123,2,20
97,124,1,4
97,124,2,20
97,125,1,4
97,125,2,20
97,126,1,4
97,126,2,20
97,127,1,5
97,127,2,20
97,128,1,4
97,128,2,20
97,129,1,4
97,129,2,20
97,130,1,4
97,130,2,20
97,131,1,4
97,131,2,20
97,132,1,4
97,132,2,20
97,133,1,4
97,133,2,20
97,134,1,4
97,134,2,20
98,0,1,4
98,0,2,20
98,1,1,4
98,1,2,20
98,2,1,4
98,2,2,20
98,3,1,4
98,3,2,20
98,4,1,4
98,4,2,20
98,5,1,4
98,5,2,20
98,6,1,4
98,6,2,20
98,7,1,5
98,7,2,20
98,8,1,4
98,8,2,20
98,9,1,4
98,9,2,20
98,10,1,4
98,10,2,20
98,11,1,4
98,11,2,20
98,12,1,4
98,12,2,20
98,13,1,4
98,13,2,20
98,14,1,4
98,14,2,20
98,15,1,3
98,15,2,20
98,16,1,3
98,16,2,20
98,17,1,3
98,17,2,20
98,18,1,3
98,18,2,20
98,19,1,3
98,19,2,20
98,20,1,3
98,20,2,20
98,21,1,3
98,21,2,20
98,22,1,5
98,22,2,20
98,23,1,3
98,23,2,20
98,24,1,3
98,24,2,20
98,25,1,3
98,25,2,20
98,26,1,3
98,26,2,20
98,27,1,3
98,27,2,20
98,28,1,3
98,28,2,20
98,29,1,3
98,29,2,20
98,30,1,3
98,30,2,20
98,31,1,2
98,31,2,20
98,32,1,2
98,32,2,20
98,33,1,2
98,33,2,20
98,34,1,2
98,34,2,20
98,35,1,2
98,35,2,20
98,36,1,3
98,36,2,20
98,37,1,5
98,37,2,20
98,38,1,3
98,38,2,20
98,39,1,2
98,39,2,20
98,40,1,2
98,40,2,20
98,41,1,2
98,41,2,20
98,42,1,2
98,42,2,20
98,43,1,2
98,43,2,20
98,44,1,3
98,44,2,20
98,45,1,3
98,45,2,20
98,46,1,2
98,46,2,20
98,47,1,1
98,47,2,20
98,48,1,1
98,48,2,20
98,49,1,1
98,49,2,20
98,50,1,2
98,50,2,20
98,51,1,3
98,51,2,20
98,52,1,5
98,52,2,20
98,53,1,3
98,53,2,20
98,54,1,2
98,54,2,20
98,55,1,1
98,55,2,20
98,56,1,1
98,56,2,20
98,57,1,1
98,57,2,20
98,58,1,2
98,58,2,20
98,59,1,3
98,59,2,20
98,60,1,3
98,60,2,20
98,61,1,2
98,61,2,20
98,62,1,1
98,62,2,20
98,63,1,0
98,63,2,20
98,64,1,1
98,64,2,20
98,65,1,2
98,65,2,20
98,66,1,3
98,66,2,20
98,67,1,5
98,67,2,20
98,68,1,3
98,68,2,20
98,69,1,2
98,69,2,20
98,70,1,1
98,70,2,20
98,71,1,0
98,71,2,20
98,72,1,1
98,72,2,20
98,73,1,2
98,73,2,20
98,74,1,3
98,74,2,20
98,75,1,3
98,75,2,20
98,76,1,2
98,76,2,20
98,77,1,1
98,77,2,20
98,78,1,1
98,78,2,20
98,79,1,1
98,79,2,20
98,80,1,2
98,80,2,20
98,81,1,3
98,81,2,20
98,82,1,5
98,82,2,20
98,83,1,3
98,83,2,20
98,84,1,2
98,84,2,20
98,85,1,1
98,85,2,20
98,86,1,1
98,86,2,20
98,87,1,1
98,87,2,20
98,88,1,2
98,88,2,20
98,89,1,3
98,89,2,20
98,90,1,3
98,90,2,20
98,91,1,2
98,91,2,20
98,92,1,2
98,92,2,20
98,93,1,2
98,93,2,20
98,94,1,2
98,94,2,20
98,95,1,2
98,95,2,20
98,96,1,3
98,96,2,20
98,97,1,5
98,97,2,20
98,98,1,3
98,98,2,20
98,99,1,2
98,99,2,20
98,100,1,2
98,100,2,20
98,101,1,2
98,101,2,20
98,102,1,2
98,102,2,20
98,103,1,2
98,103,2,20
98,104,1,3
98,104,2,20
98,105,1,3
98,105,2,20
98,106,1,3
98,106,2,20
98,107,1,3
98,107,2,20
98,108,1,3
98,108,2,20
98,109,1,3
98,109,2,20
98,110,1,3
98,110,2,20
98,111,1,3
98,111,2,20
98,112,1,5
98,112,2,20
98,113,1,3
98,113,2,20
98,114,1,3
98,114,2,20
98,115,1,3
98,115,2,20
98,116,1,3
98,116,2,20
98,117,1,3
98,117,2,20
98,118,1,3
98,118,2,20
98,119,1,3
98,119,2,20
98,120,1,4
98,120,2,20
98,121,1,4
98,121,2,20
98,122,1,4
98,122,2,20
98,123,1,4
98,123,2,20
98,124,1,4
98,124,2,20
98,125,1,4
98,125,2,20
98,126,1,4
98,126,2,20
98,127,1,5
98,127,2,20
98,128,1,4
98,128,2,20
98,129,1,4
98,129,2,20
98,130,1,4
98,130,2,20
98,131,1,4
98,131,2,20
98,132,1,4
98,132,2,20
98,133,1,4
98,133,2,20
98,134,1,4
98,134,2,20
99,0,1,4
99,0,2,20
99,1,1,4
99,1,2,20
99,2,1,4
99,2,2,20
99,3,1,4
99,3,2,20
99,4,1,4
99,4,2,20
99,5,1,4
99,5,2,20
99,6,1,4
99,6,2,20
99,7,1,5
99,7,2,20
99,8,1,4
99,8,2,20
99,9,1,4
99,9,2,20
99,10,1,4
99,10,2,20
99,11,1,4
99,11,2,20
99,12,1,4
99,12,2,20
99,13,1,4
99,13,2,20
99,14,1,4
99,14,2,20
99,15,1,3
99,15,2,20
99,16,1,3
99,16,2,20
99,17,1,3
99,17,2,20
99,18,1,3
99,18,2,20
99,19,1,3
99,19,2,20
99,20,1,3
99,20,2,20
99,21,1,3
99,21,2,20
99,22,1,5
99,22,2,20
99,23,1,3
99,23,2,20
99,24,1,3
99,24,2,20
99,25,1,3
99,25,2,20
99,26,1,3
99,26,2,20
99,27,1,3
99,27,2,20
99,28,1,3
99,28,2,20
99,29,1,3
99,29,2,20
99,30,1,3
99,30,2,20
99,31,1,2
99,31,2,20
99,32,1,2
99,32,2,20
99,33,1,2
99,33,2,20
99,34,1,2
99,34,2,20
99,35,1,2
99,35,2,20
99,36,1,3
99,36,2,20
99,37,1,5
99,37,2,20
99,38,1,3
99,38,2,20
99,39,1,2
99,39,2,20
99,40,1,2
99,40,2,20
99,41,1,2
99,41,2,20
99,42,1,2
99,42,2,20
99,43,1,2
99,43,2,20
99,44,1,3
99,44,2,20
99,45,1,3
99,45,2,20
99,46,1,2
99,46,2,20
99,47,1,1
99,47,2,20
99,48,1,1
99,48,2,20
99,49,1,1
99,49,2,20
99,50,1,2
99,50,2,20
99,51,1,3
99,51,2,20
99,52,1,5
99,52,2,20
99,53,1,3
99,53,2,20
99,54,1,2
99,54,2,20
99,55,1,1
99,55,2,20
99,56,1,1
99,56,2,20
99,57,1,1
99,57,2,20
99,58,1,2
99,58,2,20
99,59,1,3
99,59,2,20
99,60,1,3
99,60,2,20
99,61,1,2
99,61,2,20
99,62,1,1
99,62,2,20
99,63,1,0
99,63,2,20
99,64,1,1
99,64,2,20
99,65,1,2
99,65,2,20
99,66,1,3
99,66,2,20
99,67,1,5
99,67,2,20
99,68,1,3
99,68,2,20
99,69,1,2
99,69,2,20
99,70,1,1
99,70,2,20
99,71,1,0
99,71,2,20
99,72,1,1
99,72,2,20
99,73,1,2
99,73,2,20
99,74,1,3
99,74,2,20
99,75,1,3
99,75,2,20
99,76,1,2
99,76,2,20
99,77,1,1
99,77,2,20
99,78,1,1
99,78,2,20
99,79,1,1
99,79,2,20
99,80,1,2
99,80,2,20
99,81,1,3
99,81,2,20
99,82,1,5
99,82,2,20
99,83,1,3
99,83,2,20
99,84,1,2
99,84,2,20
99,85,1,1
99,85,2,20
99,86,1,1
99,86,2,20
99,87,1,1
99,87,2,20
99,88,1,2
99,88,2,20
99,89,1,3
99,89,2,20
99,90,1,3
99,90,2,20
99,91,1,2
99,91,2,20
99,92,1,2
99,92,2,20
99,93,1,2
99,93,2,20
99,94,1,2
99,94,2,20
99,95,1,2
99,95,2,20
99,96,1,3
99,96,2,20
99,97,1,5
99,97,2,20
99,98,1,3
99,98,2,20
99,99,1,2
99,99,2,20
99,100,1,2
99,100,2,20
99,101,1,2
99,101,2,20
99,102,1,2
99,102,2,20
99,103,1,2
99,103,2,20
99,104,1,3
99,104,2,20
99,105,1,3
99,105,2,20
99,106,1,3
99,106,2,20
99,107,1,3
99,107,2,20
99,108,1,3
99,108,2,20
99,109,1,3
99,109,2,20
99,110,1,3
99,110,2,20
99,111,1,3
99,111,2,20
99,112,1,5
99,112,2,20
99,113,1,3
99,113,2,20
99,114,1,3
99,114,2,20
99,115,1,3
99,115,2,20
99,116,1,3
99,116,2,20
99,117,1,3
99,117,2,20
99,118,1,3
99,118,2,20
99,119,1,3
99,119,2,20
99,120,1,4
99,120,2,20
99,121,1,4
99,121,2,20
99,122,1,4
99,122,2,20
99,123,1,4
99,123,2,20
99,124,1,4
99,124,2,20
99,125,1,4
99,125,2,20
99,126,1,4
99,126,2,20
99,127,1,5
99,127,2,20
99,128,1,4
99,128,2,20
99,129,1,4
99,129,2,20
99,130,1,4
99,130,2,20
99,131,1,4
99,131,2,20
99,132,1,4
99,132,2,20
99,133,1,4
99,133,2,20
99,134,1,4
99,134,2,20
100,0,1,4
100,0,2,20
100,1,1,4
100,1,2,20
100,2,1,4
100,2,2,20
100,3,1,4
100,3,2,20
100,4,1,4
100,4,2,20
100,5,1,4
100,5,2,20
100,6,1,4
100,6,2,20
100,7,1,5
100,7,2,20
100,8,1,4
100,8,2,20
100,9,1,4
100,9,2,20
100,10,1,4
100,10,2,20
100,11,1,4
100,11,2,20
100,12,1,4
100,12,2,20
100,13,1,4
100,13,2,20
100,14,1,4
100,14,2,20
100,15,1,3
100,15,2,20
100,16,1,3
100,16,2,20
100,17,1,3
100,17,2,20
100,18,1,3
100,18,2,20
100,19,1,3
100,19,2,20
100,20,1,3
100,20,2,20
100,21,1,3
100,21,2,20
100,22,1,5
100,22,2,20
100,23,1,3
100,23,2,20
100,24,1,3
100,24,2,20
100,25,1,3
100,25,2,20
100,26,1,3
100,26,2,20
100,27,1,3
100,27,2,20
100,28,1,3
100,28,2,20
100,29,1,3
100,29,2,20
100,30,1,3
100,30,2,20
100,31,1,2
100,31,2,20
100,32,1,2
100,32,2,20
100,33,1,2
100,33,2,20
100,34,1,2
100,34,2,20
100,35,1,2
100,35,2,20
100,36,1,3
100,36,2,20
100,37,1,5
100,37,2,20
100,38,1,3
100,38,2,20
100,39,1,2
100,39,2,20
100,40,1,2
100,40,2,20
100,41,1,2
100,41,2,20
100,42,1,2
100,42,2,20
100,43,1,2
100,43,2,20
100,44,1,3
100,44,2,20
100,45,1,3
100,45,2,20
100,46,1,2
100,46,2,20
100,47,1,1
100,47,2,20
100,48,1,1
100,48,2,20
100,49,1,1
100,49,2,20
100,50,1,2
100,50,2,20
100,51,1,3
100,51,2,20
100,52,1,5
100,52,2,20
100,53,1,3
100,53,2,20
100,54,1,2
100,54,2,20
100,55,1,1
100,55,2,20
100,56,1,1
100,56,2,20
100,57,1,1
100,57,2,20
100,58,1,2
100,58,2,20
100,59,1,3
100,59,2,20
100,60,1,3
100,60,2,20
100,61,1,2
100,61,2,20
100,62,1,1
100,62,2,20
100,63,1,0
100,63,2,20
100,64,1,1
100,64,2,20
100,65,1,2
100,65,2,20
100,66,1,3
100,66,2,20
100,67,1,5
100,67,2,20
100,68,1,3
100,68,2,20
100,69,1,2
100,69,2,20
100,70,1,1
100,70,2,20
100,71,1,0
100,71,2,20
100,72,1,1
100,72,2,20
100,73,1,2
100,73,2,20
100,74,1,3
100,74,2,20
100,75,1,3
100,75,2,20
100,76,1,2
100,76,2,20
100,77,1,1
100,77,2,20
100,78,1,1
100,78,2,20
100,79,1,1
100,79,2,20
100,80,1,2
100,80,2,20
100,81,1,3
100,81,2,20
100,82,1,5
100,82,2,20
100,83,1,3
100,83,2,20
100,84,1,2
100,84,2,20
100,85,1,1
100,85,2,20
100,86,1,1
100,86,2,20
100,87,1,1
100,87,2,20
100,88,1,2
100,88,2,20
100,89,1,3
100,89,2,20
100,90,1,3
100,90,2,20
100,91,1,2
100,91,2,20
100,92,1,2
100,92,2,20
100,93,1,2
100,93,2,20
100,94,1,2
100,94,2,20
100,95,1,2
100,95,2,20
100,96,1,3
100,96,2,20
100,97,1,5
100,97,2,20
100,98,1,3
100,98,2,20
100,99,1,2
100,99,2,20
100,100,1,2
100,100,2,20
100,101,1,2
100,101,2,20
100,102,1,2
100,102,2,20
100,103,1,2
100,103,2,20
100,104,1,3
100,104,2,20
100,105,1,3
100,105,2,20
100,106,1,3
100,106,2,20
100,107,1,3
100,107,2,20
100,108,1,3
100,108,2,20
100,109,1,3
100,109,2,20
100,110,1,3
100,110,2,20
100,111,1,3
100,111,2,20
100,112,1,5
100,112,2,20
100,113,1,3
100,113,2,20
100,114,1,3
100,114,2,20
100,115,1,3
100,115,2,20
100,116,1,3
100,116,2,20
100,117,1,3
100,117,2,20
100,118,1,3
100,118,2,20
100,119,1,3
100,119,2,20
100,120,1,4
100,120,2,20
100,121,1,4
100,121,2,20
100,122,1,4
100,122,2,20
100,123,1,4
100,123,2,20
100,124,1,4
100,124,2,20
100,125,1,4
100,125,2,20
100,126,1,4
100,126,2,20
100,127,1,5
100,127,2,20
100,128,1,4
100,128,2,20
100,129,1,4
100,129,2,20
100,130,1,4
100,130,2,20
100,131,1,4
100,131,2,20
100,132,1,4
100,132,2,20
100,133,1,4
100,133,2,20
100,134,1,4
100,134,2,20
101,0,1,4
101,0,2,20
101,1,1,4
101,1,2,20
101,2,1,4
101,2,2,20
101,3,1,4
101,3,2,20
101,4,1,4
101,4,2,20
101,5,1,4
101,5,2,20
101,6,1,4
101,6,2,20
101,7,1,5
101,7,2,20
101,8,1,4
101,8,2,20
101,9,1,4
101,9,2,20
101,10,1,4
101,10,2,20
101,11,1,4
101,11,2,20
101,12,1,4
101,12,2,20
101,13,1,4
101,13,2,20
101,14,1,4
101,14,2,20
101,15,1,3
101,15,2,20
101,16,1,3
101,16,2,20
101,17,1,3
101,17,2,20
101,18,1,3
101,18,2,20
101,19,1,3
101,19,2,20
101,20,1,3
101,20,2,20
101,21,1,3
101,21,2,20
101,22,1,5
101,22,2,20
101,23,1,3
101,23,2,20
101,24,1,3
101,24,2,20
101,25,1,3
101,25,2,20
101,26,1,3
101,26,2,20
101,27,1,3
101,27,2,20
101,28,1,3
101,28,2,20
101,29,1,3
101,29,2,20
101,30,1,3
101,30,2,20
101,31,1,2
101,31,2,20
101,32,1,2
101,32,2,20
101,33,1,2
101,33,2,20
101,34,1,2
101,34,2,20
101,35,1,2
101,35,2,20
101,36,1,3
101,36,2,20
101,37,1,5
101,37,2,20
101,38,1,3
101,38,2,20
101,39,1,2
101,39,2,20
101,40,1,2
101,40,2,20
101,41,1,2
101,41,2,20
101,42,1,2
101,42,2,20
101,43,1,2
101,43,2,20
101,44,1,3
101,44,2,20
101,45,1,3
101,45,2,20
101,46,1,2
101,46,2,20
101,47,1,1
101,47,2,20
101,48,1,1
101,48,2,20
101,49,1,1
101,49,2,20
101,50,1,2
101,50,2,20
101,51,1,3
101,51,2,20
101,52,1,5
101,52,2,20
101,53,1,3
101,53,2,20
101,54,1,2
101,54,2,20
101,55,1,1
101,55,2,20
101,56,1,1
101,56,2,20
101,57,1,1
101,57,2,20
101,58,1,2
101,58,2,20
101,59,1,3
101,59,2,20
101,60,1,3
101,60,2,20
101,61,1,2
101,61,2,20
101,62,1,1
101,62,2,20
101,63,1,0
101,63,2,20
101,64,1,1
101,64,2,20
101,65,1,2
101,65,2,20
101,66,1,3
101,66,2,20
101,67,1,5
101,67,2,20
101,68,1,3
101,68,2,20
101,69,1,2
101,69,2,20
101,70,1,1
101,70,2,20
101,71,1,0
101,71,2,20
101,72,1,1
101,72,2,20
101,73,1,2
101,73,2,20
101,74,1,3
101,74,2,20
101,75,1,3
101,75,2,20
101,76,1,2
101,76,2,20
101,77,1,1
101,77,2,20
101,78,1,1
101,78,2,20
101,79,1,1
101,79,2,20
101,80,1,2
101,80,2,20
101,81,1,3
101,81,2,20
101,82,1,5
101,82,2,20
101,83,1,3
101,83,2,20
101,84,1,2
101,84,2,20
101,85,1,1
101,85,2,20
101,86,1,1
101,86,2,20
101,87,1,1
101,87,2,20
101,88,1,2
101,88,2,20
101,89,1,3
101,89,2,20
101,90,1,3
101,90,2,20
101,91,1,2
101,91,2,20
101,92,1,2
101,92,2,20
101,93,1,2
101,93,2,20
101,94,1,2
101,94,2,20
101,95,1,2
101,95,2,20
101,96,1,3
101,96,2,20
101,97,1,5
101,97,2,20
101,98,1,3
101,98,2,20
101,99,1,2
101,99,2,20
101,100,1,2
101,100,2,20
101,101,1,2
101,101,2,20
101,102,1,2
101,102,2,20
101,103,1,2
101,103,2,20
101,104,1,3
101,104,2,20
101,105,1,3
101,105,2,20
101,106,1,3
101,106,2,20
101,107,1,3
101,107,2,20
101,108,1,3
101,108,2,20
101,109,1,3
101,109,2,20
101,110,1,3
101,110,2,20
101,111,1,3
101,111,2,20
101,112,1,5
101,112,2,20
101,113,1,3
101,113,2,20
101,114,1,3
101,114,2,20
101,115,1,3
101,115,2,20
101,116,1,3
101,116,2,20
101,117,1,3
101,117,2,20
101,118,1,3
101,118,2,20
101,119,1,3
101,119,2,20
101,120,1,4
101,120,2,20
101,121,1,4
101,121,2,20
101,122,1,4
101,122,2,20
101,123,1,4
101,123,2,20
101,124,1,4
101,124,2,20
101,125,1,4
101,125,2,20
101,126,1,4
101,126,2,20
101,127,1,5
101,127,2,20
101,128,1,4
101,128,2,20
101,129,1,4
101,129,2,20
101,130,1,4
101,130,2,20
101,131,1,4
101,131,2,20
101,132,1,4
101,132,2,20
101,133,1,4
101,133,2,20
101,134,1,4
101,134,2,20
102,0,1,4
102,0,2,20
102,1,1,4
102,1,2,20
102,2,1,4
102,2,2,20
102,3,1,4
102,3,2,20
102,4,1,4
102,4,2,20
102,5,1,4
102,5,2,20
102,6,1,4
102,6,2,20
102,7,1,5
102,7,2,20
102,8,1,4
102,8,2,20
102,9,1,4
102,9,2,20
102,10,1,4
102,10,2,20
102,11,1,4
102,11,2,20
102,12,1,4
102,12,2,20
102,13,1,4
102,13,2,20
102,14,1,4
102,14,2,20
102,15,1,3
102,15,2,20
102,16,1,3
102,16,2,20
102,17,1,3
102,17,2,20
102,18,1,3
102,18,2,20
102,19,1,3
102,19,2,20
102,20,1,3
102,20,2,20
102,21,1,3
102,21,2,20
102,22,1,5
102,22,2,20
102,23,1,3
102,23,2,20
102,24,1,3
102,24,2,20
102,25,1,3
102,25,2,20
102,26,1,3
102,26,2,20
102,27,1,3
102,27,2,20
102,28,1,3
102,28,2,20
102,29,1,3
102,29,2,20
102,30,1,3
102,30,2,20
102,31,1,2
102,31,2,20
102,32,1,2
102,32,2,20
102,33,1,2
102,33,2,20
102,34,1,2
102,34,2,20
102,35,1,2
102,35,2,20
102,36,1,3
102,36,2,20
102,37,1,5
102,37,2,20
102,38,1,3
102,38,2,20
102,39,1,2
102,39,2,20
102,40,1,2
102,40,2,20
102,41,1,2
102,41,2,20
102,42,1,2
102,42,2,20
102,43,1,2
102,43,2,20
102,44,1,3
102,44,2,20
102,45,1,3
102,45,2,20
102,46,1,2
102,46,2,20
102,47,1,1
102,47,2,20
102,48,1,1
102,48,2,20
102,49,1,1
102,49,2,20
102,50,1,2
102,50,2,20
102,51,1,3
102,51,2,20
102,52,1,5
102,52,2,20
102,53,1,3
102,53,2,20
102,54,1,2
102,54,2,20
102,55,1,1
102,55,2,20
102,56,1,1
102,56,2,20
102,57,1,1
102,57,2,20
102,58,1,2
102,58,2,20
102,59,1,3
102,59,2,20
102,60,1,3
102,60,2,20
102,61,1,2
102,61,2,20
102,62,1,1
102,62,2,20
102,63,1,0
102,63,2,20
102,64,1,1
102,64,2,20
102,65,1,2
102,65,2,20
102,66,1,3
102,66,2,20
102,67,1,5
102,67,2,20
102,68,1,3
102,68,2,20
102,69,1,2
102,69,2,20
102,70,1,1
102,70,2,20
102,71,1,0
102,71,2,20
102,72,1,1
102,72,2,20
102,73,1,2
102,73,2,20
102,74,1,3
102,74,2,20
102,75,1,3
102,75,2,20
102,76,1,2
102,76,2,20
102,77,1,1
102,77,2,20
102,78,1,1
102,78,2,20
102,79,1,1
102,79,2,20
102,80,1,2
102,80,2,20
102,81,1,3
102,81,2,20
102,82,1,5
102,82,2,20
102,83,1,3
102,83,2,20
102,84,1,2
102,84,2,20
102,85,1,1
102,85,2,20
102,86,1,1
102,86,2,20
102,87,1,1
102,87,2,20
102,88,1,2
102,88,2,20
102,89,1,3
102,89,2,20
102,90,1,3
102,90,2,20
102,91,1,2
102,91,2,20
102,92,1,2
102,92,2,20
102,93,1,2
102,93,2,20
102,94,1,2
102,94,2,20
102,95,1,2
102,95,2,20
102,96,1,3
102,96,2,20
102,97,1,5
102,97,2,20
102,98,1,3
102,98,2,20
102,99,1,2
102,99,2,20
102,100,1,2
102,100,2,20
102,101,1,2
102,101,2,20
102,102,1,2
102,102,2,20
102,103,1,2
102,103,2,20
102,104,1,3
102,104,2,20
102,105,1,3
102,105,2,20
102,106,1,3
102,106,2,20
102,107,1,3
102,107,2,20
102,108,1,3
102,108,2,20
102,109,1,3
102,109,2,20
102,110,1,3
102,110,2,20
102,111,1,3
102,111,2,20
102,112,1,5
102,112,2,20
102,113,1,3
102,113,2,20
102,114,1,3
102,114,2,20
102,115,1,3
102,115,2,20
102,116,1,3
102,116,2,20
102,117,1,3
102,117,2,20
102,118,1,3
102,118,2,20
102,119,1,3
102,119,2,20
102,120,1,4
102,120,2,20
102,121,1,4
102,121,2,20
102,122,1,4
102,122,2,20
102,123,1,4
102,123,2,20
102,124,1,4
102,124,2,20
102,125,1,4
102,125,2,20
102,126,1,4
102,126,2,20
102,127,1,5
102,127,2,20
102,128,1,4
102,128,2,20
102,129,1,4
102,129,2,20
102,130,1,4
102,130,2,20
102,131,1,4
102,131,2,20
102,132,1,4
102,132,2,20
102,133,1,4
102,133,2,20
102,134,1,4
102,134,2,20
103,0,1,4
103,0,2,20
103,1,1,4
103,1,2,20
103,2,1,4
103,2,2,20
103,3,1,4
103,3,2,20
103,4,1,4
103,4,2,20
103,5,1,4
103,5,2,20
103,6,1,4
103,6,2,20
103,7,1,5
103,7,2,20
103,8,1,4
103,8,2,20
103,9,1,4
103,9,2,20
103,10,1,4
103,10,2,20
103,11,1,4
103,11,2,20
103,12,1,4
103,12,2,20
103,13,1,4
103,13,2,20
103,14,1,4
103,14,2,20
103,15,1,3
103,15,2,20
103,16,1,3
103,16,2,20
103,17,1,3
103,17,2,20
103,18,1,3
103,18,2,20
103,19,1,3
103,19,2,20
103,20,1,3
103,20,2,20
103,21,1,3
103,21,2,20
103,22,1,5
103,22,2,20
103,23,1,3
103,23,2,20
103,24,1,3
103,24,2,20
103,25,1,3
103,25,2,20
103,26,1,3
103,26,2,20
103,27,1,3
103,27,2,20
103,28,1,3
103,28,2,20
103,29,1,3
103,29,2,20
103,30,1,3
103,30,2,20
103,31,1,2
103,31,2,20
103,32,1,2
103,32,2,20
103,33,1,2
103,33,2,20
103,34,1,2
103,34,2,20
103,35,1,2
103,35,2,20
103,36,1,3
103,36,2,20
103,37,1,5
103,37,2,20
103,38,1,3
103,38,2,20
103,39,1,2
103,39,2,20
103,40,1,2
103,40,2,20
103,41,1,2
103,41,2,20
103,42,1,2
103,42,2,20
103,43,1,2
103,43,2,20
103,44,1,3
103,44,2,20
103,45,1,3
103,45,2,20
103,46,1,2
103,46,2,20
103,47,1,1
103,47,2,20
103,48,1,1
103,48,2,20
103,49,1,1
103,49,2,20
103,50,1,2
103,50,2,20
103,51,1,3
103,51,2,20
103,52,1,5
103,52,2,20
103,53,1,3
103,53,2,20
103,54,1,2
103,54,2,20
103,55,1,1
103,55,2,20
103,56,1,1
103,56,2,20
103,57,1,1
103,57,2,20
103,58,1,2
103,58,2,20
103,59,1,3
103,59,2,20
103,60,1,3
103,60,2,20
103,61,1,2
103,61,2,20
103,62,1,1
103,62,2,20
103,63,1,0
103,63,2,20
103,64,1,1
103,64,2,20
103,65,1,2
103,65,2,20
103,66,1,3
103,66,2,20
103,67,1,5
103,67,2,20
103,68,1,3
103,68,2,20
103,69,1,2
103,69,2,20
103,70,1,1
103,70,2,20
103,71,1,0
103,71,2,20
103,72,1,1
103,72,2,20
103,73,1,2
103,73,2,20
103,74,1,3
103,74,2,20
103,75,1,3
103,75,2,20
103,76,1,2
103,76,2,20
103,77,1,1
103,77,2,20
103,78,1,1
103,78,2,20
103,79,1,1
103,79,2,20
103,80,1,2
103,80,2,20
103,81,1,3
103,81,2,20
103,82,1,5
103,82,2,20
103,83,1,3
103,83,2,20
103,84,1,2
103,84,2,20
103,85,1,1
103,85,2,20
103,86,1,1
103,86,2,20
103,87,1,1
103,87,2,20
103,88,1,2
103,88,2,20
103,89,1,3
103,89,2,20
103,90,1,3
103,90,2,20
103,91,1,2
103,91,2,20
103,92,1,2
103,92,2,20
103,93,1,2
103,93,2,20
103,94,1,2
103,94,2,20
103,95,1,2
103,95,2,20
103,96,1,3
103,96,2,20
103,97,1,5
103,97,2,20
103,98,1,3
103,98,2,20
103,99,1,2
103,99,2,20
103,100,1,2
103,100,2,20
103,101,1,2
103,101,2,20
103,102,1,2
103,102,2,20
103,103,1,2
103,103,2,20
103,104,1,3
103,104,2,20
103,105,1,3
103,105,2,20
103,106,1,3
103,106,2,20
103,107,1,3
103,107,2,20
103,108,1,3
103,108,2,20
103,109,1,3
103,109,2,20
103,110,1,3
103,110,2,20
103,111,1,3
103,111,2,20
103,112,1,5
103,112,2,20
103,113,1,3
103,113,2,20
103,114,1,3
103,114,2,20
103,115,1,3
103,115,2,20
103,116,1,3
103,116,2,20
103,117,1,3
103,117,2,20
103,118,1,3
103,118,2,20
103,119,1,3
103,119,2,20
103,120,1,4
103,120,2,20
103,121,1,4
103,121,2,20
103,122,1,4
103,122,2,20
103,123,1,4
103,123,2,20
103,124,1,4
103,124,2,20
103,125,1,4
103,125,2,20
103,126,1,4
103,126,2,20
103,127,1,5
103,127,2,20
103,128,1,4
103,128,2,20
103,129,1,4
103,129,2,20
103,130,1,4
103,130,2,20
103,131,1,4
103,131,2,20
103,132,1,4
103,132,2,20
103,133,1,4
103,133,2,20
103,134,1,4
103,134,2,20
104,0,1,4
104,0,2,20
104,1,1,4
104,1,2,20
104,2,1,4
104,2,2,20
104,3,1,4
104,3,2,20
104,4,1,4
104,4,2,20
104,5,1,4
104,5,2,20
104,6,1,4
104,6,2,20
104,7,1,5
104,7,2,20
104,8,1,4
104,8,2,20
104,9,1,4
104,9,2,20
104,10,1,4
104,10,2,20
104,11,1,4
104,11,2,20
104,12,1,4
104,12,2,20
104,13,1,4
104,13,2,20
104,14,1,4
104,14,2,20
104,15,1,3
104,15,2,20
104,16,1,3
104,16,2,20
104,17,1,3
104,17,2,20
104,18,1,3
104,18,2,20
104,19,1,3
104,19,2,20
104,20,1,3
104,20,2,20
104,21,1,3
104,21,2,20
104,22,1,5
104,22,2,20
104,23,1,3
104,23,2,20
104,24,1,3
104,24,2,20
104,25,1,3
104,25,2,20
104,26,1,3
104,26,2,20
104,27,1,3
104,27,2,20
104,28,1,3
104,28,2,20
104,29,1,3
104,29,2,20
104,30,1,3
104,30,2,20
104,31,1,2
104,31,2,20
104,32,1,2
104,32,2,20
104,33,1,2
104,33,2,20
104,34,1,2
104,34,2,20
104,35,1,2
104,35,2,20
104,36,1,3
104,36,2,20
104,37,1,5
104,37,2,20
104,38,1,3
104,38,2,20
104,39,1,2
104,39,2,20
104,40,1,2
104,40,2,20
104,41,1,2
104,41,2,20
104,42,1,2
104,42,2,20
104,43,1,2
104,43,2,20
104,44,1,3
104,44,2,20
104,45,1,3
104,45,2,20
104,46,1,2
104,46,2,20
104,47,1,1
104,47,2,20
104,48,1,1
104,48,2,20
104,49,1,1
104,49,2,20
104,50,1,2
104,50,2,20
104,51,1,3
104,51,2,20
104,52,1,5
104,52,2,20
104,53,1,3
104,53,2,20
104,54,1,2
104,54,2,20
104,55,1,1
104,55,2,20
104,56,1,1
104,56,2,20
104,57,1,1
104,57,2,20
104,58,1,2
104,58,2,20
104,59,1,3
104,59,2,20
104,60,1,3
104,60,2,20
104,61,1,2
104,61,2,20
104,62,1,1
104,62,2,20
104,63,1,0
104,63,2,20
104,64,1,1
104,64,2,20
104,65,1,2
104,65,2,20
104,66,1,3
104,66,2,20
104,67,1,5
104,67,2,20
104,68,1,3
104,68,2,20
104,69,1,2
104,69,2,20
104,70,1,1
104,70,2,20
104,71,1,0
104,71,2,20
104,72,1,1
104,72,2,20
104,73,1,2
104,73,2,20
104,74,1,3
104,74,2,20
104,75,1,3
104,75,2,20
104,76,1,2
104,76,2,20
104,77,1,1
104,77,2,20
104,78,1,1
104,78,2,20
104,79,1,1
104,79,2,20
104,80,1,2
104,80,2,20
104,81,1,3
104,81,2,20
104,82,1,5
104,82,2,20
104,83,1,3
104,83,2,20
104,84,1,2
104,84,2,20
104,85,1,1
104,85,2,20
104,86,1,1
104,86,2,20
104,87,1,1
104,87,2,20
104,88,1,2
104,88,2,20
104,89,1,3
104,89,2,20
104,90,1,3
104,90,2,20
104,91,1,2
104,91,2,20
104,92,1,2
104,92,2,20
104,93,1,2
104,93,2,20
104,94,1,2
104,94,2,20
104,95,1,2
104,95,2,20
104,96,1,3
104,96,2,20
104,97,1,5
104,97,2,20
104,98,1,3
104,98,2,20
104,99,1,2
104,99,2,20
104,100,1,2
104,100,2,20
104,101,1,2
104,101,2,20
104,102,1,2
104,102,2,20
104,103,1,2
104,103,2,20
104,104,1,3
104,104,2,20
104,105,1,3
104,105,2,20
104,106,1,3
104,106,2,20
104,107,1,3
104,107,2,20
104,108,1,3
104,108,2,20
104,109,1,3
104,109,2,20
104,110,1,3
104,110,2,20
104,111,1,3
104,111,2,20
104,112,1,5
104,112,2,20
104,113,1,3
104,113,2,20
104,114,1,3
104,114,2,20
104,115,1,3
104,115,2,20
104,116,1,3
104,116,2,20
104,117,1,3
104,117,2,20
104,118,1,3
104,118,2,20
104,119,1,3
104,119,2,20
104,120,1,4
104,120,2,20
104,121,1,4
104,121,2,20
104,122,1,4
104,122,2,20
104,123,1,4
104,123,2,20
104,124,1,4
104,124,2,20
104,125,1,4
104,125,2,20
104,126,1,4
104,126,2,20
104,127,1,5
104,127,2,20
104,128,1,4
104,128,2,20
104,129,1,4
104,129,2,20
104,130,1,4
104,130,2,20
104,131,1,4
104,131,2,20
104,132,1,4
104,132,2,20
104,133,1,4
104,133,2,20
104,134,1,4
104,134,2,20
105,0,1,4
105,0,2,20
105,1,1,4
105,1,2,20
105,2,1,4
105,2,2,20
105,3,1,4
105,3,2,20
105,4,1,4
105,4,2,20
105,5,1,4
105,5,2,20
105,6,1,4
105,6,2,20
105,7,1,5
105,7,2,20
105,8,1,4
105,8,2,20
105,9,1,4
105,9,2,20
105,10,1,4
105,10,2,20
105,11,1,4
105,11,2,20
105,12,1,4
105,12,2,20
105,13,1,4
105,13,2,20
105,14,1,4
105,14,2,20
105,15,1,3
105,15,2,20
105,16,1,3
105,16,2,20
105,17,1,3
105,17,2,20
105,18,1,3
105,18,2,20
105,19,1,3
105,19,2,20
105,20,1,3
105,20,2,20
105,21,1,3
105,21,2,20
105,22,1,5
105,22,2,20
105,23,1,3
105,23,2,20
105,24,1,3
105,24,2,20
105,25,1,3
105,25,2,20
105,26,1,3
105,26,2,20
105,27,1,3
105,27,2,20
105,28,1,3
105,28,2,20
105,29,1,3
105,29,2,20
105,30,1,3
105,30,2,20
105,31,1,2
105,31,2,20
105,32,1,2
105,32,2,20
105,33,1,2
105,33,2,20
105,34,1,2
105,34,2,20
105,35,1,2
105,35,2,20
105,36,1,3
105,36,2,20
105,37,1,5
105,37,2,20
105,38,1,3
105,38,2,20
105,39,1,2
105,39,2,20
105,40,1,2
105,40,2,20
105,41,1,2
105,41,2,20
105,42,1,2
105,42,2,20
105,43,1,2
105,43,2,20
105,44,1,3
105,44,2,20
105,45,1,3
105,45,2,20
105,46,1,2
105,46,2,20
105,47,1,1
105,47,2,20
105,48,1,1
105,48,2,20
105,49,1,1
105,49,2,20
105,50,1,2
105,50,2,20
105,51,1,3
105,51,2,20
105,52,1,5
105,52,2,20
105,53,1,3
105,53,2,20
105,54,1,2
105,54,2,20
105,55,1,1
105,55,2,20
105,56,1,1
105,56,2,20
105,57,1,1
105,57,2,20
105,58,1,2
105,58,2,20
105,59,1,3
105,59,2,20
105,60,1,3
105,60,2,20
105,61,1,2
105,61,2,20
105,62,1,1
105,62,2,20
105,63,1,0
105,63,2,20
105,64,1,1
105,64,2,20
105,65,1,2
105,65,2,20
105,66,1,3
105,66,2,20
105,67,1,5
105,67,2,20
105,68,1,3
105,68,2,20
105,69,1,2
105,69,2,20
105,70,1,1
105,70,2,20
105,71,1,0
105,71,2,20
105,72,1,1
105,72,2,20
105,73,1,2
105,73,2,20
105,74,1,3
105,74,2,20
105,75,1,3
105,75,2,20
105,76,1,2
105,76,2,20
105,77,1,1
105,77,2,20
105,78,1,1
105,78,2,20
105,79,1,1
105,79,2,20
105,80,1,2
105,80,2,20
105,81,1,3
105,81,2,20
105,82,1,5
105,82,2,20
105,83,1,3
105,83,2,20
105,84,1,2
105,84,2,20
105,85,1,1
105,85,2,20
105,86,1,1
105,86,2,20
105,87,1,1
105,87,2,20
105,88,1,2
105,88,2,20
105,89,1,3
105,89,2,20
105,90,1,3
105,90,2,20
105,91,1,2
105,91,2,20
105,92,1,2
105,92,2,20
105,93,1,2
105,93,2,20
105,94,1,2
105,94,2,20
105,95,1,2
105,95,2,20
105,96,1,3
105,96,2,20
105,97,1,5
105,97,2,20
105,98,1,3
105,98,2,20
105,99,1,2
105,99,2,20
105,100,1,2
105,100,2,20
105,101,1,2
105,101,2,20
105,102,1,2
105,102,2,20
105,103,1,2
105,103,2,20
105,104,1,3
105,104,2,20
105,105,1,3
105,105,2,20
105,106,1,3
105,106,2,20
105,107,1,3
105,107,2,20
105,108,1,3
105,108,2,20
105,109,1,3
105,109,2,20
105,110,1,3
105,110,2,20
105,111,1,3
105,111,2,20
105,112,1,5
105,112,2,20
105,113,1,3
105,113,2,20
105,114,1,3
105,114,2,20
105,115,1,3
105,115,2,20
105,116,1,3
105,116,2,20
105,117,1,3
105,117,2,20
105,118,1,3
105,118,2,20
105,119,1,3
105,119,2,20
105,120,1,4
105,120,2,20
105,121,1,4
105,121,2,20
105,122,1,4
105,122,2,20
105,123,1,4
105,123,2,20
105,124,1,4
105,124,2,20
105,125,1,4
105,125,2,20
105,126,1,4
105,126,2,20
105,127,1,5
105,127,2,20
105,128,1,4
105,128,2,20
105,129,1,4
105,129,2,20
105,130,1,4
105,130,2,20
105,131,1,4
105,131,2,20
105,132,1,4
105,132,2,20
105,133,1,4
105,133,2,20
105,134,1,4
105,134,2,20
106,0,1,4
106,0,2,20
106,1,1,4
106,1,2,20
106,2,1,4
106,2,2,20
106,3,1,4
106,3,2,20
106,4,1,4
106,4,2,20
106,5,1,4
106,5,2,20
106,6,1,4
106,6,2,20
106,7,1,5
106,7,2,20
106,8,1,4
106,8,2,20
106,9,1,4
106,9,2,20
106,10,1,4
106,10,2,20
106,11,1,4
106,11,2,20
106,12,1,4
106,12,2,20
106,13,1,4
106,13,2,20
106,14,1,4
106,14,2,20
106,15,1,3
106,15,2,20
106,16,1,3
106,16,2,20
106,17,1,3
106,17,2,20
106,18,1,3
106,18,2,20
106,19,1,3
106,19,2,20
106,20,1,3
106,20,2,20
106,21,1,3
106,21,2,20
106,22,1,5
106,22,2,20
106,23,1,3
106,23,2,20
106,24,1,3
106,24,2,20
106,25,1,3
106,25,2,20
106,26,1,3
106,26,2,20
106,27,1,3
106,27,2,20
106,28,1,3
106,28,2,20
106,29,1,3
106,29,2,20
106,30,1,3
106,30,2,20
106,31,1,2
106,31,2,20
106,32,1,2
106,32,2,20
106,33,1,2
106,33,2,20
106,34,1,2
106,34,2,20
106,35,1,2
106,35,2,20
106,36,1,3
106,36,2,20
106,37,1,5
106,37,2,20
106,38,1,3
106,38,2,20
106,39,1,2
106,39,2,20
106,40,1,2
106,40,2,20
106,41,1,2
106,41,2,20
106,42,1,2
106,42,2,20
106,43,1,2
106,43,2,20
106,44,1,3
106,44,2,20
106,45,1,3
106,45,2,20
106,46,1,2
106,46,2,20
106,47,1,1
106,47,2,20
106,48,1,1
106,48,2,20
106,49,1,1
106,49,2,20
106,50,1,2
106,50,2,20
106,51,1,3
106,51,2,20
106,52,1,5
106,52,2,20
106,53,1,3
106,53,2,20
106,54,1,2
106,54,2,20
106,55,1,1
106,55,2,20
106,56,1,1
106,56,2,20
106,57,1,1
106,57,2,20
106,58,1,2
106,58,2,20
106,59,1,3
106,59,2,20
106,60,1,3
106,60,2,20
106,61,1,2
106,61,2,20
106,62,1,1
106,62,2,20
106,63,1,0
106,63,2,20
106,64,1,1
106,64,2,20
106,65,1,2
106,65,2,20
106,66,1,3
106,66,2,20
106,67,1,5
106,67,2,20
106,68,1,3
106,68,2,20
106,69,1,2
106,69,2,20
106,70,1,1
106,70,2,20
106,71,1,0
106,71,2,20
106,72,1,1
106,72,2,20
106,73,1,2
106,73,2,20
106,74,1,3
106,74,2,20
106,75,1,3
106,75,2,20
106,76,1,2
106,76,2,20
106,77,1,1
106,77,2,20
106,78,1,1
106,78,2,20
106,79,1,1
106,79,2,20
106,80,1,2
106,80,2,20
106,81,1,3
106,81,2,20
106,82,1,5
106,82,2,20
106,83,1,3
106,83,2,20
106,84,1,2
106,84,2,20
106,85,1,1
106,85,2,20
106,86,1,1
106,86,2,20
106,87,1,1
106,87,2,20
106,88,1,2
106,88,2,20
106,89,1,3
106,89,2,20
106,90,1,3
106,90,2,20
106,91,1,2
106,91,2,20
106,92,1,2
106,92,2,20
106,93,1,2
106,93,2,20
106,94,1,2
106,94,2,20
106,95,1,2
106,95,2,20
106,96,1,3
106,96,2,20
106,97,1,5
106,97,2,20
106,98,1,3
106,98,2,20
106,99,1,2
106,99,2,20
106,100,1,2
106,100,2,20
106,101,1,2
106,101,2,20
106,102,1,2
106,102,2,20
106,103,1,2
106,103,2,20
106,104,1,3
106,104,2,20
106,105,1,3
106,105,2,20
106,106,1,3
106,106,2,20
106,107,1,3
106,107,2,20
106,108,1,3
106,108,2,20
106,109,1,3
106,109,2,20
106,110,1,3
106,110,2,20
106,111,1,3
106,111,2,20
106,112,1,5
106,112,2,20
106,113,1,3
106,113,2,20
106,114,1,3
106,114,2,20
106,115,1,3
106,115,2,20
106,116,1,3
106,116,2,20
106,117,1,3
106,117,2,20
106,118,1,3
106,118,2,20
106,119,1,3
106,119,2,20
106,120,1,4
106,120,2,20
106,121,1,4
106,121,2,20
106,122,1,4
106,122,2,20
106,123,1,4
106,123,2,20
106,124,1,4
106,124,2,20
106,125,1,4
106,125,2,20
106,126,1,4
106,126,2,20
106,127,1,5
106,127,2,20
106,128,1,4
106,128,2,20
106,129,1,4
106,129,2,20
106,130,1,4
106,130,2,20
106,131,1,4
106,131,2,20
106,132,1,4
106,132,2,20
106,133,1,4
106,133,2,20
106,134,1,4
106,134,2,20
107,0,1,4
107,0,2,20
107,1,1,4
107,1,2,20
107,2,1,4
107,2,2,20
107,3,1,4
107,3,2,20
107,4,1,4
107,4,2,20
107,5,1,4
107,5,2,20
107,6,1,4
107,6,2,20
107,7,1,5
107,7,2,20
107,8,1,4
107,8,2,20
107,9,1,4
107,9,2,20
107,10,1,4
107,10,2,20
107,11,1,4
107,11,2,20
107,12,1,4
107,12,2,20
107,13,1,4
107,13,2,20
107,14,1,4
107,14,2,20
107,15,1,3
107,15,2,20
107,16,1,3
107,16,2,20
107,17,1,3
107,17,2,20
107,18,1,3
107,18,2,20
107,19,1,3
107,19,2,20
107,20,1,3
107,20,2,20
107,21,1,3
107,21,2,20
107,22,1,5
107,22,2,20
107,23,1,3
107,23,2,20
107,24,1,3
107,24,2,20
107,25,1,3
107,25,2,20
107,26,1,3
107,26,2,20
107,27,1,3
107,27,2,20
107,28,1,3
107,28,2,20
107,29,1,3
107,29,2,20
107,30,1,3
107,30,2,20
107,31,1,2
107,31,2,20
107,32,1,2
107,32,2,20
107,33,1,2
107,33,2,20
107,34,1,2
107,34,2,20
107,35,1,2
107,35,2,20
107,36,1,3
107,36,2,20
107,37,1,5
107,37,2,20
107,38,1,3
107,38,2,20
107,39,1,2
107,39,2,20
107,40,1,2
107,40,2,20
107,41,1,2
107,41,2,20
107,42,1,2
107,42,2,20
107,43,1,2
107,43,2,20
107,44,1,3
107,44,2,20
107,45,1,3
107,45,2,20
107,46,1,2
107,46,2,20
107,47,1,1
107,47,2,20
107,48,1,1
107,48,2,20
107,49,1,1
107,49,2,20
107,50,1,2
107,50,2,20
107,51,1,3
107,51,2,20
107,52,1,5
107,52,2,20
107,53,1,3
107,53,2,20
107,54,1,2
107,54,2,20
107,55,1,1
107,55,2,20
107,56,1,1
107,56,2,20
107,57,1,1
107,57,2,20
107,58,1,2
107,58,2,20
107,59,1,3
107,59,2,20
107,60,1,3
107,60,2,20
107,61,1,2
107,61,2,20
107,62,1,1
107,62,2,20
107,63,1,0
107,63,2,20
107,64,1,1
107,64,2,20
107,65,1,2
107,65,2,20
107,66,1,3
107,66,2,20
107,67,1,5
107,67,2,20
107,68,1,3
107,68,2,20
107,69,1,2
107,69,2,20
107,70,1,1
107,70,2,20
107,71,1,0
107,71,2,20
107,72,1,1
107,72,2,20
107,73,1,2
107,73,2,20
107,74,1,3
107,74,2,20
107,75,1,3
107,75,2,20
107,76,1,2
107,76,2,20
107,77,1,1
107,77,2,20
107,78,1,1
107,78,2,20
107,79,1,1
107,79,2,20
107,80,1,2
107,80,2,20
107,81,1,3
107,81,2,20
107,82,1,5
107,82,2,20
107,83,1,3
107,83,2,20
107,84,1,2
107,84,2,20
107,85,1,1
107,85,2,20
107,86,1,1
107,86,2,20
107,87,1,1
107,87,2,20
107,88,1,2
107,88,2,20
107,89,1,3
107,89,2,20
107,90,1,3
107,90,2,20
107,91,1,2
107,91,2,20
107,92,1,2
107,92,2,20
107,93,1,2
107,93,2,20
107,94,1,2
107,94,2,20
107,95,1,2
107,95,2,20
107,96,1,3
107,96,2,20
107,97,1,5
107,97,2,20
107,98,1,3
107,98,2,20
107,99,1,2
107,99,2,20
107,100,1,2
107,100,2,20
107,101,1,2
107,101,2,20
107,102,1,2
107,102,2,20
107,103,1,2
107,103,2,20
107,104,1,3
107,104,2,20
107,105,1,3
107,105,2,20
107,106,1,3
107,106,2,20
107,107,1,3
107,107,2,20
107,108,1,3
107,108,2,20
107,109,1,3
107,109,2,20
107,110,1,3
107,110,2,20
107,111,1,3
107,111,2,20
107,112,1,5
107,112,2,20
107,113,1,3
107,113,2,20
107,114,1,3
107,114,2,20
107,115,1,3
107,115,2,20
107,116,1,3
107,116,2,20
107,117,1,3
107,117,2,20
107,118,1,3
107,118,2,20
107,119,1,3
107,119,2,20
107,120,1,4
107,120,2,20
107,121,1,4
107,121,2,20
107,122,1,4
107,122,2,20
107,123,1,4
107,123,2,20
107,124,1,4
107,124,2,20
107,125,1,4
107,125,2,20
107,126,1,4
107,126,2,20
107,127,1,5
107,127,2,20
107,128,1,4
107,128,2,20
107,129,1,4
107,129,2,20
107,130,1,4
107,130,2,20
107,131,1,4
107,131,2,20
107,132,1,4
107,132,2,20
107,133,1,4
107,133,2,20
107,134,1,4
107,134,2,20
108,0,1,4
108,0,2,20
108,1,1,4
108,1,2,20
108,2,1,4
108,2,2,20
108,3,1,4
108,3,2,20
108,4,1,4
108,4,2,20
108,5,1,4
108,5,2,20
108,6,1,4
108,6,2,20
108,7,1,5
108,7,2,20
108,8,1,4
108,8,2,20
108,9,1,4
108,9,2,20
108,10,1,4
108,10,2,20
108,11,1,4
108,11,2,20
108,12,1,4
108,12,2,20
108,13,1,4
108,13,2,20
108,14,1,4
108,14,2,20
108,15,1,3
108,15,2,20
108,16,1,3
108,16,2,20
108,17,1,3
108,17,2,20
108,18,1,3
108,18,2,20
108,19,1,3
108,19,2,20
108,20,1,3
108,20,2,20
108,21,1,3
108,21,2,20
108,22,1,5
108,22,2,20
108,23,1,3
108,23,2,20
108,24,1,3
108,24,2,20
108,25,1,3
108,25,2,20
108,26,1,3
108,26,2,20
108,27,1,3
108,27,2,20
108,28,1,3
108,28,2,20
108,29,1,3
108,29,2,20
108,30,1,3
108,30,2,20
108,31,1,2
108,31,2,20
108,32,1,2
108,32,2,20
108,33,1,2
108,33,2,20
108,34,1,2
108,34,2,20
108,35,1,2
108,35,2,20
108,36,1,3
108,36,2,20
108,37,1,5
108,37,2,20
108,38,1,3
108,38,2,20
108,39,1,2
108,39,2,20
108,40,1,2
108,40,2,20
108,41,1,2
108,41,2,20
108,42,1,2
108,42,2,20
108,43,1,2
108,43,2,20
108,44,1,3
108,44,2,20
108,45,1,3
108,45,2,20
108,46,1,2
108,46,2,20
108,47,1,1
108,47,2,20
108,48,1,1
108,48,2,20
108,49,1,1
108,49,2,20
108,50,1,2
108,50,2,20
108,51,1,3
108,51,2,20
108,52,1,5
108,52,2,20
108,53,1,3
108,53,2,20
108,54,1,2
108,54,2,20
108,55,1,1
108,55,2,20
108,56,1,1
108,56,2,20
108,57,1,1
108,57,2,20
108,58,1,2
108,58,2,20
108,59,1,3
108,59,2,20
108,60,1,3
108,60,2,20
108,61,1,2
108,61,2,20
108,62,1,1
108,62,2,20
108,63,1,0
108,63,2,20
108,64,1,1
108,64,2,20
108,65,1,2
108,65,2,20
108,66,1,3
108,66,2,20
108,67,1,5
108,67,2,20
108,68,1,3
108,68,2,20
108,69,1,2
108,69,2,20
108,70,1,1
108,70,2,20
108,71,1,0
108,71,2,20
108,72,1,1
108,72,2,20
108,73,1,2
108,73,2,20
108,74,1,3
108,74,2,20
108,75,1,3
108,75,2,20
108,76,1,2
108,76,2,20
108,77,1,1
108,77,2,20
108,78,1,1
108,78,2,20
108,79,1,1
108,79,2,20
108,80,1,2
108,80,2,20
108,81,1,3
108,81,2,20
108,82,1,5
108,82,2,20
108,83,1,3
108,83,2,20
108,84,1,2
108,84,2,20
108,85,1,1
108,85,2,20
108,86,1,1
108,86,2,20
108,87,1,1
108,87,2,20
108,88,1,2
108,88,2,20
108,89,1,3
108,89,2,20
108,90,1,3
108,90,2,20
108,91,1,2
108,91,2,20
108,92,1,2
108,92,2,20
108,93,1,2
108,93,2,20
108,94,1,2
108,94,2,20
108,95,1,2
108,95,2,20
108,96,1,3
108,96,2,20
108,97,1,5
108,97,2,20
108,98,1,3
108,98,2,20
108,99,1,2
108,99,2,20
108,100,1,2
108,100,2,20
108,101,1,2
108,101,2,20
108,102,1,2
108,102,2,20
108,103,1,2
108,103,2,20
108,104,1,3
108,104,2,20
108,105,1,3
108,105,2,20
108,106,1,3
108,106,2,20
108,107,1,3
108,107,2,20
108,108,1,3
108,108,2,20
108,109,1,3
108,109,2,20
108,110,1,3
108,110,2,20
108,111,1,3
108,111,2,20
108,112,1,5
108,112,2,20
108,113,1,3
108,113,2,20
108,114,1,3
108,114,2,20
108,115,1,3
108,115,2,20
108,116,1,3
108,116,2,20
108,117,1,3
108,117,2,20
108,118,1,3
108,118,2,20
108,119,1,3
108,119,2,20
108,120,1,4
108,120,2,20
108,121,1,4
108,121,2,20
108,122,1,4
108,122,2,20
108,123,1,4
108,123,2,20
108,124,1,4
108,124,2,20
108,125,1,4
108,125,2,20
108,126,1,4
108,126,2,20
108,127,1,5
108,127,2,20
108,128,1,4
108,128,2,20
108,129,1,4
108,129,2,20
108,130,1,4
108,130,2,20
108,131,1,4
108,131,2,20
108,132,1,4
108,132,2,20
108,133,1,4
108,133,2,20
108,134,1,4
108,134,2,20
109,0,1,4
109,0,2,20
109,1,1,4
109,1,2,20
109,2,1,4
109,2,2,20
109,3,1,4
109,3,2,20
109,4,1,4
109,4,2,20
109,5,1,4
109,5,2,20
109,6,1,4
109,6,2,20
109,7,1,5
109,7,2,20
109,8,1,4
109,8,2,20
109,9,1,4
109,9,2,20
109,10,1,4
109,10,2,20
109,11,1,4
109,11,2,20
109,12,1,4
109,12,2,20
109,13,1,4
109,13,2,20
109,14,1,4
109,14,2,20
109,15,1,3
109,15,2,20
109,16,1,3
109,16,2,20
109,17,1,3
109,17,2,20
109,18,1,3
109,18,2,20
109,19,1,3
109,19,2,20
109,20,1,3
109,20,2,20
109,21,1,3
109,21,2,20
109,22,1,5
109,22,2,20
109,23,1,3
109,23,2,20
109,24,1,3
109,24,2,20
109,25,1,3
109,25,2,20
109,26,1,3
109,26,2,20
109,27,1,3
109,27,2,20
109,28,1,3
109,28,2,20
109,29,1,3
109,29,2,20
109,30,1,3
109,30,2,20
109,31,1,2
109,31,2,20
109,32,1,2
109,32,2,20
109,33,1,2
109,33,2,20
109,34,1,2
109,34,2,20
109,35,1,2
109,35,2,20
109,36,1,3
109,36,2,20
109,37,1,5
109,37,2,20
109,38,1,3
109,38,2,20
109,39,1,2
109,39,2,20
109,40,1,2
109,40,2,20
109,41,1,2
109,41,2,20
109,42,1,2
109,42,2,20
109,43,1,2
109,43,2,20
109,44,1,3
109,44,2,20
109,45,1,3
109,45,2,20
109,46,1,2
109,46,2,20
109,47,1,1
109,47,2,20
109,48,1,1
109,48,2,20
109,49,1,1
109,49,2,20
109,50,1,2
109,50,2,20
109,51,1,3
109,51,2,20
109,52,1,5
109,52,2,20
109,53,1,3
109,53,2,20
109,54,1,2
109,54,2,20
109,55,1,1
109,55,2,20
109,56,1,1
109,56,2,20
109,57,1,1
109,57,2,20
109,58,1,2
109,58,2,20
109,59,1,3
109,59,2,20
109,60,1,3
109,60,2,20
109,61,1,2
109,61,2,20
109,62,1,1
109,62,2,20
109,63,1,0
109,63,2,20
109,64,1,1
109,64,2,20
109,65,1,2
109,65,2,20
109,66,1,3
109,66,2,20
109,67,1,5
109,67,2,20
109,68,1,3
109,68,2,20
109,69,1,2
109,69,2,20
109,70,1,1
109,70,2,20
109,71,1,0
109,71,2,20
109,72,1,1
109,72,2,20
109,73,1,2
109,73,2,20
109,74,1,3
109,74,2,20
109,75,1,3
109,75,2,20
109,76,1,2
109,76,2,20
109,77,1,1
109,77,2,20
109,78,1,1
109,78,2,20
109,79,1,1
109,79,2,20
109,80,1,2
109,80,2,20
109,81,1,3
109,81,2,20
109,82,1,5
109,82,2,20
109,83,1,3
109,83,2,20
109,84,1,2
109,84,2,20
109,85,1,1
109,85,2,20
109,86,1,1
109,86,2,20
109,87,1,1
109,87,2,20
109,88,1,2
109,88,2,20
109,89,1,3
109,89,2,20
109,90,1,3
109,90,2,20
109,91,1,2
109,91,2,20
109,92,1,2
109,92,2,20
109,93,1,2
109,93,2,20
109,94,1,2
109,94,2,20
109,95,1,2
109,95,2,20
109,96,1,3
109,96,2,20
109,97,1,5
109,97,2,20
109,98,1,3
109,98,2,20
109,99,1,2
109,99,2,20
109,100,1,2
109,100,2,20
109,101,1,2
109,101,2,20
109,102,1,2
109,102,2,20
109,103,1,2
109,103,2,20
109,104,1,3
109,104,2,20
109,105,1,3
109,105,2,20
109,106,1,3
109,106,2,20
109,107,1,3
109,107,2,20
109,108,1,3
109,108,2,20
109,109,1,3
109,109,2,20
109,110,1,3
109,110,2,20
109,111,1,3
109,111,2,20
109,112,1,5
109,112,2,20
109,113,1,3
109,113,2,20
109,114,1,3
109,114,2,20
109,115,1,3
109,115,2,20
109,116,1,3
109,116,2,20
109,117,1,3
109,117,2,20
109,118,1,3
109,118,2,20
109,119,1,3
109,119,2,20
109,120,1,4
109,120,2,20
109,121,1,4
109,121,2,20
109,122,1,4
109,122,2,20
109,123,1,4
109,123,2,20
109,124,1,4
109,124,2,20
109,125,1,4
109,125,2,20
109,126,1,4
109,126,2,20
109,127,1,5
109,127,2,20
109,128,1,4
109,128,2,20
109,129,1,4
109,129,2,20
109,130,1,4
109,130,2,20
109,131,1,4
109,131,2,20
109,132,1,4
109,132,2,20
109,133,1,4
109,133,2,20
109,134,1,4
109,134,2,20
110,0,1,4
110,0,2,20
110,1,1,4
110,1,2,20
110,2,1,4
110,2,2,20
110,3,1,4
110,3,2,20
110,4,1,4
110,4,2,20
110,5,1,4
110,5,2,20
110,6,1,4
110,6,2,20
110,7,1,5
110,7,2,20
110,8,1,4
110,8,2,20
110,9,1,4
110,9,2,20
110,10,1,4
110,10,2,20
110,11,1,4
110,11,2,20
110,12,1,4
110,12,2,20
110,13,1,4
110,13,2,20
110,14,1,4
110,14,2,20
110,15,1,3
110,15,2,20
110,16,1,3
110,16,2,20
110,17,1,3
110,17,2,20
110,18,1,3
110,18,2,20
110,19,1,3
110,19,2,20
110,20,1,3
110,20,2,20
110,21,1,3
110,21,2,20
110,22,1,5
110,22,2,20
110,23,1,3
110,23,2,20
110,24,1,3
110,24,2,20
110,25,1,3
110,25,2,20
110,26,1,3
110,26,2,20
110,27,1,3
110,27,2,20
110,28,1,3
110,28,2,20
110,29,1,3
110,29,2,20
110,30,1,3
110,30,2,20
110,31,1,2
110,31,2,20
110,32,1,2
110,32,2,20
110,33,1,2
110,33,2,20
110,34,1,2
110,34,2,20
110,35,1,2
110,35,2,20
110,36,1,3
110,36,2,20
110,37,1,5
110,37,2,20
110,38,1,3
110,38,2,20
110,39,1,2
110,39,2,20
110,40,1,2
110,40,2,20
110,41,1,2
110,41,2,20
110,42,1,2
110,42,2,20
110,43,1,2
110,43,2,20
110,44,1,3
110,44,2,20
110,45,1,3
110,45,2,20
110,46,1,2
110,46,2,20
110,47,1,1
110,47,2,20
110,48,1,1
110,48,2,20
110,49,1,1
110,49,2,20
110,50,1,2
110,50,2,20
110,51,1,3
110,51,2,20
110,52,1,5
110,52,2,20
110,53,1,3
110,53,2,20
110,54,1,2
110,54,2,20
110,55,1,1
110,55,2,20
110,56,1,1
110,56,2,20
110,57,1,1
110,57,2,20
110,58,1,2
110,58,2,20
110,59,1,3
110,59,2,20
110,60,1,3
110,60,2,20
110,61,1,2
110,61,2,20
110,62,1,1
110,62,2,20
110,63,1,0
110,63,2,20
110,64,1,1
110,64,2,20
110,65,1,2
110,65,2,20
110,66,1,3
110,66,2,20
110,67,1,5
110,67,2,20
110,68,1,3
110,68,2,20
110,69,1,2
110,69,2,20
110,70,1,1
110,70,2,20
110,71,1,0
110,71,2,20
110,72,1,1
110,72,2,20
110,73,1,2
110,73,2,20
110,74,1,3
110,74,2,20
110,75,1,3
110,75,2,20
110,76,1,2
110,76,2,20
110,77,1,1
110,77,2,20
110,78,1,1
110,78,2,20
110,79,1,1
110,79,2,20
110,80,1,2
110,80,2,20
110,81,1,3
110,81,2,20
110,82,1,5
110,82,2,20
110,83,1,3
110,83,2,20
110,84,1,2
110,84,2,20
110,85,1,1
110,85,2,20
110,86,1,1
110,86,2,20
110,87,1,1
110,87,2,20
110,88,1,2
110,88,2,20
110,89,1,3
110,89,2,20
110,90,1,3
110,90,2,20
110,91,1,2
110,91,2,20
110,92,1,2
110,92,2,20
110,93,1,2
110,93,2,20
110,94,1,2
110,94,2,20
110,95,1,2
110,95,2,20
110,96,1,3
110,96,2,20
110,97,1,5
110,97,2,20
110,98,1,3
110,98,2,20
110,99,1,2
110,99,2,20
110,100,1,2
110,100,2,20
110,101,1,2
110,101,2,20
110,102,1,2
110,102,2,20
110,103,1,2
110,103,2,20
110,104,1,3
110,104,2,20
110,105,1,3
110,105,2,20
110,106,1,3
110,106,2,20
110,107,1,3
110,107,2,20
110,108,1,3
110,108,2,20
110,109,1,3
110,109,2,20
110,110,1,3
110,110,2,20
110,111,1,3
110,111,2,20
110,112,1,5
110,112,2,20
110,113,1,3
110,113,2,20
110,114,1,3
110,114,2,20
110,115,1,3
110,115,2,20
110,116,1,3
110,116,2,20
110,117,1,3
110,117,2,20
110,118,1,3
110,118,2,20
110,119,1,3
110,119,2,20
110,120,1,4
110,120,2,20
110,121,1,4
110,121,2,20
110,122,1,4
110,122,2,20
110,123,1,4
110,123,2,20
110,124,1,4
110,124,2,20
110,125,1,4
110,125,2,20
110,126,1,4
110,126,2,20
110,127,1,5
110,127,2,20
110,128,1,4
110,128,2,20
110,129,1,4
110,129,2,20
110,130,1,4
110,130,2,20
110,131,1,4
110,131,2,20
110,132,1,4
110,132,2,20
110,133,1,4
110,133,2,20
110,134,1,4
110,134,2,20
111,0,1,4
111,0,2,20
111,1,1,4
111,1,2,20
111,2,1,4
111,2,2,20
111,3,1,4
111,3,2,20
111,4,1,4
111,4,2,20
111,5,1,4
111,5,2,20
111,6,1,4
111,6,2,20
111,7,1,5
111,7,2,20
111,8,1,4
111,8,2,20
111,9,1,4
111,9,2,20
111,10,1,4
111,10,2,20
111,11,1,4
111,11,2,20
111,12,1,4
111,12,2,20
111,13,1,4
111,13,2,20
111,14,1,4
111,14,2,20
111,15,1,3
111,15,2,20
111,16,1,3
111,16,2,20
111,17,1,3
111,17,2,20
111,18,1,3
111,18,2,20
111,19,1,3
111,19,2,20
111,20,1,3
111,20,2,20
111,21,1,3
111,21,2,20
111,22,1,5
111,22,2,20
111,23,1,3
111,23,2,20
111,24,1,3
111,24,2,20
111,25,1,3
111,25,2,20
111,26,1,3
111,26,2,20
111,27,1,3
111,27,2,20
111,28,1,3
111,28,2,20
111,29,1,3
111,29,2,20
111,30,1,3
111,30,2,20
111,31,1,2
111,31,2,20
111,32,1,2
111,32,2,20
111,33,1,2
111,33,2,20
111,34,1,2
111,34,2,20
111,35,1,2
111,35,2,20
111,36,1,3
111,36,2,20
111,37,1,5
111,37,2,20
111,38,1,3
111,38,2,20
111,39,1,2
111,39,2,20
111,40,1,2
111,40,2,20
111,41,1,2
111,41,2,20
111,42,1,2
111,42,2,20
111,43,1,2
111,43,2,20
111,44,1,3
111,44,2,20
111,45,1,3
111,45,2,20
111,46,1,2
111,46,2,20
111,47,1,1
111,47,2,20
111,48,1,1
111,48,2,20
111,49,1,1
111,49,2,20
111,50,1,2
111,50,2,20
111,51,1,3
111,51,2,20
111,52,1,5
111,52,2,20
111,53,1,3
111,53,2,20
111,54,1,2
111,54,2,20
111,55,1,1
111,55,2,20
111,56,1,1
111,56,2,20
111,57,1,1
111,57,2,20
111,58,1,2
111,58,2,20
111,59,1,3
111,59,2,20
111,60,1,3
111,60,2,20
111,61,1,2
111,61,2,20
111,62,1,1
111,62,2,20
111,63,1,0
111,63,2,20
111,64,1,1
111,64,2,20
111,65,1,2
111,65,2,20
111,66,1,3
111,66,2,20
111,67,1,5
111,67,2,20
111,68,1,3
111,68,2,20
111,69,1,2
111,69,2,20
111,70,1,1
111,70,2,20
111,71,1,0
111,71,2,20
111,72,1,1
111,72,2,20
111,73,1,2
111,73,2,20
111,74,1,3
111,74,2,20
111,75,1,3
111,75,2,20
111,76,1,2
111,76,2,20
111,77,1,1
111,77,2,20
111,78,1,1
111,78,2,20
111,79,1,1
111,79,2,20
111,80,1,2
111,80,2,20
111,81,1,3
111,81,2,20
111,82,1,5
111,82,2,20
111,83,1,3
111,83,2,20
111,84,1,2
111,84,2,20
111,85,1,1
111,85,2,20
111,86,1,1
111,86,2,20
111,87,1,1
111,87,2,20
111,88,1,2
111,88,2,20
111,89,1,3
111,89,2,20
111,90,1,3
111,90,2,20
111,91,1,2
111,91,2,20
111,92,1,2
111,92,2,20
111,93,1,2
111,93,2,20
111,94,1,2
111,94,2,20
111,95,1,2
111,95,2,20
111,96,1,3
111,96,2,20
111,97,1,5
111,97,2,20
111,98,1,3
111,98,2,20
111,99,1,2
111,99,2,20
111,100,1,2
111,100,2,20
111,101,1,2
111,101,2,20
111,102,1,2
111,102,2,20
111,103,1,2
111,103,2,20
111,104,1,3
111,104,2,20
111,105,1,3
111,105,2,20
111,106,1,3
111,106,2,20
111,107,1,3
111,107,2,20
111,108,1,3
111,108,2,20
111,109,1,3
111,109,2,20
111,110,1,3
111,110,2,20
111,111,1,3
111,111,2,20
111,112,1,5
111,112,2,20
111,113,1,3
111,113,2,20
111,114,1,3
111,114,2,20
111,115,1,3
111,115,2,20
111,116,1,3
111,116,2,20
111,117,1,3
111,117,2,20
111,118,1,3
111,118,2,20
111,119,1,3
111,119,2,20
111,120,1,4
111,120,2,20
111,121,1,4
111,121,2,20
111,122,1,4
111,122,2,20
111,123,1,4
111,123,2,20
111,124,1,4
111,124,2,20
111,125,1,4
111,125,2,20
111,126,1,4
111,126,2,20
111,127,1,5
111,127,2,20
111,128,1,4
111,128,2,20
111,129,1,4
111,129,2,20
111,130,1,4
111,130,2,20
111,131,1,4
111,131,2,20
111,132,1,4
111,132,2,20
111,133,1,4
111,133,2,20
111,134,1,4
111,134,2,20
112,0,1,4
112,0,2,20
112,1,1,4
112,1,2,20
112,2,1,4
112,2,2,20
112,3,1,4
112,3,2,20
112,4,1,4
112,4,2,20
112,5,1,4
112,5,2,20
112,6,1,4
112,6,2,20
112,7,1,5
112,7,2,20
112,8,1,4
112,8,2,20
112,9,1,4
112,9,2,20
112,10,1,4
112,10,2,20
112,11,1,4
112,11,2,20
112,12,1,4
112,12,2,20
112,13,1,4
112,13,2,20
112,14,1,4
112,14,2,20
112,15,1,3
112,15,2,20
112,16,1,3
112,16,2,20
112,17,1,3
112,17,2,20
112,18,1,3
112,18,2,20
112,19,1,3
112,19,2,20
112,20,1,3
112,20,2,20
112,21,1,3
112,21,2,20
112,22,1,5
112,22,2,20
112,23,1,3
112,23,2,20
112,24,1,3
112,24,2,20
112,25,1,3
112,25,2,20
112,26,1,3
112,26,2,20
112,27,1,3
112,27,2,20
112,28,1,3
112,28,2,20
112,29,1,3
112,29,2,20
112,30,1,3
112,30,2,20
112,31,1,2
112,31,2,20
112,32,1,2
112,32,2,20
112,33,1,2
112,33,2,20
112,34,1,2
112,34,2,20
112,35,1,2
112,35,2,20
112,36,1,3
112,36,2,20
112,37,1,5
112,37,2,20
112,38,1,3
112,38,2,20
112,39,1,2
112,39,2,20
112,40,1,2
112,40,2,20
112,41,1,2
112,41,2,20
112,42,1,2
112,42,2,20
112,43,1,2
112,43,2,20
112,44,1,3
112,44,2,20
112,45,1,3
112,45,2,20
112,46,1,2
112,46,2,20
112,47,1,1
112,47,2,20
112,48,1,1
112,48,2,20
112,49,1,1
112,49,2,20
112,50,1,2
112,50,2,20
112,51,1,3
112,51,2,20
112,52,1,5
112,52,2,20
112,53,1,3
112,53,2,20
112,54,1,2
112,54,2,20
112,55,1,1
112,55,2,20
112,56,1,1
112,56,2,20
112,57,1,1
112,57,2,20
112,58,1,2
112,58,2,20
112,59,1,3
112,59,2,20
112,60,1,3
112,60,2,20
112,61,1,2
112,61,2,20
112,62,1,1
112,62,2,20
112,63,1,0
112,63,2,20
112,64,1,1
112,64,2,20
112,65,1,2
112,65,2,20
112,66,1,3
112,66,2,20
112,67,1,5
112,67,2,20
112,68,1,3
112,68,2,20
112,69,1,2
112,69,2,20
112,70,1,1
112,70,2,20
112,71,1,0
112,71,2,20
112,72,1,1
112,72,2,20
112,73,1,2
112,73,2,20
112,74,1,3
112,74,2,20
112,75,1,3
112,75,2,20
112,76,1,2
112,76,2,20
112,77,1,1
112,77,2,20
112,78,1,1
112,78,2,20
112,79,1,1
112,79,2,20
112,80,1,2
112,80,2,20
112,81,1,3
112,81,2,20
112,82,1,5
112,82,2,20
112,83,1,3
112,83,2,20
112,84,1,2
112,84,2,20
112,85,1,1
112,85,2,20
112,86,1,1
112,86,2,20
112,87,1,1
112,87,2,20
112,88,1,2
112,88,2,20
112,89,1,3
112,89,2,20
112,90,1,3
112,90,2,20
112,91,1,2
112,91,2,20
112,92,1,2
112,92,2,20
112,93,1,2
112,93,2,20
112,94,1,2
112,94,2,20
112,95,1,2
112,95,2,20
112,96,1,3
112,96,2,20
112,97,1,5
112,97,2,20
112,98,1,3
112,98,2,20
112,99,1,2
112,99,2,20
112,100,1,2
112,100,2,20
112,101,1,2
112,101,2,20
112,102,1,2
112,102,2,20
112,103,1,2
112,103,2,20
112,104,1,3
112,104,2,20
112,105,1,3
112,105,2,20
112,106,1,3
112,106,2,20
112,107,1,3
112,107,2,20
112,108,1,3
112,108,2,20
112,109,1,3
112,109,2,20
112,110,1,3
112,110,2,20
112,111,1,3
112,111,2,20
112,112,1,5
112,112,2,20
112,113,1,3
112,113,2,20
112,114,1,3
112,114,2,20
112,115,1,3
112,115,2,20
112,116,1,3
112,116,2,20
112,117,1,3
112,117,2,20
112,118,1,3
112,118,2,20
112,119,1,3
112,119,2,20
112,120,1,4
112,120,2,20
112,121,1,4
112,121,2,20
112,122,1,4
112,122,2,20
112,123,1,4
112,123,2,20
112,124,1,4
112,124,2,20
112,125,1,4
112,125,2,20
112,126,1,4
112,126,2,20
112,127,1,5
112,127,2,20
112,128,1,4
112,128,2,20
112,129,1,4
112,129,2,20
112,130,1,4
112,130,2,20
112,131,1,4
112,131,2,20
112,132,1,4
112,132,2,20
112,133,1,4
112,133,2,20
112,134,1,4
112,134,2,20
113,0,1,4
113,0,2,20
113,1,1,4
113,1,2,20
113,2,1,4
113,2,2,20
113,3,1,4
113,3,2,20
113,4,1,4
113,4,2,20
113,5,1,4
113,5,2,20
113,6,1,4
113,6,2,20
113,7,1,5
113,7,2,20
113,8,1,4
113,8,2,20
113,9,1,4
113,9,2,20
113,10,1,4
113,10,2,20
113,11,1,4
113,11,2,20
113,12,1,4
113,12,2,20
113,13,1,4
113,13,2,20
113,14,1,4
113,14,2,20
113,15,1,3
113,15,2,20
113,16,1,3
113,16,2,20
113,17,1,3
113,17,2,20
113,18,1,3
113,18,2,20
113,19,1,3
113,19,2,20
113,20,1,3
113,20,2,20
113,21,1,3
113,21,2,20
113,22,1,5
113,22,2,20
113,23,1,3
113,23,2,20
113,24,1,3
113,24,2,20
113,25,1,3
113,25,2,20
113,26,1,3
113,26,2,20
113,27,1,3
113,27,2,20
113,28,1,3
113,28,2,20
113,29,1,3
113,29,2,20
113,30,1,3
113,30,2,20
113,31,1,2
113,31,2,20
113,32,1,2
113,32,2,20
113,33,1,2
113,33,2,20
113,34,1,2
113,34,2,20
113,35,1,2
113,35,2,20
113,36,1,3
113,36,2,20
113,37,1,5
113,37,2,20
113,38,1,3
113,38,2,20
113,39,1,2
113,39,2,20
113,40,1,2
113,40,2,20
113,41,1,2
113,41,2,20
113,42,1,2
113,42,2,20
113,43,1,2
113,43,2,20
113,44,1,3
113,44,2,20
113,45,1,3
113,45,2,20
113,46,1,2
113,46,2,20
113,47,1,1
113,47,2,20
113,48,1,1
113,48,2,20
113,49,1,1
113,49,2,20
113,50,1,2
113,50,2,20
113,51,1,3
113,51,2,20
113,52,1,5
113,52,2,20
113,53,1,3
113,53,2,20
113,54,1,2
113,54,2,20
113,55,1,1
113,55,2,20
113,56,1,1
113,56,2,20
113,57,1,1
113,57,2,20
113,58,1,2
113,58,2,20
113,59,1,3
113,59,2,20
113,60,1,3
113,60,2,20
113,61,1,2
113,61,2,20
113,62,1,1
113,62,2,20
113,63,1,0
113,63,2,20
113,64,1,1
113,64,2,20
113,65,1,2
113,65,2,20
113,66,1,3
113,66,2,20
113,67,1,5
113,67,2,20
113,68,1,3
113,68,2,20
113,69,1,2
113,69,2,20
113,70,1,1
113,70,2,20
113,71,1,0
113,71,2,20
113,72,1,1
113,72,2,20
113,73,1,2
113,73,2,20
113,74,1,3
113,74,2,20
113,75,1,3
113,75,2,20
113,76,1,2
113,76,2,20
113,77,1,1
113,77,2,20
113,78,1,1
113,78,2,20
113,79,1,1
113,79,2,20
113,80,1,2
113,80,2,20
113,81,1,3
113,81,2,20
113,82,1,5
113,82,2,20
113,83,1,3
113,83,2,20
113,84,1,2
113,84,2,20
113,85,1,1
113,85,2,20
113,86,1,1
113,86,2,20
113,87,1,1
113,87,2,20
113,88,1,2
113,88,2,20
113,89,1,3
113,89,2,20
113,90,1,3
113,90,2,20
113,91,1,2
113,91,2,20
113,92,1,2
113,92,2,20
113,93,1,2
113,93,2,20
113,94,1,2
113,94,2,20
113,95,1,2
113,95,2,20
113,96,1,3
113,96,2,20
113,97,1,5
113,97,2,20
113,98,1,3
113,98,2,20
113,99,1,2
113,99,2,20
113,100,1,2
113,100,2,20
113,101,1,2
113,101,2,20
113,102,1,2
113,102,2,20
113,103,1,2
113,103,2,20
113,104,1,3
113,104,2,20
113,105,1,3
113,105,2,20
113,106,1,3
113,106,2,20
113,107,1,3
113,107,2,20
113,108,1,3
113,108,2,20
113,109,1,3
113,109,2,20
113,110,1,3
113,110,2,20
113,111,1,3
113,111,2,20
113,112,1,5
113,112,2,20
113,113,1,3
113,113,2,20
113,114,1,3
113,114,2,20
113,115,1,3
113,115,2,20
113,116,1,3
113,116,2,20
113,117,1,3
113,117,2,20
113,118,1,3
113,118,2,20
113,119,1,3
113,119,2,20
113,120,1,4
113,120,2,20
113,121,1,4
113,121,2,20
113,122,1,4
113,122,2,20
113,123,1,4
113,123,2,20
113,124,1,4
113,124,2,20
113,125,1,4
113,125,2,20
113,126,1,4
113,126,2,20
113,127,1,5
113,127,2,20
113,128,1,4
113,128,2,20
113,129,1,4
113,129,2,20
113,130,1,4
113,130,2,20
113,131,1,4
113,131,2,20
113,132,1,4
113,132,2,20
113,133,1,4
113,133,2,20
113,134,1,4
113,134,2,20
114,0,1,4
114,0,2,20
114,1,1,4
114,1,2,20
114,2,1,4
114,2,2,20
114,3,1,4
114,3,2,20
114,4,1,4
114,4,2,20
114,5,1,4
114,5,2,20
114,6,1,4
114,6,2,20
114,7,1,5
114,7,2,20
114,8,1,4
114,8,2,20
114,9,1,4
114,9,2,20
114,10,1,4
114,10,2,20
114,11,1,4
114,11,2,20
114,12,1,4
114,12,2,20
114,13,1,4
114,13,2,20
114,14,1,4
114,14,2,20
114,15,1,3
114,15,2,20
114,16,1,3
114,16,2,20
114,17,1,3
114,17,2,20
114,18,1,3
114,18,2,20
114,19,1,3
114,19,2,20
114,20,1,3
114,20,2,20
114,21,1,3
114,21,2,20
114,22,1,5
114,22,2,20
114,23,1,3
114,23,2,20
114,24,1,3
114,24,2,20
114,25,1,3
114,25,2,20
114,26,1,3
114,26,2,20
114,27,1,3
114,27,2,20
114,28,1,3
114,28,2,20
114,29,1,3
114,29,2,20
114,30,1,3
114,30,2,20
114,31,1,2
114,31,2,20
114,32,1,2
114,32,2,20
114,33,1,2
114,33,2,20
114,34,1,2
114,34,2,20
114,35,1,2
114,35,2,20
114,36,1,3
114,36,2,20
114,37,1,5
114,37,2,20
114,38,1,3
114,38,2,20
114,39,1,2
114,39,2,20
114,40,1,2
114,40,2,20
114,41,1,2
114,41,2,20
114,42,1,2
114,42,2,20
114,43,1,2
114,43,2,20
114,44,1,3
114,44,2,20
114,45,1,3
114,45,2,20
114,46,1,2
114,46,2,20
114,47,1,1
114,47,2,20
114,48,1,1
114,48,2,20
114,49,1,1
114,49,2,20
114,50,1,2
114,50,2,20
114,51,1,3
114,51,2,20
114,52,1,5
114,52,2,20
114,53,1,3
114,53,2,20
114,54,1,2
114,54,2,20
114,55,1,1
114,55,2,20
114,56,1,1
114,56,2,20
114,57,1,1
114,57,2,20
114,58,1,2
114,58,2,20
114,59,1,3
114,59,2,20
114,60,1,3
114,60,2,20
114,61,1,2
114,61,2,20
114,62,1,1
114,62,2,20
114,63,1,0
114,63,2,20
114,64,1,1
114,64,2,20
114,65,1,2
114,65,2,20
114,66,1,3
114,66,2,20
114,67,1,5
114,67,2,20
114,68,1,3
114,68,2,20
114,69,1,2
114,69,2,20
114,70,1,1
114,70,2,20
114,71,1,0
114,71,2,20
114,72,1,1
114,72,2,20
114,73,1,2
114,73,2,20
114,74,1,3
114,74,2,20
114,75,1,3
114,75,2,20
114,76,1,2
114,76,2,20
114,77,1,1
114,77,2,20
114,78,1,1
114,78,2,20
114,79,1,1
114,79,2,20
114,80,1,2
114,80,2,20
114,81,1,3
114,81,2,20
114,82,1,5
114,82,2,20
114,83,1,3
114,83,2,20
114,84,1,2
114,84,2,20
114,85,1,1
114,85,2,20
114,86,1,1
114,86,2,20
114,87,1,1
114,87,2,20
114,88,1,2
114,88,2,20
114,89,1,3
114,89,2,20
114,90,1,3
114,90,2,20
114,91,1,2
114,91,2,20
114,92,1,2
114,92,2,20
114,93,1,2
114,93,2,20
114,94,1,2
114,94,2,20
114,95,1,2
114,95,2,20
114,96,1,3
114,96,2,20
114,97,1,5
114,97,2,20
114,98,1,3
114,98,2,20
114,99,1,2
114,99,2,20
114,100,1,2
114,100,2,20
114,101,1,2
114,101,2,20
114,102,1,2
114,102,2,20
114,103,1,2
114,103,2,20
114,104,1,3
114,104,2,20
114,105,1,3
114,105,2,20
114,106,1,3
114,106,2,20
114,107,1,3
114,107,2,20
114,108,1,3
114,108,2,20
114,109,1,3
114,109,2,20
114,110,1,3
114,110,2,20
114,111,1,3
114,111,2,20
114,112,1,5
114,112,2,20
114,113,1,3
114,113,2,20
114,114,1,3
114,114,2,20
114,115,1,3
114,115,2,20
114,116,1,3
114,116,2,20
114,117,1,3
114,117,2,20
114,118,1,3
114,118,2,20
114,119,1,3
114,119,2,20
114,120,1,4
114,120,2,20
114,121,1,4
114,121,2,20
114,122,1,4
114,122,2,20
114,123,1,4
114,123,2,20
114,124,1,4
114,124,2,20
114,125,1,4
114,125,2,20
114,126,1,4
114,126,2,20
114,127,1,5
114,127,2,20
114,128,1,4
114,128,2,20
114,129,1,4
114,129,2,20
114,130,1,4
114,130,2,20
114,131,1,4
114,131,2,20
114,132,1,4
114,132,2,20
114,133,1,4
114,133,2,20
114,134,1,4
114,134,2,20
115,0,1,4
115,0,2,20
115,1,1,4
115,1,2,20
115,2,1,4
115,2,2,20
115,3,1,4
115,3,2,20
115,4,1,4
115,4,2,20
115,5,1,4
115,5,2,20
115,6,1,4
115,6,2,20
115,7,1,5
115,7,2,20
115,8,1,4
115,8,2,20
115,9,1,4
115,9,2,20
115,10,1,4
115,10,2,20
115,11,1,4
115,11,2,20
115,12,1,4
115,12,2,20
115,13,1,4
115,13,2,20
115,14,1,4
115,14,2,20
115,15,1,3
115,15,2,20
115,16,1,3
115,16,2,20
115,17,1,3
115,17,2,20
115,18,1,3
115,18,2,20
115,19,1,3
115,19,2,20
115,20,1,3
115,20,2,20
115,21,1,3
115,21,2,20
115,22,1,5
115,22,2,20
115,23,1,3
115,23,2,20
115,24,1,3
115,24,2,20
115,25,1,3
115,25,2,20
115,26,1,3
115,26,2,20
115,27,1,3
115,27,2,20
115,28,1,3
115,28,2,20
115,29,1,3
115,29,2,20
115,30,1,3
115,30,2,20
115,31,1,2
115,31,2,20
115,32,1,2
115,32,2,20
115,33,1,2
115,33,2,20
115,34,1,2
115,34,2,20
115,35,1,2
115,35,2,20
115,36,1,3
115,36,2,20
115,37,1,5
115,37,2,20
115,38,1,3
115,38,2,20
115,39,1,2
115,39,2,20
115,40,1,2
115,40,2,20
115,41,1,2
115,41,2,20
115,42,1,2
115,42,2,20
115,43,1,2
115,43,2,20
115,44,1,3
115,44,2,20
115,45,1,3
115,45,2,20
115,46,1,2
115,46,2,20
115,47,1,1
115,47,2,20
115,48,1,1
115,48,2,20
115,49,1,1
115,49,2,20
115,50,1,2
115,50,2,20
115,51,1,3
115,51,2,20
115,52,1,5
115,52,2,20
115,53,1,3
115,53,2,20
115,54,1,2
115,54,2,20
115,55,1,1
115,55,2,20
115,56,1,1
115,56,2,20
115,57,1,1
115,57,2,20
115,58,1,2
115,58,2,20
115,59,1,3
115,59,2,20
115,60,1,3
115,60,2,20
115,61,1,2
115,61,2,20
115,62,1,1
115,62,2,20
115,63,1,0
115,63,2,20
115,64,1,1
115,64,2,20
115,65,1,2
115,65,2,20
115,66,1,3
115,66,2,20
115,67,1,5
115,67,2,20
115,68,1,3
115,68,2,20
115,69,1,2
115,69,2,20
115,70,1,1
115,70,2,20
115,71,1,0
115,71,2,20
115,72,1,1
115,72,2,20
115,73,1,2
115,73,2,20
115,74,1,3
115,74,2,20
115,75,1,3
115,75,2,20
115,76,1,2
115,76,2,20
115,77,1,1
115,77,2,20
115,78,1,1
115,78,2,20
115,79,1,1
115,79,2,20
115,80,1,2
115,80,2,20
115,81,1,3
115,81,2,20
115,82,1,5
115,82,2,20
115,83,1,3
115,83,2,20
115,84,1,2
115,84,2,20
115,85,1,1
115,85,2,20
115,86,1,1
115,86,2,20
115,87,1,1
115,87,2,20
115,88,1,2
115,88,2,20
115,89,1,3
115,89,2,20
115,90,1,3
115,90,2,20
115,91,1,2
115,91,2,20
115,92,1,2
115,92,2,20
115,93,1,2
115,93,2,20
115,94,1,2
115,94,2,20
115,95,1,2
115,95,2,20
115,96,1,3
115,96,2,20
115,97,1,5
115,97,2,20
115,98,1,3
115,98,2,20
115,99,1,2
115,99,2,20
115,100,1,2
115,100,2,20
115,101,1,2
115,101,2,20
115,102,1,2
115,102,2,20
115,103,1,2
115,103,2,20
115,104,1,3
115,104,2,20
115,105,1,3
115,105,2,20
115,106,1,3
115,106,2,20
115,107,1,3
115,107,2,20
115,108,1,3
115,108,2,20
115,109,1,3
115,109,2,20
115,110,1,3
115,110,2,20
115,111,1,3
115,111,2,20
115,112,1,5
115,112,2,20
115,113,1,3
115,113,2,20
115,114,1,3
115,114,2,20
115,115,1,3
115,115,2,20
115,116,1,3
115,116,2,20
115,117,1,3
115,117,2,20
115,118,1,3
115,118,2,20
115,119,1,3
115,119,2,20
115,120,1,4
115,120,2,20
115,121,1,4
115,121,2,20
115,122,1,4
115,122,2,20
115,123,1,4
115,123,2,20
115,124,1,4
115,124,2,20
115,125,1,4
115,125,2,20
115,126,1,4
115,126,2,20
115,127,1,5
115,127,2,20
115,128,1,4
115,128,2,20
115,129,1,4
115,129,2,20
115,130,1,4
115,130,2,20
115,131,1,4
115,131,2,20
115,132,1,4
115,132,2,20
115,133,1,4
115,133,2,20
115,134,1,4
115,134,2,20
116,0,1,4
116,0,2,20
116,1,1,4
116,1,2,20
116,2,1,4
116,2,2,20
116,3,1,4
116,3,2,20
116,4,1,4
116,4,2,20
116,5,1,4
116,5,2,20
116,6,1,4
116,6,2,20
116,7,1,5
116,7,2,20
116,8,1,4
116,8,2,20
116,9,1,4
116,9,2,20
116,10,1,4
116,10,2,20
116,11,1,4
116,11,2,20
116,12,1,4
116,12,2,20
116,13,1,4
116,13,2,20
116,14,1,4
116,14,2,20
116,15,1,3
116,15,2,20
116,16,1,3
116,16,2,20
116,17,1,3
116,17,2,20
116,18,1,3
116,18,2,20
116,19,1,3
116,19,2,20
116,20,1,3
116,20,2,20
116,21,1,3
116,21,2,20
116,22,1,5
116,22,2,20
116,23,1,3
116,23,2,20
116,24,1,3
116,24,2,20
116,25,1,3
116,25,2,20
116,26,1,3
116,26,2,20
116,27,1,3
116,27,2,20
116,28,1,3
116,28,2,20
116,29,1,3
116,29,2,20
116,30,1,3
116,30,2,20
116,31,1,2
116,31,2,20
116,32,1,2
116,32,2,20
116,33,1,2
116,33,2,20
116,34,1,2
116,34,2,20
116,35,1,2
116,35,2,20
116,36,1,3
116,36,2,20
116,37,1,5
116,37,2,20
116,38,1,3
116,38,2,20
116,39,1,2
116,39,2,20
116,40,1,2
116,40,2,20
116,41,1,2
116,41,2,20
116,42,1,2
116,42,2,20
116,43,1,2
116,43,2,20
116,44,1,3
116,44,2,20
116,45,1,3
116,45,2,20
116,46,1,2
116,46,2,20
116,47,1,1
116,47,2,20
116,48,1,1
116,48,2,20
116,49,1,1
116,49,2,20
116,50,1,2
116,50,2,20
116,51,1,3
116,51,2,20
116,52,1,5
116,52,2,20
116,53,1,3
116,53,2,20
116,54,1,2
116,54,2,20
116,55,1,1
116,55,2,20
116,56,1,1
116,56,2,20
116,57,1,1
116,57,2,20
116,58,1,2
116,58,2,20
116,59,1,3
116,59,2,20
116,60,1,3
116,60,2,20
116,61,1,2
116,61,2,20
116,62,1,1
116,62,2,20
116,63,1,0
116,63,2,20
116,64,1,1
116,64,2,20
116,65,1,2
116,65,2,20
116,66,1,3
116,66,2,20
116,67,1,5
116,67,2,20
116,68,1,3
116,68,2,20
116,69,1,2
116,69,2,20
116,70,1,1
116,70,2,20
116,71,1,0
116,71,2,20
116,72,1,1
116,72,2,20
116,73,1,2
116,73,2,20
116,74,1,3
116,74,2,20
116,75,1,3
116,75,2,20
116,76,1,2
116,76,2,20
116,77,1,1
116,77,2,20
116,78,1,1
116,78,2,20
116,79,1,1
116,79,2,20
116,80,1,2
116,80,2,20
116,81,1,3
116,81,2,20
116,82,1,5
116,82,2,20
116,83,1,3
116,83,2,20
116,84,1,2
116,84,2,20
116,85,1,1
116,85,2,20
116,86,1,1
116,86,2,20
116,87,1,1
116,87,2,20
116,88,1,2
116,88,2,20
116,89,1,3
116,89,2,20
116,90,1,3
116,90,2,20
116,91,1,2
116,91,2,20
116,92,1,2
116,92,2,20
116,93,1,2
116,93,2,20
116,94,1,2
116,94,2,20
116,95,1,2
116,95,2,20
116,96,1,3
116,96,2,20
116,97,1,5
116,97,2,20
116,98,1,3
116,98,2,20
116,99,1,2
116,99,2,20
116,100,1,2
116,100,2,20
116,101,1,2
116,101,2,20
116,102,1,2
116,102,2,20
116,103,1,2
116,103,2,20
116,104,1,3
116,104,2,20
116,105,1,3
116,105,2,20
116,106,1,3
116,106,2,20
116,107,1,3
116,107,2,20
116,108,1,3
116,108,2,20
116,109,1,3
116,109,2,20
116,110,1,3
116,110,2,20
116,111,1,3
116,111,2,20
116,112,1,5
116,112,2,20
116,113,1,3
116,113,2,20
116,114,1,3
116,114,2,20
116,115,1,3
116,115,2,20
116,116,1,3
116,116,2,20
116,117,1,3
116,117,2,20
116,118,1,3
116,118,2,20
116,119,1,3
116,119,2,20
116,120,1,4
116,120,2,20
116,121,1,4
116,121,2,20
116,122,1,4
116,122,2,20
116,123,1,4
116,123,2,20
116,124,1,4
116,124,2,20
116,125,1,4
116,125,2,20
116,126,1,4
116,126,2,20
116,127,1,5
116,127,2,20
116,128,1,4
116,128,2,20
116,129,1,4
116,129,2,20
116,130,1,4
116,130,2,20
116,131,1,4
116,131,2,20
116,132,1,4
116,132,2,20
116,133,1,4
116,133,2,20
116,134,1,4
116,134,2,20
117,0,1,4
117,0,2,20
117,1,1,4
117,1,2,20
117,2,1,4
117,2,2,20
117,3,1,4
117,3,2,20
117,4,1,4
117,4,2,20
117,5,1,4
117,5,2,20
117,6,1,4
117,6,2,20
117,7,1,5
117,7,2,20
117,8,1,4
117,8,2,20
117,9,1,4
117,9,2,20
117,10,1,4
117,10,2,20
117,11,1,4
117,11,2,20
117,12,1,4
117,12,2,20
117,13,1,4
117,13,2,20
117,14,1,4
117,14,2,20
117,15,1,3
117,15,2,20
117,16,1,3
117,16,2,20
117,17,1,3
117,17,2,20
117,18,1,3
117,18,2,20
117,19,1,3
117,19,2,20
117,20,1,3
117,20,2,20
117,21,1,3
117,21,2,20
117,22,1,5
117,22,2,20
117,23,1,3
117,23,2,20
117,24,1,3
117,24,2,20
117,25,1,3
117,25,2,20
117,26,1,3
117,26,2,20
117,27,1,3
117,27,2,20
117,28,1,3
117,28,2,20
117,29,1,3
117,29,2,20
117,30,1,3
117,30,2,20
117,31,1,2
117,31,2,20
117,32,1,2
117,32,2,20
117,33,1,2
117,33,2,20
117,34,1,2
117,34,2,20
117,35,1,2
117,35,2,20
117,36,1,3
117,36,2,20
117,37,1,5
117,37,2,20
117,38,1,3
117,38,2,20
117,39,1,2
117,39,2,20
117,40,1,2
117,40,2,20
117,41,1,2
117,41,2,20
117,42,1,2
117,42,2,20
117,43,1,2
117,43,2,20
117,44,1,3
117,44,2,20
117,45,1,3
117,45,2,20
117,46,1,2
117,46,2,20
117,47,1,1
117,47,2,20
117,48,1,1
117,48,2,20
117,49,1,1
117,49,2,20
117,50,1,2
117,50,2,20
117,51,1,3
117,51,2,20
117,52,1,5
117,52,2,20
117,53,1,3
117,53,2,20
117,54,1,2
117,54,2,20
117,55,1,1
117,55,2,20
117,56,1,1
117,56,2,20
117,57,1,1
117,57,2,20
117,58,1,2
117,58,2,20
117,59,1,3
117,59,2,20
117,60,1,3
117,60,2,20
117,61,1,2
117,61,2,20
117,62,1,1
117,62,2,20
117,63,1,0
117,63,2,20
117,64,1,1
117,64,2,20
117,65,1,2
117,65,2,20
117,66,1,3
117,66,2,20
117,67,1,5
117,67,2,20
117,68,1,3
117,68,2,20
117,69,1,2
117,69,2,20
117,70,1,1
117,70,2,20
117,71,1,0
117,71,2,20
117,72,1,1
117,72,2,20
117,73,1,2
117,73,2,20
117,74,1,3
117,74,2,20
117,75,1,3
117,75,2,20
117,76,1,2
117,76,2,20
117,77,1,1
117,77,2,20
117,78,1,1
117,78,2,20
117,79,1,1
117,79,2,20
117,80,1,2
117,80,2,20
117,81,1,3
117,81,2,20
117,82,1,5
117,82,2,20
117,83,1,3
117,83,2,20
117,84,1,2
117,84,2,20
117,85,1,1
117,85,2,20
117,86,1,1
117,86,2,20
117,87,1,1
117,87,2,20
117,88,1,2
117,88,2,20
117,89,1,3
117,89,2,20
117,90,1,3
117,90,2,20
117,91,1,2
117,91,2,20
117,92,1,2
117,92,2,20
117,93,1,2
117,93,2,20
117,94,1,2
117,94,2,20
117,95,1,2
117,95,2,20
117,96,1,3
117,96,2,20
117,97,1,5
117,97,2,20
117,98,1,3
117,98,2,20
117,99,1,2
117,99,2,20
117,100,1,2
117,100,2,20
117,101,1,2
117,101,2,20
117,102,1,2
117,102,2,20
117,103,1,2
117,103,2,20
117,104,1,3
117,104,2,20
117,105,1,3
117,105,2,20
117,106,1,3
117,106,2,20
117,107,1,3
117,107,2,20
117,108,1,3
117,108,2,20
117,109,1,3
117,109,2,20
117,110,1,3
117,110,2,20
117,111,1,3
117,111,2,20
117,112,1,5
117,112,2,20
117,113,1,3
117,113,2,20
117,114,1,3
117,114,2,20
117,115,1,3
117,115,2,20
117,116,1,3
117,116,2,20
117,117,1,3
117,117,2,20
117,118,1,3
117,118,2,20
117,119,1,3
117,119,2,20
117,120,1,4
117,120,2,20
117,121,1,4
117,121,2,20
117,122,1,4
117,122,2,20
117,123,1,4
117,123,2,20
117,124,1,4
117,124,2,20
117,125,1,4
117,125,2,20
117,126,1,4
117,126,2,20
117,127,1,5
117,127,2,20
117,128,1,4
117,128,2,20
117,129,1,4
117,129,2,20
117,130,1,4
117,130,2,20
117,131,1,4
117,131,2,20
117,132,1,4
117,132,2,20
117,133,1,4
117,133,2,20
117,134,1,4
117,134,2,20
118,0,1,4
118,0,2,20
118,1,1,4
118,1,2,20
118,2,1,4
118,2,2,20
118,3,1,4
118,3,2,20
118,4,1,4
118,4,2,20
118,5,1,4
118,5,2,20
118,6,1,4
118,6,2,20
118,7,1,5
118,7,2,20
118,8,1,4
118,8,2,20
118,9,1,4
118,9,2,20
118,10,1,4
118,10,2,20
118,11,1,4
118,11,2,20
118,12,1,4
118,12,2,20
118,13,1,4
118,13,2,20
118,14,1,4
118,14,2,20
118,15,1,3
118,15,2,20
118,16,1,3
118,16,2,20
118,17,1,3
118,17,2,20
118,18,1,3
118,18,2,20
118,19,1,3
118,19,2,20
118,20,1,3
118,20,2,20
118,21,1,3
118,21,2,20
118,22,1,5
118,22,2,20
118,23,1,3
118,23,2,20
118,24,1,3
118,24,2,20
118,25,1,3
118,25,2,20
118,26,1,3
118,26,2,20
118,27,1,3
118,27,2,20
118,28,1,3
118,28,2,20
118,29,1,3
118,29,2,20
118,30,1,3
118,30,2,20
118,31,1,2
118,31,2,20
118,32,1,2
118,32,2,20
118,33,1,2
118,33,2,20
118,34,1,2
118,34,2,20
118,35,1,2
118,35,2,20
118,36,1,3
118,36,2,20
118,37,1,5
118,37,2,20
118,38,1,3
118,38,2,20
118,39,1,2
118,39,2,20
118,40,1,2
118,40,2,20
118,41,1,2
118,41,2,20
118,42,1,2
118,42,2,20
118,43,1,2
118,43,2,20
118,44,1,3
118,44,2,20
118,45,1,3
118,45,2,20
118,46,1,2
118,46,2,20
118,47,1,1
118,47,2,20
118,48,1,1
118,48,2,20
118,49,1,1
118,49,2,20
118,50,1,2
118,50,2,20
118,51,1,3
118,51,2,20
118,52,1,5
118,52,2,20
118,53,1,3
118,53,2,20
118,54,1,2
118,54,2,20
118,55,1,1
118,55,2,20
118,56,1,1
118,56,2,20
118,57,1,1
118,57,2,20
118,58,1,2
118,58,2,20
118,59,1,3
118,59,2,20
118,60,1,3
118,60,2,20
118,61,1,2
118,61,2,20
118,62,1,1
118,62,2,20
118,63,1,0
118,63,2,20
118,64,1,1
118,64,2,20
118,65,1,2
118,65,2,20
118,66,1,3
118,66,2,20
118,67,1,5
118,67,2,20
118,68,1,3
118,68,2,20
118,69,1,2
118,69,2,20
118,70,1,1
118,70,2,20
118,71,1,0
118,71,2,20
118,72,1,1
118,72,2,20
118,73,1,2
118,73,2,20
118,74,1,3
118,74,2,20
118,75,1,3
118,75,2,20
118,76,1,2
118,76,2,20
118,77,1,1
118,77,2,20
118,78,1,1
118,78,2,20
118,79,1,1
118,79,2,20
118,80,1,2
118,80,2,20
118,81,1,3
118,81,2,20
118,82,1,5
118,82,2,20
118,83,1,3
118,83,2,20
118,84,1,2
118,84,2,20
118,85,1,1
118,85,2,20
118,86,1,1
118,86,2,20
118,87,1,1
118,87,2,20
118,88,1,2
118,88,2,20
118,89,1,3
118,89,2,20
118,90,1,3
118,90,2,20
118,91,1,2
118,91,2,20
118,92,1,2
118,92,2,20
118,93,1,2
118,93,2,20
118,94,1,2
118,94,2,20
118,95,1,2
118,95,2,20
118,96,1,3
118,96,2,20
118,97,1,5
118,97,2,20
118,98,1,3
118,98,2,20
118,99,1,2
118,99,2,20
118,100,1,2
118,100,2,20
118,101,1,2
118,101,2,20
118,102,1,2
118,102,2,20
118,103,1,2
118,103,2,20
118,104,1,3
118,104,2,20
118,105,1,3
118,105,2,20
118,106,1,3
118,106,2,20
118,107,1,3
118,107,2,20
118,108,1,3
118,108,2,20
118,109,1,3
118,109,2,20
118,110,1,3
118,110,2,20
118,111,1,3
118,111,2,20
118,112,1,5
118,112,2,20
118,113,1,3
118,113,2,20
118,114,1,3
118,114,2,20
118,115,1,3
118,115,2,20
118,116,1,3
118,116,2,20
118,117,1,3
118,117,2,20
118,118,1,3
118,118,2,20
118,119,1,3
118,119,2,20
118,120,1,4
118,120,2,20
118,121,1,4
118,121,2,20
118,122,1,4
118,122,2,20
118,123,1,4
118,123,2,20
118,124,1,4
118,124,2,20
118,125,1,4
118,125,2,20
118,126,1,4
118,126,2,20
118,127,1,5
118,127,2,20
118,128,1,4
118,128,2,20
118,129,1,4
118,129,2,20
118,130,1,4
118,130,2,20
118,131,1,4
118,131,2,20
118,132,1,4
118,132,2,20
118,133,1,4
118,133,2,20
118,134,1,4
118,134,2,20
119,0,1,4
119,0,2,20
119,1,1,4
119,1,2,20
119,2,1,4
119,2,2,20
119,3,1,4
119,3,2,20
119,4,1,4
119,4,2,20
119,5,1,4
119,5,2,20
119,6,1,4
119,6,2,20
119,7,1,5
119,7,2,20
119,8,1,4
119,8,2,20
119,9,1,4
119,9,2,20
119,10,1,4
119,10,2,20
119,11,1,4
119,11,2,20
119,12,1,4
119,12,2,20
119,13,1,4
119,13,2,20
119,14,1,4
119,14,2,20
119,15,1,3
119,15,2,20
119,16,1,3
119,16,2,20
119,17,1,3
119,17,2,20
119,18,1,3
119,18,2,20
119,19,1,3
119,19,2,20
119,20,1,3
119,20,2,20
119,21,1,3
119,21,2,20
119,22,1,5
119,22,2,20
119,23,1,3
119,23,2,20
119,24,1,3
119,24,2,20
119,25,1,3
119,25,2,20
119,26,1,3
119,26,2,20
119,27,1,3
119,27,2,20
119,28,1,3
119,28,2,20
119,29,1,3
119,29,2,20
119,30,1,3
119,30,2,20
119,31,1,2
119,31,2,20
119,32,1,2
119,32,2,20
119,33,1,2
119,33,2,20
119,34,1,2
119,34,2,20
119,35,1,2
119,35,2,20
119,36,1,3
119,36,2,20
119,37,1,5
119,37,2,20
119,38,1,3
119,38,2,20
119,39,1,2
119,39,2,20
119,40,1,2
119,40,2,20
119,41,1,2
119,41,2,20
119,42,1,2
119,42,2,20
119,43,1,2
119,43,2,20
119,44,1,3
119,44,2,20
119,45,1,3
119,45,2,20
119,46,1,2
119,46,2,20
119,47,1,1
119,47,2,20
119,48,1,1
119,48,2,20
119,49,1,1
119,49,2,20
119,50,1,2
119,50,2,20
119,51,1,3
119,51,2,20
119,52,1,5
119,52,2,20
119,53,1,3
119,53,2,20
119,54,1,2
119,54,2,20
119,55,1,1
119,55,2,20
119,56,1,1
119,56,2,20
119,57,1,1
119,57,2,20
119,58,1,2
119,58,2,20
119,59,1,3
119,59,2,20
119,60,1,3
119,60,2,20
119,61,1,2
119,61,2,20
119,62,1,1
119,62,2,20
119,63,1,0
119,63,2,20
119,64,1,1
119,64,2,20
119,65,1,2
119,65,2,20
119,66,1,3
119,66,2,20
119,67,1,5
119,67,2,20
119,68,1,3
119,68,2,20
119,69,1,2
119,69,2,20
119,70,1,1
119,70,2,20
119,71,1,0
119,71,2,20
119,72,1,1
119,72,2,20
119,73,1,2
119,73,2,20
119,74,1,3
119,74,2,20
119,75,1,3
119,75,2,20
119,76,1,2
119,76,2,20
119,77,1,1
119,77,2,20
119,78,1,1
119,78,2,20
119,79,1,1
119,79,2,20
119,80,1,2
119,80,2,20
119,81,1,3
119,81,2,20
119,82,1,5
119,82,2,20
119,83,1,3
119,83,2,20
119,84,1,2
119,84,2,20
119,85,1,1
119,85,2,20
119,86,1,1
119,86,2,20
119,87,1,1
119,87,2,20
119,88,1,2
119,88,2,20
119,89,1,3
119,89,2,20
119,90,1,3
119,90,2,20
119,91,1,2
119,91,2,20
119,92,1,2
119,92,2,20
119,93,1,2
119,93,2,20
119,94,1,2
119,94,2,20
119,95,1,2
119,95,2,20
119,96,1,3
119,96,2,20
119,97,1,5
119,97,2,20
119,98,1,3
119,98,2,20
119,99,1,2
119,99,2,20
119,100,1,2
119,100,2,20
119,101,1,2
119,101,2,20
119,102,1,2
119,102,2,20
119,103,1,2
119,103,2,20
119,104,1,3
119,104,2,20
119,105,1,3
119,105,2,20
119,106,1,3
119,106,2,20
119,107,1,3
119,107,2,20
119,108,1,3
119,108,2,20
119,109,1,3
119,109,2,20
119,110,1,3
119,110,2,20
119,111,1,3
119,111,2,20
119,112,1,5
119,112,2,20
119,113,1,3
119,113,2,20
119,114,1,3
119,114,2,20
119,115,1,3
119,115,2,20
119,116,1,3
119,116,2,20
119,117,1,3
119,117,2,20
119,118,1,3
119,118,2,20
119,119,1,3
119,119,2,20
119,120,1,4
119,120,2,20
119,121,1,4
119,121,2,20
119,122,1,4
119,122,2,20
119,123,1,4
119,123,2,20
119,124,1,4
119,124,2,20
119,125,1,4
119,125,2,20
119,126,1,4
119,126,2,20
119,127,1,5
119,127,2,20
119,128,1,4
119,128,2,20
119,129,1,4
119,129,2,20
119,130,1,4
119,130,2,20
119,131,1,4
119,131,2,20
119,132,1,4
119,132,2,20
119,133,1,4
119,133,2,20
119,134,1,4
119,134,2,20
120,0,1,4
120,0,2,20
120,1,1,4
120,1,2,20
120,2,1,4
120,2,2,20
120,3,1,4
120,3,2,20
120,4,1,4
120,4,2,20
120,5,1,4
120,5,2,20
120,6,1,4
120,6,2,20
120,7,1,5
120,7,2,20
120,8,1,4
120,8,2,20
120,9,1,4
120,9,2,20
120,10,1,4
120,10,2,20
120,11,1,4
120,11,2,20
120,12,1,4
120,12,2,20
120,13,1,4
120,13,2,20
120,14,1,4
120,14,2,20
120,15,1,3
120,15,2,20
120,16,1,3
120,16,2,20
120,17,1,3
120,17,2,20
120,18,1,3
120,18,2,20
120,19,1,3
120,19,2,20
120,20,1,3
120,20,2,20
120,21,1,3
120,21,2,20
120,22,1,5
120,22,2,20
120,23,1,3
120,23,2,20
120,24,1,3
120,24,2,20
120,25,1,3
120,25,2,20
120,26,1,3
120,26,2,20
120,27,1,3
120,27,2,20
120,28,1,3
120,28,2,20
120,29,1,3
120,29,2,20
120,30,1,3
120,30,2,20
120,31,1,2
120,31,2,20
120,32,1,2
120,32,2,20
120,33,1,2
120,33,2,20
120,34,1,2
120,34,2,20
120,35,1,2
120,35,2,20
120,36,1,3
120,36,2,20
120,37,1,5
120,37,2,20
120,38,1,3
120,38,2,20
120,39,1,2
120,39,2,20
120,40,1,2
120,40,2,20
120,41,1,2
120,41,2,20
120,42,1,2
120,42,2,20
120,43,1,2
120,43,2,20
120,44,1,3
120,44,2,20
120,45,1,3
120,45,2,20
120,46,1,2
120,46,2,20
120,47,1,1
120,47,2,20
120,48,1,1
120,48,2,20
120,49,1,1
120,49,2,20
120,50,1,2
120,50,2,20
120,51,1,3
120,51,2,20
120,52,1,5
120,52,2,20
120,53,1,3
120,53,2,20
120,54,1,2
120,54,2,20
120,55,1,1
120,55,2,20
120,56,1,1
120,56,2,20
120,57,1,1
120,57,2,20
120,58,1,2
120,58,2,20
120,59,1,3
120,59,2,20
120,60,1,3
120,60,2,20
120,61,1,2
120,61,2,20
120,62,1,1
120,62,2,20
120,63,1,0
120,63,2,20
120,64,1,1
120,64,2,20
120,65,1,2
120,65,2,20
120,66,1,3
120,66,2,20
120,67,1,5
120,67,2,20
120,68,1,3
120,68,2,20
120,69,1,2
120,69,2,20
120,70,1,1
120,70,2,20
120,71,1,0
120,71,2,20
120,72,1,1
120,72,2,20
120,73,1,2
120,73,2,20
120,74,1,3
120,74,2,20
120,75,1,3
120,75,2,20
120,76,1,2
120,76,2,20
120,77,1,1
120,77,2,20
120,78,1,1
120,78,2,20
120,79,1,1
120,79,2,20
120,80,1,2
120,80,2,20
120,81,1,3
120,81,2,20
120,82,1,5
120,82,2,20
120,83,1,3
120,83,2,20
120,84,1,2
120,84,2,20
120,85,1,1
120,85,2,20
120,86,1,1
120,86,2,20
120,87,1,1
120,87,2,20
120,88,1,2
120,88,2,20
120,89,1,3
120,89,2,20
120,90,1,3
120,90,2,20
120,91,1,2
120,91,2,20
120,92,1,2
120,92,2,20
120,93,1,2
120,93,2,20
120,94,1,2
120,94,2,20
120,95,1,2
120,95,2,20
120,96,1,3
120,96,2,20
120,97,1,5
120,97,2,20
120,98,1,3
120,98,2,20
120,99,1,2
120,99,2,20
120,100,1,2
120,100,2,20
120,101,1,2
120,101,2,20
120,102,1,2
120,102,2,20
120,103,1,2
120,103,2,20
120,104,1,3
120,104,2,20
120,105,1,3
120,105,2,20
120,106,1,3
120,106,2,20
120,107,1,3
120,107,2,20
120,108,1,3
120,108,2,20
120,109,1,3
120,109,2,20
120,110,1,3
120,110,2,20
120,111,1,3
120,111,2,20
120,112,1,5
120,112,2,20
120,113,1,3
120,113,2,20
120,114,1,3
120,114,2,20
120,115,1,3
120,115,2,20
120,116,1,3
120,116,2,20
120,117,1,3
120,117,2,20
120,118,1,3
120,118,2,20
120,119,1,3
120,119,2,20
120,120,1,4
120,120,2,20
120,121,1,4
120,121,2,20
120,122,1,4
120,122,2,20
120,123,1,4
120,123,2,20
120,124,1,4
120,124,2,20
120,125,1,4
120,125,2,20
120,126,1,4
120,126,2,20
120,127,1,5
120,127,2,20
120,128,1,4
120,128,2,20
120,129,1,4
120,129,2,20
120,130,1,4
120,130,2,20
120,131,1,4
120,131,2,20
120,132,1,4
120,132,2,20
120,133,1,4
120,133,2,20
120,134,1,4
120,134,2,20
121,0,1,4
121,0,2,20
121,1,1,4
121,1,2,20
121,2,1,4
121,2,2,20
121,3,1,4
121,3,2,20
121,4,1,4
121,4,2,20
121,5,1,4
121,5,2,20
121,6,1,4
121,6,2,20
121,7,1,5
121,7,2,20
121,8,1,4
121,8,2,20
121,9,1,4
121,9,2,20
121,10,1,4
121,10,2,20
121,11,1,4
121,11,2,20
121,12,1,4
121,12,2,20
121,13,1,4
121,13,2,20
121,14,1,4
121,14,2,20
121,15,1,3
121,15,2,20
121,16,1,3
121,16,2,20
121,17,1,3
121,17,2,20
121,18,1,3
121,18,2,20
121,19,1,3
121,19,2,20
121,20,1,3
121,20,2,20
121,21,1,3
121,21,2,20
121,22,1,5
121,22,2,20
121,23,1,3
121,23,2,20
121,24,1,3
121,24,2,20
121,25,1,3
121,25,2,20
121,26,1,3
121,26,2,20
121,27,1,3
121,27,2,20
121,28,1,3
121,28,2,20
121,29,1,3
121,29,2,20
121,30,1,3
121,30,2,20
121,31,1,2
121,31,2,20
121,32,1,2
121,32,2,20
121,33,1,2
121,33,2,20
121,34,1,2
121,34,2,20
121,35,1,2
121,35,2,20
121,36,1,3
121,36,2,20
121,37,1,5
121,37,2,20
121,38,1,3
121,38,2,20
121,39,1,2
121,39,2,20
121,40,1,2
121,40,2,20
121,41,1,2
121,41,2,20
121,42,1,2
121,42,2,20
121,43,1,2
121,43,2,20
121,44,1,3
121,44,2,20
121,45,1,3
121,45,2,20
121,46,1,2
121,46,2,20
121,47,1,1
121,47,2,20
121,48,1,1
121,48,2,20
121,49,1,1
121,49,2,20
121,50,1,2
121,50,2,20
121,51,1,3
121,51,2,20
121,52,1,5
121,52,2,20
121,53,1,3
121,53,2,20
121,54,1,2
121,54,2,20
121,55,1,1
121,55,2,20
121,56,1,1
121,56,2,20
121,57,1,1
121,57,2,20
121,58,1,2
121,58,2,20
121,59,1,3
121,59,2,20
121,60,1,3
121,60,2,20
121,61,1,2
121,61,2,20
121,62,1,1
121,62,2,20
121,63,1,0
121,63,2,20
121,64,1,1
121,64,2,20
121,65,1,2
121,65,2,20
121,66,1,3
121,66,2,20
121,67,1,5
121,67,2,20
121,68,1,3
121,68,2,20
121,69,1,2
121,69,2,20
121,70,1,1
121,70,2,20
121,71,1,0
121,71,2,20
121,72,1,1
121,72,2,20
121,73,1,2
121,73,2,20
121,74,1,3
121,74,2,20
121,75,1,3
121,75,2,20
121,76,1,2
121,76,2,20
121,77,1,1
121,77,2,20
121,78,1,1
121,78,2,20
121,79,1,1
121,79,2,20
121,80,1,2
121,80,2,20
121,81,1,3
121,81,2,20
121,82,1,5
121,82,2,20
121,83,1,3
121,83,2,20
121,84,1,2
121,84,2,20
121,85,1,1
121,85,2,20
121,86,1,1
121,86,2,20
121,87,1,1
121,87,2,20
121,88,1,2
121,88,2,20
121,89,1,3
121,89,2,20
121,90,1,3
121,90,2,20
121,91,1,2
121,91,2,20
121,92,1,2
121,92,2,20
121,93,1,2
121,93,2,20
121,94,1,2
121,94,2,20
121,95,1,2
121,95,2,20
121,96,1,3
121,96,2,20
121,97,1,5
121,97,2,20
121,98,1,3
121,98,2,20
121,99,1,2
121,99,2,20
121,100,1,2
121,100,2,20
121,101,1,2
121,101,2,20
121,102,1,2
121,102,2,20
121,103,1,2
121,103,2,20
121,104,1,3
121,104,2,20
121,105,1,3
121,105,2,20
121,106,1,3
121,106,2,20
121,107,1,3
121,107,2,20
121,108,1,3
121,108,2,20
121,109,1,3
121,109,2,20
121,110,1,3
121,110,2,20
121,111,1,3
121,111,2,20
121,112,1,5
121,112,2,20
121,113,1,3
121,113,2,20
121,114,1,3
121,114,2,20
121,115,1,3
121,115,2,20
121,116,1,3
121,116,2,20
121,117,1,3
121,117,2,20
121,118,1,3
121,118,2,20
121,119,1,3
121,119,2,20
121,120,1,4
121,120,2,20
121,121,1,4
121,121,2,20
121,122,1,4
121,122,2,20
121,123,1,4
121,123,2,20
121,124,1,4
121,124,2,20
121,125,1,4
121,125,2,20
121,126,1,4
121,126,2,20
121,127,1,5
121,127,2,20
121,128,1,4
121,128,2,20
121,129,1,4
121,129,2,20
121,130,1,4
121,130,2,20
121,131,1,4
121,131,2,20
121,132,1,4
121,132,2,20
121,133,1,4
121,133,2,20
121,134,1,4
121,134,2,20
122,0,1,4
122,0,2,20
122,1,1,4
122,1,2,20
122,2,1,4
122,2,2,20
122,3,1,4
122,3,2,20
122,4,1,4
122,4,2,20
122,5,1,4
122,5,2,20
122,6,1,4
122,6,2,20
122,7,1,5
122,7,2,20
122,8,1,4
122,8,2,20
122,9,1,4
122,9,2,20
122,10,1,4
122,10,2,20
122,11,1,4
122,11,2,20
122,12,1,4
122,12,2,20
122,13,1,4
122,13,2,20
122,14,1,4
122,14,2,20
122,15,1,3
122,15,2,20
122,16,1,3
122,16,2,20
122,17,1,3
122,17,2,20
122,18,1,3
122,18,2,20
122,19,1,3
122,19,2,20
122,20,1,3
122,20,2,20
122,21,1,3
122,21,2,20
122,22,1,5
122,22,2,20
122,23,1,3
122,23,2,20
122,24,1,3
122,24,2,20
122,25,1,3
122,25,2,20
122,26,1,3
122,26,2,20
122,27,1,3
122,27,2,20
122,28,1,3
122,28,2,20
122,29,1,3
122,29,2,20
122,30,1,3
122,30,2,20
122,31,1,2
122,31,2,20
122,32,1,2
122,32,2,20
122,33,1,2
122,33,2,20
122,34,1,2
122,34,2,20
122,35,1,2
122,35,2,20
122,36,1,3
122,36,2,20
122,37,1,5
122,37,2,20
122,38,1,3
122,38,2,20
122,39,1,2
122,39,2,20
122,40,1,2
122,40,2,20
122,41,1,2
122,41,2,20
122,42,1,2
122,42,2,20
122,43,1,2
122,43,2,20
122,44,1,3
122,44,2,20
122,45,1,3
122,45,2,20
122,46,1,2
122,46,2,20
122,47,1,1
122,47,2,20
122,48,1,1
122,48,2,20
122,49,1,1
122,49,2,20
122,50,1,2
122,50,2,20
122,51,1,3
122,51,2,20
122,52,1,5
122,52,2,20
122,53,1,3
122,53,2,20
122,54,1,2
122,54,2,20
122,55,1,1
122,55,2,20
122,56,1,1
122,56,2,20
122,57,1,1
122,57,2,20
122,58,1,2
122,58,2,20
122,59,1,3
122,59,2,20
122,60,1,3
122,60,2,20
122,61,1,2
122,61,2,20
122,62,1,1
122,62,2,20
122,63,1,0
122,63,2,20
122,64,1,1
122,64,2,20
122,65,1,2
122,65,2,20
122,66,1,3
122,66,2,20
122,67,1,5
122,67,2,20
122,68,1,3
122,68,2,20
122,69,1,2
122,69,2,20
122,70,1,1
122,70,2,20
122,71,1,0
122,71,2,20
122,72,1,1
122,72,2,20
122,73,1,2
122,73,2,20
122,74,1,3
122,74,2,20
122,75,1,3
122,75,2,20
122,76,1,2
122,76,2,20
122,77,1,1
122,77,2,20
122,78,1,1
122,78,2,20
122,79,1,1
122,79,2,20
122,80,1,2
122,80,2,20
122,81,1,3
122,81,2,20
122,82,1,5
122,82,2,20
122,83,1,3
122,83,2,20
122,84,1,2
122,84,2,20
122,85,1,1
122,85,2,20
122,86,1,1
122,86,2,20
122,87,1,1
122,87,2,20
122,88,1,2
122,88,2,20
122,89,1,3
122,89,2,20
122,90,1,3
122,90,2,20
122,91,1,2
122,91,2,20
122,92,1,2
122,92,2,20
122,93,1,2
122,93,2,20
122,94,1,2
122,94,2,20
122,95,1,2
122,95,2,20
122,96,1,3
122,96,2,20
122,97,1,5
122,97,2,20
122,98,1,3
122,98,2,20
122,99,1,2
122,99,2,20
122,100,1,2
122,100,2,20
122,101,1,2
122,101,2,20
122,102,1,2
122,102,2,20
122,103,1,2
122,103,2,20
122,104,1,3
122,104,2,20
122,105,1,3
122,105,2,20
122,106,1,3
122,106,2,20
122,107,1,3
122,107,2,20
122,108,1,3
122,108,2,20
122,109,1,3
122,109,2,20
122,110,1,3
122,110,2,20
122,111,1,3
122,111,2,20
122,112,1,5
122,112,2,20
122,113,1,3
122,113,2,20
122,114,1,3
122,114,2,20
122,115,1,3
122,115,2,20
122,116,1,3
122,116,2,20
122,117,1,3
122,117,2,20
122,118,1,3
122,118,2,20
122,119,1,3
122,119,2,20
122,120,1,4
122,120,2,20
122,121,1,4
122,121,2,20
122,122,1,4
122,122,2,20
122,123,1,4
122,123,2,20
122,124,1,4
122,124,2,20
122,125,1,4
122,125,2,20
122,126,1,4
122,126,2,20
122,127,1,5
122,127,2,20
122,128,1,4
122,128,2,20
122,129,1,4
122,129,2,20
122,130,1,4
122,130,2,20
122,131,1,4
122,131,2,20
122,132,1,4
122,132,2,20
122,133,1,4
122,133,2,20
122,134,1,4
122,134,2,20
123,0,1,4
123,0,2,20
123,1,1,4
123,1,2,20
123,2,1,4
123,2,2,20
123,3,1,4
123,3,2,20
123,4,1,4
123,4,2,20
123,5,1,4
123,5,2,20
123,6,1,4
123,6,2,20
123,7,1,5
123,7,2,20
123,8,1,4
123,8,2,20
123,9,1,4
123,9,2,20
123,10,1,4
123,10,2,20
123,11,1,4
123,11,2,20
123,12,1,4
123,12,2,20
123,13,1,4
123,13,2,20
123,14,1,4
123,14,2,20
123,15,1,3
123,15,2,20
123,16,1,3
123,16,2,20
123,17,1,3
123,17,2,20
123,18,1,3
123,18,2,20
123,19,1,3
123,19,2,20
123,20,1,3
123,20,2,20
123,21,1,3
123,21,2,20
123,22,1,5
123,22,2,20
123,23,1,3
123,23,2,20
123,24,1,3
123,24,2,20
123,25,1,3
123,25,2,20
123,26,1,3
123,26,2,20
123,27,1,3
123,27,2,20
123,28,1,3
123,28,2,20
123,29,1,3
123,29,2,20
123,30,1,3
123,30,2,20
123,31,1,2
123,31,2,20
123,32,1,2
123,32,2,20
123,33,1,2
123,33,2,20
123,34,1,2
123,34,2,20
123,35,1,2
123,35,2,20
123,36,1,3
123,36,2,20
123,37,1,5
123,37,2,20
123,38,1,3
123,38,2,20
123,39,1,2
123,39,2,20
123,40,1,2
123,40,2,20
123,41,1,2
123,41,2,20
123,42,1,2
123,42,2,20
123,43,1,2
123,43,2,20
123,44,1,3
123,44,2,20
123,45,1,3
123,45,2,20
123,46,1,2
123,46,2,20
123,47,1,1
123,47,2,20
123,48,1,1
123,48,2,20
123,49,1,1
123,49,2,20
123,50,1,2
123,50,2,20
123,51,1,3
123,51,2,20
123,52,1,5
123,52,2,20
123,53,1,3
123,53,2,20
123,54,1,2
123,54,2,20
123,55,1,1
123,55,2,20
123,56,1,1
123,56,2,20
123,57,1,1
123,57,2,20
123,58,1,2
123,58,2,20
123,59,1,3
123,59,2,20
123,60,1,3
123,60,2,20
123,61,1,2
123,61,2,20
123,62,1,1
123,62,2,20
123,63,1,0
123,63,2,20
123,64,1,1
123,64,2,20
123,65,1,2
123,65,2,20
123,66,1,3
123,66,2,20
123,67,1,5
123,67,2,20
123,68,1,3
123,68,2,20
123,69,1,2
123,69,2,20
123,70,1,1
123,70,2,20
123,71,1,0
123,71,2,20
123,72,1,1
123,72,2,20
123,73,1,2
123,73,2,20
123,74,1,3
123,74,2,20
123,75,1,3
123,75,2,20
123,76,1,2
123,76,2,20
123,77,1,1
123,77,2,20
123,78,1,1
123,78,2,20
123,79,1,1
123,79,2,20
123,80,1,2
123,80,2,20
123,81,1,3
123,81,2,20
123,82,1,5
123,82,2,20
123,83,1,3
123,83,2,20
123,84,1,2
123,84,2,20
123,85,1,1
123,85,2,20
123,86,1,1
123,86,2,20
123,87,1,1
123,87,2,20
123,88,1,2
123,88,2,20
123,89,1,3
123,89,2,20
123,90,1,3
123,90,2,20
123,91,1,2
123,91,2,20
123,92,1,2
123,92,2,20
123,93,1,2
123,93,2,20
123,94,1,2
123,94,2,20
123,95,1,2
123,95,2,20
123,96,1,3
123,96,2,20
123,97,1,5
123,97,2,20
123,98,1,3
123,98,2,20
123,99,1,2
123,99,2,20
123,100,1,2
123,100,2,20
123,101,1,2
123,101,2,20
123,102,1,2
123,102,2,20
123,103,1,2
123,103,2,20
123,104,1,3
123,104,2,20
123,105,1,3
123,105,2,20
123,106,1,3
123,106,2,20
123,107,1,3
123,107,2,20
123,108,1,3
123,108,2,20
123,109,1,3
123,109,2,20
123,110,1,3
123,110,2,20
123,111,1,3
123,111,2,20
123,112,1,5
123,112,2,20
123,113,1,3
123,113,2,20
123,114,1,3
123,114,2,20
123,115,1,3
123,115,2,20
123,116,1,3
123,116,2,20
123,117,1,3
123,117,2,20
123,118,1,3
123,118,2,20
123,119,1,3
123,119,2,20
123,120,1,4
123,120,2,20
123,121,1,4
123,121,2,20
123,122,1,4
123,122,2,20
123,123,1,4
123,123,2,20
123,124,1,4
123,124,2,20
123,125,1,4
123,125,2,20
123,126,1,4
123,126,2,20
123,127,1,5
123,127,2,20
123,128,1,4
123,128,2,20
123,129,1,4
123,129,2,20
123,130,1,4
123,130,2,20
123,131,1,4
123,131,2,20
123,132,1,4
123,132,2,20
123,133,1,4
123,133,2,20
123,134,1,4
123,134,2,20
124,0,1,4
124,0,2,20
124,1,1,4
124,1,2,20
124,2,1,4
124,2,2,20
124,3,1,4
124,3,2,20
124,4,1,4
124,4,2,20
124,5,1,4
124,5,2,20
124,6,1,4
124,6,2,20
124,7,1,5
124,7,2,20
124,8,1,4
124,8,2,20
124,9,1,4
124,9,2,20
124,10,1,4
124,10,2,20
124,11,1,4
124,11,2,20
124,12,1,4
124,12,2,20
124,13,1,4
124,13,2,20
124,14,1,4
124,14,2,20
124,15,1,3
124,15,2,20
124,16,1,3
124,16,2,20
124,17,1,3
124,17,2,20
124,18,1,3
124,18,2,20
124,19,1,3
124,19,2,20
124,20,1,3
124,20,2,20
124,21,1,3
124,21,2,20
124,22,1,5
124,22,2,20
124,23,1,3
124,23,2,20
124,24,1,3
124,24,2,20
124,25,1,3
124,25,2,20
124,26,1,3
124,26,2,20
124,27,1,3
124,27,2,20
124,28,1,3
124,28,2,20
124,29,1,3
124,29,2,20
124,30,1,3
124,30,2,20
124,31,1,2
124,31,2,20
124,32,1,2
124,32,2,20
124,33,1,2
124,33,2,20
124,34,1,2
124,34,2,20
124,35,1,2
124,35,2,20
124,36,1,3
124,36,2,20
124,37,1,5
124,37,2,20
124,38,1,3
124,38,2,20
124,39,1,2
124,39,2,20
124,40,1,2
124,40,2,20
124,41,1,2
124,41,2,20
124,42,1,2
124,42,2,20
124,43,1,2
124,43,2,20
124,44,1,3
124,44,2,20
124,45,1,3
124,45,2,20
124,46,1,2
124,46,2,20
124,47,1,1
124,47,2,20
124,48,1,1
124,48,2,20
124,49,1,1
124,49,2,20
124,50,1,2
124,50,2,20
124,51,1,3
124,51,2,20
124,52,1,5
124,52,2,20
124,53,1,3
124,53,2,20
124,54,1,2
124,54,2,20
124,55,1,1
124,55,2,20
124,56,1,1
124,56,2,20
124,57,1,1
124,57,2,20
124,58,1,2
124,58,2,20
124,59,1,3
124,59,2,20
124,60,1,3
124,60,2,20
124,61,1,2
124,61,2,20
124,62,1,1
124,62,2,20
124,63,1,0
124,63,2,20
124,64,1,1
124,64,2,20
124,65,1,2
124,65,2,20
124,66,1,3
124,66,2,20
124,67,1,5
124,67,2,20
124,68,1,3
124,68,2,20
124,69,1,2
124,69,2,20
124,70,1,1
124,70,2,20
124,71,1,0
124,71,2,20
124,72,1,1
124,72,2,20
124,73,1,2
124,73,2,20
124,74,1,3
124,74,2,20
124,75,1,3
124,75,2,20
124,76,1,2
124,76,2,20
124,77,1,1
124,77,2,20
124,78,1,1
124,78,2,20
124,79,1,1
124,79,2,20
124,80,1,2
124,80,2,20
124,81,1,3
124,81,2,20
124,82,1,5
124,82,2,20
124,83,1,3
124,83,2,20
124,84,1,2
124,84,2,20
124,85,1,1
124,85,2,20
124,86,1,1
124,86,2,20
124,87,1,1
124,87,2,20
124,88,1,2
124,88,2,20
124,89,1,3
124,89,2,20
124,90,1,3
124,90,2,20
124,91,1,2
124,91,2,20
124,92,1,2
124,92,2,20
124,93,1,2
124,93,2,20
124,94,1,2
124,94,2,20
124,95,1,2
124,95,2,20
124,96,1,3
124,96,2,20
124,97,1,5
124,97,2,20
124,98,1,3
124,98,2,20
124,99,1,2
124,99,2,20
124,100,1,2
124,100,2,20
124,101,1,2
124,101,2,20
124,102,1,2
124,102,2,20
124,103,1,2
124,103,2,20
124,104,1,3
124,104,2,20
124,105,1,3
124,105,2,20
124,106,1,3
124,106,2,20
124,107,1,3
124,107,2,20
124,108,1,3
124,108,2,20
124,109,1,3
124,109,2,20
124,110,1,3
124,110,2,20
124,111,1,3
124,111,2,20
124,112,1,5
124,112,2,20
124,113,1,3
124,113,2,20
124,114,1,3
124,114,2,20
124,115,1,3
124,115,2,20
124,116,1,3
124,116,2,20
124,117,1,3
124,117,2,20
124,118,1,3
124,118,2,20
124,119,1,3
124,119,2,20
124,120,1,4
124,120,2,20
124,121,1,4
124,121,2,20
124,122,1,4
124,122,2,20
124,123,1,4
124,123,2,20
124,124,1,4
124,124,2,20
124,125,1,4
124,125,2,20
124,126,1,4
124,126,2,20
124,127,1,5
124,127,2,20
124,128,1,4
124,128,2,20
124,129,1,4
124,129,2,20
124,130,1,4
124,130,2,20
124,131,1,4
124,131,2,20
124,132,1,4
124,132,2,20
124,133,1,4
124,133,2,20
124,134,1,4
124,134,2,20
125,0,1,4
125,0,2,20
125,1,1,4
125,1,2,20
125,2,1,4
125,2,2,20
125,3,1,4
125,3,2,20
125,4,1,4
125,4,2,20
125,5,1,4
125,5,2,20
125,6,1,4
125,6,2,20
125,7,1,5
125,7,2,20
125,8,1,4
125,8,2,20
125,9,1,4
125,9,2,20
125,10,1,4
125,10,2,20
125,11,1,4
125,11,2,20
125,12,1,4
125,12,2,20
125,13,1,4
125,13,2,20
125,14,1,4
125,14,2,20
125,15,1,3
125,15,2,20
125,16,1,3
125,16,2,20
125,17,1,3
125,17,2,20
125,18,1,3
125,18,2,20
125,19,1,3
125,19,2,20
125,20,1,3
125,20,2,20
125,21,1,3
125,21,2,20
125,22,1,5
125,22,2,20
125,23,1,3
125,23,2,20
125,24,1,3
125,24,2,20
125,25,1,3
125,25,2,20
125,26,1,3
125,26,2,20
125,27,1,3
125,27,2,20
125,28,1,3
125,28,2,20
125,29,1,3
125,29,2,20
125,30,1,3
125,30,2,20
125,31,1,2
125,31,2,20
125,32,1,2
125,32,2,20
125,33,1,2
125,33,2,20
125,34,1,2
125,34,2,20
125,35,1,2
125,35,2,20
125,36,1,3
125,36,2,20
125,37,1,5
125,37,2,20
125,38,1,3
125,38,2,20
125,39,1,2
125,39,2,20
125,40,1,2
125,40,2,20
125,41,1,2
125,41,2,20
125,42,1,2
125,42,2,20
125,43,1,2
125,43,2,20
125,44,1,3
125,44,2,20
125,45,1,3
125,45,2,20
125,46,1,2
125,46,2,20
125,47,1,1
125,47,2,20
125,48,1,1
125,48,2,20
125,49,1,1
125,49,2,20
125,50,1,2
125,50,2,20
125,51,1,3
125,51,2,20
125,52,1,5
125,52,2,20
125,53,1,3
125,53,2,20
125,54,1,2
125,54,2,20
125,55,1,1
125,55,2,20
125,56,1,1
125,56,2,20
125,57,1,1
125,57,2,20
125,58,1,2
125,58,2,20
125,59,1,3
125,59,2,20
125,60,1,3
125,60,2,20
125,61,1,2
125,61,2,20
125,62,1,1
125,62,2,20
125,63,1,0
125,63,2,20
125,64,1,1
125,64,2,20
125,65,1,2
125,65,2,20
125,66,1,3
125,66,2,20
125,67,1,5
125,67,2,20
125,68,1,3
125,68,2,20
125,69,1,2
125,69,2,20
125,70,1,1
125,70,2,20
125,71,1,0
125,71,2,20
125,72,1,1
125,72,2,20
125,73,1,2
125,73,2,20
125,74,1,3
125,74,2,20
125,75,1,3
125,75,2,20
125,76,1,2
125,76,2,20
125,77,1,1
125,77,2,20
125,78,1,1
125,78,2,20
125,79,1,1
125,79,2,20
125,80,1,2
125,80,2,20
125,81,1,3
125,81,2,20
125,82,1,5
125,82,2,20
125,83,1,3
125,83,2,20
125,84,1,2
125,84,2,20
125,85,1,1
125,85,2,20
125,86,1,1
125,86,2,20
125,87,1,1
125,87,2,20
125,88,1,2
125,88,2,20
125,89,1,3
125,89,2,20
125,90,1,3
125,90,2,20
125,91,1,2
125,91,2,20
125,92,1,2
125,92,2,20
125,93,1,2
125,93,2,20
125,94,1,2
125,94,2,20
125,95,1,2
125,95,2,20
125,96,1,3
125,96,2,20
125,97,1,5
125,97,2,20
125,98,1,3
125,98,2,20
125,99,1,2
125,99,2,20
125,100,1,2
125,100,2,20
125,101,1,2
125,101,2,20
125,102,1,2
125,102,2,20
125,103,1,2
125,103,2,20
125,104,1,3
125,104,2,20
125,105,1,3
125,105,2,20
125,106,1,3
125,106,2,20
125,107,1,3
125,107,2,20
125,108,1,3
125,108,2,20
125,109,1,3
125,109,2,20
125,110,1,3
125,110,2,20
125,111,1,3
125,111,2,20
125,112,1,5
125,112,2,20
125,113,1,3
125,113,2,20
125,114,1,3
125,114,2,20
125,115,1,3
125,115,2,20
125,116,1,3
125,116,2,20
125,117,1,3
125,117,2,20
125,118,1,3
125,118,2,20
125,119,1,3
125,119,2,20
125,120,1,4
125,120,2,20
125,121,1,4
125,121,2,20
125,122,1,4
125,122,2,20
125,123,1,4
125,123,2,20
125,124,1,4
125,124,2,20
125,125,1,4
125,125,2,20
125,126,1,4
125,126,2,20
125,127,1,5
125,127,2,20
125,128,1,4
125,128,2,20
125,129,1,4
125,129,2,20
125,130,1,4
125,130,2,20
125,131,1,4
125,131,2,20
125,132,1,4
125,132,2,20
125,133,1,4
125,133,2,20
125,134,1,4
125,134,2,20
126,0,1,4
126,0,2,20
126,1,1,4
126,1,2,20
126,2,1,4
126,2,2,20
126,3,1,4
126,3,2,20
126,4,1,4
126,4,2,20
126,5,1,4
126,5,2,20
126,6,1,4
126,6,2,20
126,7,1,5
126,7,2,20
126,8,1,4
126,8,2,20
126,9,1,4
126,9,2,20
126,10,1,4
126,10,2,20
126,11,1,4
126,11,2,20
126,12,1,4
126,12,2,20
126,13,1,4
126,13,2,20
126,14,1,4
126,14,2,20
126,15,1,3
126,15,2,20
126,16,1,3
126,16,2,20
126,17,1,3
126,17,2,20
126,18,1,3
126,18,2,20
126,19,1,3
126,19,2,20
126,20,1,3
126,20,2,20
126,21,1,3
126,21,2,20
126,22,1,5
126,22,2,20
126,23,1,3
126,23,2,20
126,24,1,3
126,24,2,20
126,25,1,3
126,25,2,20
126,26,1,3
126,26,2,20
126,27,1,3
126,27,2,20
126,28,1,3
126,28,2,20
126,29,1,3
126,29,2,20
126,30,1,3
126,30,2,20
126,31,1,2
126,31,2,20
126,32,1,2
126,32,2,20
126,33,1,2
126,33,2,20
126,34,1,2
126,34,2,20
126,35,1,2
126,35,2,20
126,36,1,3
126,36,2,20
126,37,1,5
126,37,2,20
126,38,1,3
126,38,2,20
126,39,1,2
126,39,2,20
126,40,1,2
126,40,2,20
126,41,1,2
126,41,2,20
126,42,1,2
126,42,2,20
126,43,1,2
126,43,2,20
126,44,1,3
126,44,2,20
126,45,1,3
126,45,2,20
126,46,1,2
126,46,2,20
126,47,1,1
126,47,2,20
126,48,1,1
126,48,2,20
126,49,1,1
126,49,2,20
126,50,1,2
126,50,2,20
126,51,1,3
126,51,2,20
126,52,1,5
126,52,2,20
126,53,1,3
126,53,2,20
126,54,1,2
126,54,2,20
126,55,1,1
126,55,2,20
126,56,1,1
126,56,2,20
126,57,1,1
126,57,2,20
126,58,1,2
126,58,2,20
126,59,1,3
126,59,2,20
126,60,1,3
126,60,2,20
126,61,1,2
126,61,2,20
126,62,1,1
126,62,2,20
126,63,1,0
126,63,2,20
126,64,1,1
126,64,2,20
126,65,1,2
126,65,2,20
126,66,1,3
126,66,2,20
126,67,1,5
126,67,2,20
126,68,1,3
126,68,2,20
126,69,1,2
126,69,2,20
126,70,1,1
126,70,2,20
126,71,1,0
126,71,2,20
126,72,1,1
126,72,2,20
126,73,1,2
126,73,2,20
126,74,1,3
126,74,2,20
126,75,1,3
126,75,2,20
126,76,1,2
126,76,2,20
126,77,1,1
126,77,2,20
126,78,1,1
126,78,2,20
126,79,1,1
126,79,2,20
126,80,1,2
126,80,2,20
126,81,1,3
126,81,2,20
126,82,1,5
126,82,2,20
126,83,1,3
126,83,2,20
126,84,1,2
126,84,2,20
126,85,1,1
126,85,2,20
126,86,1,1
126,86,2,20
126,87,1,1
126,87,2,20
126,88,1,2
126,88,2,20
126,89,1,3
126,89,2,20
126,90,1,3
126,90,2,20
126,91,1,2
126,91,2,20
126,92,1,2
126,92,2,20
126,93,1,2
126,93,2,20
126,94,1,2
126,94,2,20
126,95,1,2
126,95,2,20
126,96,1,3
126,96,2,20
126,97,1,5
126,97,2,20
126,98,1,3
126,98,2,20
126,99,1,2
126,99,2,20
126,100,1,2
126,100,2,20
126,101,1,2
126,101,2,20
126,102,1,2
126,102,2,20
126,103,1,2
126,103,2,20
126,104,1,3
126,104,2,20
126,105,1,3
126,105,2,20
126,106,1,3
126,106,2,20
126,107,1,3
126,107,2,20
126,108,1,3
126,108,2,20
126,109,1,3
126,109,2,20
126,110,1,3
126,110,2,20
126,111,1,3
126,111,2,20
126,112,1,5
126,112,2,20
126,113,1,3
126,113,2,20
126,114,1,3
126,114,2,20
126,115,1,3
126,115,2,20
126,116,1,3
126,116,2,20
126,117,1,3
126,117,2,20
126,118,1,3
126,118,2,20
126,119,1,3
126,119,2,20
126,120,1,4
126,120,2,20
126,121,1,4
126,121,2,20
126,122,1,4
126,122,2,20
126,123,1,4
126,123,2,20
126,124,1,4
126,124,2,20
126,125,1,4
126,125,2,20
126,126,1,4
126,126,2,20
126,127,1,5
126,127,2,20
126,128,1,4
126,128,2,20
126,129,1,4
126,129,2,20
126,130,1,4
126,130,2,20
126,131,1,4
126,131,2,20
126,132,1,4
126,132,2,20
126,133,1,4
126,133,2,20
126,134,1,4
126,134,2,20
127,0,1,4
127,0,2,20
127,1,1,4
127,1,2,20
127,2,1,4
127,2,2,20
127,3,1,4
127,3,2,20
127,4,1,4
127,4,2,20
127,5,1,4
127,5,2,20
127,6,1,4
127,6,2,20
127,7,1,5
127,7,2,20
127,8,1,4
127,8,2,20
127,9,1,4
127,9,2,20
127,10,1,4
127,10,2,20
127,11,1,4
127,11,2,20
127,12,1,4
127,12,2,20
127,13,1,4
127,13,2,20
127,14,1,4
127,14,2,20
127,15,1,3
127,15,2,20
127,16,1,3
127,16,2,20
127,17,1,3
127,17,2,20
127,18,1,3
127,18,2,20
127,19,1,3
127,19,2,20
127,20,1,3
127,20,2,20
127,21,1,3
127,21,2,20
127,22,1,5
127,22,2,20
127,23,1,3
127,23,2,20
127,24,1,3
127,24,2,20
127,25,1,3
127,25,2,20
127,26,1,3
127,26,2,20
127,27,1,3
127,27,2,20
127,28,1,3
127,28,2,20
127,29,1,3
127,29,2,20
127,30,1,3
127,30,2,20
127,31,1,2
127,31,2,20
127,32,1,2
127,32,2,20
127,33,1,2
127,33,2,20
127,34,1,2
127,34,2,20
127,35,1,2
127,35,2,20
127,36,1,3
127,36,2,20
127,37,1,5
127,37,2,20
127,38,1,3
127,38,2,20
127,39,1,2
127,39,2,20
127,40,1,2
127,40,2,20
127,41,1,2
127,41,2,20
127,42,1,2
127,42,2,20
127,43,1,2
127,43,2,20
127,44,1,3
127,44,2,20
127,45,1,3
127,45,2,20
127,46,1,2
127,46,2,20
127,47,1,1
127,47,2,20
127,48,1,1
127,48,2,20
127,49,1,1
127,49,2,20
127,50,1,2
127,50,2,20
127,51,1,3
127,51,2,20
127,52,1,5
127,52,2,20
127,53,1,3
127,53,2,20
127,54,1,2
127,54,2,20
127,55,1,1
127,55,2,20
127,56,1,1
127,56,2,20
127,57,1,1
127,57,2,20
127,58,1,2
127,58,2,20
127,59,1,3
127,59,2,20
127,60,1,3
127,60,2,20
127,61,1,2
127,61,2,20
127,62,1,1
127,62,2,20
127,63,1,0
127,63,2,20
127,64,1,1
127,64,2,20
127,65,1,2
127,65,2,20
127,66,1,3
127,66,2,20
127,67,1,5
127,67,2,20
127,68,1,3
127,68,2,20
127,69,1,2
127,69,2,20
127,70,1,1
127,70,2,20
127,71,1,0
127,71,2,20
127,72,1,1
127,72,2,20
127,73,1,2
127,73,2,20
127,74,1,3
127,74,2,20
127,75,1,3
127,75,2,20
127,76,1,2
127,76,2,20
127,77,1,1
127,77,2,20
127,78,1,1
127,78,2,20
127,79,1,1
127,79,2,20
127,80,1,2
127,80,2,20
127,81,1,3
127,81,2,20
127,82,1,5
127,82,2,20
127,83,1,3
127,83,2,20
127,84,1,2
127,84,2,20
127,85,1,1
127,85,2,20
127,86,1,1
127,86,2,20
127,87,1,1
127,87,2,20
127,88,1,2
127,88,2,20
127,89,1,3
127,89,2,20
127,90,1,3
127,90,2,20
127,91,1,2
127,91,2,20
127,92,1,2
127,92,2,20
127,93,1,2
127,93,2,20
127,94,1,2
127,94,2,20
127,95,1,2
127,95,2,20
127,96,1,3
127,96,2,20
127,97,1,5
127,97,2,20
127,98,1,3
127,98,2,20
127,99,1,2
127,99,2,20
127,100,1,2
127,100,2,20
127,101,1,2
127,101,2,20
127,102,1,2
127,102,2,20
127,103,1,2
127,103,2,20
127,104,1,3
127,104,2,20
127,105,1,3
127,105,2,20
127,106,1,3
127,106,2,20
127,107,1,3
127,107,2,20
127,108,1,3
127,108,2,20
127,109,1,3
127,109,2,20
127,110,1,3
127,110,2,20
127,111,1,3
127,111,2,20
127,112,1,5
127,112,2,20
127,113,1,3
127,113,2,20
127,114,1,3
127,114,2,20
127,115,1,3
127,115,2,20
127,116,1,3
127,116,2,20
127,117,1,3
127,117,2,20
127,118,1,3
127,118,2,20
127,119,1,3
127,119,2,20
127,120,1,4
127,120,2,20
127,121,1,4
127,121,2,20
127,122,1,4
127,122,2,20
127,123,1,4
127,123,2,20
127,124,1,4
127,124,2,20
127,125,1,4
127,125,2,20
127,126,1,4
127,126,2,20
127,127,1,5
127,127,2,20
127,128,1,4
127,128,2,20
127,129,1,4
127,129,2,20
127,130,1,4
127,130,2,20
127,131,1,4
127,131,2,20
127,132,1,4
127,132,2,20
127,133,1,4
127,133,2,20
127,134,1,4
127,134,2,20
128,0,1,4
128,0,2,20
128,1,1,4
128,1,2,20
128,2,1,4
128,2,2,20
128,3,1,4
128,3,2,20
128,4,1,4
128,4,2,20
128,5,1,4
128,5,2,20
128,6,1,4
128,6,2,20
128,7,1,5
128,7,2,20
128,8,1,4
128,8,2,20
128,9,1,4
128,9,2,20
128,10,1,4
128,10,2,20
128,11,1,4
128,11,2,20
128,12,1,4
128,12,2,20
128,13,1,4
128,13,2,20
128,14,1,4
128,14,2,20
128,15,1,3
128,15,2,20
128,16,1,3
128,16,2,20
128,17,1,3
128,17,2,20
128,18,1,3
128,18,2,20
128,19,1,3
128,19,2,20
128,20,1,3
128,20,2,20
128,21,1,3
128,21,2,20
128,22,1,5
128,22,2,20
128,23,1,3
128,23,2,20
128,24,1,3
128,24,2,20
128,25,1,3
128,25,2,20
128,26,1,3
128,26,2,20
128,27,1,3
128,27,2,20
128,28,1,3
128,28,2,20
128,29,1,3
128,29,2,20
128,30,1,3
128,30,2,20
128,31,1,2
128,31,2,20
128,32,1,2
128,32,2,20
128,33,1,2
128,33,2,20
128,34,1,2
128,34,2,20
128,35,1,2
128,35,2,20
128,36,1,3
128,36,2,20
128,37,1,5
128,37,2,20
128,38,1,3
128,38,2,20
128,39,1,2
128,39,2,20
128,40,1,2
128,40,2,20
128,41,1,2
128,41,2,20
128,42,1,2
128,42,2,20
128,43,1,2
128,43,2,20
128,44,1,3
128,44,2,20
128,45,1,3
128,45,2,20
128,46,1,2
128,46,2,20
128,47,1,1
128,47,2,20
128,48,1,1
128,48,2,20
128,49,1,1
128,49,2,20
128,50,1,2
128,50,2,20
128,51,1,3
128,51,2,20
128,52,1,5
128,52,2,20
128,53,1,3
128,53,2,20
128,54,1,2
128,54,2,20
128,55,1,1
128,55,2,20
128,56,1,1
128,56,2,20
128,57,1,1
128,57,2,20
128,58,1,2
128,58,2,20
128,59,1,3
128,59,2,20
128,60,1,3
128,60,2,20
128,61,1,2
128,61,2,20
128,62,1,1
128,62,2,20
128,63,1,0
128,63,2,20
128,64,1,1
128,64,2,20
128,65,1,2
128,65,2,20
128,66,1,3
128,66,2,20
128,67,1,5
128,67,2,20
128,68,1,3
128,68,2,20
128,69,1,2
128,69,2,20
128,70,1,1
128,70,2,20
128,71,1,0
128,71,2,20
128,72,1,1
128,72,2,20
128,73,1,2
128,73,2,20
128,74,1,3
128,74,2,20
128,75,1,3
128,75,2,20
128,76,1,2
128,76,2,20
128,77,1,1
128,77,2,20
128,78,1,1
128,78,2,20
128,79,1,1
128,79,2,20
128,80,1,2
128,80,2,20
128,81,1,3
128,81,2,20
128,82,1,5
128,82,2,20
128,83,1,3
128,83,2,20
128,84,1,2
128,84,2,20
128,85,1,1
128,85,2,20
128,86,1,1
128,86,2,20
128,87,1,1
128,87,2,20
128,88,1,2
128,88,2,20
128,89,1,3
128,89,2,20
128,90,1,3
128,90,2,20
128,91,1,2
128,91,2,20
128,92,1,2
128,92,2,20
128,93,1,2
128,93,2,20
128,94,1,2
128,94,2,20
128,95,1,2
128,95,2,20
128,96,1,3
128,96,2,20
128,97,1,5
128,97,2,20
128,98,1,3
128,98,2,20
128,99,1,2
128,99,2,20
128,100,1,2
128,100,2,20
128,101,1,2
128,101,2,20
128,102,1,2
128,102,2,20
128,103,1,2
128,103,2,20
128,104,1,3
128,104,2,20
128,105,1,3
128,105,2,20
128,106,1,3
128,106,2,20
128,107,1,3
128,107,2,20
128,108,1,3
128,108,2,20
128,109,1,3
128,109,2,20
128,110,1,3
128,110,2,20
128,111,1,3
128,111,2,20
128,112,1,5
128,112,2,20
128,113,1,3
128,113,2,20
128,114,1,3
128,114,2,20
128,115,1,3
128,115,2,20
128,116,1,3
128,116,2,20
128,117,1,3
128,117,2,20
128,118,1,3
128,118,2,20
128,119,1,3
128,119,2,20
128,120,1,4
128,120,2,20
128,121,1,4
128,121,2,20
128,122,1,4
128,122,2,20
128,123,1,4
128,123,2,20
128,124,1,4
128,124,2,20
128,125,1,4
128,125,2,20
128,126,1,4
128,126,2,20
128,127,1,5
128,127,2,20
128,128,1,4
128,128,2,20
128,129,1,4
128,129,2,20
128,130,1,4
128,130,2,20
128,131,1,4
128,131,2,20
128,132,1,4
128,132,2,20
128,133,1,4
128,133,2,20
128,134,1,4
128,134,2,20
129,0,1,4
129,0,2,20
129,1,1,4
129,1,2,20
129,2,1,4
129,2,2,20
129,3,1,4
129,3,2,20
129,4,1,4
129,4,2,20
129,5,1,4
129,5,2,20
129,6,1,4
129,6,2,20
129,7,1,5
129,7,2,20
129,8,1,4
129,8,2,20
129,9,1,4
129,9,2,20
129,10,1,4
129,10,2,20
129,11,1,4
129,11,2,20
129,12,1,4
129,12,2,20
129,13,1,4
129,13,2,20
129,14,1,4
129,14,2,20
129,15,1,3
129,15,2,20
129,16,1,3
129,16,2,20
129,17,1,3
129,17,2,20
129,18,1,3
129,18,2,20
129,19,1,3
129,19,2,20
129,20,1,3
129,20,2,20
129,21,1,3
129,21,2,20
129,22,1,5
129,22,2,20
129,23,1,3
129,23,2,20
129,24,1,3
129,24,2,20
129,25,1,3
129,25,2,20
129,26,1,3
129,26,2,20
129,27,1,3
129,27,2,20
129,28,1,3
129,28,2,20
129,29,1,3
129,29,2,20
129,30,1,3
129,30,2,20
129,31,1,2
129,31,2,20
129,32,1,2
129,32,2,20
129,33,1,2
129,33,2,20
129,34,1,2
129,34,2,20
129,35,1,2
129,35,2,20
129,36,1,3
129,36,2,20
129,37,1,5
129,37,2,20
129,38,1,3
129,38,2,20
129,39,1,2
129,39,2,20
129,40,1,2
129,40,2,20
129,41,1,2
129,41,2,20
129,42,1,2
129,42,2,20
129,43,1,2
129,43,2,20
129,44,1,3
129,44,2,20
129,45,1,3
129,45,2,20
129,46,1,2
129,46,2,20
129,47,1,1
129,47,2,20
129,48,1,1
129,48,2,20
129,49,1,1
129,49,2,20
129,50,1,2
129,50,2,20
129,51,1,3
129,51,2,20
129,52,1,5
129,52,2,20
129,53,1,3
129,53,2,20
129,54,1,2
129,54,2,20
129,55,1,1
129,55,2,20
129,56,1,1
129,56,2,20
129,57,1,1
129,57,2,20
129,58,1,2
129,58,2,20
129,59,1,3
129,59,2,20
129,60,1,3
129,60,2,20
129,61,1,2
129,61,2,20
129,62,1,1
129,62,2,20
129,63,1,0
129,63,2,20
129,64,1,1
129,64,2,20
129,65,1,2
129,65,2,20
129,66,1,3
129,66,2,20
129,67,1,5
129,67,2,20
129,68,1,3
129,68,2,20
129,69,1,2
129,69,2,20
129,70,1,1
129,70,2,20
129,71,1,0
129,71,2,20
129,72,1,1
129,72,2,20
129,73,1,2
129,73,2,20
129,74,1,3
129,74,2,20
129,75,1,3
129,75,2,20
129,76,1,2
129,76,2,20
129,77,1,1
129,77,2,20
129,78,1,1
129,78,2,20
129,79,1,1
129,79,2,20
129,80,1,2
129,80,2,20
129,81,1,3
129,81,2,20
129,82,1,5
129,82,2,20
129,83,1,3
129,83,2,20
129,84,1,2
129,84,2,20
129,85,1,1
129,85,2,20
129,86,1,1
129,86,2,20
129,87,1,1
129,87,2,20
129,88,1,2
129,88,2,20
129,89,1,3
129,89,2,20
129,90,1,3
129,90,2,20
129,91,1,2
129,91,2,20
129,92,1,2
129,92,2,20
129,93,1,2
129,93,2,20
129,94,1,2
129,94,2,20
129,95,1,2
129,95,2,20
129,96,1,3
129,96,2,20
129,97,1,5
129,97,2,20
129,98,1,3
129,98,2,20
129,99,1,2
129,99,2,20
129,100,1,2
129,100,2,20
129,101,1,2
129,101,2,20
129,102,1,2
129,102,2,20
129,103,1,2
129,103,2,20
129,104,1,3
129,104,2,20
129,105,1,3
129,105,2,20
129,106,1,3
129,106,2,20
129,107,1,3
129,107,2,20
129,108,1,3
129,108,2,20
129,109,1,3
129,109,2,20
129,110,1,3
129,110,2,20
129,111,1,3
129,111,2,20
129,112,1,5
129,112,2,20
129,113,1,3
129,113,2,20
129,114,1,3
129,114,2,20
129,115,1,3
129,115,2,20
129,116,1,3
129,116,2,20
129,117,1,3
129,117,2,20
129,118,1,3
129,118,2,20
129,119,1,3
129,119,2,20
129,120,1,4
129,120,2,20
129,121,1,4
129,121,2,20
129,122,1,4
129,122,2,20
129,123,1,4
129,123,2,20
129,124,1,4
129,124,2,20
129,125,1,4
129,125,2,20
129,126,1,4
129,126,2,20
129,127,1,5
129,127,2,20
129,128,1,4
129,128,2,20
129,129,1,4
129,129,2,20
129,130,1,4
129,130,2,20
129,131,1,4
129,131,2,20
129,132,1,4
129,132,2,20
129,133,1,4
129,133,2,20
129,134,1,4
129,134,2,20
130,0,1,4
130,0,2,20
130,1,1,4
130,1,2,20
130,2,1,4
130,2,2,20
130,3,1,4
130,3,2,20
130,4,1,4
130,4,2,20
130,5,1,4
130,5,2,20
130,6,1,4
130,6,2,20
130,7,1,5
130,7,2,20
130,8,1,4
130,8,2,20
130,9,1,4
130,9,2,20
130,10,1,4
130,10,2,20
130,11,1,4
130,11,2,20
130,12,1,4
130,12,2,20
130,13,1,4
130,13,2,20
130,14,1,4
130,14,2,20
130,15,1,3
130,15,2,20
130,16,1,3
130,16,2,20
130,17,1,3
130,17,2,20
130,18,1,3
130,18,2,20
130,19,1,3
130,19,2,20
130,20,1,3
130,20,2,20
130,21,1,3
130,21,2,20
130,22,1,5
130,22,2,20
130,23,1,3
130,23,2,20
130,24,1,3
130,24,2,20
130,25,1,3
130,25,2,20
130,26,1,3
130,26,2,20
130,27,1,3
130,27,2,20
130,28,1,3
130,28,2,20
130,29,1,3
130,29,2,20
130,30,1,3
130,30,2,20
130,31,1,2
130,31,2,20
130,32,1,2
130,32,2,20
130,33,1,2
130,33,2,20
130,34,1,2
130,34,2,20
130,35,1,2
130,35,2,20
130,36,1,3
130,36,2,20
130,37,1,5
130,37,2,20
130,38,1,3
130,38,2,20
130,39,1,2
130,39,2,20
130,40,1,2
130,40,2,20
130,41,1,2
130,41,2,20
130,42,1,2
130,42,2,20
130,43,1,2
130,43,2,20
130,44,1,3
130,44,2,20
130,45,1,3
130,45,2,20
130,46,1,2
130,46,2,20
130,47,1,1
130,47,2,20
130,48,1,1
130,48,2,20
130,49,1,1
130,49,2,20
130,50,1,2
130,50,2,20
130,51,1,3
130,51,2,20
130,52,1,5
130,52,2,20
130,53,1,3
130,53,2,20
130,54,1,2
130,54,2,20
130,55,1,1
130,55,2,20
130,56,1,1
130,56,2,20
130,57,1,1
130,57,2,20
130,58,1,2
130,58,2,20
130,59,1,3
130,59,2,20
130,60,1,3
130,60,2,20
130,61,1,2
130,61,2,20
130,62,1,1
130,62,2,20
130,63,1,0
130,63,2,20
130,64,1,1
130,64,2,20
130,65,1,2
130,65,2,20
130,66,1,3
130,66,2,20
130,67,1,5
130,67,2,20
130,68,1,3
130,68,2,20
130,69,1,2
130,69,2,20
130,70,1,1
130,70,2,20
130,71,1,0
130,71,2,20
130,72,1,1
130,72,2,20
130,73,1,2
130,73,2,20
130,74,1,3
130,74,2,20
130,75,1,3
130,75,2,20
130,76,1,2
130,76,2,20
130,77,1,1
130,77,2,20
130,78,1,1
130,78,2,20
130,79,1,1
130,79,2,20
130,80,1,2
130,80,2,20
130,81,1,3
130,81,2,20
130,82,1,5
130,82,2,20
130,83,1,3
130,83,2,20
130,84,1,2
130,84,2,20
130,85,1,1
130,85,2,20
130,86,1,1
130,86,2,20
130,87,1,1
130,87,2,20
130,88,1,2
130,88,2,20
130,89,1,3
130,89,2,20
130,90,1,3
130,90,2,20
130,91,1,2
130,91,2,20
130,92,1,2
130,92,2,20
130,93,1,2
130,93,2,20
130,94,1,2
130,94,2,20
130,95,1,2
130,95,2,20
130,96,1,3
130,96,2,20
130,97,1,5
130,97,2,20
130,98,1,3
130,98,2,20
130,99,1,2
130,99,2,20
130,100,1,2
130,100,2,20
130,101,1,2
130,101,2,20
130,102,1,2
130,102,2,20
130,103,1,2
130,103,2,20
130,104,1,3
130,104,2,20
130,105,1,3
130,105,2,20
130,106,1,3
130,106,2,20
130,107,1,3
130,107,2,20
130,108,1,3
130,108,2,20
130,109,1,3
130,109,2,20
130,110,1,3
130,110,2,20
130,111,1,3
130,111,2,20
130,112,1,5
130,112,2,20
130,113,1,3
130,113,2,20
130,114,1,3
130,114,2,20
130,115,1,3
130,115,2,20
130,116,1,3
130,116,2,20
130,117,1,3
130,117,2,20
130,118,1,3
130,118,2,20
130,119,1,3
130,119,2,20
130,120,1,4
130,120,2,20
130,121,1,4
130,121,2,20
130,122,1,4
130,122,2,20
130,123,1,4
130,123,2,20
130,124,1,4
130,124,2,20
130,125,1,4
130,125,2,20
130,126,1,4
130,126,2,20
130,127,1,5
130,127,2,20
130,128,1,4
130,128,2,20
130,129,1,4
130,129,2,20
130,130,1,4
130,130,2,20
130,131,1,4
130,131,2,20
130,132,1,4
130,132,2,20
130,133,1,4
130,133,2,20
130,134,1,4
130,134,2,20
131,0,1,4
131,0,2,20
131,1,1,4
131,1,2,20
131,2,1,4
131,2,2,20
131,3,1,4
131,3,2,20
131,4,1,4
131,4,2,20
131,5,1,4
131,5,2,20
131,6,1,4
131,6,2,20
131,7,1,5
131,7,2,20
131,8,1,4
131,8,2,20
131,9,1,4
131,9,2,20
131,10,1,4
131,10,2,20
131,11,1,4
131,11,2,20
131,12,1,4
131,12,2,20
131,13,1,4
131,13,2,20
131,14,1,4
131,14,2,20
131,15,1,3
131,15,2,20
131,16,1,3
131,16,2,20
131,17,1,3
131,17,2,20
131,18,1,3
131,18,2,20
131,19,1,3
131,19,2,20
131,20,1,3
131,20,2,20
131,21,1,3
131,21,2,20
131,22,1,5
131,22,2,20
131,23,1,3
131,23,2,20
131,24,1,3
131,24,2,20
131,25,1,3
131,25,2,20
131,26,1,3
131,26,2,20
131,27,1,3
131,27,2,20
131,28,1,3
131,28,2,20
131,29,1,3
131,29,2,20
131,30,1,3
131,30,2,20
131,31,1,2
131,31,2,20
131,32,1,2
131,32,2,20
131,33,1,2
131,33,2,20
131,34,1,2
131,34,2,20
131,35,1,2
131,35,2,20
131,36,1,3
131,36,2,20
131,37,1,5
131,37,2,20
131,38,1,3
131,38,2,20
131,39,1,2
131,39,2,20
131,40,1,2
131,40,2,20
131,41,1,2
131,41,2,20
131,42,1,2
131,42,2,20
131,43,1,2
131,43,2,20
131,44,1,3
131,44,2,20
131,45,1,3
131,45,2,20
131,46,1,2
131,46,2,20
131,47,1,1
131,47,2,20
131,48,1,1
131,48,2,20
131,49,1,1
131,49,2,20
131,50,1,2
131,50,2,20
131,51,1,3
131,51,2,20
131,52,1,5
131,52,2,20
131,53,1,3
131,53,2,20
131,54,1,2
131,54,2,20
131,55,1,1
131,55,2,20
131,56,1,1
131,56,2,20
131,57,1,1
131,57,2,20
131,58,1,2
131,58,2,20
131,59,1,3
131,59,2,20
131,60,1,3
131,60,2,20
131,61,1,2
131,61,2,20
131,62,1,1
131,62,2,20
131,63,1,0
131,63,2,20
131,64,1,1
131,64,2,20
131,65,1,2
131,65,2,20
131,66,1,3
131,66,2,20
131,67,1,5
131,67,2,20
131,68,1,3
131,68,2,20
131,69,1,2
131,69,2,20
131,70,1,1
131,70,2,20
131,71,1,0
131,71,2,20
131,72,1,1
131,72,2,20
131,73,1,2
131,73,2,20
131,74,1,3
131,74,2,20
131,75,1,3
131,75,2,20
131,76,1,2
131,76,2,20
131,77,1,1
131,77,2,20
131,78,1,1
131,78,2,20
131,79,1,1
131,79,2,20
131,80,1,2
131,80,2,20
131,81,1,3
131,81,2,20
131,82,1,5
131,82,2,20
131,83,1,3
131,83,2,20
131,84,1,2
131,84,2,20
131,85,1,1
131,85,2,20
131,86,1,1
131,86,2,20
131,87,1,1
131,87,2,20
131,88,1,2
131,88,2,20
131,89,1,3
131,89,2,20
131,90,1,3
131,90,2,20
131,91,1,2
131,91,2,20
131,92,1,2
131,92,2,20
131,93,1,2
131,93,2,20
131,94,1,2
131,94,2,20
131,95,1,2
131,95,2,20
131,96,1,3
131,96,2,20
131,97,1,5
131,97,2,20
131,98,1,3
131,98,2,20
131,99,1,2
131,99,2,20
131,100,1,2
131,100,2,20
131,101,1,2
131,101,2,20
131,102,1,2
131,102,2,20
131,103,1,2
131,103,2,20
131,104,1,3
131,104,2,20
131,105,1,3
131,105,2,20
131,106,1,3
131,106,2,20
131,107,1,3
131,107,2,20
131,108,1,3
131,108,2,20
131,109,1,3
131,109,2,20
131,110,1,3
131,110,2,20
131,111,1,3
131,111,2,20
131,112,1,5
131,112,2,20
131,113,1,3
131,113,2,20
131,114,1,3
131,114,2,20
131,115,1,3
131,115,2,20
131,116,1,3
131,116,2,20
131,117,1,3
131,117,2,20
131,118,1,3
131,118,2,20
131,119,1,3
131,119,2,20
131,120,1,4
131,120,2,20
131,121,1,4
131,121,2,20
131,122,1,4
131,122,2,20
131,123,1,4
131,123,2,20
131,124,1,4
131,124,2,20
131,125,1,4
131,125,2,20
131,126,1,4
131,126,2,20
131,127,1,5
131,127,2,20
131,128,1,4
131,128,2,20
131,129,1,4
131,129,2,20
131,130,1,4
131,130,2,20
131,131,1,4
131,131,2,20
131,132,1,4
131,132,2,20
131,133,1,4
131,133,2,20
131,134,1,4
131,134,2,20
132,0,1,4
132,0,2,20
132,1,1,4
132,1,2,20
132,2,1,4
132,2,2,20
132,3,1,4
132,3,2,20
132,4,1,4
132,4,2,20
132,5,1,4
132,5,2,20
132,6,1,4
132,6,2,20
132,7,1,5
132,7,2,20
132,8,1,4
132,8,2,20
132,9,1,4
132,9,2,20
132,10,1,4
132,10,2,20
132,11,1,4
132,11,2,20
132,12,1,4
132,12,2,20
132,13,1,4
132,13,2,20
132,14,1,4
132,14,2,20
132,15,1,3
132,15,2,20
132,16,1,3
132,16,2,20
132,17,1,3
132,17,2,20
132,18,1,3
132,18,2,20
132,19,1,3
132,19,2,20
132,20,1,3
132,20,2,20
132,21,1,3
132,21,2,20
132,22,1,5
132,22,2,20
132,23,1,3
132,23,2,20
132,24,1,3
132,24,2,20
132,25,1,3
132,25,2,20
132,26,1,3
132,26,2,20
132,27,1,3
132,27,2,20
132,28,1,3
132,28,2,20
132,29,1,3
132,29,2,20
132,30,1,3
132,30,2,20
132,31,1,2
132,31,2,20
132,32,1,2
132,32,2,20
132,33,1,2
132,33,2,20
132,34,1,2
132,34,2,20
132,35,1,2
132,35,2,20
132,36,1,3
132,36,2,20
132,37,1,5
132,37,2,20
132,38,1,3
132,38,2,20
132,39,1,2
132,39,2,20
132,40,1,2
132,40,2,20
132,41,1,2
132,41,2,20
132,42,1,2
132,42,2,20
132,43,1,2
132,43,2,20
132,44,1,3
132,44,2,20
132,45,1,3
132,45,2,20
132,46,1,2
132,46,2,20
132,47,1,1
132,47,2,20
132,48,1,1
132,48,2,20
132,49,1,1
132,49,2,20
132,50,1,2
132,50,2,20
132,51,1,3
132,51,2,20
132,52,1,5
132,52,2,20
132,53,1,3
132,53,2,20
132,54,1,2
132,54,2,20
132,55,1,1
132,55,2,20
132,56,1,1
132,56,2,20
132,57,1,1
132,57,2,20
132,58,1,2
132,58,2,20
132,59,1,3
132,59,2,20
132,60,1,3
132,60,2,20
132,61,1,2
132,61,2,20
132,62,1,1
132,62,2,20
132,63,1,0
132,63,2,20
132,64,1,1
132,64,2,20
132,65,1,2
132,65,2,20
132,66,1,3
132,66,2,20
132,67,1,5
132,67,2,20
132,68,1,3
132,68,2,20
132,69,1,2
132,69,2,20
132,70,1,1
132,70,2,20
132,71,1,0
132,71,2,20
132,72,1,1
132,72,2,20
132,73,1,2
132,73,2,20
132,74,1,3
132,74,2,20
132,75,1,3
132,75,2,20
132,76,1,2
132,76,2,20
132,77,1,1
132,77,2,20
132,78,1,1
132,78,2,20
132,79,1,1
132,79,2,20
132,80,1,2
132,80,2,20
132,81,1,3
132,81,2,20
132,82,1,5
132,82,2,20
132,83,1,3
132,83,2,20
132,84,1,2
132,84,2,20
132,85,1,1
132,85,2,20
132,86,1,1
132,86,2,20
132,87,1,1
132,87,2,20
132,88,1,2
132,88,2,20
132,89,1,3
132,89,2,20
132,90,1,3
132,90,2,20
132,91,1,2
132,91,2,20
132,92,1,2
132,92,2,20
132,93,1,2
132,93,2,20
132,94,1,2
132,94,2,20
132,95,1,2
132,95,2,20
132,96,1,3
132,96,2,20
132,97,1,5
132,97,2,20
132,98,1,3
132,98,2,20
132,99,1,2
132,99,2,20
132,100,1,2
132,100,2,20
132,101,1,2
132,101,2,20
132,102,1,2
132,102,2,20
132,103,1,2
132,103,2,20
132,104,1,3
132,104,2,20
132,105,1,3
132,105,2,20
132,106,1,3
132,106,2,20
132,107,1,3
132,107,2,20
132,108,1,3
132,108,2,20
132,109,1,3
132,109,2,20
132,110,1,3
132,110,2,20
132,111,1,3
132,111,2,20
132,112,1,5
132,112,2,20
132,113,1,3
132,113,2,20
132,114,1,3
132,114,2,20
132,115,1,3
132,115,2,20
132,116,1,3
132,116,2,20
132,117,1,3
132,117,2,20
132,118,1,3
132,118,2,20
132,119,1,3
132,119,2,20
132,120,1,4
132,120,2,20
132,121,1,4
132,121,2,20
132,122,1,4
132,122,2,20
132,123,1,4
132,123,2,20
132,124,1,4
132,124,2,20
132,125,1,4
132,125,2,20
132,126,1,4
132,126,2,20
132,127,1,5
132,127,2,20
132,128,1,4
132,128,2,20
132,129,1,4
132,129,2,20
132,130,1,4
132,130,2,20
132,131,1,4
132,131,2,20
132,132,1,4
132,132,2,20
132,133,1,4
132,133,2,20
132,134,1,4
132,134,2,20
133,0,1,4
133,0,2,20
133,1,1,4
133,1,2,20
133,2,1,4
133,2,2,20
133,3,1,4
133,3,2,20
133,4,1,4
133,4,2,20
133,5,1,4
133,5,2,20
133,6,1,4
133,6,2,20
133,7,1,5
133,7,2,20
133,8,1,4
133,8,2,20
133,9,1,4
133,9,2,20
133,10,1,4
133,10,2,20
133,11,1,4
133,11,2,20
133,12,1,4
133,12,2,20
133,13,1,4
133,13,2,20
133,14,1,4
133,14,2,20
133,15,1,3
133,15,2,20
133,16,1,3
133,16,2,20
133,17,1,3
133,17,2,20
133,18,1,3
133,18,2,20
133,19,1,3
133,19,2,20
133,20,1,3
133,20,2,20
133,21,1,3
133,21,2,20
133,22,1,5
133,22,2,20
133,23,1,3
133,23,2,20
133,24,1,3
133,24,2,20
133,25,1,3
133,25,2,20
133,26,1,3
133,26,2,20
133,27,1,3
133,27,2,20
133,28,1,3
133,28,2,20
133,29,1,3
133,29,2,20
133,30,1,3
133,30,2,20
133,31,1,2
133,31,2,20
133,32,1,2
133,32,2,20
133,33,1,2
133,33,2,20
133,34,1,2
133,34,2,20
133,35,1,2
133,35,2,20
133,36,1,3
133,36,2,20
133,37,1,5
133,37,2,20
133,38,1,3
133,38,2,20
133,39,1,2
133,39,2,20
133,40,1,2
133,40,2,20
133,41,1,2
133,41,2,20
133,42,1,2
133,42,2,20
133,43,1,2
133,43,2,20
133,44,1,3
133,44,2,20
133,45,1,3
133,45,2,20
133,46,1,2
133,46,2,20
133,47,1,1
133,47,2,20
133,48,1,1
133,48,2,20
133,49,1,1
133,49,2,20
133,50,1,2
133,50,2,20
133,51,1,3
133,51,2,20
133,52,1,5
133,52,2,20
133,53,1,3
133,53,2,20
133,54,1,2
133,54,2,20
133,55,1,1
133,55,2,20
133,56,1,1
133,56,2,20
133,57,1,1
133,57,2,20
133,58,1,2
133,58,2,20
133,59,1,3
133,59,2,20
133,60,1,3
133,60,2,20
133,61,1,2
133,61,2,20
133,62,1,1
133,62,2,20
133,63,1,0
133,63,2,20
133,64,1,1
133,64,2,20
133,65,1,2
133,65,2,20
133,66,1,3
133,66,2,20
133,67,1,5
133,67,2,20
133,68,1,3
133,68,2,20
133,69,1,2
133,69,2,20
133,70,1,1
133,70,2,20
133,71,1,0
133,71,2,20
133,72,1,1
133,72,2,20
133,73,1,2
133,73,2,20
133,74,1,3
133,74,2,20
133,75,1,3
133,75,2,20
133,76,1,2
133,76,2,20
133,77,1,1
133,77,2,20
133,78,1,1
133,78,2,20
133,79,1,1
133,79,2,20
133,80,1,2
133,80,2,20
133,81,1,3
133,81,2,20
133,82,1,5
133,82,2,20
133,83,1,3
133,83,2,20
133,84,1,2
133,84,2,20
133,85,1,1
133,85,2,20
133,86,1,1
133,86,2,20
133,87,1,1
133,87,2,20
133,88,1,2
133,88,2,20
133,89,1,3
133,89,2,20
133,90,1,3
133,90,2,20
133,91,1,2
133,91,2,20
133,92,1,2
133,92,2,20
133,93,1,2
133,93,2,20
133,94,1,2
133,94,2,20
133,95,1,2
133,95,2,20
133,96,1,3
133,96,2,20
133,97,1,5
133,97,2,20
133,98,1,3
133,98,2,20
133,99,1,2
133,99,2,20
133,100,1,2
133,100,2,20
133,101,1,2
133,101,2,20
133,102,1,2
133,102,2,20
133,103,1,2
133,103,2,20
133,104,1,3
133,104,2,20
133,105,1,3
133,105,2,20
133,106,1,3
133,106,2,20
133,107,1,3
133,107,2,20
133,108,1,3
133,108,2,20
133,109,1,3
133,109,2,20
133,110,1,3
133,110,2,20
133,111,1,3
133,111,2,20
133,112,1,5
133,112,2,20
133,113,1,3
133,113,2,20
133,114,1,3
133,114,2,20
133,115,1,3
133,115,2,20
133,116,1,3
133,116,2,20
133,117,1,3
133,117,2,20
133,118,1,3
133,118,2,20
133,119,1,3
133,119,2,20
133,120,1,4
133,120,2,20
133,121,1,4
133,121,2,20
133,122,1,4
133,122,2,20
133,123,1,4
133,123,2,20
133,124,1,4
133,124,2,20
133,125,1,4
133,125,2,20
133,126,1,4
133,126,2,20
133,127,1,5
133,127,2,20
133,128,1,4
133,128,2,20
133,129,1,4
133,129,2,20
133,130,1,4
133,130,2,20
133,131,1,4
133,131,2,20
133,132,1,4
133,132,2,20
133,133,1,4
133,133,2,20
133,134,1,4
133,134,2,20
134,0,1,4
134,0,2,20
134,1,1,4
134,1,2,20
134,2,1,4
134,2,2,20
134,3,1,4
134,3,2,20
134,4,1,4
134,4,2,20
134,5,1,4
134,5,2,20
134,6,1,4
134,6,2,20
134,7,1,5
134,7,2,20
134,8,1,4
134,8,2,20
134,9,1,4
134,9,2,20
134,10,1,4
134,10,2,20
134,11,1,4
134,11,2,20
134,12,1,4
134,12,2,20
134,13,1,4
134,13,2,20
134,14,1,4
134,14,2,20
134,15,1,3
134,15,2,20
134,16,1,3
134,16,2,20
134,17,1,3
134,17,2,20
134,18,1,3
134,18,2,20
134,19,1,3
134,19,2,20
134,20,1,3
134,20,2,20
134,21,1,3
134,21,2,20
134,22,1,5
134,22,2,20
134,23,1,3
134,23,2,20
134,24,1,3
134,24,2,20
134,25,1,3
134,25,2,20
134,26,1,3
134,26,2,20
134,27,1,3
134,27,2,20
134,28,1,3
134,28,2,20
134,29,1,3
134,29,2,20
134,30,1,3
134,30,2,20
134,31,1,2
134,31,2,20
134,32,1,2
134,32,2,20
134,33,1,2
134,33,2,20
134,34,1,2
134,34,2,20
134,35,1,2
134,35,2,20
134,36,1,3
134,36,2,20
134,37,1,5
134,37,2,20
134,38,1,3
134,38,2,20
134,39,1,2
134,39,2,20
134,40,1,2
134,40,2,20
134,41,1,2
134,41,2,20
134,42,1,2
134,42,2,20
134,43,1,2
134,43,2,20
134,44,1,3
134,44,2,20
134,45,1,3
134,45,2,20
134,46,1,2
134,46,2,20
134,47,1,1
134,47,2,20
134,48,1,1
134,48,2,20
134,49,1,1
134,49,2,20
134,50,1,2
134,50,2,20
134,51,1,3
134,51,2,20
134,52,1,5
134,52,2,20
134,53,1,3
134,53,2,20
134,54,1,2
134,54,2,20
134,55,1,1
134,55,2,20
134,56,1,1
134,56,2,20
134,57,1,1
134,57,2,20
134,58,1,2
134,58,2,20
134,59,1,3
134,59,2,20
134,60,1,3
134,60,2,20
134,61,1,2
134,61,2,20
134,62,1,1
134,62,2,20
134,63,1,0
134,63,2,20
134,64,1,1
134,64,2,20
134,65,1,2
134,65,2,20
134,66,1,3
134,66,2,20
134,67,1,5
134,67,2,20
134,68,1,3
134,68,2,20
134,69,1,2
134,69,2,20
134,70,1,1
134,70,2,20
134,71,1,0
134,71,2,20
134,72,1,1
134,72,2,20
134,73,1,2
134,73,2,20
134,74,1,3
134,74,2,20
134,75,1,3
134,75,2,20
134,76,1,2
134,76,2,20
134,77,1,1
134,77,2,20
134,78,1,1
134,78,2,20
134,79,1,1
134,79,2,20
134,80,1,2
134,80,2,20
134,81,1,3
134,81,2,20
134,82,1,5
134,82,2,20
134,83,1,3
134,83,2,20
134,84,1,2
134,84,2,20
134,85,1,1
134,85,2,20
134,86,1,1
134,86,2,20
134,87,1,1
134,87,2,20
134,88,1,2
134,88,2,20
134,89,1,3
134,89,2,20
134,90,1,3
134,90,2,20
134,91,1,2
134,91,2,20
134,92,1,2
134,92,2,20
134,93,1,2
134,93,2,20
134,94,1,2
134,94,2,20
134,95,1,2
134,95,2,20
134,96,1,3
134,96,2,20
134,97,1,5
134,97,2,20
134,98,1,3
134,98,2,20
134,99,1,2
134,99,2,20
134,100,1,2
134,100,2,20
134,101,1,2
134,101,2,20
134,102,1,2
134,102,2,20
134,103,1,2
134,103,2,20
134,104,1,3
134,104,2,20
134,105,1,3
134,105,2,20
134,106,1,3
134,106,2,20
134,107,1,3
134,107,2,20
134,108,1,3
134,108,2,20
134,109,1,3
134,109,2,20
134,110,1,3
134,110,2,20
134,111,1,3
134,111,2,20
134,112,1,5
134,112,2,20
134,113,1,3
134,113,2,20
134,114,1,3
134,114,2,20
134,115,1,3
134,115,2,20
134,116,1,3
134,116,2,20
134,117,1,3
134,117,2,20
134,118,1,3
134,118,2,20
134,119,1,3
134,119,2,20
134,120,1,4
134,120,2,20
134,121,1,4
134,121,2,20
134,122,1,4
134,122,2,20
134,123,1,4
134,123,2,20
134,124,1,4
134,124,2,20
134,125,1,4
134,125,2,20
134,126,1,4
134,126,2,20
134,127,1,5
134,127,2,20
134,128,1,4
134,128,2,20
134,129,1,4
134,129,2,20
134,130,1,4
134,130,2,20
134,131,1,4
134,131,2,20
134,132,1,4
134,132,2,20
134,133,1,4
134,133,2,20
134,134,1,4
134,134,2,20
135,0,1,4
135,0,2,20
135,1,1,4
135,1,2,20
135,2,1,4
135,2,2,20
135,3,1,4
135,3,2,20
135,4,1,4
135,4,2,20
135,5,1,4
135,5,2,20
135,6,1,4
135,6,2,20
135,7,1,5
135,7,2,20
135,8,1,4
135,8,2,20
135,9,1,4
135,9,2,20
135,10,1,4
135,10,2,20
135,11,1,4
135,11,2,20
135,12,1,4
135,12,2,20
135,13,1,4
135,13,2,20
135,14,1,4
135,14,2,20
135,15,1,3
135,15,2,20
135,16,1,3
135,16,2,20
135,17,1,3
135,17,2,20
135,18,1,3
135,18,2,20
135,19,1,3
135,19,2,20
135,20,1,3
135,20,2,20
135,21,1,3
135,21,2,20
135,22,1,5
135,22,2,20
135,23,1,3
135,23,2,20
135,24,1,3
135,24,2,20
135,25,1,3
135,25,2,20
135,26,1,3
135,26,2,20
135,27,1,3
135,27,2,20
135,28,1,3
135,28,2,20
135,29,1,3
135,29,2,20
135,30,1,3
135,30,2,20
135,31,1,2
135,31,2,20
135,32,1,2
135,32,2,20
135,33,1,2
135,33,2,20
135,34,1,2
135,34,2,20
135,35,1,2
135,35,2,20
135,36,1,3
135,36,2,20
135,37,1,5
135,37,2,20
135,38,1,3
135,38,2,20
135,39,1,2
135,39,2,20
135,40,1,2
135,40,2,20
135,41,1,2
135,41,2,20
135,42,1,2
135,42,2,20
135,43,1,2
135,43,2,20
135,44,1,3
135,44,2,20
135,45,1,3
135,45,2,20
135,46,1,2
135,46,2,20
135,47,1,1
135,47,2,20
135,48,1,1
135,48,2,20
135,49,1,1
135,49,2,20
135,50,1,2
135,50,2,20
135,51,1,3
135,51,2,20
135,52,1,5
135,52,2,20
135,53,1,3
135,53,2,20
135,54,1,2
135,54,2,20
135,55,1,1
135,55,2,20
135,56,1,1
135,56,2,20
135,57,1,1
135,57,2,20
135,58,1,2
135,58,2,20
135,59,1,3
135,59,2,20
135,60,1,3
135,60,2,20
135,61,1,2
135,61,2,20
135,62,1,1
135,62,2,20
135,63,1,0
135,63,2,20
135,64,1,1
135,64,2,20
135,65,1,2
135,65,2,20
135,66,1,3
135,66,2,20
135,67,1,5
135,67,2,20
135,68,1,3
135,68,2,20
135,69,1,2
135,69,2,20
135,70,1,1
135,70,2,20
135,71,1,0
135,71,2,20
135,72,1,1
135,72,2,20
135,73,1,2
135,73,2,20
135,74,1,3
135,74,2,20
135,75,1,3
135,75,2,20
135,76,1,2
135,76,2,20
135,77,1,1
135,77,2,20
135,78,1,1
135,78,2,20
135,79,1,1
135,79,2,20
135,80,1,2
135,80,2,20
135,81,1,3
135,81,2,20
135,82,1,5
135,82,2,20
135,83,1,3
135,83,2,20
135,84,1,2
135,84,2,20
135,85,1,1
135,85,2,20
135,86,1,1
135,86,2,20
135,87,1,1
135,87,2,20
135,88,1,2
135,88,2,20
135,89,1,3
135,89,2,20
135,90,1,3
135,90,2,20
135,91,1,2
135,91,2,20
135,92,1,2
135,92,2,20
135,93,1,2
135,93,2,20
135,94,1,2
135,94,2,20
135,95,1,2
135,95,2,20
135,96,1,3
135,96,2,20
135,97,1,5
135,97,2,20
135,98,1,3
135,98,2,20
135,99,1,2
135,99,2,20
135,100,1,2
135,100,2,20
135,101,1,2
135,101,2,20
135,102,1,2
135,102,2,20
135,103,1,2
135,103,2,20
135,104,1,3
135,104,2,20
135,105,1,3
135,105,2,20
135,106,1,3
135,106,2,20
135,107,1,3
135,107,2,20
135,108,1,3
135,108,2,20
135,109,1,3
135,109,2,20
135,110,1,3
135,110,2,20
135,111,1,3
135,111,2,20
135,112,1,5
135,112,2,20
135,113,1,3
135,113,2,20
135,114,1,3
135,114,2,20
135,115,1,3
135,115,2,20
135,116,1,3
135,116,2,20
135,117,1,3
135,117,2,20
135,118,1,3
135,118,2,20
135,119,1,3
135,119,2,20
135,120,1,4
135,120,2,20
135,121,1,4
135,121,2,20
135,122,1,4
135,122,2,20
135,123,1,4
135,123,2,20
135,124,1,4
135,124,2,20
135,125,1,4
135,125,2,20
135,126,1,4
135,126,2,20
135,127,1,5
135,127,2,20
135,128,1,4
135,128,2,20
135,129,1,4
135,129,2,20
135,130,1,4
135,130,2,20
135,131,1,4
135,131,2,20
135,132,1,4
135,132,2,20
135,133,1,4
135,133,2,20
135,134,1,4
135,134,2,20
136,0,1,4
136,0,2,20
136,1,1,4
136,1,2,20
136,2,1,4
136,2,2,20
136,3,1,4
136,3,2,20
136,4,1,4
136,4,2,20
136,5,1,4
136,5,2,20
136,6,1,4
136,6,2,20
136,7,1,5
136,7,2,20
136,8,1,4
136,8,2,20
136,9,1,4
136,9,2,20
136,10,1,4
136,10,2,20
136,11,1,4
136,11,2,20
136,12,1,4
136,12,2,20
136,13,1,4
136,13,2,20
136,14,1,4
136,14,2,20
136,15,1,3
136,15,2,20
136,16,1,3
136,16,2,20
136,17,1,3
136,17,2,20
136,18,1,3
136,18,2,20
136,19,1,3
136,19,2,20
136,20,1,3
136,20,2,20
136,21,1,3
136,21,2,20
136,22,1,5
136,22,2,20
136,23,1,3
136,23,2,20
136,24,1,3
136,24,2,20
136,25,1,3
136,25,2,20
136,26,1,3
136,26,2,20
136,27,1,3
136,27,2,20
136,28,1,3
136,28,2,20
136,29,1,3
136,29,2,20
136,30,1,3
136,30,2,20
136,31,1,2
136,31,2,20
136,32,1,2
136,32,2,20
136,33,1,2
136,33,2,20
136,34,1,2
136,34,2,20
136,35,1,2
136,35,2,20
136,36,1,3
136,36,2,20
136,37,1,5
136,37,2,20
136,38,1,3
136,38,2,20
136,39,1,2
136,39,2,20
136,40,1,2
136,40,2,20
136,41,1,2
136,41,2,20
136,42,1,2
136,42,2,20
136,43,1,2
136,43,2,20
136,44,1,3
136,44,2,20
136,45,1,3
136,45,2,20
136,46,1,2
136,46,2,20
136,47,1,1
136,47,2,20
136,48,1,1
136,48,2,20
136,49,1,1
136,49,2,20
136,50,1,2
136,50,2,20
136,51,1,3
136,51,2,20
136,52,1,5
136,52,2,20
136,53,1,3
136,53,2,20
136,54,1,2
136,54,2,20
136,55,1,1
136,55,2,20
136,56,1,1
136,56,2,20
136,57,1,1
136,57,2,20
136,58,1,2
136,58,2,20
136,59,1,3
136,59,2,20
136,60,1,3
136,60,2,20
136,61,1,2
136,61,2,20
136,62,1,1
136,62,2,20
136,63,1,0
136,63,2,20
136,64,1,1
136,64,2,20
136,65,1,2
136,65,2,20
136,66,1,3
136,66,2,20
136,67,1,5
136,67,2,20
136,68,1,3
136,68,2,20
136,69,1,2
136,69,2,20
136,70,1,1
136,70,2,20
136,71,1,0
136,71,2,20
136,72,1,1
136,72,2,20
136,73,1,2
136,73,2,20
136,74,1,3
136,74,2,20
136,75,1,3
136,75,2,20
136,76,1,2
136,76,2,20
136,77,1,1
136,77,2,20
136,78,1,1
136,78,2,20
136,79,1,1
136,79,2,20
136,80,1,2
136,80,2,20
136,81,1,3
136,81,2,20
136,82,1,5
136,82,2,20
136,83,1,3
136,83,2,20
136,84,1,2
136,84,2,20
136,85,1,1
136,85,2,20
136,86,1,1
136,86,2,20
136,87,1,1
136,87,2,20
136,88,1,2
136,88,2,20
136,89,1,3
136,89,2,20
136,90,1,3
136,90,2,20
136,91,1,2
136,91,2,20
136,92,1,2
136,92,2,20
136,93,1,2
136,93,2,20
136,94,1,2
136,94,2,20
136,95,1,2
136,95,2,20
136,96,1,3
136,96,2,20
136,97,1,5
136,97,2,20
136,98,1,3
136,98,2,20
136,99,1,2
136,99,2,20
136,100,1,2
136,100,2,20
136,101,1,2
136,101,2,20
136,102,1,2
136,102,2,20
136,103,1,2
136,103,2,20
136,104,1,3
136,104,2,20
136,105,1,3
136,105,2,20
136,106,1,3
136,106,2,20
136,107,1,3
136,107,2,20
136,108,1,3
136,108,2,20
136,109,1,3
136,109,2,20
136,110,1,3
136,110,2,20
136,111,1,3
136,111,2,20
136,112,1,5
136,112,2,20
136,113,1,3
136,113,2,20
136,114,1,3
136,114,2,20
136,115,1,3
136,115,2,20
136,116,1,3
136,116,2,20
136,117,1,3
136,117,2,20
136,118,1,3
136,118,2,20
136,119,1,3
136,119,2,20
136,120,1,4
136,120,2,20
136,121,1,4
136,121,2,20
136,122,1,4
136,122,2,20
136,123,1,4
136,123,2,20
136,124,1,4
136,124,2,20
136,125,1,4
136,125,2,20
136,126,1,4
136,126,2,20
136,127,1,5
136,127,2,20
136,128,1,4
136,128,2,20
136,129,1,4
136,129,2,20
136,130,1,4
136,130,2,20
136,131,1,4
136,131,2,20
136,132,1,4
136,132,2,20
136,133,1,4
136,133,2,20
136,134,1,4
136,134,2,20
137,0,1,4
137,0,2,20
137,1,1,4
137,1,2,20
137,2,1,4
137,2,2,20
137,3,1,4
137,3,2,20
137,4,1,4
137,4,2,20
137,5,1,4
137,5,2,20
137,6,1,4
137,6,2,20
137,7,1,5
137,7,2,20
137,8,1,4
137,8,2,20
137,9,1,4
137,9,2,20
137,10,1,4
137,10,2,20
137,11,1,4
137,11,2,20
137,12,1,4
137,12,2,20
137,13,1,4
137,13,2,20
137,14,1,4
137,14,2,20
137,15,1,3
137,15,2,20
137,16,1,3
137,16,2,20
137,17,1,3
137,17,2,20
137,18,1,3
137,18,2,20
137,19,1,3
137,19,2,20
137,20,1,3
137,20,2,20
137,21,1,3
137,21,2,20
137,22,1,5
137,22,2,20
137,23,1,3
137,23,2,20
137,24,1,3
137,24,2,20
137,25,1,3
137,25,2,20
137,26,1,3
137,26,2,20
137,27,1,3
137,27,2,20
137,28,1,3
137,28,2,20
137,29,1,3
137,29,2,20
137,30,1,3
137,30,2,20
137,31,1,2
137,31,2,20
137,32,1,2
137,32,2,20
137,33,1,2
137,33,2,20
137,34,1,2
137,34,2,20
137,35,1,2
137,35,2,20
137,36,1,3
137,36,2,20
137,37,1,5
137,37,2,20
137,38,1,3
137,38,2,20
137,39,1,2
137,39,2,20
137,40,1,2
137,40,2,20
137,41,1,2
137,41,2,20
137,42,1,2
137,42,2,20
137,43,1,2
137,43,2,20
137,44,1,3
137,44,2,20
137,45,1,3
137,45,2,20
137,46,1,2
137,46,2,20
137,47,1,1
137,47,2,20
137,48,1,1
137,48,2,20
137,49,1,1
137,49,2,20
137,50,1,2
137,50,2,20
137,51,1,3
137,51,2,20
137,52,1,5
137,52,2,20
137,53,1,3
137,53,2,20
137,54,1,2
137,54,2,20
137,55,1,1
137,55,2,20
137,56,1,1
137,56,2,20
137,57,1,1
137,57,2,20
137,58,1,2
137,58,2,20
137,59,1,3
137,59,2,20
137,60,1,3
137,60,2,20
137,61,1,2
137,61,2,20
137,62,1,1
137,62,2,20
137,63,1,0
137,63,2,20
137,64,1,1
137,64,2,20
137,65,1,2
137,65,2,20
137,66,1,3
137,66,2,20
137,67,1,5
137,67,2,20
137,68,1,3
137,68,2,20
137,69,1,2
137,69,2,20
137,70,1,1
137,70,2,20
137,71,1,0
137,71,2,20
137,72,1,1
137,72,2,20
137,73,1,2
137,73,2,20
137,74,1,3
137,74,2,20
137,75,1,3
137,75,2,20
137,76,1,2
137,76,2,20
137,77,1,1
137,77,2,20
137,78,1,1
137,78,2,20
137,79,1,1
137,79,2,20
137,80,1,2
137,80,2,20
137,81,1,3
137,81,2,20
137,82,1,5
137,82,2,20
137,83,1,3
137,83,2,20
137,84,1,2
137,84,2,20
137,85,1,1
137,85,2,20
137,86,1,1
137,86,2,20
137,87,1,1
137,87,2,20
137,88,1,2
137,88,2,20
137,89,1,3
137,89,2,20
137,90,1,3
137,90,2,20
137,91,1,2
137,91,2,20
137,92,1,2
137,92,2,20
137,93,1,2
137,93,2,20
137,94,1,2
137,94,2,20
137,95,1,2
137,95,2,20
137,96,1,3
137,96,2,20
137,97,1,5
137,97,2,20
137,98,1,3
137,98,2,20
137,99,1,2
137,99,2,20
137,100,1,2
137,100,2,20
137,101,1,2
137,101,2,20
137,102,1,2
137,102,2,20
137,103,1,2
137,103,2,20
137,104,1,3
137,104,2,20
137,105,1,3
137,105,2,20
137,106,1,3
137,106,2,20
137,107,1,3
137,107,2,20
137,108,1,3
137,108,2,20
137,109,1,3
137,109,2,20
137,110,1,3
137,110,2,20
137,111,1,3
137,111,2,20
137,112,1,5
137,112,2,20
137,113,1,3
137,113,2,20
137,114,1,3
137,114,2,20
137,115,1,3
137,115,2,20
137,116,1,3
137,116,2,20
137,117,1,3
137,117,2,20
137,118,1,3
137,118,2,20
137,119,1,3
137,119,2,20
137,120,1,4
137,120,2,20
137,121,1,4
137,121,2,20
137,122,1,4
137,122,2,20
137,123,1,4
137,123,2,20
137,124,1,4
137,124,2,20
137,125,1,4
137,125,2,20
137,126,1,4
137,126,2,20
137,127,1,5
137,127,2,20
137,128,1,4
137,128,2,20
137,129,1,4
137,129,2,20
137,130,1,4
137,130,2,20
137,131,1,4
137,131,2,20
137,132,1,4
137,132,2,20
137,133,1,4
137,133,2,20
137,134,1,4
137,134,2,20
138,0,1,4
138,0,2,20
138,1,1,4
138,1,2,20
138,2,1,4
138,2,2,20
138,3,1,4
138,3,2,20
138,4,1,4
138,4,2,20
138,5,1,4
138,5,2,20
138,6,1,4
138,6,2,20
138,7,1,5
138,7,2,20
138,8,1,4
138,8,2,20
138,9,1,4
138,9,2,20
138,10,1,4
138,10,2,20
138,11,1,4
138,11,2,20
138,12,1,4
138,12,2,20
138,13,1,4
138,13,2,20
138,14,1,4
138,14,2,20
138,15,1,3
138,15,2,20
138,16,1,3
138,16,2,20
138,17,1,3
138,17,2,20
138,18,1,3
138,18,2,20
138,19,1,3
138,19,2,20
138,20,1,3
138,20,2,20
138,21,1,3
138,21,2,20
138,22,1,5
138,22,2,20
138,23,1,3
138,23,2,20
138,24,1,3
138,24,2,20
138,25,1,3
138,25,2,20
138,26,1,3
138,26,2,20
138,27,1,3
138,27,2,20
138,28,1,3
138,28,2,20
138,29,1,3
138,29,2,20
138,30,1,3
138,30,2,20
138,31,1,2
138,31,2,20
138,32,1,2
138,32,2,20
138,33,1,2
138,33,2,20
138,34,1,2
138,34,2,20
138,35,1,2
138,35,2,20
138,36,1,3
138,36,2,20
138,37,1,5
138,37,2,20
138,38,1,3
138,38,2,20
138,39,1,2
138,39,2,20
138,40,1,2
138,40,2,20
138,41,1,2
138,41,2,20
138,42,1,2
138,42,2,20
138,43,1,2
138,43,2,20
138,44,1,3
138,44,2,20
138,45,1,3
138,45,2,20
138,46,1,2
138,46,2,20
138,47,1,1
138,47,2,20
138,48,1,1
138,48,2,20
138,49,1,1
138,49,2,20
138,50,1,2
138,50,2,20
138,51,1,3
138,51,2,20
138,52,1,5
138,52,2,20
138,53,1,3
138,53,2,20
138,54,1,2
138,54,2,20
138,55,1,1
138,55,2,20
138,56,1,1
138,56,2,20
138,57,1,1
138,57,2,20
138,58,1,2
138,58,2,20
138,59,1,3
138,59,2,20
138,60,1,3
138,60,2,20
138,61,1,2
138,61,2,20
138,62,1,1
138,62,2,20
138,63,1,0
138,63,2,20
138,64,1,1
138,64,2,20
138,65,1,2
138,65,2,20
138,66,1,3
138,66,2,20
138,67,1,5
138,67,2,20
138,68,1,3
138,68,2,20
138,69,1,2
138,69,2,20
138,70,1,1
138,70,2,20
138,71,1,0
138,71,2,20
138,72,1,1
138,72,2,20
138,73,1,2
138,73,2,20
138,74,1,3
138,74,2,20
138,75,1,3
138,75,2,20
138,76,1,2
138,76,2,20
138,77,1,1
138,77,2,20
138,78,1,1
138,78,2,20
138,79,1,1
138,79,2,20
138,80,1,2
138,80,2,20
138,81,1,3
138,81,2,20
138,82,1,5
138,82,2,20
138,83,1,3
138,83,2,20
138,84,1,2
138,84,2,20
138,85,1,1
138,85,2,20
138,86,1,1
138,86,2,20
138,87,1,1
138,87,2,20
138,88,1,2
138,88,2,20
138,89,1,3
138,89,2,20
138,90,1,3
138,90,2,20
138,91,1,2
138,91,2,20
138,92,1,2
138,92,2,20
138,93,1,2
138,93,2,20
138,94,1,2
138,94,2,20
138,95,1,2
138,95,2,20
138,96,1,3
138,96,2,20
138,97,1,5
138,97,2,20
138,98,1,3
138,98,2,20
138,99,1,2
138,99,2,20
138,100,1,2
138,100,2,20
138,101,1,2
138,101,2,20
138,102,1,2
138,102,2,20
138,103,1,2
138,103,2,20
138,104,1,3
138,104,2,20
138,105,1,3
138,105,2,20
138,106,1,3
138,106,2,20
138,107,1,3
138,107,2,20
138,108,1,3
138,108,2,20
138,109,1,3
138,109,2,20
138,110,1,3
138,110,2,20
138,111,1,3
138,111,2,20
138,112,1,5
138,112,2,20
138,113,1,3
138,113,2,20
138,114,1,3
138,114,2,20
138,115,1,3
138,115,2,20
138,116,1,3
138,116,2,20
138,117,1,3
138,117,2,20
138,118,1,3
138,118,2,20
138,119,1,3
138,119,2,20
138,120,1,4
138,120,2,20
138,121,1,4
138,121,2,20
138,122,1,4
138,122,2,20
138,123,1,4
138,123,2,20
138,124,1,4
138,124,2,20
138,125,1,4
138,125,2,20
138,126,1,4
138,126,2,20
138,127,1,5
138,127,2,20
138,128,1,4
138,128,2,20
138,129,1,4
138,129,2,20
138,130,1,4
138,130,2,20
138,131,1,4
138,131,2,20
138,132,1,4
138,132,2,20
138,133,1,4
138,133,2,20
138,134,1,4
138,134,2,20
139,0,1,4
139,0,2,20
139,1,1,4
139,1,2,20
139,2,1,4
139,2,2,20
139,3,1,4
139,3,2,20
139,4,1,4
139,4,2,20
139,5,1,4
139,5,2,20
139,6,1,4
139,6,2,20
139,7,1,5
139,7,2,20
139,8,1,4
139,8,2,20
139,9,1,4
139,9,2,20
139,10,1,4
139,10,2,20
139,11,1,4
139,11,2,20
139,12,1,4
139,12,2,20
139,13,1,4
139,13,2,20
139,14,1,4
139,14,2,20
139,15,1,3
139,15,2,20
139,16,1,3
139,16,2,20
139,17,1,3
139,17,2,20
139,18,1,3
139,18,2,20
139,19,1,3
139,19,2,20
139,20,1,3
139,20,2,20
139,21,1,3
139,21,2,20
139,22,1,5
139,22,2,20
139,23,1,3
139,23,2,20
139,24,1,3
139,24,2,20
139,25,1,3
139,25,2,20
139,26,1,3
139,26,2,20
139,27,1,3
139,27,2,20
139,28,1,3
139,28,2,20
139,29,1,3
139,29,2,20
139,30,1,3
139,30,2,20
139,31,1,2
139,31,2,20
139,32,1,2
139,32,2,20
139,33,1,2
139,33,2,20
139,34,1,2
139,34,2,20
139,35,1,2
139,35,2,20
139,36,1,3
139,36,2,20
139,37,1,5
139,37,2,20
139,38,1,3
139,38,2,20
139,39,1,2
139,39,2,20
139,40,1,2
139,40,2,20
139,41,1,2
139,41,2,20
139,42,1,2
139,42,2,20
139,43,1,2
139,43,2,20
139,44,1,3
139,44,2,20
139,45,1,3
139,45,2,20
139,46,1,2
139,46,2,20
139,47,1,1
139,47,2,20
139,48,1,1
139,48,2,20
139,49,1,1
139,49,2,20
139,50,1,2
139,50,2,20
139,51,1,3
139,51,2,20
139,52,1,5
139,52,2,20
139,53,1,3
139,53,2,20
139,54,1,2
139,54,2,20
139,55,1,1
139,55,2,20
139,56,1,1
139,56,2,20
139,57,1,1
139,57,2,20
139,58,1,2
139,58,2,20
139,59,1,3
139,59,2,20
139,60,1,3
139,60,2,20
139,61,1,2
139,61,2,20
139,62,1,1
139,62,2,20
139,63,1,0
139,63,2,20
139,64,1,1
139,64,2,20
139,65,1,2
139,65,2,20
139,66,1,3
139,66,2,20
139,67,1,5
139,67,2,20
139,68,1,3
139,68,2,20
139,69,1,2
139,69,2,20
139,70,1,1
139,70,2,20
139,71,1,0
139,71,2,20
139,72,1,1
139,72,2,20
139,73,1,2
139,73,2,20
139,74,1,3
139,74,2,20
139,75,1,3
139,75,2,20
139,76,1,2
139,76,2,20
139,77,1,1
139,77,2,20
139,78,1,1
139,78,2,20
139,79,1,1
139,79,2,20
139,80,1,2
139,80,2,20
139,81,1,3
139,81,2,20
139,82,1,5
139,82,2,20
139,83,1,3
139,83,2,20
139,84,1,2
139,84,2,20
139,85,1,1
139,85,2,20
139,86,1,1
139,86,2,20
139,87,1,1
139,87,2,20
139,88,1,2
139,88,2,20
139,89,1,3
139,89,2,20
139,90,1,3
139,90,2,20
139,91,1,2
139,91,2,20
139,92,1,2
139,92,2,20
139,93,1,2
139,93,2,20
139,94,1,2
139,94,2,20
139,95,1,2
139,95,2,20
139,96,1,3
139,96,2,20
139,97,1,5
139,97,2,20
139,98,1,3
139,98,2,20
139,99,1,2
139,99,2,20
139,100,1,2
139,100,2,20
139,101,1,2
139,101,2,20
139,102,1,2
139,102,2,20
139,103,1,2
139,103,2,20
139,104,1,3
139,104,2,20
139,105,1,3
139,105,2,20
139,106,1,3
139,106,2,20
139,107,1,3
139,107,2,20
139,108,1,3
139,108,2,20
139,109,1,3
139,109,2,20
139,110,1,3
139,110,2,20
139,111,1,3
139,111,2,20
139,112,1,5
139,112,2,20
139,113,1,3
139,113,2,20
139,114,1,3
139,114,2,20
139,115,1,3
139,115,2,20
139,116,1,3
139,116,2,20
139,117,1,3
139,117,2,20
139,118,1,3
139,118,2,20
139,119,1,3
139,119,2,20
139,120,1,4
139,120,2,20
139,121,1,4
139,121,2,20
139,122,1,4
139,122,2,20
139,123,1,4
139,123,2,20
139,124,1,4
139,124,2,20
139,125,1,4
139,125,2,20
139,126,1,4
139,126,2,20
139,127,1,5
139,127,2,20
139,128,1,4
139,128,2,20
139,129,1,4
139,129,2,20
139,130,1,4
139,130,2,20
139,131,1,4
139,131,2,20
139,132,1,4
139,132,2,20
139,133,1,4
139,133,2,20
139,134,1,4
139,134,2,20
140,0,1,4
140,0,2,20
140,1,1,4
140,1,2,20
140,2,1,4
140,2,2,20
140,3,1,4
140,3,2,20
140,4,1,4
140,4,2,20
140,5,1,4
140,5,2,20
140,6,1,4
140,6,2,20
140,7,1,5
140,7,2,20
140,8,1,4
140,8,2,20
140,9,1,4
140,9,2,20
140,10,1,4
140,10,2,20
140,11,1,4
140,11,2,20
140,12,1,4
140,12,2,20
140,13,1,4
140,13,2,20
140,14,1,4
140,14,2,20
140,15,1,3
140,15,2,20
140,16,1,3
140,16,2,20
140,17,1,3
140,17,2,20
140,18,1,3
140,18,2,20
140,19,1,3
140,19,2,20
140,20,1,3
140,20,2,20
140,21,1,3
140,21,2,20
140,22,1,5
140,22,2,20
140,23,1,3
140,23,2,20
140,24,1,3
140,24,2,20
140,25,1,3
140,25,2,20
140,26,1,3
140,26,2,20
140,27,1,3
140,27,2,20
140,28,1,3
140,28,2,20
140,29,1,3
140,29,2,20
140,30,1,3
140,30,2,20
140,31,1,2
140,31,2,20
140,32,1,2
140,32,2,20
140,33,1,2
140,33,2,20
140,34,1,2
140,34,2,20
140,35,1,2
140,35,2,20
140,36,1,3
140,36,2,20
140,37,1,5
140,37,2,20
140,38,1,3
140,38,2,20
140,39,1,2
140,39,2,20
140,40,1,2
140,40,2,20
140,41,1,2
140,41,2,20
140,42,1,2
140,42,2,20
140,43,1,2
140,43,2,20
140,44,1,3
140,44,2,20
140,45,1,3
140,45,2,20
140,46,1,2
140,46,2,20
140,47,1,1
140,47,2,20
140,48,1,1
140,48,2,20
140,49,1,1
140,49,2,20
140,50,1,2
140,50,2,20
140,51,1,3
140,51,2,20
140,52,1,5
140,52,2,20
140,53,1,3
140,53,2,20
140,54,1,2
140,54,2,20
140,55,1,1
140,55,2,20
140,56,1,1
140,56,2,20
140,57,1,1
140,57,2,20
140,58,1,2
140,58,2,20
140,59,1,3
140,59,2,20
140,60,1,3
140,60,2,20
140,61,1,2
140,61,2,20
140,62,1,1
140,62,2,20
140,63,1,0
140,63,2,20
140,64,1,1
140,64,2,20
140,65,1,2
140,65,2,20
140,66,1,3
140,66,2,20
140,67,1,5
140,67,2,20
140,68,1,3
140,68,2,20
140,69,1,2
140,69,2,20
140,70,1,1
140,70,2,20
140,71,1,0
140,71,2,20
140,72,1,1
140,72,2,20
140,73,1,2
140,73,2,20
140,74,1,3
140,74,2,20
140,75,1,3
140,75,2,20
140,76,1,2
140,76,2,20
140,77,1,1
140,77,2,20
140,78,1,1
140,78,2,20
140,79,1,1
140,79,2,20
140,80,1,2
140,80,2,20
140,81,1,3
140,81,2,20
140,82,1,5
140,82,2,20
140,83,1,3
140,83,2,20
140,84,1,2
140,84,2,20
140,85,1,1
140,85,2,20
140,86,1,1
140,86,2,20
140,87,1,1
140,87,2,20
140,88,1,2
140,88,2,20
140,89,1,3
140,89,2,20
140,90,1,3
140,90,2,20
140,91,1,2
140,91,2,20
140,92,1,2
140,92,2,20
140,93,1,2
140,93,2,20
140,94,1,2
140,94,2,20
140,95,1,2
140,95,2,20
140,96,1,3
140,96,2,20
140,97,1,5
140,97,2,20
140,98,1,3
140,98,2,20
140,99,1,2
140,99,2,20
140,100,1,2
140,100,2,20
140,101,1,2
140,101,2,20
140,102,1,2
140,102,2,20
140,103,1,2
140,103,2,20
140,104,1,3
140,104,2,20
140,105,1,3
140,105,2,20
140,106,1,3
140,106,2,20
140,107,1,3
140,107,2,20
140,108,1,3
140,108,2,20
140,109,1,3
140,109,2,20
140,110,1,3
140,110,2,20
140,111,1,3
140,111,2,20
140,112,1,5
140,112,2,20
140,113,1,3
140,113,2,20
140,114,1,3
140,114,2,20
140,115,1,3
140,115,2,20
140,116,1,3
140,116,2,20
140,117,1,3
140,117,2,20
140,118,1,3
140,118,2,20
140,119,1,3
140,119,2,20
140,120,1,4
140,120,2,20
140,121,1,4
140,121,2,20
140,122,1,4
140,122,2,20
140,123,1,4
140,123,2,20
140,124,1,4
140,124,2,20
140,125,1,4
140,125,2,20
140,126,1,4
140,126,2,20
140,127,1,5
140,127,2,20
140,128,1,4
140,128,2,20
140,129,1,4
140,129,2,20
140,130,1,4
140,130,2,20
140,131,1,4
140,131,2,20
140,132,1,4
140,132,2,20
140,133,1,4
140,133,2,20
140,134,1,4
140,134,2,20
141,0,1,4
141,0,2,20
141,1,1,4
141,1,2,20
141,2,1,4
141,2,2,20
141,3,1,4
141,3,2,20
141,4,1,4
141,4,2,20
141,5,1,4
141,5,2,20
141,6,1,4
141,6,2,20
141,7,1,5
141,7,2,20
141,8,1,4
141,8,2,20
141,9,1,4
141,9,2,20
141,10,1,4
141,10,2,20
141,11,1,4
141,11,2,20
141,12,1,4
141,12,2,20
141,13,1,4
141,13,2,20
141,14,1,4
141,14,2,20
141,15,1,3
141,15,2,20
141,16,1,3
141,16,2,20
141,17,1,3
141,17,2,20
141,18,1,3
141,18,2,20
141,19,1,3
141,19,2,20
141,20,1,3
141,20,2,20
141,21,1,3
141,21,2,20
141,22,1,5
141,22,2,20
141,23,1,3
141,23,2,20
141,24,1,3
141,24,2,20
141,25,1,3
141,25,2,20
141,26,1,3
141,26,2,20
141,27,1,3
141,27,2,20
141,28,1,3
141,28,2,20
141,29,1,3
141,29,2,20
141,30,1,3
141,30,2,20
141,31,1,2
141,31,2,20
141,32,1,2
141,32,2,20
141,33,1,2
141,33,2,20
141,34,1,2
141,34,2,20
141,35,1,2
141,35,2,20
141,36,1,3
141,36,2,20
141,37,1,5
141,37,2,20
141,38,1,3
141,38,2,20
141,39,1,2
141,39,2,20
141,40,1,2
141,40,2,20
141,41,1,2
141,41,2,20
141,42,1,2
141,42,2,20
141,43,1,2
141,43,2,20
141,44,1,3
141,44,2,20
141,45,1,3
141,45,2,20
141,46,1,2
141,46,2,20
141,47,1,1
141,47,2,20
141,48,1,1
141,48,2,20
141,49,1,1
141,49,2,20
141,50,1,2
141,50,2,20
141,51,1,3
141,51,2,20
141,52,1,5
141,52,2,20
141,53,1,3
141,53,2,20
141,54,1,2
141,54,2,20
141,55,1,1
141,55,2,20
141,56,1,1
141,56,2,20
141,57,1,1
141,57,2,20
141,58,1,2
141,58,2,20
141,59,1,3
141,59,2,20
141,60,1,3
141,60,2,20
141,61,1,2
141,61,2,20
141,62,1,1
141,62,2,20
141,63,1,0
141,63,2,20
141,64,1,1
141,64,2,20
141,65,1,2
141,65,2,20
141,66,1,3
141,66,2,20
141,67,1,5
141,67,2,20
141,68,1,3
141,68,2,20
141,69,1,2
141,69,2,20
141,70,1,1
141,70,2,20
141,71,1,0
141,71,2,20
141,72,1,1
141,72,2,20
141,73,1,2
141,73,2,20
141,74,1,3
141,74,2,20
141,75,1,3
141,75,2,20
141,76,1,2
141,76,2,20
141,77,1,1
141,77,2,20
141,78,1,1
141,78,2,20
141,79,1,1
141,79,2,20
141,80,1,2
141,80,2,20
141,81,1,3
141,81,2,20
141,82,1,5
141,82,2,20
141,83,1,3
141,83,2,20
141,84,1,2
141,84,2,20
141,85,1,1
141,85,2,20
141,86,1,1
141,86,2,20
141,87,1,1
141,87,2,20
141,88,1,2
141,88,2,20
141,89,1,3
141,89,2,20
141,90,1,3
141,90,2,20
141,91,1,2
141,91,2,20
141,92,1,2
141,92,2,20
141,93,1,2
141,93,2,20
141,94,1,2
141,94,2,20
141,95,1,2
141,95,2,20
141,96,1,3
141,96,2,20
141,97,1,5
141,97,2,20
141,98,1,3
141,98,2,20
141,99,1,2
141,99,2,20
141,100,1,2
141,100,2,20
141,101,1,2
141,101,2,20
141,102,1,2
141,102,2,20
141,103,1,2
141,103,2,20
141,104,1,3
141,104,2,20
141,105,1,3
141,105,2,20
141,106,1,3
141,106,2,20
141,107,1,3
141,107,2,20
141,108,1,3
141,108,2,20
141,109,1,3
141,109,2,20
141,110,1,3
141,110,2,20
141,111,1,3
141,111,2,20
141,112,1,5
141,112,2,20
141,113,1,3
141,113,2,20
141,114,1,3
141,114,2,20
141,115,1,3
141,115,2,20
141,116,1,3
141,116,2,20
141,117,1,3
141,117,2,20
141,118,1,3
141,118,2,20
141,119,1,3
141,119,2,20
141,120,1,4
141,120,2,20
141,121,1,4
141,121,2,20
141,122,1,4
141,122,2,20
141,123,1,4
141,123,2,20
141,124,1,4
141,124,2,20
141,125,1,4
141,125,2,20
141,126,1,4
141,126,2,20
141,127,1,5
141,127,2,20
141,128,1,4
141,128,2,20
141,129,1,4
141,129,2,20
141,130,1,4
141,130,2,20
141,131,1,4
141,131,2,20
141,132,1,4
141,132,2,20
141,133,1,4
141,133,2,20
141,134,1,4
141,134,2,20
142,0,1,4
142,0,2,20
142,1,1,4
142,1,2,20
142,2,1,4
142,2,2,20
142,3,1,4
142,3,2,20
142,4,1,4
142,4,2,20
142,5,1,4
142,5,2,20
142,6,1,4
142,6,2,20
142,7,1,5
142,7,2,20
142,8,1,4
142,8,2,20
142,9,1,4
142,9,2,20
142,10,1,4
142,10,2,20
142,11,1,4
142,11,2,20
142,12,1,4
142,12,2,20
142,13,1,4
142,13,2,20
142,14,1,4
142,14,2,20
142,15,1,3
142,15,2,20
142,16,1,3
142,16,2,20
142,17,1,3
142,17,2,20
142,18,1,3
142,18,2,20
142,19,1,3
142,19,2,20
142,20,1,3
142,20,2,20
142,21,1,3
142,21,2,20
142,22,1,5
142,22,2,20
142,23,1,3
142,23,2,20
142,24,1,3
142,24,2,20
142,25,1,3
142,25,2,20
142,26,1,3
142,26,2,20
142,27,1,3
142,27,2,20
142,28,1,3
142,28,2,20
142,29,1,3
142,29,2,20
142,30,1,3
142,30,2,20
142,31,1,2
142,31,2,20
142,32,1,2
142,32,2,20
142,33,1,2
142,33,2,20
142,34,1,2
142,34,2,20
142,35,1,2
142,35,2,20
142,36,1,3
142,36,2,20
142,37,1,5
142,37,2,20
142,38,1,3
142,38,2,20
142,39,1,2
142,39,2,20
142,40,1,2
142,40,2,20
142,41,1,2
142,41,2,20
142,42,1,2
142,42,2,20
142,43,1,2
142,43,2,20
142,44,1,3
142,44,2,20
142,45,1,3
142,45,2,20
142,46,1,2
142,46,2,20
142,47,1,1
142,47,2,20
142,48,1,1
142,48,2,20
142,49,1,1
142,49,2,20
142,50,1,2
142,50,2,20
142,51,1,3
142,51,2,20
142,52,1,5
142,52,2,20
142,53,1,3
142,53,2,20
142,54,1,2
142,54,2,20
142,55,1,1
142,55,2,20
142,56,1,1
142,56,2,20
142,57,1,1
142,57,2,20
142,58,1,2
142,58,2,20
142,59,1,3
142,59,2,20
142,60,1,3
142,60,2,20
142,61,1,2
142,61,2,20
142,62,1,1
142,62,2,20
142,63,1,0
142,63,2,20
142,64,1,1
142,64,2,20
142,65,1,2
142,65,2,20
142,66,1,3
142,66,2,20
142,67,1,5
142,67,2,20
142,68,1,3
142,68,2,20
142,69,1,2
142,69,2,20
142,70,1,1
142,70,2,20
142,71,1,0
142,71,2,20
142,72,1,1
142,72,2,20
142,73,1,2
142,73,2,20
142,74,1,3
142,74,2,20
142,75,1,3
142,75,2,20
142,76,1,2
142,76,2,20
142,77,1,1
142,77,2,20
142,78,1,1
142,78,2,20
142,79,1,1
142,79,2,20
142,80,1,2
142,80,2,20
142,81,1,3
142,81,2,20
142,82,1,5
142,82,2,20
142,83,1,3
142,83,2,20
142,84,1,2
142,84,2,20
142,85,1,1
142,85,2,20
142,86,1,1
142,86,2,20
142,87,1,1
142,87,2,20
142,88,1,2
142,88,2,20
142,89,1,3
142,89,2,20
142,90,1,3
142,90,2,20
142,91,1,2
142,91,2,20
142,92,1,2
142,92,2,20
142,93,1,2
142,93,2,20
142,94,1,2
142,94,2,20
142,95,1,2
142,95,2,20
142,96,1,3
142,96,2,20
142,97,1,5
142,97,2,20
142,98,1,3
142,98,2,20
142,99,1,2
142,99,2,20
142,100,1,2
142,100,2,20
142,101,1,2
142,101,2,20
142,102,1,2
142,102,2,20
142,103,1,2
142,103,2,20
142,104,1,3
142,104,2,20
142,105,1,3
142,105,2,20
142,106,1,3
142,106,2,20
142,107,1,3
142,107,2,20
142,108,1,3
142,108,2,20
142,109,1,3
142,109,2,20
142,110,1,3
142,110,2,20
142,111,1,3
142,111,2,20
142,112,1,5
142,112,2,20
142,113,1,3
142,113,2,20
142,114,1,3
142,114,2,20
142,115,1,3
142,115,2,20
142,116,1,3
142,116,2,20
142,117,1,3
142,117,2,20
142,118,1,3
142,118,2,20
142,119,1,3
142,119,2,20
142,120,1,4
142,120,2,20
142,121,1,4
142,121,2,20
142,122,1,4
142,122,2,20
142,123,1,4
142,123,2,20
142,124,1,4
142,124,2,20
142,125,1,4
142,125,2,20
142,126,1,4
142,126,2,20
142,127,1,5
142,127,2,20
142,128,1,4
142,128,2,20
142,129,1,4
142,129,2,20
142,130,1,4
142,130,2,20
142,131,1,4
142,131,2,20
142,132,1,4
142,132,2,20
142,133,1,4
142,133,2,20
142,134,1,4
142,134,2,20
143,0,1,4
143,0,2,20
143,1,1,4
143,1,2,20
143,2,1,4
143,2,2,20
143,3,1,4
143,3,2,20
143,4,1,4
143,4,2,20
143,5,1,4
143,5,2,20
143,6,1,4
143,6,2,20
143,7,1,5
143,7,2,20
143,8,1,4
143,8,2,20
143,9,1,4
143,9,2,20
143,10,1,4
143,10,2,20
143,11,1,4
143,11,2,20
143,12,1,4
143,12,2,20
143,13,1,4
143,13,2,20
143,14,1,4
143,14,2,20
143,15,1,3
143,15,2,20
143,16,1,3
143,16,2,20
143,17,1,3
143,17,2,20
143,18,1,3
143,18,2,20
143,19,1,3
143,19,2,20
143,20,1,3
143,20,2,20
143,21,1,3
143,21,2,20
143,22,1,5
143,22,2,20
143,23,1,3
143,23,2,20
143,24,1,3
143,24,2,20
143,25,1,3
143,25,2,20
143,26,1,3
143,26,2,20
143,27,1,3
143,27,2,20
143,28,1,3
143,28,2,20
143,29,1,3
143,29,2,20
143,30,1,3
143,30,2,20
143,31,1,2
143,31,2,20
143,32,1,2
143,32,2,20
143,33,1,2
143,33,2,20
143,34,1,2
143,34,2,20
143,35,1,2
143,35,2,20
143,36,1,3
143,36,2,20
143,37,1,5
143,37,2,20
143,38,1,3
143,38,2,20
143,39,1,2
143,39,2,20
143,40,1,2
143,40,2,20
143,41,1,2
143,41,2,20
143,42,1,2
143,42,2,20
143,43,1,2
143,43,2,20
143,44,1,3
143,44,2,20
143,45,1,3
143,45,2,20
143,46,1,2
143,46,2,20
143,47,1,1
143,47,2,20
143,48,1,1
143,48,2,20
143,49,1,1
143,49,2,20
143,50,1,2
143,50,2,20
143,51,1,3
143,51,2,20
143,52,1,5
143,52,2,20
143,53,1,3
143,53,2,20
143,54,1,2
143,54,2,20
143,55,1,1
143,55,2,20
143,56,1,1
143,56,2,20
143,57,1,1
143,57,2,20
143,58,1,2
143,58,2,20
143,59,1,3
143,59,2,20
143,60,1,3
143,60,2,20
143,61,1,2
143,61,2,20
143,62,1,1
143,62,2,20
143,63,1,0
143,63,2,20
143,64,1,1
143,64,2,20
143,65,1,2
143,65,2,20
143,66,1,3
143,66,2,20
143,67,1,5
143,67,2,20
143,68,1,3
143,68,2,20
143,69,1,2
143,69,2,20
143,70,1,1
143,70,2,20
143,71,1,0
143,71,2,20
143,72,1,1
143,72,2,20
143,73,1,2
143,73,2,20
143,74,1,3
143,74,2,20
143,75,1,3
143,75,2,20
143,76,1,2
143,76,2,20
143,77,1,1
143,77,2,20
143,78,1,1
143,78,2,20
143,79,1,1
143,79,2,20
143,80,1,2
143,80,2,20
143,81,1,3
143,81,2,20
143,82,1,5
143,82,2,20
143,83,1,3
143,83,2,20
143,84,1,2
143,84,2,20
143,85,1,1
143,85,2,20
143,86,1,1
143,86,2,20
143,87,1,1
143,87,2,20
143,88,1,2
143,88,2,20
143,89,1,3
143,89,2,20
143,90,1,3
143,90,2,20
143,91,1,2
143,91,2,20
143,92,1,2
143,92,2,20
143,93,1,2
143,93,2,20
143,94,1,2
143,94,2,20
143,95,1,2
143,95,2,20
143,96,1,3
143,96,2,20
143,97,1,5
143,97,2,20
143,98,1,3
143,98,2,20
143,99,1,2
143,99,2,20
143,100,1,2
143,100,2,20
143,101,1,2
143,101,2,20
143,102,1,2
143,102,2,20
143,103,1,2
143,103,2,20
143,104,1,3
143,104,2,20
143,105,1,3
143,105,2,20
143,106,1,3
143,106,2,20
143,107,1,3
143,107,2,20
143,108,1,3
143,108,2,20
143,109,1,3
143,109,2,20
143,110,1,3
143,110,2,20
143,111,1,3
143,111,2,20
143,112,1,5
143,112,2,20
143,113,1,3
143,113,2,20
143,114,1,3
143,114,2,20
143,115,1,3
143,115,2,20
143,116,1,3
143,116,2,20
143,117,1,3
143,117,2,20
143,118,1,3
143,118,2,20
143,119,1,3
143,119,2,20
143,120,1,4
143,120,2,20
143,121,1,4
143,121,2,20
143,122,1,4
143,122,2,20
143,123,1,4
143,123,2,20
143,124,1,4
143,124,2,20
143,125,1,4
143,125,2,20
143,126,1,4
143,126,2,20
143,127,1,5
143,127,2,20
143,128,1,4
143,128,2,20
143,129,1,4
143,129,2,20
143,130,1,4
143,130,2,20
143,131,1,4
143,131,2,20
143,132,1,4
143,132,2,20
143,133,1,4
143,133,2,20
143,134,1,4
143,134,2,20
144,0,1,4
144,0,2,20
144,1,1,4
144,1,2,20
144,2,1,4
144,2,2,20
144,3,1,4
144,3,2,20
144,4,1,4
144,4,2,20
144,5,1,4
144,5,2,20
144,6,1,4
144,6,2,20
144,7,1,5
144,7,2,20
144,8,1,4
144,8,2,20
144,9,1,4
144,9,2,20
144,10,1,4
144,10,2,20
144,11,1,4
144,11,2,20
144,12,1,4
144,12,2,20
144,13,1,4
144,13,2,20
144,14,1,4
144,14,2,20
144,15,1,3
144,15,2,20
144,16,1,3
144,16,2,20
144,17,1,3
144,17,2,20
144,18,1,3
144,18,2,20
144,19,1,3
144,19,2,20
144,20,1,3
144,20,2,20
144,21,1,3
144,21,2,20
144,22,1,5
144,22,2,20
144,23,1,3
144,23,2,20
144,24,1,3
144,24,2,20
144,25,1,3
144,25,2,20
144,26,1,3
144,26,2,20
144,27,1,3
144,27,2,20
144,28,1,3
144,28,2,20
144,29,1,3
144,29,2,20
144,30,1,3
144,30,2,20
144,31,1,2
144,31,2,20
144,32,1,2
144,32,2,20
144,33,1,2
144,33,2,20
144,34,1,2
144,34,2,20
144,35,1,2
144,35,2,20
144,36,1,3
144,36,2,20
144,37,1,5
144,37,2,20
144,38,1,3
144,38,2,20
144,39,1,2
144,39,2,20
144,40,1,2
144,40,2,20
144,41,1,2
144,41,2,20
144,42,1,2
144,42,2,20
144,43,1,2
144,43,2,20
144,44,1,3
144,44,2,20
144,45,1,3
144,45,2,20
144,46,1,2
144,46,2,20
144,47,1,1
144,47,2,20
144,48,1,1
144,48,2,20
144,49,1,1
144,49,2,20
144,50,1,2
144,50,2,20
144,51,1,3
144,51,2,20
144,52,1,5
144,52,2,20
144,53,1,3
144,53,2,20
144,54,1,2
144,54,2,20
144,55,1,1
144,55,2,20
144,56,1,1
144,56,2,20
144,57,1,1
144,57,2,20
144,58,1,2
144,58,2,20
144,59,1,3
144,59,2,20
144,60,1,3
144,60,2,20
144,61,1,2
144,61,2,20
144,62,1,1
144,62,2,20
144,63,1,0
144,63,2,20
144,64,1,1
144,64,2,20
144,65,1,2
144,65,2,20
144,66,1,3
144,66,2,20
144,67,1,5
144,67,2,20
144,68,1,3
144,68,2,20
144,69,1,2
144,69,2,20
144,70,1,1
144,70,2,20
144,71,1,0
144,71,2,20
144,72,1,1
144,72,2,20
144,73,1,2
144,73,2,20
144,74,1,3
144,74,2,20
144,75,1,3
144,75,2,20
144,76,1,2
144,76,2,20
144,77,1,1
144,77,2,20
144,78,1,1
144,78,2,20
144,79,1,1
144,79,2,20
144,80,1,2
144,80,2,20
144,81,1,3
144,81,2,20
144,82,1,5
144,82,2,20
144,83,1,3
144,83,2,20
144,84,1,2
144,84,2,20
144,85,1,1
144,85,2,20
144,86,1,1
144,86,2,20
144,87,1,1
144,87,2,20
144,88,1,2
144,88,2,20
144,89,1,3
144,89,2,20
144,90,1,3
144,90,2,20
144,91,1,2
144,91,2,20
144,92,1,2
144,92,2,20
144,93,1,2
144,93,2,20
144,94,1,2
144,94,2,20
144,95,1,2
144,95,2,20
144,96,1,3
144,96,2,20
144,97,1,5
144,97,2,20
144,98,1,3
144,98,2,20
144,99,1,2
144,99,2,20
144,100,1,2
144,100,2,20
144,101,1,2
144,101,2,20
144,102,1,2
144,102,2,20
144,103,1,2
144,103,2,20
144,104,1,3
144,104,2,20
144,105,1,3
144,105,2,20
144,106,1,3
144,106,2,20
144,107,1,3
144,107,2,20
144,108,1,3
144,108,2,20
144,109,1,3
144,109,2,20
144,110,1,3
144,110,2,20
144,111,1,3
144,111,2,20
144,112,1,5
144,112,2,20
144,113,1,3
144,113,2,20
144,114,1,3
144,114,2,20
144,115,1,3
144,115,2,20
144,116,1,3
144,116,2,20
144,117,1,3
144,117,2,20
144,118,1,3
144,118,2,20
144,119,1,3
144,119,2,20
144,120,1,4
144,120,2,20
144,121,1,4
144,121,2,20
144,122,1,4
144,122,2,20
144,123,1,4
144,123,2,20
144,124,1,4
144,124,2,20
144,125,1,4
144,125,2,20
144,126,1,4
144,126,2,20
144,127,1,5
144,127,2,20
144,128,1,4
144,128,2,20
144,129,1,4
144,129,2,20
144,130,1,4
144,130,2,20
144,131,1,4
144,131,2,20
144,132,1,4
144,132,2,20
144,133,1,4
144,133,2,20
144,134,1,4
144,134,2,20
145,0,1,4
145,0,2,20
145,1,1,4
145,1,2,20
145,2,1,4
145,2,2,20
145,3,1,4
145,3,2,20
145,4,1,4
145,4,2,20
145,5,1,4
145,5,2,20
145,6,1,4
145,6,2,20
145,7,1,5
145,7,2,20
145,8,1,4
145,8,2,20
145,9,1,4
145,9,2,20
145,10,1,4
145,10,2,20
145,11,1,4
145,11,2,20
145,12,1,4
145,12,2,20
145,13,1,4
145,13,2,20
145,14,1,4
145,14,2,20
145,15,1,3
145,15,2,20
145,16,1,3
145,16,2,20
145,17,1,3
145,17,2,20
145,18,1,3
145,18,2,20
145,19,1,3
145,19,2,20
145,20,1,3
145,20,2,20
145,21,1,3
145,21,2,20
145,22,1,5
145,22,2,20
145,23,1,3
145,23,2,20
145,24,1,3
145,24,2,20
145,25,1,3
145,25,2,20
145,26,1,3
145,26,2,20
145,27,1,3
145,27,2,20
145,28,1,3
145,28,2,20
145,29,1,3
145,29,2,20
145,30,1,3
145,30,2,20
145,31,1,2
145,31,2,20
145,32,1,2
145,32,2,20
145,33,1,2
145,33,2,20
145,34,1,2
145,34,2,20
145,35,1,2
145,35,2,20
145,36,1,3
145,36,2,20
145,37,1,5
145,37,2,20
145,38,1,3
145,38,2,20
145,39,1,2
145,39,2,20
145,40,1,2
145,40,2,20
145,41,1,2
145,41,2,20
145,42,1,2
145,42,2,20
145,43,1,2
145,43,2,20
145,44,1,3
145,44,2,20
145,45,1,3
145,45,2,20
145,46,1,2
145,46,2,20
145,47,1,1
145,47,2,20
145,48,1,1
145,48,2,20
145,49,1,1
145,49,2,20
145,50,1,2
145,50,2,20
145,51,1,3
145,51,2,20
145,52,1,5
145,52,2,20
145,53,1,3
145,53,2,20
145,54,1,2
145,54,2,20
145,55,1,1
145,55,2,20
145,56,1,1
145,56,2,20
145,57,1,1
145,57,2,20
145,58,1,2
145,58,2,20
145,59,1,3
145,59,2,20
145,60,1,3
145,60,2,20
145,61,1,2
145,61,2,20
145,62,1,1
145,62,2,20
145,63,1,0
145,63,2,20
145,64,1,1
145,64,2,20
145,65,1,2
145,65,2,20
145,66,1,3
145,66,2,20
145,67,1,5
145,67,2,20
145,68,1,3
145,68,2,20
145,69,1,2
145,69,2,20
145,70,1,1
145,70,2,20
145,71,1,0
145,71,2,20
145,72,1,1
145,72,2,20
145,73,1,2
145,73,2,20
145,74,1,3
145,74,2,20
145,75,1,3
145,75,2,20
145,76,1,2
145,76,2,20
145,77,1,1
145,77,2,20
145,78,1,1
145,78,2,20
145,79,1,1
145,79,2,20
145,80,1,2
145,80,2,20
145,81,1,3
145,81,2,20
145,82,1,5
145,82,2,20
145,83,1,3
145,83,2,20
145,84,1,2
145,84,2,20
145,85,1,1
145,85,2,20
145,86,1,1
145,86,2,20
145,87,1,1
145,87,2,20
145,88,1,2
145,88,2,20
145,89,1,3
145,89,2,20
145,90,1,3
145,90,2,20
145,91,1,2
145,91,2,20
145,92,1,2
145,92,2,20
145,93,1,2
145,93,2,20
145,94,1,2
145,94,2,20
145,95,1,2
145,95,2,20
145,96,1,3
145,96,2,20
145,97,1,5
145,97,2,20
145,98,1,3
145,98,2,20
145,99,1,2
145,99,2,20
145,100,1,2
145,100,2,20
145,101,1,2
145,101,2,20
145,102,1,2
145,102,2,20
145,103,1,2
145,103,2,20
145,104,1,3
145,104,2,20
145,105,1,3
145,105,2,20
145,106,1,3
145,106,2,20
145,107,1,3
145,107,2,20
145,108,1,3
145,108,2,20
145,109,1,3
145,109,2,20
145,110,1,3
145,110,2,20
145,111,1,3
145,111,2,20
145,112,1,5
145,112,2,20
145,113,1,3
145,113,2,20
145,114,1,3
145,114,2,20
145,115,1,3
145,115,2,20
145,116,1,3
145,116,2,20
145,117,1,3
145,117,2,20
145,118,1,3
145,118,2,20
145,119,1,3
145,119,2,20
145,120,1,4
145,120,2,20
145,121,1,4
145,121,2,20
145,122,1,4
145,122,2,20
145,123,1,4
145,123,2,20
145,124,1,4
145,124,2,20
145,125,1,4
145,125,2,20
145,126,1,4
145,126,2,20
145,127,1,5
145,127,2,20
145,128,1,4
145,128,2,20
145,129,1,4
145,129,2,20
145,130,1,4
145,130,2,20
145,131,1,4
145,131,2,20
145,132,1,4
145,132,2,20
145,133,1,4
145,133,2,20
145,134,1,4
145,134,2,20
146,0,1,4
146,0,2,20
146,1,1,4
146,1,2,20
146,2,1,4
146,2,2,20
146,3,1,4
146,3,2,20
146,4,1,4
146,4,2,20
146,5,1,4
146,5,2,20
146,6,1,4
146,6,2,20
146,7,1,5
146,7,2,20
146,8,1,4
146,8,2,20
146,9,1,4
146,9,2,20
146,10,1,4
146,10,2,20
146,11,1,4
146,11,2,20
146,12,1,4
146,12,2,20
146,13,1,4
146,13,2,20
146,14,1,4
146,14,2,20
146,15,1,3
146,15,2,20
146,16,1,3
146,16,2,20
146,17,1,3
146,17,2,20
146,18,1,3
146,18,2,20
146,19,1,3
146,19,2,20
146,20,1,3
146,20,2,20
146,21,1,3
146,21,2,20
146,22,1,5
146,22,2,20
146,23,1,3
146,23,2,20
146,24,1,3
146,24,2,20
146,25,1,3
146,25,2,20
146,26,1,3
146,26,2,20
146,27,1,3
146,27,2,20
146,28,1,3
146,28,2,20
146,29,1,3
146,29,2,20
146,30,1,3
146,30,2,20
146,31,1,2
146,31,2,20
146,32,1,2
146,32,2,20
146,33,1,2
146,33,2,20
146,34,1,2
146,34,2,20
146,35,1,2
146,35,2,20
146,36,1,3
146,36,2,20
146,37,1,5
146,37,2,20
146,38,1,3
146,38,2,20
146,39,1,2
146,39,2,20
146,40,1,2
146,40,2,20
146,41,1,2
146,41,2,20
146,42,1,2
146,42,2,20
146,43,1,2
146,43,2,20
146,44,1,3
146,44,2,20
146,45,1,3
146,45,2,20
146,46,1,2
146,46,2,20
146,47,1,1
146,47,2,20
146,48,1,1
146,48,2,20
146,49,1,1
146,49,2,20
146,50,1,2
146,50,2,20
146,51,1,3
146,51,2,20
146,52,1,5
146,52,2,20
146,53,1,3
146,53,2,20
146,54,1,2
146,54,2,20
146,55,1,1
146,55,2,20
146,56,1,1
146,56,2,20
146,57,1,1
146,57,2,20
146,58,1,2
146,58,2,20
146,59,1,3
146,59,2,20
146,60,1,3
146,60,2,20
146,61,1,2
146,61,2,20
146,62,1,1
146,62,2,20
146,63,1,0
146,63,2,20
146,64,1,1
146,64,2,20
146,65,1,2
146,65,2,20
146,66,1,3
146,66,2,20
146,67,1,5
146,67,2,20
146,68,1,3
146,68,2,20
146,69,1,2
146,69,2,20
146,70,1,1
146,70,2,20
146,71,1,0
146,71,2,20
146,72,1,1
146,72,2,20
146,73,1,2
146,73,2,20
146,74,1,3
146,74,2,20
146,75,1,3
146,75,2,20
146,76,1,2
146,76,2,20
146,77,1,1
146,77,2,20
146,78,1,1
146,78,2,20
146,79,1,1
146,79,2,20
146,80,1,2
146,80,2,20
146,81,1,3
146,81,2,20
146,82,1,5
146,82,2,20
146,83,1,3
146,83,2,20
146,84,1,2
146,84,2,20
146,85,1,1
146,85,2,20
146,86,1,1
146,86,2,20
146,87,1,1
146,87,2,20
146,88,1,2
146,88,2,20
146,89,1,3
146,89,2,20
146,90,1,3
146,90,2,20
146,91,1,2
146,91,2,20
146,92,1,2
146,92,2,20
146,93,1,2
146,93,2,20
146,94,1,2
146,94,2,20
146,95,1,2
146,95,2,20
146,96,1,3
146,96,2,20
146,97,1,5
146,97,2,20
146,98,1,3
146,98,2,20
146,99,1,2
146,99,2,20
146,100,1,2
146,100,2,20
146,101,1,2
146,101,2,20
146,102,1,2
146,102,2,20
146,103,1,2
146,103,2,20
146,104,1,3
146,104,2,20
146,105,1,3
146,105,2,20
146,106,1,3
146,106,2,20
146,107,1,3
146,107,2,20
146,108,1,3
146,108,2,20
146,109,1,3
146,109,2,20
146,110,1,3
146,110,2,20
146,111,1,3
146,111,2,20
146,112,1,5
146,112,2,20
146,113,1,3
146,113,2,20
146,114,1,3
146,114,2,20
146,115,1,3
146,115,2,20
146,116,1,3
146,116,2,20
146,117,1,3
146,117,2,20
146,118,1,3
146,118,2,20
146,119,1,3
146,119,2,20
146,120,1,4
146,120,2,20
146,121,1,4
146,121,2,20
146,122,1,4
146,122,2,20
146,123,1,4
146,123,2,20
146,124,1,4
146,124,2,20
146,125,1,4
146,125,2,20
146,126,1,4
146,126,2,20
146,127,1,5
146,127,2,20
146,128,1,4
146,128,2,20
146,129,1,4
146,129,2,20
146,130,1,4
146,130,2,20
146,131,1,4
146,131,2,20
146,132,1,4
146,132,2,20
146,133,1,4
146,133,2,20
146,134,1,4
146,134,2,20
147,0,1,4
147,0,2,20
147,1,1,4
147,1,2,20
147,2,1,4
147,2,2,20
147,3,1,4
147,3,2,20
147,4,1,4
147,4,2,20
147,5,1,4
147,5,2,20
147,6,1,4
147,6,2,20
147,7,1,5
147,7,2,20
147,8,1,4
147,8,2,20
147,9,1,4
147,9,2,20
147,10,1,4
147,10,2,20
147,11,1,4
147,11,2,20
147,12,1,4
147,12,2,20
147,13,1,4
147,13,2,20
147,14,1,4
147,14,2,20
147,15,1,3
147,15,2,20
147,16,1,3
147,16,2,20
147,17,1,3
147,17,2,20
147,18,1,3
147,18,2,20
147,19,1,3
147,19,2,20
147,20,1,3
147,20,2,20
147,21,1,3
147,21,2,20
147,22,1,5
147,22,2,20
147,23,1,3
147,23,2,20
147,24,1,3
147,24,2,20
147,25,1,3
147,25,2,20
147,26,1,3
147,26,2,20
147,27,1,3
147,27,2,20
147,28,1,3
147,28,2,20
147,29,1,3
147,29,2,20
147,30,1,3
147,30,2,20
147,31,1,2
147,31,2,20
147,32,1,2
147,32,2,20
147,33,1,2
147,33,2,20
147,34,1,2
147,34,2,20
147,35,1,2
147,35,2,20
147,36,1,3
147,36,2,20
147,37,1,5
147,37,2,20
147,38,1,3
147,38,2,20
147,39,1,2
147,39,2,20
147,40,1,2
147,40,2,20
147,41,1,2
147,41,2,20
147,42,1,2
147,42,2,20
147,43,1,2
147,43,2,20
147,44,1,3
147,44,2,20
147,45,1,3
147,45,2,20
147,46,1,2
147,46,2,20
147,47,1,1
147,47,2,20
147,48,1,1
147,48,2,20
147,49,1,1
147,49,2,20
147,50,1,2
147,50,2,20
147,51,1,3
147,51,2,20
147,52,1,5
147,52,2,20
147,53,1,3
147,53,2,20
147,54,1,2
147,54,2,20
147,55,1,1
147,55,2,20
147,56,1,1
147,56,2,20
147,57,1,1
147,57,2,20
147,58,1,2
147,58,2,20
147,59,1,3
147,59,2,20
147,60,1,3
147,60,2,20
147,61,1,2
147,61,2,20
147,62,1,1
147,62,2,20
147,63,1,0
147,63,2,20
147,64,1,1
147,64,2,20
147,65,1,2
147,65,2,20
147,66,1,3
147,66,2,20
147,67,1,5
147,67,2,20
147,68,1,3
147,68,2,20
147,69,1,2
147,69,2,20
147,70,1,1
147,70,2,20
147,71,1,0
147,71,2,20
147,72,1,1
147,72,2,20
147,73,1,2
147,73,2,20
147,74,1,3
147,74,2,20
147,75,1,3
147,75,2,20
147,76,1,2
147,76,2,20
147,77,1,1
147,77,2,20
147,78,1,1
147,78,2,20
147,79,1,1
147,79,2,20
147,80,1,2
147,80,2,20
147,81,1,3
147,81,2,20
147,82,1,5
147,82,2,20
147,83,1,3
147,83,2,20
147,84,1,2
147,84,2,20
147,85,1,1
147,85,2,20
147,86,1,1
147,86,2,20
147,87,1,1
147,87,2,20
147,88,1,2
147,88,2,20
147,89,1,3
147,89,2,20
147,90,1,3
147,90,2,20
147,91,1,2
147,91,2,20
147,92,1,2
147,92,2,20
147,93,1,2
147,93,2,20
147,94,1,2
147,94,2,20
147,95,1,2
147,95,2,20
147,96,1,3
147,96,2,20
147,97,1,5
147,97,2,20
147,98,1,3
147,98,2,20
147,99,1,2
147,99,2,20
147,100,1,2
147,100,2,20
147,101,1,2
147,101,2,20
147,102,1,2
147,102,2,20
147,103,1,2
147,103,2,20
147,104,1,3
147,104,2,20
147,105,1,3
147,105,2,20
147,106,1,3
147,106,2,20
147,107,1,3
147,107,2,20
147,108,1,3
147,108,2,20
147,109,1,3
147,109,2,20
147,110,1,3
147,110,2,20
147,111,1,3
147,111,2,20
147,112,1,5
147,112,2,20
147,113,1,3
147,113,2,20
147,114,1,3
147,114,2,20
147,115,1,3
147,115,2,20
147,116,1,3
147,116,2,20
147,117,1,3
147,117,2,20
147,118,1,3
147,118,2,20
147,119,1,3
147,119,2,20
147,120,1,4
147,120,2,20
147,121,1,4
147,121,2,20
147,122,1,4
147,122,2,20
147,123,1,4
147,123,2,20
147,124,1,4
147,124,2,20
147,125,1,4
147,125,2,20
147,126,1,4
147,126,2,20
147,127,1,5
147,127,2,20
147,128,1,4
147,128,2,20
147,129,1,4
147,129,2,20
147,130,1,4
147,130,2,20
147,131,1,4
147,131,2,20
147,132,1,4
147,132,2,20
147,133,1,4
147,133,2,20
147,134,1,4
147,134,2,20
148,0,1,4
148,0,2,20
148,1,1,4
148,1,2,20
148,2,1,4
148,2,2,20
148,3,1,4
148,3,2,20
148,4,1,4
148,4,2,20
148,5,1,4
148,5,2,20
148,6,1,4
148,6,2,20
148,7,1,5
148,7,2,20
148,8,1,4
148,8,2,20
148,9,1,4
148,9,2,20
148,10,1,4
148,10,2,20
148,11,1,4
148,11,2,20
148,12,1,4
148,12,2,20
148,13,1,4
148,13,2,20
148,14,1,4
148,14,2,20
148,15,1,3
148,15,2,20
148,16,1,3
148,16,2,20
148,17,1,3
148,17,2,20
148,18,1,3
148,18,2,20
148,19,1,3
148,19,2,20
148,20,1,3
148,20,2,20
148,21,1,3
148,21,2,20
148,22,1,5
148,22,2,20
148,23,1,3
148,23,2,20
148,24,1,3
148,24,2,20
148,25,1,3
148,25,2,20
148,26,1,3
148,26,2,20
148,27,1,3
148,27,2,20
148,28,1,3
148,28,2,20
148,29,1,3
148,29,2,20
148,30,1,3
148,30,2,20
148,31,1,2
148,31,2,20
148,32,1,2
148,32,2,20
148,33,1,2
148,33,2,20
148,34,1,2
148,34,2,20
148,35,1,2
148,35,2,20
148,36,1,3
148,36,2,20
148,37,1,5
148,37,2,20
148,38,1,3
148,38,2,20
148,39,1,2
148,39,2,20
148,40,1,2
148,40,2,20
148,41,1,2
148,41,2,20
148,42,1,2
148,42,2,20
148,43,1,2
148,43,2,20
148,44,1,3
148,44,2,20
148,45,1,3
148,45,2,20
148,46,1,2
148,46,2,20
148,47,1,1
148,47,2,20
148,48,1,1
148,48,2,20
148,49,1,1
148,49,2,20
148,50,1,2
148,50,2,20
148,51,1,3
148,51,2,20
148,52,1,5
148,52,2,20
148,53,1,3
148,53,2,20
148,54,1,2
148,54,2,20
148,55,1,1
148,55,2,20
148,56,1,1
148,56,2,20
148,57,1,1
148,57,2,20
148,58,1,2
148,58,2,20
148,59,1,3
148,59,2,20
148,60,1,3
148,60,2,20
148,61,1,2
148,61,2,20
148,62,1,1
148,62,2,20
148,63,1,0
148,63,2,20
148,64,1,1
148,64,2,20
148,65,1,2
148,65,2,20
148,66,1,3
148,66,2,20
148,67,1,5
148,67,2,20
148,68,1,3
148,68,2,20
148,69,1,2
148,69,2,20
148,70,1,1
148,70,2,20
148,71,1,0
148,71,2,20
148,72,1,1
148,72,2,20
148,73,1,2
148,73,2,20
148,74,1,3
148,74,2,20
148,75,1,3
148,75,2,20
148,76,1,2
148,76,2,20
148,77,1,1
148,77,2,20
148,78,1,1
148,78,2,20
148,79,1,1
148,79,2,20
148,80,1,2
148,80,2,20
148,81,1,3
148,81,2,20
148,82,1,5
148,82,2,20
148,83,1,3
148,83,2,20
148,84,1,2
148,84,2,20
148,85,1,1
148,85,2,20
148,86,1,1
148,86,2,20
148,87,1,1
148,87,2,20
148,88,1,2
148,88,2,20
148,89,1,3
148,89,2,20
148,90,1,3
148,90,2,20
148,91,1,2
148,91,2,20
148,92,1,2
148,92,2,20
148,93,1,2
148,93,2,20
148,94,1,2
148,94,2,20
148,95,1,2
148,95,2,20
148,96,1,3
148,96,2,20
148,97,1,5
148,97,2,20
148,98,1,3
148,98,2,20
148,99,1,2
148,99,2,20
148,100,1,2
148,100,2,20
148,101,1,2
148,101,2,20
148,102,1,2
148,102,2,20
148,103,1,2
148,103,2,20
148,104,1,3
148,104,2,20
148,105,1,3
148,105,2,20
148,106,1,3
148,106,2,20
148,107,1,3
148,107,2,20
148,108,1,3
148,108,2,20
148,109,1,3
148,109,2,20
148,110,1,3
148,110,2,20
148,111,1,3
148,111,2,20
148,112,1,5
148,112,2,20
148,113,1,3
148,113,2,20
148,114,1,3
148,114,2,20
148,115,1,3
148,115,2,20
148,116,1,3
148,116,2,20
148,117,1,3
148,117,2,20
148,118,1,3
148,118,2,20
148,119,1,3
148,119,2,20
148,120,1,4
148,120,2,20
148,121,1,4
148,121,2,20
148,122,1,4
148,122,2,20
148,123,1,4
148,123,2,20
148,124,1,4
148,124,2,20
148,125,1,4
148,125,2,20
148,126,1,4
148,126,2,20
148,127,1,5
148,127,2,20
148,128,1,4
148,128,2,20
148,129,1,4
148,129,2,20
148,130,1,4
148,130,2,20
148,131,1,4
148,131,2,20
148,132,1,4
148,132,2,20
148,133,1,4
148,133,2,20
148,134,1,4
148,134,2,20
149,0,1,4
149,0,2,20
149,1,1,4
149,1,2,20
149,2,1,4
149,2,2,20
149,3,1,4
149,3,2,20
149,4,1,4
149,4,2,20
149,5,1,4
149,5,2,20
149,6,1,4
149,6,2,20
149,7,1,5
149,7,2,20
149,8,1,4
149,8,2,20
149,9,1,4
149,9,2,20
149,10,1,4
149,10,2,20
149,11,1,4
149,11,2,20
149,12,1,4
149,12,2,20
149,13,1,4
149,13,2,20
149,14,1,4
149,14,2,20
149,15,1,3
149,15,2,20
149,16,1,3
149,16,2,20
149,17,1,3
149,17,2,20
149,18,1,3
149,18,2,20
149,19,1,3
149,19,2,20
149,20,1,3
149,20,2,20
149,21,1,3
149,21,2,20
149,22,1,5
149,22,2,20
149,23,1,3
149,23,2,20
149,24,1,3
149,24,2,20
149,25,1,3
149,25,2,20
149,26,1,3
149,26,2,20
149,27,1,3
149,27,2,20
149,28,1,3
149,28,2,20
149,29,1,3
149,29,2,20
149,30,1,3
149,30,2,20
149,31,1,2
149,31,2,20
149,32,1,2
149,32,2,20
149,33,1,2
149,33,2,20
149,34,1,2
149,34,2,20
149,35,1,2
149,35,2,20
149,36,1,3
149,36,2,20
149,37,1,5
149,37,2,20
149,38,1,3
149,38,2,20
149,39,1,2
149,39,2,20
149,40,1,2
149,40,2,20
149,41,1,2
149,41,2,20
149,42,1,2
149,42,2,20
149,43,1,2
149,43,2,20
149,44,1,3
149,44,2,20
149,45,1,3
149,45,2,20
149,46,1,2
149,46,2,20
149,47,1,1
149,47,2,20
149,48,1,1
149,48,2,20
149,49,1,1
149,49,2,20
149,50,1,2
149,50,2,20
149,51,1,3
149,51,2,20
149,52,1,5
149,52,2,20
149,53,1,3
149,53,2,20
149,54,1,2
149,54,2,20
149,55,1,1
149,55,2,20
149,56,1,1
149,56,2,20
149,57,1,1
149,57,2,20
149,58,1,2
149,58,2,20
149,59,1,3
149,59,2,20
149,60,1,3
149,60,2,20
149,61,1,2
149,61,2,20
149,62,1,1
149,62,2,20
149,63,1,0
149,63,2,20
149,64,1,1
149,64,2,20
149,65,1,2
149,65,2,20
149,66,1,3
149,66,2,20
149,67,1,5
149,67,2,20
149,68,1,3
149,68,2,20
149,69,1,2
149,69,2,20
149,70,1,1
149,70,2,20
149,71,1,0
149,71,2,20
149,72,1,1
149,72,2,20
149,73,1,2
149,73,2,20
149,74,1,3
149,74,2,20
149,75,1,3
149,75,2,20
149,76,1,2
149,76,2,20
149,77,1,1
149,77,2,20
149,78,1,1
149,78,2,20
149,79,1,1
149,79,2,20
149,80,1,2
149,80,2,20
149,81,1,3
149,81,2,20
149,82,1,5
149,82,2,20
149,83,1,3
149,83,2,20
149,84,1,2
149,84,2,20
149,85,1,1
149,85,2,20
149,86,1,1
149,86,2,20
149,87,1,1
149,87,2,20
149,88,1,2
149,88,2,20
149,89,1,3
149,89,2,20
149,90,1,3
149,90,2,20
149,91,1,2
149,91,2,20
149,92,1,2
149,92,2,20
149,93,1,2
149,93,2,20
149,94,1,2
149,94,2,20
149,95,1,2
149,95,2,20
149,96,1,3
149,96,2,20
149,97,1,5
149,97,2,20
149,98,1,3
149,98,2,20
149,99,1,2
149,99,2,20
149,100,1,2
149,100,2,20
149,101,1,2
149,101,2,20
149,102,1,2
149,102,2,20
149,103,1,2
149,103,2,20
149,104,1,3
149,104,2,20
149,105,1,3
149,105,2,20
149,106,1,3
149,106,2,20
149,107,1,3
149,107,2,20
149,108,1,3
149,108,2,20
149,109,1,3
149,109,2,20
149,110,1,3
149,110,2,20
149,111,1,3
149,111,2,20
149,112,1,5
149,112,2,20
149,113,1,3
149,113,2,20
149,114,1,3
149,114,2,20
149,115,1,3
149,115,2,20
149,116,1,3
149,116,2,20
149,117,1,3
149,117,2,20
149,118,1,3
149,118,2,20
149,119,1,3
149,119,2,20
149,120,1,4
149,120,2,20
149,121,1,4
149,121,2,20
149,122,1,4
149,122,2,20
149,123,1,4
149,123,2,20
149,124,1,4
149,124,2,20
149,125,1,4
149,125,2,20
149,126,1,4
149,126,2,20
149,127,1,5
149,127,2,20
149,128,1,4
149,128,2,20
149,129,1,4
149,129,2,20
149,130,1,4
149,130,2,20
149,131,1,4
149,131,2,20
149,132,1,4
149,132,2,20
149,133,1,4
149,133,2,20
149,134,1,4
149,134,2,20
150,0,1,4
150,0,2,20
150,1,1,4
150,1,2,20
150,2,1,4
150,2,2,20
150,3,1,4
150,3,2,20
150,4,1,4
150,4,2,20
150,5,1,4
150,5,2,20
150,6,1,4
150,6,2,20
150,7,1,5
150,7,2,20
150,8,1,4
150,8,2,20
150,9,1,4
150,9,2,20
150,10,1,4
150,10,2,20
150,11,1,4
150,11,2,20
150,12,1,4
150,12,2,20
150,13,1,4
150,13,2,20
150,14,1,4
150,14,2,20
150,15,1,3
150,15,2,20
150,16,1,3
150,16,2,20
150,17,1,3
150,17,2,20
150,18,1,3
150,18,2,20
150,19,1,3
150,19,2,20
150,20,1,3
150,20,2,20
150,21,1,3
150,21,2,20
150,22,1,5
150,22,2,20
150,23,1,3
150,23,2,20
150,24,1,3
150,24,2,20
150,25,1,3
150,25,2,20
150,26,1,3
150,26,2,20
150,27,1,3
150,27,2,20
150,28,1,3
150,28,2,20
150,29,1,3
150,29,2,20
150,30,1,3
150,30,2,20
150,31,1,2
150,31,2,20
150,32,1,2
150,32,2,20
150,33,1,2
150,33,2,20
150,34,1,2
150,34,2,20
150,35,1,2
150,35,2,20
150,36,1,3
150,36,2,20
150,37,1,5
150,37,2,20
150,38,1,3
150,38,2,20
150,39,1,2
150,39,2,20
150,40,1,2
150,40,2,20
150,41,1,2
150,41,2,20
150,42,1,2
150,42,2,20
150,43,1,2
150,43,2,20
150,44,1,3
150,44,2,20
150,45,1,3
150,45,2,20
150,46,1,2
150,46,2,20
150,47,1,1
150,47,2,20
150,48,1,1
150,48,2,20
150,49,1,1
150,49,2,20
150,50,1,2
150,50,2,20
150,51,1,3
150,51,2,20
150,52,1,5
150,52,2,20
150,53,1,3
150,53,2,20
150,54,1,2
150,54,2,20
150,55,1,1
150,55,2,20
150,56,1,1
150,56,2,20
150,57,1,1
150,57,2,20
150,58,1,2
150,58,2,20
150,59,1,3
150,59,2,20
150,60,1,3
150,60,2,20
150,61,1,2
150,61,2,20
150,62,1,1
150,62,2,20
150,63,1,0
150,63,2,20
150,64,1,1
150,64,2,20
150,65,1,2
150,65,2,20
150,66,1,3
150,66,2,20
150,67,1,5
150,67,2,20
150,68,1,3
150,68,2,20
150,69,1,2
150,69,2,20
150,70,1,1
150,70,2,20
150,71,1,0
150,71,2,20
150,72,1,1
150,72,2,20
150,73,1,2
150,73,2,20
150,74,1,3
150,74,2,20
150,75,1,3
150,75,2,20
150,76,1,2
150,76,2,20
150,77,1,1
150,77,2,20
150,78,1,1
150,78,2,20
150,79,1,1
150,79,2,20
150,80,1,2
150,80,2,20
150,81,1,3
150,81,2,20
150,82,1,5
150,82,2,20
150,83,1,3
150,83,2,20
150,84,1,2
150,84,2,20
150,85,1,1
150,85,2,20
150,86,1,1
150,86,2,20
150,87,1,1
150,87,2,20
150,88,1,2
150,88,2,20
150,89,1,3
150,89,2,20
150,90,1,3
150,90,2,20
150,91,1,2
150,91,2,20
150,92,1,2
150,92,2,20
150,93,1,2
150,93,2,20
150,94,1,2
150,94,2,20
150,95,1,2
150,95,2,20
150,96,1,3
150,96,2,20
150,97,1,5
150,97,2,20
150,98,1,3
150,98,2,20
150,99,1,2
150,99,2,20
150,100,1,2
150,100,2,20
150,101,1,2
150,101,2,20
150,102,1,2
150,102,2,20
150,103,1,2
150,103,2,20
150,104,1,3
150,104,2,20
150,105,1,3
150,105,2,20
150,106,1,3
150,106,2,20
150,107,1,3
150,107,2,20
150,108,1,3
150,108,2,20
150,109,1,3
150,109,2,20
150,110,1,3
150,110,2,20
150,111,1,3
150,111,2,20
150,112,1,5
150,112,2,20
150,113,1,3
150,113,2,20
150,114,1,3
150,114,2,20
150,115,1,3
150,115,2,20
150,116,1,3
150,116,2,20
150,117,1,3
150,117,2,20
150,118,1,3
150,118,2,20
150,119,1,3
150,119,2,20
150,120,1,4
150,120,2,20
150,121,1,4
150,121,2,20
150,122,1,4
150,122,2,20
150,123,1,4
150,123,2,20
150,124,1,4
150,124,2,20
150,125,1,4
150,125,2,20
150,126,1,4
150,126,2,20
150,127,1,5
150,127,2,20
150,128,1,4
150,128,2,20
150,129,1,4
150,129,2,20
150,130,1,4
150,130,2,20
150,131,1,4
150,131,2,20
150,132,1,4
150,132,2,20
150,133,1,4
150,133,2,20
150,134,1,4
150,134,2,20
151,0,1,4
151,0,2,20
151,1,1,4
151,1,2,20
151,2,1,4
151,2,2,20
151,3,1,4
151,3,2,20
151,4,1,4
151,4,2,20
151,5,1,4
151,5,2,20
151,6,1,4
151,6,2,20
151,7,1,5
151,7,2,20
151,8,1,4
151,8,2,20
151,9,1,4
151,9,2,20
151,10,1,4
151,10,2,20
151,11,1,4
151,11,2,20
151,12,1,4
151,12,2,20
151,13,1,4
151,13,2,20
151,14,1,4
151,14,2,20
151,15,1,3
151,15,2,20
151,16,1,3
151,16,2,20
151,17,1,3
151,17,2,20
151,18,1,3
151,18,2,20
151,19,1,3
151,19,2,20
151,20,1,3
151,20,2,20
151,21,1,3
151,21,2,20
151,22,1,5
151,22,2,20
151,23,1,3
151,23,2,20
151,24,1,3
151,24,2,20
151,25,1,3
151,25,2,20
151,26,1,3
151,26,2,20
151,27,1,3
151,27,2,20
151,28,1,3
151,28,2,20
151,29,1,3
151,29,2,20
151,30,1,3
151,30,2,20
151,31,1,2
151,31,2,20
151,32,1,2
151,32,2,20
151,33,1,2
151,33,2,20
151,34,1,2
151,34,2,20
151,35,1,2
151,35,2,20
151,36,1,3
151,36,2,20
151,37,1,5
151,37,2,20
151,38,1,3
151,38,2,20
151,39,1,2
151,39,2,20
151,40,1,2
151,40,2,20
151,41,1,2
151,41,2,20
151,42,1,2
151,42,2,20
151,43,1,2
151,43,2,20
151,44,1,3
151,44,2,20
151,45,1,3
151,45,2,20
151,46,1,2
151,46,2,20
151,47,1,1
151,47,2,20
151,48,1,1
151,48,2,20
151,49,1,1
151,49,2,20
151,50,1,2
151,50,2,20
151,51,1,3
151,51,2,20
151,52,1,5
151,52,2,20
151,53,1,3
151,53,2,20
151,54,1,2
151,54,2,20
151,55,1,1
151,55,2,20
151,56,1,1
151,56,2,20
151,57,1,1
151,57,2,20
151,58,1,2
151,58,2,20
151,59,1,3
151,59,2,20
151,60,1,3
151,60,2,20
151,61,1,2
151,61,2,20
151,62,1,1
151,62,2,20
151,63,1,0
151,63,2,20
151,64,1,1
151,64,2,20
151,65,1,2
151,65,2,20
151,66,1,3
151,66,2,20
151,67,1,5
151,67,2,20
151,68,1,3
151,68,2,20
151,69,1,2
151,69,2,20
151,70,1,1
151,70,2,20
151,71,1,0
151,71,2,20
151,72,1,1
151,72,2,20
151,73,1,2
151,73,2,20
151,74,1,3
151,74,2,20
151,75,1,3
151,75,2,20
151,76,1,2
151,76,2,20
151,77,1,1
151,77,2,20
151,78,1,1
151,78,2,20
151,79,1,1
151,79,2,20
151,80,1,2
151,80,2,20
151,81,1,3
151,81,2,20
151,82,1,5
151,82,2,20
151,83,1,3
151,83,2,20
151,84,1,2
151,84,2,20
151,85,1,1
151,85,2,20
151,86,1,1
151,86,2,20
151,87,1,1
151,87,2,20
151,88,1,2
151,88,2,20
151,89,1,3
151,89,2,20
151,90,1,3
151,90,2,20
151,91,1,2
151,91,2,20
151,92,1,2
151,92,2,20
151,93,1,2
151,93,2,20
151,94,1,2
151,94,2,20
151,95,1,2
151,95,2,20
151,96,1,3
151,96,2,20
151,97,1,5
151,97,2,20
151,98,1,3
151,98,2,20
151,99,1,2
151,99,2,20
151,100,1,2
151,100,2,20
151,101,1,2
151,101,2,20
151,102,1,2
151,102,2,20
151,103,1,2
151,103,2,20
151,104,1,3
151,104,2,20
151,105,1,3
151,105,2,20
151,106,1,3
151,106,2,20
151,107,1,3
151,107,2,20
151,108,1,3
151,108,2,20
151,109,1,3
151,109,2,20
151,110,1,3
151,110,2,20
151,111,1,3
151,111,2,20
151,112,1,5
151,112,2,20
151,113,1,3
151,113,2,20
151,114,1,3
151,114,2,20
151,115,1,3
151,115,2,20
151,116,1,3
151,116,2,20
151,117,1,3
151,117,2,20
151,118,1,3
151,118,2,20
151,119,1,3
151,119,2,20
151,120,1,4
151,120,2,20
151,121,1,4
151,121,2,20
151,122,1,4
151,122,2,20
151,123,1,4
151,123,2,20
151,124,1,4
151,124,2,20
151,125,1,4
151,125,2,20
151,126,1,4
151,126,2,20
151,127,1,5
151,127,2,20
151,128,1,4
151,128,2,20
151,129,1,4
151,129,2,20
151,130,1,4
151,130,2,20
151,131,1,4
151,131,2,20
151,132,1,4
151,132,2,20
151,133,1,4
151,133,2,20
151,134,1,4
151,134,2,20
152,0,1,4
152,0,2,20
152,1,1,4
152,1,2,20
152,2,1,4
152,2,2,20
152,3,1,4
152,3,2,20
152,4,1,4
152,4,2,20
152,5,1,4
152,5,2,20
152,6,1,4
152,6,2,20
152,7,1,5
152,7,2,20
152,8,1,4
152,8,2,20
152,9,1,4
152,9,2,20
152,10,1,4
152,10,2,20
152,11,1,4
152,11,2,20
152,12,1,4
152,12,2,20
152,13,1,4
152,13,2,20
152,14,1,4
152,14,2,20
152,15,1,3
152,15,2,20
152,16,1,3
152,16,2,20
152,17,1,3
152,17,2,20
152,18,1,3
152,18,2,20
152,19,1,3
152,19,2,20
152,20,1,3
152,20,2,20
152,21,1,3
152,21,2,20
152,22,1,5
152,22,2,20
152,23,1,3
152,23,2,20
152,24,1,3
152,24,2,20
152,25,1,3
152,25,2,20
152,26,1,3
152,26,2,20
152,27,1,3
152,27,2,20
152,28,1,3
152,28,2,20
152,29,1,3
152,29,2,20
152,30,1,3
152,30,2,20
152,31,1,2
152,31,2,20
152,32,1,2
152,32,2,20
152,33,1,2
152,33,2,20
152,34,1,2
152,34,2,20
152,35,1,2
152,35,2,20
152,36,1,3
152,36,2,20
152,37,1,5
152,37,2,20
152,38,1,3
152,38,2,20
152,39,1,2
152,39,2,20
152,40,1,2
152,40,2,20
152,41,1,2
152,41,2,20
152,42,1,2
152,42,2,20
152,43,1,2
152,43,2,20
152,44,1,3
152,44,2,20
152,45,1,3
152,45,2,20
152,46,1,2
152,46,2,20
152,47,1,1
152,47,2,20
152,48,1,1
152,48,2,20
152,49,1,1
152,49,2,20
152,50,1,2
152,50,2,20
152,51,1,3
152,51,2,20
152,52,1,5
152,52,2,20
152,53,1,3
152,53,2,20
152,54,1,2
152,54,2,20
152,55,1,1
152,55,2,20
152,56,1,1
152,56,2,20
152,57,1,1
152,57,2,20
152,58,1,2
152,58,2,20
152,59,1,3
152,59,2,20
152,60,1,3
152,60,2,20
152,61,1,2
152,61,2,20
152,62,1,1
152,62,2,20
152,63,1,0
152,63,2,20
152,64,1,1
152,64,2,20
152,65,1,2
152,65,2,20
152,66,1,3
152,66,2,20
152,67,1,5
152,67,2,20
152,68,1,3
152,68,2,20
152,69,1,2
152,69,2,20
152,70,1,1
152,70,2,20
152,71,1,0
152,71,2,20
152,72,1,1
152,72,2,20
152,73,1,2
152,73,2,20
152,74,1,3
152,74,2,20
152,75,1,3
152,75,2,20
152,76,1,2
152,76,2,20
152,77,1,1
152,77,2,20
152,78,1,1
152,78,2,20
152,79,1,1
152,79,2,20
152,80,1,2
152,80,2,20
152,81,1,3
152,81,2,20
152,82,1,5
152,82,2,20
152,83,1,3
152,83,2,20
152,84,1,2
152,84,2,20
152,85,1,1
152,85,2,20
152,86,1,1
152,86,2,20
152,87,1,1
152,87,2,20
152,88,1,2
152,88,2,20
152,89,1,3
152,89,2,20
152,90,1,3
152,90,2,20
152,91,1,2
152,91,2,20
152,92,1,2
152,92,2,20
152,93,1,2
152,93,2,20
152,94,1,2
152,94,2,20
152,95,1,2
152,95,2,20
152,96,1,3
152,96,2,20
152,97,1,5
152,97,2,20
152,98,1,3
152,98,2,20
152,99,1,2
152,99,2,20
152,100,1,2
152,100,2,20
152,101,1,2
152,101,2,20
152,102,1,2
152,102,2,20
152,103,1,2
152,103,2,20
152,104,1,3
152,104,2,20
152,105,1,3
152,105,2,20
152,106,1,3
152,106,2,20
152,107,1,3
152,107,2,20
152,108,1,3
152,108,2,20
152,109,1,3
152,109,2,20
152,110,1,3
152,110,2,20
152,111,1,3
152,111,2,20
152,112,1,5
152,112,2,20
152,113,1,3
152,113,2,20
152,114,1,3
152,114,2,20
152,115,1,3
152,115,2,20
152,116,1,3
152,116,2,20
152,117,1,3
152,117,2,20
152,118,1,3
152,118,2,20
152,119,1,3
152,119,2,20
152,120,1,4
152,120,2,20
152,121,1,4
152,121,2,20
152,122,1,4
152,122,2,20
152,123,1,4
152,123,2,20
152,124,1,4
152,124,2,20
152,125,1,4
152,125,2,20
152,126,1,4
152,126,2,20
152,127,1,5
152,127,2,20
152,128,1,4
152,128,2,20
152,129,1,4
152,129,2,20
152,130,1,4
152,130,2,20
152,131,1,4
152,131,2,20
152,132,1,4
152,132,2,20
152,133,1,4
152,133,2,20
152,134,1,4
152,134,2,20
153,0,1,4
153,0,2,20
153,1,1,4
153,1,2,20
153,2,1,4
153,2,2,20
153,3,1,4
153,3,2,20
153,4,1,4
153,4,2,20
153,5,1,4
153,5,2,20
153,6,1,4
153,6,2,20
153,7,1,5
153,7,2,20
153,8,1,4
153,8,2,20
153,9,1,4
153,9,2,20
153,10,1,4
153,10,2,20
153,11,1,4
153,11,2,20
153,12,1,4
153,12,2,20
153,13,1,4
153,13,2,20
153,14,1,4
153,14,2,20
153,15,1,3
153,15,2,20
153,16,1,3
153,16,2,20
153,17,1,3
153,17,2,20
153,18,1,3
153,18,2,20
153,19,1,3
153,19,2,20
153,20,1,3
153,20,2,20
153,21,1,3
153,21,2,20
153,22,1,5
153,22,2,20
153,23,1,3
153,23,2,20
153,24,1,3
153,24,2,20
153,25,1,3
153,25,2,20
153,26,1,3
153,26,2,20
153,27,1,3
153,27,2,20
153,28,1,3
153,28,2,20
153,29,1,3
153,29,2,20
153,30,1,3
153,30,2,20
153,31,1,2
153,31,2,20
153,32,1,2
153,32,2,20
153,33,1,2
153,33,2,20
153,34,1,2
153,34,2,20
153,35,1,2
153,35,2,20
153,36,1,3
153,36,2,20
153,37,1,5
153,37,2,20
153,38,1,3
153,38,2,20
153,39,1,2
153,39,2,20
153,40,1,2
153,40,2,20
153,41,1,2
153,41,2,20
153,42,1,2
153,42,2,20
153,43,1,2
153,43,2,20
153,44,1,3
153,44,2,20
153,45,1,3
153,45,2,20
153,46,1,2
153,46,2,20
153,47,1,1
153,47,2,20
153,48,1,1
153,48,2,20
153,49,1,1
153,49,2,20
153,50,1,2
153,50,2,20
153,51,1,3
153,51,2,20
153,52,1,5
153,52,2,20
153,53,1,3
153,53,2,20
153,54,1,2
153,54,2,20
153,55,1,1
153,55,2,20
153,56,1,1
153,56,2,20
153,57,1,1
153,57,2,20
153,58,1,2
153,58,2,20
153,59,1,3
153,59,2,20
153,60,1,3
153,60,2,20
153,61,1,2
153,61,2,20
153,62,1,1
153,62,2,20
153,63,1,0
153,63,2,20
153,64,1,1
153,64,2,20
153,65,1,2
153,65,2,20
153,66,1,3
153,66,2,20
153,67,1,5
153,67,2,20
153,68,1,3
153,68,2,20
153,69,1,2
153,69,2,20
153,70,1,1
153,70,2,20
153,71,1,0
153,71,2,20
153,72,1,1
153,72,2,20
153,73,1,2
153,73,2,20
153,74,1,3
153,74,2,20
153,75,1,3
153,75,2,20
153,76,1,2
153,76,2,20
153,77,1,1
153,77,2,20
153,78,1,1
153,78,2,20
153,79,1,1
153,79,2,20
153,80,1,2
153,80,2,20
153,81,1,3
153,81,2,20
153,82,1,5
153,82,2,20
153,83,1,3
153,83,2,20
153,84,1,2
153,84,2,20
153,85,1,1
153,85,2,20
153,86,1,1
153,86,2,20
153,87,1,1
153,87,2,20
153,88,1,2
153,88,2,20
153,89,1,3
153,89,2,20
153,90,1,3
153,90,2,20
153,91,1,2
153,91,2,20
153,92,1,2
153,92,2,20
153,93,1,2
153,93,2,20
153,94,1,2
153,94,2,20
153,95,1,2
153,95,2,20
153,96,1,3
153,96,2,20
153,97,1,5
153,97,2,20
153,98,1,3
153,98,2,20
153,99,1,2
153,99,2,20
153,100,1,2
153,100,2,20
153,101,1,2
153,101,2,20
153,102,1,2
153,102,2,20
153,103,1,2
153,103,2,20
153,104,1,3
153,104,2,20
153,105,1,3
153,105,2,20
153,106,1,3
153,106,2,20
153,107,1,3
153,107,2,20
153,108,1,3
153,108,2,20
153,109,1,3
153,109,2,20
153,110,1,3
153,110,2,20
153,111,1,3
153,111,2,20
153,112,1,5
153,112,2,20
153,113,1,3
153,113,2,20
153,114,1,3
153,114,2,20
153,115,1,3
153,115,2,20
153,116,1,3
153,116,2,20
153,117,1,3
153,117,2,20
153,118,1,3
153,118,2,20
153,119,1,3
153,119,2,20
153,120,1,4
153,120,2,20
153,121,1,4
153,121,2,20
153,122,1,4
153,122,2,20
153,123,1,4
153,123,2,20
153,124,1,4
153,124,2,20
153,125,1,4
153,125,2,20
153,126,1,4
153,126,2,20
153,127,1,5
153,127,2,20
153,128,1,4
153,128,2,20
153,129,1,4
153,129,2,20
153,130,1,4
153,130,2,20
153,131,1,4
153,131,2,20
153,132,1,4
153,132,2,20
153,133,1,4
153,133,2,20
153,134,1,4
153,134,2,20
154,0,1,4
154,0,2,20
154,1,1,4
154,1,2,20
154,2,1,4
154,2,2,20
154,3,1,4
154,3,2,20
154,4,1,4
154,4,2,20
154,5,1,4
154,5,2,20
154,6,1,4
154,6,2,20
154,7,1,5
154,7,2,20
154,8,1,4
154,8,2,20
154,9,1,4
154,9,2,20
154,10,1,4
154,10,2,20
154,11,1,4
154,11,2,20
154,12,1,4
154,12,2,20
154,13,1,4
154,13,2,20
154,14,1,4
154,14,2,20
154,15,1,3
154,15,2,20
154,16,1,3
154,16,2,20
154,17,1,3
154,17,2,20
154,18,1,3
154,18,2,20
154,19,1,3
154,19,2,20
154,20,1,3
154,20,2,20
154,21,1,3
154,21,2,20
154,22,1,5
154,22,2,20
154,23,1,3
154,23,2,20
154,24,1,3
154,24,2,20
154,25,1,3
154,25,2,20
154,26,1,3
154,26,2,20
154,27,1,3
154,27,2,20
154,28,1,3
154,28,2,20
154,29,1,3
154,29,2,20
154,30,1,3
154,30,2,20
154,31,1,2
154,31,2,20
154,32,1,2
154,32,2,20
154,33,1,2
154,33,2,20
154,34,1,2
154,34,2,20
154,35,1,2
154,35,2,20
154,36,1,3
154,36,2,20
154,37,1,5
154,37,2,20
154,38,1,3
154,38,2,20
154,39,1,2
154,39,2,20
154,40,1,2
154,40,2,20
154,41,1,2
154,41,2,20
154,42,1,2
154,42,2,20
154,43,1,2
154,43,2,20
154,44,1,3
154,44,2,20
154,45,1,3
154,45,2,20
154,46,1,2
154,46,2,20
154,47,1,1
154,47,2,20
154,48,1,1
154,48,2,20
154,49,1,1
154,49,2,20
154,50,1,2
154,50,2,20
154,51,1,3
154,51,2,20
154,52,1,5
154,52,2,20
154,53,1,3
154,53,2,20
154,54,1,2
154,54,2,20
154,55,1,1
154,55,2,20
154,56,1,1
154,56,2,20
154,57,1,1
154,57,2,20
154,58,1,2
154,58,2,20
154,59,1,3
154,59,2,20
154,60,1,3
154,60,2,20
154,61,1,2
154,61,2,20
154,62,1,1
154,62,2,20
154,63,1,0
154,63,2,20
154,64,1,1
154,64,2,20
154,65,1,2
154,65,2,20
154,66,1,3
154,66,2,20
154,67,1,5
154,67,2,20
154,68,1,3
154,68,2,20
154,69,1,2
154,69,2,20
154,70,1,1
154,70,2,20
154,71,1,0
154,71,2,20
154,72,1,1
154,72,2,20
154,73,1,2
154,73,2,20
154,74,1,3
154,74,2,20
154,75,1,3
154,75,2,20
154,76,1,2
154,76,2,20
154,77,1,1
154,77,2,20
154,78,1,1
154,78,2,20
154,79,1,1
154,79,2,20
154,80,1,2
154,80,2,20
154,81,1,3
154,81,2,20
154,82,1,5
154,82,2,20
154,83,1,3
154,83,2,20
154,84,1,2
154,84,2,20
154,85,1,1
154,85,2,20
154,86,1,1
154,86,2,20
154,87,1,1
154,87,2,20
154,88,1,2
154,88,2,20
154,89,1,3
154,89,2,20
154,90,1,3
154,90,2,20
154,91,1,2
154,91,2,20
154,92,1,2
154,92,2,20
154,93,1,2
154,93,2,20
154,94,1,2
154,94,2,20
154,95,1,2
154,95,2,20
154,96,1,3
154,96,2,20
154,97,1,5
154,97,2,20
154,98,1,3
154,98,2,20
154,99,1,2
154,99,2,20
154,100,1,2
154,100,2,20
154,101,1,2
154,101,2,20
154,102,1,2
154,102,2,20
154,103,1,2
154,103,2,20
154,104,1,3
154,104,2,20
154,105,1,3
154,105,2,20
154,106,1,3
154,106,2,20
154,107,1,3
154,107,2,20
154,108,1,3
154,108,2,20
154,109,1,3
154,109,2,20
154,110,1,3
154,110,2,20
154,111,1,3
154,111,2,20
154,112,1,5
154,112,2,20
154,113,1,3
154,113,2,20
154,114,1,3
154,114,2,20
154,115,1,3
154,115,2,20
154,116,1,3
154,116,2,20
154,117,1,3
154,117,2,20
154,118,1,3
154,118,2,20
154,119,1,3
154,119,2,20
154,120,1,4
154,120,2,20
154,121,1,4
154,121,2,20
154,122,1,4
154,122,2,20
154,123,1,4
154,123,2,20
154,124,1,4
154,124,2,20
154,125,1,4
154,125,2,20
154,126,1,4
154,126,2,20
154,127,1,5
154,127,2,20
154,128,1,4
154,128,2,20
154,129,1,4
154,129,2,20
154,130,1,4
154,130,2,20
154,131,1,4
154,131,2,20
154,132,1,4
154,132,2,20
154,133,1,4
154,133,2,20
154,134,1,4
154,134,2,20
155,0,1,4
155,0,2,20
155,1,1,4
155,1,2,20
155,2,1,4
155,2,2,20
155,3,1,4
155,3,2,20
155,4,1,4
155,4,2,20
155,5,1,4
155,5,2,20
155,6,1,4
155,6,2,20
155,7,1,5
155,7,2,20
155,8,1,4
155,8,2,20
155,9,1,4
155,9,2,20
155,10,1,4
155,10,2,20
155,11,1,4
155,11,2,20
155,12,1,4
155,12,2,20
155,13,1,4
155,13,2,20
155,14,1,4
155,14,2,20
155,15,1,3
155,15,2,20
155,16,1,3
155,16,2,20
155,17,1,3
155,17,2,20
155,18,1,3
155,18,2,20
155,19,1,3
155,19,2,20
155,20,1,3
155,20,2,20
155,21,1,3
155,21,2,20
155,22,1,5
155,22,2,20
155,23,1,3
155,23,2,20
155,24,1,3
155,24,2,20
155,25,1,3
155,25,2,20
155,26,1,3
155,26,2,20
155,27,1,3
155,27,2,20
155,28,1,3
155,28,2,20
155,29,1,3
155,29,2,20
155,30,1,3
155,30,2,20
155,31,1,2
155,31,2,20
155,32,1,2
155,32,2,20
155,33,1,2
155,33,2,20
155,34,1,2
155,34,2,20
155,35,1,2
155,35,2,20
155,36,1,3
155,36,2,20
155,37,1,5
155,37,2,20
155,38,1,3
155,38,2,20
155,39,1,2
155,39,2,20
155,40,1,2
155,40,2,20
155,41,1,2
155,41,2,20
155,42,1,2
155,42,2,20
155,43,1,2
155,43,2,20
155,44,1,3
155,44,2,20
155,45,1,3
155,45,2,20
155,46,1,2
155,46,2,20
155,47,1,1
155,47,2,20
155,48,1,1
155,48,2,20
155,49,1,1
155,49,2,20
155,50,1,2
155,50,2,20
155,51,1,3
155,51,2,20
155,52,1,5
155,52,2,20
155,53,1,3
155,53,2,20
155,54,1,2
155,54,2,20
155,55,1,1
155,55,2,20
155,56,1,1
155,56,2,20
155,57,1,1
155,57,2,20
155,58,1,2
155,58,2,20
155,59,1,3
155,59,2,20
155,60,1,3
155,60,2,20
155,61,1,2
155,61,2,20
155,62,1,1
155,62,2,20
155,63,1,0
155,63,2,20
155,64,1,1
155,64,2,20
155,65,1,2
155,65,2,20
155,66,1,3
155,66,2,20
155,67,1,5
155,67,2,20
155,68,1,3
155,68,2,20
155,69,1,2
155,69,2,20
155,70,1,1
155,70,2,20
155,71,1,0
155,71,2,20
155,72,1,1
155,72,2,20
155,73,1,2
155,73,2,20
155,74,1,3
155,74,2,20
155,75,1,3
155,75,2,20
155,76,1,2
155,76,2,20
155,77,1,1
155,77,2,20
155,78,1,1
155,78,2,20
155,79,1,1
155,79,2,20
155,80,1,2
155,80,2,20
155,81,1,3
155,81,2,20
155,82,1,5
155,82,2,20
155,83,1,3
155,83,2,20
155,84,1,2
155,84,2,20
155,85,1,1
155,85,2,20
155,86,1,1
155,86,2,20
155,87,1,1
155,87,2,20
155,88,1,2
155,88,2,20
155,89,1,3
155,89,2,20
155,90,1,3
155,90,2,20
155,91,1,2
155,91,2,20
155,92,1,2
155,92,2,20
155,93,1,2
155,93,2,20
155,94,1,2
155,94,2,20
155,95,1,2
155,95,2,20
155,96,1,3
155,96,2,20
155,97,1,5
155,97,2,20
155,98,1,3
155,98,2,20
155,99,1,2
155,99,2,20
155,100,1,2
155,100,2,20
155,101,1,2
155,101,2,20
155,102,1,2
155,102,2,20
155,103,1,2
155,103,2,20
155,104,1,3
155,104,2,20
155,105,1,3
155,105,2,20
155,106,1,3
155,106,2,20
155,107,1,3
155,107,2,20
155,108,1,3
155,108,2,20
155,109,1,3
155,109,2,20
155,110,1,3
155,110,2,20
155,111,1,3
155,111,2,20
155,112,1,5
155,112,2,20
155,113,1,3
155,113,2,20
155,114,1,3
155,114,2,20
155,115,1,3
155,115,2,20
155,116,1,3
155,116,2,20
155,117,1,3
155,117,2,20
155,118,1,3
155,118,2,20
155,119,1,3
155,119,2,20
155,120,1,4
155,120,2,20
155,121,1,4
155,121,2,20
155,122,1,4
155,122,2,20
155,123,1,4
155,123,2,20
155,124,1,4
155,124,2,20
155,125,1,4
155,125,2,20
155,126,1,4
155,126,2,20
155,127,1,5
155,127,2,20
155,128,1,4
155,128,2,20
155,129,1,4
155,129,2,20
155,130,1,4
155,130,2,20
155,131,1,4
155,131,2,20
155,132,1,4
155,132,2,20
155,133,1,4
155,133,2,20
155,134,1,4
155,134,2,20
156,0,1,4
156,0,2,20
156,1,1,4
156,1,2,20
156,2,1,4
156,2,2,20
156,3,1,4
156,3,2,20
156,4,1,4
156,4,2,20
156,5,1,4
156,5,2,20
156,6,1,4
156,6,2,20
156,7,1,5
156,7,2,20
156,8,1,4
156,8,2,20
156,9,1,4
156,9,2,20
156,10,1,4
156,10,2,20
156,11,1,4
156,11,2,20
156,12,1,4
156,12,2,20
156,13,1,4
156,13,2,20
156,14,1,4
156,14,2,20
156,15,1,3
156,15,2,20
156,16,1,3
156,16,2,20
156,17,1,3
156,17,2,20
156,18,1,3
156,18,2,20
156,19,1,3
156,19,2,20
156,20,1,3
156,20,2,20
156,21,1,3
156,21,2,20
156,22,1,5
156,22,2,20
156,23,1,3
156,23,2,20
156,24,1,3
156,24,2,20
156,25,1,3
156,25,2,20
156,26,1,3
156,26,2,20
156,27,1,3
156,27,2,20
156,28,1,3
156,28,2,20
156,29,1,3
156,29,2,20
156,30,1,3
156,30,2,20
156,31,1,2
156,31,2,20
156,32,1,2
156,32,2,20
156,33,1,2
156,33,2,20
156,34,1,2
156,34,2,20
156,35,1,2
156,35,2,20
156,36,1,3
156,36,2,20
156,37,1,5
156,37,2,20
156,38,1,3
156,38,2,20
156,39,1,2
156,39,2,20
156,40,1,2
156,40,2,20
156,41,1,2
156,41,2,20
156,42,1,2
156,42,2,20
156,43,1,2
156,43,2,20
156,44,1,3
156,44,2,20
156,45,1,3
156,45,2,20
156,46,1,2
156,46,2,20
156,47,1,1
156,47,2,20
156,48,1,1
156,48,2,20
156,49,1,1
156,49,2,20
156,50,1,2
156,50,2,20
156,51,1,3
156,51,2,20
156,52,1,5
156,52,2,20
156,53,1,3
156,53,2,20
156,54,1,2
156,54,2,20
156,55,1,1
156,55,2,20
156,56,1,1
156,56,2,20
156,57,1,1
156,57,2,20
156,58,1,2
156,58,2,20
156,59,1,3
156,59,2,20
156,60,1,3
156,60,2,20
156,61,1,2
156,61,2,20
156,62,1,1
156,62,2,20
156,63,1,0
156,63,2,20
156,64,1,1
156,64,2,20
156,65,1,2
156,65,2,20
156,66,1,3
156,66,2,20
156,67,1,5
156,67,2,20
156,68,1,3
156,68,2,20
156,69,1,2
156,69,2,20
156,70,1,1
156,70,2,20
156,71,1,0
156,71,2,20
156,72,1,1
156,72,2,20
156,73,1,2
156,73,2,20
156,74,1,3
156,74,2,20
156,75,1,3
156,75,2,20
156,76,1,2
156,76,2,20
156,77,1,1
156,77,2,20
156,78,1,1
156,78,2,20
156,79,1,1
156,79,2,20
156,80,1,2
156,80,2,20
156,81,1,3
156,81,2,20
156,82,1,5
156,82,2,20
156,83,1,3
156,83,2,20
156,84,1,2
156,84,2,20
156,85,1,1
156,85,2,20
156,86,1,1
156,86,2,20
156,87,1,1
156,87,2,20
156,88,1,2
156,88,2,20
156,89,1,3
156,89,2,20
156,90,1,3
156,90,2,20
156,91,1,2
156,91,2,20
156,92,1,2
156,92,2,20
156,93,1,2
156,93,2,20
156,94,1,2
156,94,2,20
156,95,1,2
156,95,2,20
156,96,1,3
156,96,2,20
156,97,1,5
156,97,2,20
156,98,1,3
156,98,2,20
156,99,1,2
156,99,2,20
156,100,1,2
156,100,2,20
156,101,1,2
156,101,2,20
156,102,1,2
156,102,2,20
156,103,1,2
156,103,2,20
156,104,1,3
156,104,2,20
156,105,1,3
156,105,2,20
156,106,1,3
156,106,2,20
156,107,1,3
156,107,2,20
156,108,1,3
156,108,2,20
156,109,1,3
156,109,2,20
156,110,1,3
156,110,2,20
156,111,1,3
156,111,2,20
156,112,1,5
156,112,2,20
156,113,1,3
156,113,2,20
156,114,1,3
156,114,2,20
156,115,1,3
156,115,2,20
156,116,1,3
156,116,2,20
156,117,1,3
156,117,2,20
156,118,1,3
156,118,2,20
156,119,1,3
156,119,2,20
156,120,1,4
156,120,2,20
156,121,1,4
156,121,2,20
156,122,1,4
156,122,2,20
156,123,1,4
156,123,2,20
156,124,1,4
156,124,2,20
156,125,1,4
156,125,2,20
156,126,1,4
156,126,2,20
156,127,1,5
156,127,2,20
156,128,1,4
156,128,2,20
156,129,1,4
156,129,2,20
156,130,1,4
156,130,2,20
156,131,1,4
156,131,2,20
156,132,1,4
156,132,2,20
156,133,1,4
156,133,2,20
156,134,1,4
156,134,2,20
157,0,1,4
157,0,2,20
157,1,1,4
157,1,2,20
157,2,1,4
157,2,2,20
157,3,1,4
157,3,2,20
157,4,1,4
157,4,2,20
157,5,1,4
157,5,2,20
157,6,1,4
157,6,2,20
157,7,1,5
157,7,2,20
157,8,1,4
157,8,2,20
157,9,1,4
157,9,2,20
157,10,1,4
157,10,2,20
157,11,1,4
157,11,2,20
157,12,1,4
157,12,2,20
157,13,1,4
157,13,2,20
157,14,1,4
157,14,2,20
157,15,1,3
157,15,2,20
157,16,1,3
157,16,2,20
157,17,1,3
157,17,2,20
157,18,1,3
157,18,2,20
157,19,1,3
157,19,2,20
157,20,1,3
157,20,2,20
157,21,1,3
157,21,2,20
157,22,1,5
157,22,2,20
157,23,1,3
157,23,2,20
157,24,1,3
157,24,2,20
157,25,1,3
157,25,2,20
157,26,1,3
157,26,2,20
157,27,1,3
157,27,2,20
157,28,1,3
157,28,2,20
157,29,1,3
157,29,2,20
157,30,1,3
157,30,2,20
157,31,1,2
157,31,2,20
157,32,1,2
157,32,2,20
157,33,1,2
157,33,2,20
157,34,1,2
157,34,2,20
157,35,1,2
157,35,2,20
157,36,1,3
157,36,2,20
157,37,1,5
157,37,2,20
157,38,1,3
157,38,2,20
157,39,1,2
157,39,2,20
157,40,1,2
157,40,2,20
157,41,1,2
157,41,2,20
157,42,1,2
157,42,2,20
157,43,1,2
157,43,2,20
157,44,1,3
157,44,2,20
157,45,1,3
157,45,2,20
157,46,1,2
157,46,2,20
157,47,1,1
157,47,2,20
157,48,1,1
157,48,2,20
157,49,1,1
157,49,2,20
157,50,1,2
157,50,2,20
157,51,1,3
157,51,2,20
157,52,1,5
157,52,2,20
157,53,1,3
157,53,2,20
157,54,1,2
157,54,2,20
157,55,1,1
157,55,2,20
157,56,1,1
157,56,2,20
157,57,1,1
157,57,2,20
157,58,1,2
157,58,2,20
157,59,1,3
157,59,2,20
157,60,1,3
157,60,2,20
157,61,1,2
157,61,2,20
157,62,1,1
157,62,2,20
157,63,1,0
157,63,2,20
157,64,1,1
157,64,2,20
157,65,1,2
157,65,2,20
157,66,1,3
157,66,2,20
157,67,1,5
157,67,2,20
157,68,1,3
157,68,2,20
157,69,1,2
157,69,2,20
157,70,1,1
157,70,2,20
157,71,1,0
157,71,2,20
157,72,1,1
157,72,2,20
157,73,1,2
157,73,2,20
157,74,1,3
157,74,2,20
157,75,1,3
157,75,2,20
157,76,1,2
157,76,2,20
157,77,1,1
157,77,2,20
157,78,1,1
157,78,2,20
157,79,1,1
157,79,2,20
157,80,1,2
157,80,2,20
157,81,1,3
157,81,2,20
157,82,1,5
157,82,2,20
157,83,1,3
157,83,2,20
157,84,1,2
157,84,2,20
157,85,1,1
157,85,2,20
157,86,1,1
157,86,2,20
157,87,1,1
157,87,2,20
157,88,1,2
157,88,2,20
157,89,1,3
157,89,2,20
157,90,1,3
157,90,2,20
157,91,1,2
157,91,2,20
157,92,1,2
157,92,2,20
157,93,1,2
157,93,2,20
157,94,1,2
157,94,2,20
157,95,1,2
157,95,2,20
157,96,1,3
157,96,2,20
157,97,1,5
157,97,2,20
157,98,1,3
157,98,2,20
157,99,1,2
157,99,2,20
157,100,1,2
157,100,2,20
157,101,1,2
157,101,2,20
157,102,1,2
157,102,2,20
157,103,1,2
157,103,2,20
157,104,1,3
157,104,2,20
157,105,1,3
157,105,2,20
157,106,1,3
157,106,2,20
157,107,1,3
157,107,2,20
157,108,1,3
157,108,2,20
157,109,1,3
157,109,2,20
157,110,1,3
157,110,2,20
157,111,1,3
157,111,2,20
157,112,1,5
157,112,2,20
157,113,1,3
157,113,2,20
157,114,1,3
157,114,2,20
157,115,1,3
157,115,2,20
157,116,1,3
157,116,2,20
157,117,1,3
157,117,2,20
157,118,1,3
157,118,2,20
157,119,1,3
157,119,2,20
157,120,1,4
157,120,2,20
157,121,1,4
157,121,2,20
157,122,1,4
157,122,2,20
157,123,1,4
157,123,2,20
157,124,1,4
157,124,2,20
157,125,1,4
157,125,2,20
157,126,1,4
157,126,2,20
157,127,1,5
157,127,2,20
157,128,1,4
157,128,2,20
157,129,1,4
157,129,2,20
157,130,1,4
157,130,2,20
157,131,1,4
157,131,2,20
157,132,1,4
157,132,2,20
157,133,1,4
157,133,2,20
157,134,1,4
157,134,2,20
158,0,1,4
158,0,2,20
158,1,1,4
158,1,2,20
158,2,1,4
158,2,2,20
158,3,1,4
158,3,2,20
158,4,1,4
158,4,2,20
158,5,1,4
158,5,2,20
158,6,1,4
158,6,2,20
158,7,1,5
158,7,2,20
158,8,1,4
158,8,2,20
158,9,1,4
158,9,2,20
158,10,1,4
158,10,2,20
158,11,1,4
158,11,2,20
158,12,1,4
158,12,2,20
158,13,1,4
158,13,2,20
158,14,1,4
158,14,2,20
158,15,1,3
158,15,2,20
158,16,1,3
158,16,2,20
158,17,1,3
158,17,2,20
158,18,1,3
158,18,2,20
158,19,1,3
158,19,2,20
158,20,1,3
158,20,2,20
158,21,1,3
158,21,2,20
158,22,1,5
158,22,2,20
158,23,1,3
158,23,2,20
158,24,1,3
158,24,2,20
158,25,1,3
158,25,2,20
158,26,1,3
158,26,2,20
158,27,1,3
158,27,2,20
158,28,1,3
158,28,2,20
158,29,1,3
158,29,2,20
158,30,1,3
158,30,2,20
158,31,1,2
158,31,2,20
158,32,1,2
158,32,2,20
158,33,1,2
158,33,2,20
158,34,1,2
158,34,2,20
158,35,1,2
158,35,2,20
158,36,1,3
158,36,2,20
158,37,1,5
158,37,2,20
158,38,1,3
158,38,2,20
158,39,1,2
158,39,2,20
158,40,1,2
158,40,2,20
158,41,1,2
158,41,2,20
158,42,1,2
158,42,2,20
158,43,1,2
158,43,2,20
158,44,1,3
158,44,2,20
158,45,1,3
158,45,2,20
158,46,1,2
158,46,2,20
158,47,1,1
158,47,2,20
158,48,1,1
158,48,2,20
158,49,1,1
158,49,2,20
158,50,1,2
158,50,2,20
158,51,1,3
158,51,2,20
158,52,1,5
158,52,2,20
158,53,1,3
158,53,2,20
158,54,1,2
158,54,2,20
158,55,1,1
158,55,2,20
158,56,1,1
158,56,2,20
158,57,1,1
158,57,2,20
158,58,1,2
158,58,2,20
158,59,1,3
158,59,2,20
158,60,1,3
158,60,2,20
158,61,1,2
158,61,2,20
158,62,1,1
158,62,2,20
158,63,1,0
158,63,2,20
158,64,1,1
158,64,2,20
158,65,1,2
158,65,2,20
158,66,1,3
158,66,2,20
158,67,1,5
158,67,2,20
158,68,1,3
158,68,2,20
158,69,1,2
158,69,2,20
158,70,1,1
158,70,2,20
158,71,1,0
158,71,2,20
158,72,1,1
158,72,2,20
158,73,1,2
158,73,2,20
158,74,1,3
158,74,2,20
158,75,1,3
158,75,2,20
158,76,1,2
158,76,2,20
158,77,1,1
158,77,2,20
158,78,1,1
158,78,2,20
158,79,1,1
158,79,2,20
158,80,1,2
158,80,2,20
158,81,1,3
158,81,2,20
158,82,1,5
158,82,2,20
158,83,1,3
158,83,2,20
158,84,1,2
158,84,2,20
158,85,1,1
158,85,2,20
158,86,1,1
158,86,2,20
158,87,1,1
158,87,2,20
158,88,1,2
158,88,2,20
158,89,1,3
158,89,2,20
158,90,1,3
158,90,2,20
158,91,1,2
158,91,2,20
158,92,1,2
158,92,2,20
158,93,1,2
158,93,2,20
158,94,1,2
158,94,2,20
158,95,1,2
158,95,2,20
158,96,1,3
158,96,2,20
158,97,1,5
158,97,2,20
158,98,1,3
158,98,2,20
158,99,1,2
158,99,2,20
158,100,1,2
158,100,2,20
158,101,1,2
158,101,2,20
158,102,1,2
158,102,2,20
158,103,1,2
158,103,2,20
158,104,1,3
158,104,2,20
158,105,1,3
158,105,2,20
158,106,1,3
158,106,2,20
158,107,1,3
158,107,2,20
158,108,1,3
158,108,2,20
158,109,1,3
158,109,2,20
158,110,1,3
158,110,2,20
158,111,1,3
158,111,2,20
158,112,1,5
158,112,2,20
158,113,1,3
158,113,2,20
158,114,1,3
158,114,2,20
158,115,1,3
158,115,2,20
158,116,1,3
158,116,2,20
158,117,1,3
158,117,2,20
158,118,1,3
158,118,2,20
158,119,1,3
158,119,2,20
158,120,1,4
158,120,2,20
158,121,1,4
158,121,2,20
158,122,1,4
158,122,2,20
158,123,1,4
158,123,2,20
158,124,1,4
158,124,2,20
158,125,1,4
158,125,2,20
158,126,1,4
158,126,2,20
158,127,1,5
158,127,2,20
158,128,1,4
158,128,2,20
158,129,1,4
158,129,2,20
158,130,1,4
158,130,2,20
158,131,1,4
158,131,2,20
158,132,1,4
158,132,2,20
158,133,1,4
158,133,2,20
158,134,1,4
158,134,2,20
159,0,1,4
159,0,2,20
159,1,1,4
159,1,2,20
159,2,1,4
159,2,2,20
159,3,1,4
159,3,2,20
159,4,1,4
159,4,2,20
159,5,1,4
159,5,2,20
159,6,1,4
159,6,2,20
159,7,1,5
159,7,2,20
159,8,1,4
159,8,2,20
159,9,1,4
159,9,2,20
159,10,1,4
159,10,2,20
159,11,1,4
159,11,2,20
159,12,1,4
159,12,2,20
159,13,1,4
159,13,2,20
159,14,1,4
159,14,2,20
159,15,1,3
159,15,2,20
159,16,1,3
159,16,2,20
159,17,1,3
159,17,2,20
159,18,1,3
159,18,2,20
159,19,1,3
159,19,2,20
159,20,1,3
159,20,2,20
159,21,1,3
159,21,2,20
159,22,1,5
159,22,2,20
159,23,1,3
159,23,2,20
159,24,1,3
159,24,2,20
159,25,1,3
159,25,2,20
159,26,1,3
159,26,2,20
159,27,1,3
159,27,2,20
159,28,1,3
159,28,2,20
159,29,1,3
159,29,2,20
159,30,1,3
159,30,2,20
159,31,1,2
159,31,2,20
159,32,1,2
159,32,2,20
159,33,1,2
159,33,2,20
159,34,1,2
159,34,2,20
159,35,1,2
159,35,2,20
159,36,1,3
159,36,2,20
159,37,1,5
159,37,2,20
159,38,1,3
159,38,2,20
159,39,1,2
159,39,2,20
159,40,1,2
159,40,2,20
159,41,1,2
159,41,2,20
159,42,1,2
159,42,2,20
159,43,1,2
159,43,2,20
159,44,1,3
159,44,2,20
159,45,1,3
159,45,2,20
159,46,1,2
159,46,2,20
159,47,1,1
159,47,2,20
159,48,1,1
159,48,2,20
159,49,1,1
159,49,2,20
159,50,1,2
159,50,2,20
159,51,1,3
159,51,2,20
159,52,1,5
159,52,2,20
159,53,1,3
159,53,2,20
159,54,1,2
159,54,2,20
159,55,1,1
159,55,2,20
159,56,1,1
159,56,2,20
159,57,1,1
159,57,2,20
159,58,1,2
159,58,2,20
159,59,1,3
159,59,2,20
159,60,1,3
159,60,2,20
159,61,1,2
159,61,2,20
159,62,1,1
159,62,2,20
159,63,1,0
159,63,2,20
159,64,1,1
159,64,2,20
159,65,1,2
159,65,2,20
159,66,1,3
159,66,2,20
159,67,1,5
159,67,2,20
159,68,1,3
159,68,2,20
159,69,1,2
159,69,2,20
159,70,1,1
159,70,2,20
159,71,1,0
159,71,2,20
159,72,1,1
159,72,2,20
159,73,1,2
159,73,2,20
159,74,1,3
159,74,2,20
159,75,1,3
159,75,2,20
159,76,1,2
159,76,2,20
159,77,1,1
159,77,2,20
159,78,1,1
159,78,2,20
159,79,1,1
159,79,2,20
159,80,1,2
159,80,2,20
159,81,1,3
159,81,2,20
159,82,1,5
159,82,2,20
159,83,1,3
159,83,2,20
159,84,1,2
159,84,2,20
159,85,1,1
159,85,2,20
159,86,1,1
159,86,2,20
159,87,1,1
159,87,2,20
159,88,1,2
159,88,2,20
159,89,1,3
159,89,2,20
159,90,1,3
159,90,2,20
159,91,1,2
159,91,2,20
159,92,1,2
159,92,2,20
159,93,1,2
159,93,2,20
159,94,1,2
159,94,2,20
159,95,1,2
159,95,2,20
159,96,1,3
159,96,2,20
159,97,1,5
159,97,2,20
159,98,1,3
159,98,2,20
159,99,1,2
159,99,2,20
159,100,1,2
159,100,2,20
159,101,1,2
159,101,2,20
159,102,1,2
159,102,2,20
159,103,1,2
159,103,2,20
159,104,1,3
159,104,2,20
159,105,1,3
159,105,2,20
159,106,1,3
159,106,2,20
159,107,1,3
159,107,2,20
159,108,1,3
159,108,2,20
159,109,1,3
159,109,2,20
159,110,1,3
159,110,2,20
159,111,1,3
159,111,2,20
159,112,1,5
159,112,2,20
159,113,1,3
159,113,2,20
159,114,1,3
159,114,2,20
159,115,1,3
159,115,2,20
159,116,1,3
159,116,2,20
159,117,1,3
159,117,2,20
159,118,1,3
159,118,2,20
159,119,1,3
159,119,2,20
159,120,1,4
159,120,2,20
159,121,1,4
159,121,2,20
159,122,1,4
159,122,2,20
159,123,1,4
159,123,2,20
159,124,1,4
159,124,2,20
159,125,1,4
159,125,2,20
159,126,1,4
159,126,2,20
159,127,1,5
159,127,2,20
159,128,1,4
159,128,2,20
159,129,1,4
159,129,2,20
159,130,1,4
159,130,2,20
159,131,1,4
159,131,2,20
159,132,1,4
159,132,2,20
159,133,1,4
159,133,2,20
159,134,1,4
159,134,2,20
160,0,1,4
160,0,2,20
160,1,1,4
160,1,2,20
160,2,1,4
160,2,2,20
160,3,1,4
160,3,2,20
160,4,1,4
160,4,2,20
160,5,1,4
160,5,2,20
160,6,1,4
160,6,2,20
160,7,1,5
160,7,2,20
160,8,1,4
160,8,2,20
160,9,1,4
160,9,2,20
160,10,1,4
160,10,2,20
160,11,1,4
160,11,2,20
160,12,1,4
160,12,2,20
160,13,1,4
160,13,2,20
160,14,1,4
160,14,2,20
160,15,1,3
160,15,2,20
160,16,1,3
160,16,2,20
160,17,1,3
160,17,2,20
160,18,1,3
160,18,2,20
160,19,1,3
160,19,2,20
160,20,1,3
160,20,2,20
160,21,1,3
160,21,2,20
160,22,1,5
160,22,2,20
160,23,1,3
160,23,2,20
160,24,1,3
160,24,2,20
160,25,1,3
160,25,2,20
160,26,1,3
160,26,2,20
160,27,1,3
160,27,2,20
160,28,1,3
160,28,2,20
160,29,1,3
160,29,2,20
160,30,1,3
160,30,2,20
160,31,1,2
160,31,2,20
160,32,1,2
160,32,2,20
160,33,1,2
160,33,2,20
160,34,1,2
160,34,2,20
160,35,1,2
160,35,2,20
160,36,1,3
160,36,2,20
160,37,1,5
160,37,2,20
160,38,1,3
160,38,2,20
160,39,1,2
160,39,2,20
160,40,1,2
160,40,2,20
160,41,1,2
160,41,2,20
160,42,1,2
160,42,2,20
160,43,1,2
160,43,2,20
160,44,1,3
160,44,2,20
160,45,1,3
160,45,2,20
160,46,1,2
160,46,2,20
160,47,1,1
160,47,2,20
160,48,1,1
160,48,2,20
160,49,1,1
160,49,2,20
160,50,1,2
160,50,2,20
160,51,1,3
160,51,2,20
160,52,1,5
160,52,2,20
160,53,1,3
160,53,2,20
160,54,1,2
160,54,2,20
160,55,1,1
160,55,2,20
160,56,1,1
160,56,2,20
160,57,1,1
160,57,2,20
160,58,1,2
160,58,2,20
160,59,1,3
160,59,2,20
160,60,1,3
160,60,2,20
160,61,1,2
160,61,2,20
160,62,1,1
160,62,2,20
160,63,1,0
160,63,2,20
160,64,1,1
160,64,2,20
160,65,1,2
160,65,2,20
160,66,1,3
160,66,2,20
160,67,1,5
160,67,2,20
160,68,1,3
160,68,2,20
160,69,1,2
160,69,2,20
160,70,1,1
160,70,2,20
160,71,1,0
160,71,2,20
160,72,1,1
160,72,2,20
160,73,1,2
160,73,2,20
160,74,1,3
160,74,2,20
160,75,1,3
160,75,2,20
160,76,1,2
160,76,2,20
160,77,1,1
160,77,2,20
160,78,1,1
160,78,2,20
160,79,1,1
160,79,2,20
160,80,1,2
160,80,2,20
160,81,1,3
160,81,2,20
160,82,1,5
160,82,2,20
160,83,1,3
160,83,2,20
160,84,1,2
160,84,2,20
160,85,1,1
160,85,2,20
160,86,1,1
160,86,2,20
160,87,1,1
160,87,2,20
160,88,1,2
160,88,2,20
160,89,1,3
160,89,2,20
160,90,1,3
160,90,2,20
160,91,1,2
160,91,2,20
160,92,1,2
160,92,2,20
160,93,1,2
160,93,2,20
160,94,1,2
160,94,2,20
160,95,1,2
160,95,2,20
160,96,1,3
160,96,2,20
160,97,1,5
160,97,2,20
160,98,1,3
160,98,2,20
160,99,1,2
160,99,2,20
160,100,1,2
160,100,2,20
160,101,1,2
160,101,2,20
160,102,1,2
160,102,2,20
160,103,1,2
160,103,2,20
160,104,1,3
160,104,2,20
160,105,1,3
160,105,2,20
160,106,1,3
160,106,2,20
160,107,1,3
160,107,2,20
160,108,1,3
160,108,2,20
160,109,1,3
160,109,2,20
160,110,1,3
160,110,2,20
160,111,1,3
160,111,2,20
160,112,1,5
160,112,2,20
160,113,1,3
160,113,2,20
160,114,1,3
160,114,2,20
160,115,1,3
160,115,2,20
160,116,1,3
160,116,2,20
160,117,1,3
160,117,2,20
160,118,1,3
160,118,2,20
160,119,1,3
160,119,2,20
160,120,1,4
160,120,2,20
160,121,1,4
160,121,2,20
160,122,1,4
160,122,2,20
160,123,1,4
160,123,2,20
160,124,1,4
160,124,2,20
160,125,1,4
160,125,2,20
160,126,1,4
160,126,2,20
160,127,1,5
160,127,2,20
160,128,1,4
160,128,2,20
160,129,1,4
160,129,2,20
160,130,1,4
160,130,2,20
160,131,1,4
160,131,2,20
160,132,1,4
160,132,2,20
160,133,1,4
160,133,2,20
160,134,1,4
160,134,2,20
161,0,1,4
161,0,2,20
161,1,1,4
161,1,2,20
161,2,1,4
161,2,2,20
161,3,1,4
161,3,2,20
161,4,1,4
161,4,2,20
161,5,1,4
161,5,2,20
161,6,1,4
161,6,2,20
161,7,1,5
161,7,2,20
161,8,1,4
161,8,2,20
161,9,1,4
161,9,2,20
161,10,1,4
161,10,2,20
161,11,1,4
161,11,2,20
161,12,1,4
161,12,2,20
161,13,1,4
161,13,2,20
161,14,1,4
161,14,2,20
161,15,1,3
161,15,2,20
161,16,1,3
161,16,2,20
161,17,1,3
161,17,2,20
161,18,1,3
161,18,2,20
161,19,1,3
161,19,2,20
161,20,1,3
161,20,2,20
161,21,1,3
161,21,2,20
161,22,1,5
161,22,2,20
161,23,1,3
161,23,2,20
161,24,1,3
161,24,2,20
161,25,1,3
161,25,2,20
161,26,1,3
161,26,2,20
161,27,1,3
161,27,2,20
161,28,1,3
161,28,2,20
161,29,1,3
161,29,2,20
161,30,1,3
161,30,2,20
161,31,1,2
161,31,2,20
161,32,1,2
161,32,2,20
161,33,1,2
161,33,2,20
161,34,1,2
161,34,2,20
161,35,1,2
161,35,2,20
161,36,1,3
161,36,2,20
161,37,1,5
161,37,2,20
161,38,1,3
161,38,2,20
161,39,1,2
161,39,2,20
161,40,1,2
161,40,2,20
161,41,1,2
161,41,2,20
161,42,1,2
161,42,2,20
161,43,1,2
161,43,2,20
161,44,1,3
161,44,2,20
161,45,1,3
161,45,2,20
161,46,1,2
161,46,2,20
161,47,1,1
161,47,2,20
161,48,1,1
161,48,2,20
161,49,1,1
161,49,2,20
161,50,1,2
161,50,2,20
161,51,1,3
161,51,2,20
161,52,1,5
161,52,2,20
161,53,1,3
161,53,2,20
161,54,1,2
161,54,2,20
161,55,1,1
161,55,2,20
161,56,1,1
161,56,2,20
161,57,1,1
161,57,2,20
161,58,1,2
161,58,2,20
161,59,1,3
161,59,2,20
161,60,1,3
161,60,2,20
161,61,1,2
161,61,2,20
161,62,1,1
161,62,2,20
161,63,1,0
161,63,2,20
161,64,1,1
161,64,2,20
161,65,1,2
161,65,2,20
161,66,1,3
161,66,2,20
161,67,1,5
161,67,2,20
161,68,1,3
161,68,2,20
161,69,1,2
161,69,2,20
161,70,1,1
161,70,2,20
161,71,1,0
161,71,2,20
161,72,1,1
161,72,2,20
161,73,1,2
161,73,2,20
161,74,1,3
161,74,2,20
161,75,1,3
161,75,2,20
161,76,1,2
161,76,2,20
161,77,1,1
161,77,2,20
161,78,1,1
161,78,2,20
161,79,1,1
161,79,2,20
161,80,1,2
161,80,2,20
161,81,1,3
161,81,2,20
161,82,1,5
161,82,2,20
161,83,1,3
161,83,2,20
161,84,1,2
161,84,2,20
161,85,1,1
161,85,2,20
161,86,1,1
161,86,2,20
161,87,1,1
161,87,2,20
161,88,1,2
161,88,2,20
161,89,1,3
161,89,2,20
161,90,1,3
161,90,2,20
161,91,1,2
161,91,2,20
161,92,1,2
161,92,2,20
161,93,1,2
161,93,2,20
161,94,1,2
161,94,2,20
161,95,1,2
161,95,2,20
161,96,1,3
161,96,2,20
161,97,1,5
161,97,2,20
161,98,1,3
161,98,2,20
161,99,1,2
161,99,2,20
161,100,1,2
161,100,2,20
161,101,1,2
161,101,2,20
161,102,1,2
161,102,2,20
161,103,1,2
161,103,2,20
161,104,1,3
161,104,2,20
161,105,1,3
161,105,2,20
161,106,1,3
161,106,2,20
161,107,1,3
161,107,2,20
161,108,1,3
161,108,2,20
161,109,1,3
161,109,2,20
161,110,1,3
161,110,2,20
161,111,1,3
161,111,2,20
161,112,1,5
161,112,2,20
161,113,1,3
161,113,2,20
161,114,1,3
161,114,2,20
161,115,1,3
161,115,2,20
161,116,1,3
161,116,2,20
161,117,1,3
161,117,2,20
161,118,1,3
161,118,2,20
161,119,1,3
161,119,2,20
161,120,1,4
161,120,2,20
161,121,1,4
161,121,2,20
161,122,1,4
161,122,2,20
161,123,1,4
161,123,2,20
161,124,1,4
161,124,2,20
161,125,1,4
161,125,2,20
161,126,1,4
161,126,2,20
161,127,1,5
161,127,2,20
161,128,1,4
161,128,2,20
161,129,1,4
161,129,2,20
161,130,1,4
161,130,2,20
161,131,1,4
161,131,2,20
161,132,1,4
161,132,2,20
161,133,1,4
161,133,2,20
161,134,1,4
161,134,2,20
162,0,1,4
162,0,2,20
162,1,1,4
162,1,2,20
162,2,1,4
162,2,2,20
162,3,1,4
162,3,2,20
162,4,1,4
162,4,2,20
162,5,1,4
162,5,2,20
162,6,1,4
162,6,2,20
162,7,1,5
162,7,2,20
162,8,1,4
162,8,2,20
162,9,1,4
162,9,2,20
162,10,1,4
162,10,2,20
162,11,1,4
162,11,2,20
162,12,1,4
162,12,2,20
162,13,1,4
162,13,2,20
162,14,1,4
162,14,2,20
162,15,1,3
162,15,2,20
162,16,1,3
162,16,2,20
162,17,1,3
162,17,2,20
162,18,1,3
162,18,2,20
162,19,1,3
162,19,2,20
162,20,1,3
162,20,2,20
162,21,1,3
162,21,2,20
162,22,1,5
162,22,2,20
162,23,1,3
162,23,2,20
162,24,1,3
162,24,2,20
162,25,1,3
162,25,2,20
162,26,1,3
162,26,2,20
162,27,1,3
162,27,2,20
162,28,1,3
162,28,2,20
162,29,1,3
162,29,2,20
162,30,1,3
162,30,2,20
162,31,1,2
162,31,2,20
162,32,1,2
162,32,2,20
162,33,1,2
162,33,2,20
162,34,1,2
162,34,2,20
162,35,1,2
162,35,2,20
162,36,1,3
162,36,2,20
162,37,1,5
162,37,2,20
162,38,1,3
162,38,2,20
162,39,1,2
162,39,2,20
162,40,1,2
162,40,2,20
162,41,1,2
162,41,2,20
162,42,1,2
162,42,2,20
162,43,1,2
162,43,2,20
162,44,1,3
162,44,2,20
162,45,1,3
162,45,2,20
162,46,1,2
162,46,2,20
162,47,1,1
162,47,2,20
162,48,1,1
162,48,2,20
162,49,1,1
162,49,2,20
162,50,1,2
162,50,2,20
162,51,1,3
162,51,2,20
162,52,1,5
162,52,2,20
162,53,1,3
162,53,2,20
162,54,1,2
162,54,2,20
162,55,1,1
162,55,2,20
162,56,1,1
162,56,2,20
162,57,1,1
162,57,2,20
162,58,1,2
162,58,2,20
162,59,1,3
162,59,2,20
162,60,1,3
162,60,2,20
162,61,1,2
162,61,2,20
162,62,1,1
162,62,2,20
162,63,1,0
162,63,2,20
162,64,1,1
162,64,2,20
162,65,1,2
162,65,2,20
162,66,1,3
162,66,2,20
162,67,1,5
162,67,2,20
162,68,1,3
162,68,2,20
162,69,1,2
162,69,2,20
162,70,1,1
162,70,2,20
162,71,1,0
162,71,2,20
162,72,1,1
162,72,2,20
162,73,1,2
162,73,2,20
162,74,1,3
162,74,2,20
162,75,1,3
162,75,2,20
162,76,1,2
162,76,2,20
162,77,1,1
162,77,2,20
162,78,1,1
162,78,2,20
162,79,1,1
162,79,2,20
162,80,1,2
162,80,2,20
162,81,1,3
162,81,2,20
162,82,1,5
162,82,2,20
162,83,1,3
162,83,2,20
162,84,1,2
162,84,2,20
162,85,1,1
162,85,2,20
162,86,1,1
162,86,2,20
162,87,1,1
162,87,2,20
162,88,1,2
162,88,2,20
162,89,1,3
162,89,2,20
162,90,1,3
162,90,2,20
162,91,1,2
162,91,2,20
162,92,1,2
162,92,2,20
162,93,1,2
162,93,2,20
162,94,1,2
162,94,2,20
162,95,1,2
162,95,2,20
162,96,1,3
162,96,2,20
162,97,1,5
162,97,2,20
162,98,1,3
162,98,2,20
162,99,1,2
162,99,2,20
162,100,1,2
162,100,2,20
162,101,1,2
162,101,2,20
162,102,1,2
162,102,2,20
162,103,1,2
162,103,2,20
162,104,1,3
162,104,2,20
162,105,1,3
162,105,2,20
162,106,1,3
162,106,2,20
162,107,1,3
162,107,2,20
162,108,1,3
162,108,2,20
162,109,1,3
162,109,2,20
162,110,1,3
162,110,2,20
162,111,1,3
162,111,2,20
162,112,1,5
162,112,2,20
162,113,1,3
162,113,2,20
162,114,1,3
162,114,2,20
162,115,1,3
162,115,2,20
162,116,1,3
162,116,2,20
162,117,1,3
162,117,2,20
162,118,1,3
162,118,2,20
162,119,1,3
162,119,2,20
162,120,1,4
162,120,2,20
162,121,1,4
162,121,2,20
162,122,1,4
162,122,2,20
162,123,1,4
162,123,2,20
162,124,1,4
162,124,2,20
162,125,1,4
162,125,2,20
162,126,1,4
162,126,2,20
162,127,1,5
162,127,2,20
162,128,1,4
162,128,2,20
162,129,1,4
162,129,2,20
162,130,1,4
162,130,2,20
162,131,1,4
162,131,2,20
162,132,1,4
162,132,2,20
162,133,1,4
162,133,2,20
162,134,1,4
162,134,2,20
163,0,1,4
163,0,2,20
163,1,1,4
163,1,2,20
163,2,1,4
163,2,2,20
163,3,1,4
163,3,2,20
163,4,1,4
163,4,2,20
163,5,1,4
163,5,2,20
163,6,1,4
163,6,2,20
163,7,1,5
163,7,2,20
163,8,1,4
163,8,2,20
163,9,1,4
163,9,2,20
163,10,1,4
163,10,2,20
163,11,1,4
163,11,2,20
163,12,1,4
163,12,2,20
163,13,1,4
163,13,2,20
163,14,1,4
163,14,2,20
163,15,1,3
163,15,2,20
163,16,1,3
163,16,2,20
163,17,1,3
163,17,2,20
163,18,1,3
163,18,2,20
163,19,1,3
163,19,2,20
163,20,1,3
163,20,2,20
163,21,1,3
163,21,2,20
163,22,1,5
163,22,2,20
163,23,1,3
163,23,2,20
163,24,1,3
163,24,2,20
163,25,1,3
163,25,2,20
163,26,1,3
163,26,2,20
163,27,1,3
163,27,2,20
163,28,1,3
163,28,2,20
163,29,1,3
163,29,2,20
163,30,1,3
163,30,2,20
163,31,1,2
163,31,2,20
163,32,1,2
163,32,2,20
163,33,1,2
163,33,2,20
163,34,1,2
163,34,2,20
163,35,1,2
163,35,2,20
163,36,1,3
163,36,2,20
163,37,1,5
163,37,2,20
163,38,1,3
163,38,2,20
163,39,1,2
163,39,2,20
163,40,1,2
163,40,2,20
163,41,1,2
163,41,2,20
163,42,1,2
163,42,2,20
163,43,1,2
163,43,2,20
163,44,1,3
163,44,2,20
163,45,1,3
163,45,2,20
163,46,1,2
163,46,2,20
163,47,1,1
163,47,2,20
163,48,1,1
163,48,2,20
163,49,1,1
163,49,2,20
163,50,1,2
163,50,2,20
163,51,1,3
163,51,2,20
163,52,1,5
163,52,2,20
163,53,1,3
163,53,2,20
163,54,1,2
163,54,2,20
163,55,1,1
163,55,2,20
163,56,1,1
163,56,2,20
163,57,1,1
163,57,2,20
163,58,1,2
163,58,2,20
163,59,1,3
163,59,2,20
163,60,1,3
163,60,2,20
163,61,1,2
163,61,2,20
163,62,1,1
163,62,2,20
163,63,1,0
163,63,2,20
163,64,1,1
163,64,2,20
163,65,1,2
163,65,2,20
163,66,1,3
163,66,2,20
163,67,1,5
163,67,2,20
163,68,1,3
163,68,2,20
163,69,1,2
163,69,2,20
163,70,1,1
163,70,2,20
163,71,1,0
163,71,2,20
163,72,1,1
163,72,2,20
163,73,1,2
163,73,2,20
163,74,1,3
163,74,2,20
163,75,1,3
163,75,2,20
163,76,1,2
163,76,2,20
163,77,1,1
163,77,2,20
163,78,1,1
163,78,2,20
163,79,1,1
163,79,2,20
163,80,1,2
163,80,2,20
163,81,1,3
163,81,2,20
163,82,1,5
163,82,2,20
163,83,1,3
163,83,2,20
163,84,1,2
163,84,2,20
163,85,1,1
163,85,2,20
163,86,1,1
163,86,2,20
163,87,1,1
163,87,2,20
163,88,1,2
163,88,2,20
163,89,1,3
163,89,2,20
163,90,1,3
163,90,2,20
163,91,1,2
163,91,2,20
163,92,1,2
163,92,2,20
163,93,1,2
163,93,2,20
163,94,1,2
163,94,2,20
163,95,1,2
163,95,2,20
163,96,1,3
163,96,2,20
163,97,1,5
163,97,2,20
163,98,1,3
163,98,2,20
163,99,1,2
163,99,2,20
163,100,1,2
163,100,2,20
163,101,1,2
163,101,2,20
163,102,1,2
163,102,2,20
163,103,1,2
163,103,2,20
163,104,1,3
163,104,2,20
163,105,1,3
163,105,2,20
163,106,1,3
163,106,2,20
163,107,1,3
163,107,2,20
163,108,1,3
163,108,2,20
163,109,1,3
163,109,2,20
163,110,1,3
163,110,2,20
163,111,1,3
163,111,2,20
163,112,1,5
163,112,2,20
163,113,1,3
163,113,2,20
163,114,1,3
163,114,2,20
163,115,1,3
163,115,2,20
163,116,1,3
163,116,2,20
163,117,1,3
163,117,2,20
163,118,1,3
163,118,2,20
163,119,1,3
163,119,2,20
163,120,1,4
163,120,2,20
163,121,1,4
163,121,2,20
163,122,1,4
163,122,2,20
163,123,1,4
163,123,2,20
163,124,1,4
163,124,2,20
163,125,1,4
163,125,2,20
163,126,1,4
163,126,2,20
163,127,1,5
163,127,2,20
163,128,1,4
163,128,2,20
163,129,1,4
163,129,2,20
163,130,1,4
163,130,2,20
163,131,1,4
163,131,2,20
163,132,1,4
163,132,2,20
163,133,1,4
163,133,2,20
163,134,1,4
163,134,2,20
164,0,1,4
164,0,2,20
164,1,1,4
164,1,2,20
164,2,1,4
164,2,2,20
164,3,1,4
164,3,2,20
164,4,1,4
164,4,2,20
164,5,1,4
164,5,2,20
164,6,1,4
164,6,2,20
164,7,1,5
164,7,2,20
164,8,1,4
164,8,2,20
164,9,1,4
164,9,2,20
164,10,1,4
164,10,2,20
164,11,1,4
164,11,2,20
164,12,1,4
164,12,2,20
164,13,1,4
164,13,2,20
164,14,1,4
164,14,2,20
164,15,1,3
164,15,2,20
164,16,1,3
164,16,2,20
164,17,1,3
164,17,2,20
164,18,1,3
164,18,2,20
164,19,1,3
164,19,2,20
164,20,1,3
164,20,2,20
164,21,1,3
164,21,2,20
164,22,1,5
164,22,2,20
164,23,1,3
164,23,2,20
164,24,1,3
164,24,2,20
164,25,1,3
164,25,2,20
164,26,1,3
164,26,2,20
164,27,1,3
164,27,2,20
164,28,1,3
164,28,2,20
164,29,1,3
164,29,2,20
164,30,1,3
164,30,2,20
164,31,1,2
164,31,2,20
164,32,1,2
164,32,2,20
164,33,1,2
164,33,2,20
164,34,1,2
164,34,2,20
164,35,1,2
164,35,2,20
164,36,1,3
164,36,2,20
164,37,1,5
164,37,2,20
164,38,1,3
164,38,2,20
164,39,1,2
164,39,2,20
164,40,1,2
164,40,2,20
164,41,1,2
164,41,2,20
164,42,1,2
164,42,2,20
164,43,1,2
164,43,2,20
164,44,1,3
164,44,2,20
164,45,1,3
164,45,2,20
164,46,1,2
164,46,2,20
164,47,1,1
164,47,2,20
164,48,1,1
164,48,2,20
164,49,1,1
164,49,2,20
164,50,1,2
164,50,2,20
164,51,1,3
164,51,2,20
164,52,1,5
164,52,2,20
164,53,1,3
164,53,2,20
164,54,1,2
164,54,2,20
164,55,1,1
164,55,2,20
164,56,1,1
164,56,2,20
164,57,1,1
164,57,2,20
164,58,1,2
164,58,2,20
164,59,1,3
164,59,2,20
164,60,1,3
164,60,2,20
164,61,1,2
164,61,2,20
164,62,1,1
164,62,2,20
164,63,1,0
164,63,2,20
164,64,1,1
164,64,2,20
164,65,1,2
164,65,2,20
164,66,1,3
164,66,2,20
164,67,1,5
164,67,2,20
164,68,1,3
164,68,2,20
164,69,1,2
164,69,2,20
164,70,1,1
164,70,2,20
164,71,1,0
164,71,2,20
164,72,1,1
164,72,2,20
164,73,1,2
164,73,2,20
164,74,1,3
164,74,2,20
164,75,1,3
164,75,2,20
164,76,1,2
164,76,2,20
164,77,1,1
164,77,2,20
164,78,1,1
164,78,2,20
164,79,1,1
164,79,2,20
164,80,1,2
164,80,2,20
164,81,1,3
164,81,2,20
164,82,1,5
164,82,2,20
164,83,1,3
164,83,2,20
164,84,1,2
164,84,2,20
164,85,1,1
164,85,2,20
164,86,1,1
164,86,2,20
164,87,1,1
164,87,2,20
164,88,1,2
164,88,2,20
164,89,1,3
164,89,2,20
164,90,1,3
164,90,2,20
164,91,1,2
164,91,2,20
164,92,1,2
164,92,2,20
164,93,1,2
164,93,2,20
164,94,1,2
164,94,2,20
164,95,1,2
164,95,2,20
164,96,1,3
164,96,2,20
164,97,1,5
164,97,2,20
164,98,1,3
164,98,2,20
164,99,1,2
164,99,2,20
164,100,1,2
164,100,2,20
164,101,1,2
164,101,2,20
164,102,1,2
164,102,2,20
164,103,1,2
164,103,2,20
164,104,1,3
164,104,2,20
164,105,1,3
164,105,2,20
164,106,1,3
164,106,2,20
164,107,1,3
164,107,2,20
164,108,1,3
164,108,2,20
164,109,1,3
164,109,2,20
164,110,1,3
164,110,2,20
164,111,1,3
164,111,2,20
164,112,1,5
164,112,2,20
164,113,1,3
164,113,2,20
164,114,1,3
164,114,2,20
164,115,1,3
164,115,2,20
164,116,1,3
164,116,2,20
164,117,1,3
164,117,2,20
164,118,1,3
164,118,2,20
164,119,1,3
164,119,2,20
164,120,1,4
164,120,2,20
164,121,1,4
164,121,2,20
164,122,1,4
164,122,2,20
164,123,1,4
164,123,2,20
164,124,1,4
164,124,2,20
164,125,1,4
164,125,2,20
164,126,1,4
164,126,2,20
164,127,1,5
164,127,2,20
164,128,1,4
164,128,2,20
164,129,1,4
164,129,2,20
164,130,1,4
164,130,2,20
164,131,1,4
164,131,2,20
164,132,1,4
164,132,2,20
164,133,1,4
164,133,2,20
164,134,1,4
164,134,2,20
165,0,1,4
165,0,2,20
165,1,1,4
165,1,2,20
165,2,1,4
165,2,2,20
165,3,1,4
165,3,2,20
165,4,1,4
165,4,2,20
165,5,1,4
165,5,2,20
165,6,1,4
165,6,2,20
165,7,1,5
165,7,2,20
165,8,1,4
165,8,2,20
165,9,1,4
165,9,2,20
165,10,1,4
165,10,2,20
165,11,1,4
165,11,2,20
165,12,1,4
165,12,2,20
165,13,1,4
165,13,2,20
165,14,1,4
165,14,2,20
165,15,1,3
165,15,2,20
165,16,1,3
165,16,2,20
165,17,1,3
165,17,2,20
165,18,1,3
165,18,2,20
165,19,1,3
165,19,2,20
165,20,1,3
165,20,2,20
165,21,1,3
165,21,2,20
165,22,1,5
165,22,2,20
165,23,1,3
165,23,2,20
165,24,1,3
165,24,2,20
165,25,1,3
165,25,2,20
165,26,1,3
165,26,2,20
165,27,1,3
165,27,2,20
165,28,1,3
165,28,2,20
165,29,1,3
165,29,2,20
165,30,1,3
165,30,2,20
165,31,1,2
165,31,2,20
165,32,1,2
165,32,2,20
165,33,1,2
165,33,2,20
165,34,1,2
165,34,2,20
165,35,1,2
165,35,2,20
165,36,1,3
165,36,2,20
165,37,1,5
165,37,2,20
165,38,1,3
165,38,2,20
165,39,1,2
165,39,2,20
165,40,1,2
165,40,2,20
165,41,1,2
165,41,2,20
165,42,1,2
165,42,2,20
165,43,1,2
165,43,2,20
165,44,1,3
165,44,2,20
165,45,1,3
165,45,2,20
165,46,1,2
165,46,2,20
165,47,1,1
165,47,2,20
165,48,1,1
165,48,2,20
165,49,1,1
165,49,2,20
165,50,1,2
165,50,2,20
165,51,1,3
165,51,2,20
165,52,1,5
165,52,2,20
165,53,1,3
165,53,2,20
165,54,1,2
165,54,2,20
165,55,1,1
165,55,2,20
165,56,1,1
165,56,2,20
165,57,1,1
165,57,2,20
165,58,1,2
165,58,2,20
165,59,1,3
165,59,2,20
165,60,1,3
165,60,2,20
165,61,1,2
165,61,2,20
165,62,1,1
165,62,2,20
165,63,1,0
165,63,2,20
165,64,1,1
165,64,2,20
165,65,1,2
165,65,2,20
165,66,1,3
165,66,2,20
165,67,1,5
165,67,2,20
165,68,1,3
165,68,2,20
165,69,1,2
165,69,2,20
165,70,1,1
165,70,2,20
165,71,1,0
165,71,2,20
165,72,1,1
165,72,2,20
165,73,1,2
165,73,2,20
165,74,1,3
165,74,2,20
165,75,1,3
165,75,2,20
165,76,1,2
165,76,2,20
165,77,1,1
165,77,2,20
165,78,1,1
165,78,2,20
165,79,1,1
165,79,2,20
165,80,1,2
165,80,2,20
165,81,1,3
165,81,2,20
165,82,1,5
165,82,2,20
165,83,1,3
165,83,2,20
165,84,1,2
165,84,2,20
165,85,1,1
165,85,2,20
165,86,1,1
165,86,2,20
165,87,1,1
165,87,2,20
165,88,1,2
165,88,2,20
165,89,1,3
165,89,2,20
165,90,1,3
165,90,2,20
165,91,1,2
165,91,2,20
165,92,1,2
165,92,2,20
165,93,1,2
165,93,2,20
165,94,1,2
165,94,2,20
165,95,1,2
165,95,2,20
165,96,1,3
165,96,2,20
165,97,1,5
165,97,2,20
165,98,1,3
165,98,2,20
165,99,1,2
165,99,2,20
165,100,1,2
165,100,2,20
165,101,1,2
165,101,2,20
165,102,1,2
165,102,2,20
165,103,1,2
165,103,2,20
165,104,1,3
165,104,2,20
165,105,1,3
165,105,2,20
165,106,1,3
165,106,2,20
165,107,1,3
165,107,2,20
165,108,1,3
165,108,2,20
165,109,1,3
165,109,2,20
165,110,1,3
165,110,2,20
165,111,1,3
165,111,2,20
165,112,1,5
165,112,2,20
165,113,1,3
165,113,2,20
165,114,1,3
165,114,2,20
165,115,1,3
165,115,2,20
165,116,1,3
165,116,2,20
165,117,1,3
165,117,2,20
165,118,1,3
165,118,2,20
165,119,1,3
165,119,2,20
165,120,1,4
165,120,2,20
165,121,1,4
165,121,2,20
165,122,1,4
165,122,2,20
165,123,1,4
165,123,2,20
165,124,1,4
165,124,2,20
165,125,1,4
165,125,2,20
165,126,1,4
165,126,2,20
165,127,1,5
165,127,2,20
165,128,1,4
165,128,2,20
165,129,1,4
165,129,2,20
165,130,1,4
165,130,2,20
165,131,1,4
165,131,2,20
165,132,1,4
165,132,2,20
165,133,1,4
165,133,2,20
165,134,1,4
165,134,2,20
166,0,1,4
166,0,2,20
166,1,1,4
166,1,2,20
166,2,1,4
166,2,2,20
166,3,1,4
166,3,2,20
166,4,1,4
166,4,2,20
166,5,1,4
166,5,2,20
166,6,1,4
166,6,2,20
166,7,1,5
166,7,2,20
166,8,1,4
166,8,2,20
166,9,1,4
166,9,2,20
166,10,1,4
166,10,2,20
166,11,1,4
166,11,2,20
166,12,1,4
166,12,2,20
166,13,1,4
166,13,2,20
166,14,1,4
166,14,2,20
166,15,1,3
166,15,2,20
166,16,1,3
166,16,2,20
166,17,1,3
166,17,2,20
166,18,1,3
166,18,2,20
166,19,1,3
166,19,2,20
166,20,1,3
166,20,2,20
166,21,1,3
166,21,2,20
166,22,1,5
166,22,2,20
166,23,1,3
166,23,2,20
166,24,1,3
166,24,2,20
166,25,1,3
166,25,2,20
166,26,1,3
166,26,2,20
166,27,1,3
166,27,2,20
166,28,1,3
166,28,2,20
166,29,1,3
166,29,2,20
166,30,1,3
166,30,2,20
166,31,1,2
166,31,2,20
166,32,1,2
166,32,2,20
166,33,1,2
166,33,2,20
166,34,1,2
166,34,2,20
166,35,1,2
166,35,2,20
166,36,1,3
166,36,2,20
166,37,1,5
166,37,2,20
166,38,1,3
166,38,2,20
166,39,1,2
166,39,2,20
166,40,1,2
166,40,2,20
166,41,1,2
166,41,2,20
166,42,1,2
166,42,2,20
166,43,1,2
166,43,2,20
166,44,1,3
166,44,2,20
166,45,1,3
166,45,2,20
166,46,1,2
166,46,2,20
166,47,1,1
166,47,2,20
166,48,1,1
166,48,2,20
166,49,1,1
166,49,2,20
166,50,1,2
166,50,2,20
166,51,1,3
166,51,2,20
166,52,1,5
166,52,2,20
166,53,1,3
166,53,2,20
166,54,1,2
166,54,2,20
166,55,1,1
166,55,2,20
166,56,1,1
166,56,2,20
166,57,1,1
166,57,2,20
166,58,1,2
166,58,2,20
166,59,1,3
166,59,2,20
166,60,1,3
166,60,2,20
166,61,1,2
166,61,2,20
166,62,1,1
166,62,2,20
166,63,1,0
166,63,2,20
166,64,1,1
166,64,2,20
166,65,1,2
166,65,2,20
166,66,1,3
166,66,2,20
166,67,1,5
166,67,2,20
166,68,1,3
166,68,2,20
166,69,1,2
166,69,2,20
166,70,1,1
166,70,2,20
166,71,1,0
166,71,2,20
166,72,1,1
166,72,2,20
166,73,1,2
166,73,2,20
166,74,1,3
166,74,2,20
166,75,1,3
166,75,2,20
166,76,1,2
166,76,2,20
166,77,1,1
166,77,2,20
166,78,1,1
166,78,2,20
166,79,1,1
166,79,2,20
166,80,1,2
166,80,2,20
166,81,1,3
166,81,2,20
166,82,1,5
166,82,2,20
166,83,1,3
166,83,2,20
166,84,1,2
166,84,2,20
166,85,1,1
166,85,2,20
166,86,1,1
166,86,2,20
166,87,1,1
166,87,2,20
166,88,1,2
166,88,2,20
166,89,1,3
166,89,2,20
166,90,1,3
166,90,2,20
166,91,1,2
166,91,2,20
166,92,1,2
166,92,2,20
166,93,1,2
166,93,2,20
166,94,1,2
166,94,2,20
166,95,1,2
166,95,2,20
166,96,1,3
166,96,2,20
166,97,1,5
166,97,2,20
166,98,1,3
166,98,2,20
166,99,1,2
166,99,2,20
166,100,1,2
166,100,2,20
166,101,1,2
166,101,2,20
166,102,1,2
166,102,2,20
166,103,1,2
166,103,2,20
166,104,1,3
166,104,2,20
166,105,1,3
166,105,2,20
166,106,1,3
166,106,2,20
166,107,1,3
166,107,2,20
166,108,1,3
166,108,2,20
166,109,1,3
166,109,2,20
166,110,1,3
166,110,2,20
166,111,1,3
166,111,2,20
166,112,1,5
166,112,2,20
166,113,1,3
166,113,2,20
166,114,1,3
166,114,2,20
166,115,1,3
166,115,2,20
166,116,1,3
166,116,2,20
166,117,1,3
166,117,2,20
166,118,1,3
166,118,2,20
166,119,1,3
166,119,2,20
166,120,1,4
166,120,2,20
166,121,1,4
166,121,2,20
166,122,1,4
166,122,2,20
166,123,1,4
166,123,2,20
166,124,1,4
166,124,2,20
166,125,1,4
166,125,2,20
166,126,1,4
166,126,2,20
166,127,1,5
166,127,2,20
166,128,1,4
166,128,2,20
166,129,1,4
166,129,2,20
166,130,1,4
166,130,2,20
166,131,1,4
166,131,2,20
166,132,1,4
166,132,2,20
166,133,1,4
166,133,2,20
166,134,1,4
166,134,2,20
167,0,1,4
167,0,2,20
167,1,1,4
167,1,2,20
167,2,1,4
167,2,2,20
167,3,1,4
167,3,2,20
167,4,1,4
167,4,2,20
167,5,1,4
167,5,2,20
167,6,1,4
167,6,2,20
167,7,1,5
167,7,2,20
167,8,1,4
167,8,2,20
167,9,1,4
167,9,2,20
167,10,1,4
167,10,2,20
167,11,1,4
167,11,2,20
167,12,1,4
167,12,2,20
167,13,1,4
167,13,2,20
167,14,1,4
167,14,2,20
167,15,1,3
167,15,2,20
167,16,1,3
167,16,2,20
167,17,1,3
167,17,2,20
167,18,1,3
167,18,2,20
167,19,1,3
167,19,2,20
167,20,1,3
167,20,2,20
167,21,1,3
167,21,2,20
167,22,1,5
167,22,2,20
167,23,1,3
167,23,2,20
167,24,1,3
167,24,2,20
167,25,1,3
167,25,2,20
167,26,1,3
167,26,2,20
167,27,1,3
167,27,2,20
167,28,1,3
167,28,2,20
167,29,1,3
167,29,2,20
167,30,1,3
167,30,2,20
167,31,1,2
167,31,2,20
167,32,1,2
167,32,2,20
167,33,1,2
167,33,2,20
167,34,1,2
167,34,2,20
167,35,1,2
167,35,2,20
167,36,1,3
167,36,2,20
167,37,1,5
167,37,2,20
167,38,1,3
167,38,2,20
167,39,1,2
167,39,2,20
167,40,1,2
167,40,2,20
167,41,1,2
167,41,2,20
167,42,1,2
167,42,2,20
167,43,1,2
167,43,2,20
167,44,1,3
167,44,2,20
167,45,1,3
167,45,2,20
167,46,1,2
167,46,2,20
167,47,1,1
167,47,2,20
167,48,1,1
167,48,2,20
167,49,1,1
167,49,2,20
167,50,1,2
167,50,2,20
167,51,1,3
167,51,2,20
167,52,1,5
167,52,2,20
167,53,1,3
167,53,2,20
167,54,1,2
167,54,2,20
167,55,1,1
167,55,2,20
167,56,1,1
167,56,2,20
167,57,1,1
167,57,2,20
167,58,1,2
167,58,2,20
167,59,1,3
167,59,2,20
167,60,1,3
167,60,2,20
167,61,1,2
167,61,2,20
167,62,1,1
167,62,2,20
167,63,1,0
167,63,2,20
167,64,1,1
167,64,2,20
167,65,1,2
167,65,2,20
167,66,1,3
167,66,2,20
167,67,1,5
167,67,2,20
167,68,1,3
167,68,2,20
167,69,1,2
167,69,2,20
167,70,1,1
167,70,2,20
167,71,1,0
167,71,2,20
167,72,1,1
167,72,2,20
167,73,1,2
167,73,2,20
167,74,1,3
167,74,2,20
167,75,1,3
167,75,2,20
167,76,1,2
167,76,2,20
167,77,1,1
167,77,2,20
167,78,1,1
167,78,2,20
167,79,1,1
167,79,2,20
167,80,1,2
167,80,2,20
167,81,1,3
167,81,2,20
167,82,1,5
167,82,2,20
167,83,1,3
167,83,2,20
167,84,1,2
167,84,2,20
167,85,1,1
167,85,2,20
167,86,1,1
167,86,2,20
167,87,1,1
167,87,2,20
167,88,1,2
167,88,2,20
167,89,1,3
167,89,2,20
167,90,1,3
167,90,2,20
167,91,1,2
167,91,2,20
167,92,1,2
167,92,2,20
167,93,1,2
167,93,2,20
167,94,1,2
167,94,2,20
167,95,1,2
167,95,2,20
167,96,1,3
167,96,2,20
167,97,1,5
167,97,2,20
167,98,1,3
167,98,2,20
167,99,1,2
167,99,2,20
167,100,1,2
167,100,2,20
167,101,1,2
167,101,2,20
167,102,1,2
167,102,2,20
167,103,1,2
167,103,2,20
167,104,1,3
167,104,2,20
167,105,1,3
167,105,2,20
167,106,1,3
167,106,2,20
167,107,1,3
167,107,2,20
167,108,1,3
167,108,2,20
167,109,1,3
167,109,2,20
167,110,1,3
167,110,2,20
167,111,1,3
167,111,2,20
167,112,1,5
167,112,2,20
167,113,1,3
167,113,2,20
167,114,1,3
167,114,2,20
167,115,1,3
167,115,2,20
167,116,1,3
167,116,2,20
167,117,1,3
167,117,2,20
167,118,1,3
167,118,2,20
167,119,1,3
167,119,2,20
167,120,1,4
167,120,2,20
167,121,1,4
167,121,2,20
167,122,1,4
167,122,2,20
167,123,1,4
167,123,2,20
167,124,1,4
167,124,2,20
167,125,1,4
167,125,2,20
167,126,1,4
167,126,2,20
167,127,1,5
167,127,2,20
167,128,1,4
167,128,2,20
167,129,1,4
167,129,2,20
167,130,1,4
167,130,2,20
167,131,1,4
167,131,2,20
167,132,1,4
167,132,2,20
167,133,1,4
167,133,2,20
167,134,1,4
167,134,2,20
168,0,1,4
168,0,2,20
168,1,1,4
168,1,2,20
168,2,1,4
168,2,2,20
168,3,1,4
168,3,2,20
168,4,1,4
168,4,2,20
168,5,1,4
168,5,2,20
168,6,1,4
168,6,2,20
168,7,1,5
168,7,2,20
168,8,1,4
168,8,2,20
168,9,1,4
168,9,2,20
168,10,1,4
168,10,2,20
168,11,1,4
168,11,2,20
168,12,1,4
168,12,2,20
168,13,1,4
168,13,2,20
168,14,1,4
168,14,2,20
168,15,1,3
168,15,2,20
168,16,1,3
168,16,2,20
168,17,1,3
168,17,2,20
168,18,1,3
168,18,2,20
168,19,1,3
168,19,2,20
168,20,1,3
168,20,2,20
168,21,1,3
168,21,2,20
168,22,1,5
168,22,2,20
168,23,1,3
168,23,2,20
168,24,1,3
168,24,2,20
168,25,1,3
168,25,2,20
168,26,1,3
168,26,2,20
168,27,1,3
168,27,2,20
168,28,1,3
168,28,2,20
168,29,1,3
168,29,2,20
168,30,1,3
168,30,2,20
168,31,1,2
168,31,2,20
168,32,1,2
168,32,2,20
168,33,1,2
168,33,2,20
168,34,1,2
168,34,2,20
168,35,1,2
168,35,2,20
168,36,1,3
168,36,2,20
168,37,1,5
168,37,2,20
168,38,1,3
168,38,2,20
168,39,1,2
168,39,2,20
168,40,1,2
168,40,2,20
168,41,1,2
168,41,2,20
168,42,1,2
168,42,2,20
168,43,1,2
168,43,2,20
168,44,1,3
168,44,2,20
168,45,1,3
168,45,2,20
168,46,1,2
168,46,2,20
168,47,1,1
168,47,2,20
168,48,1,1
168,48,2,20
168,49,1,1
168,49,2,20
168,50,1,2
168,50,2,20
168,51,1,3
168,51,2,20
168,52,1,5
168,52,2,20
168,53,1,3
168,53,2,20
168,54,1,2
168,54,2,20
168,55,1,1
168,55,2,20
168,56,1,1
168,56,2,20
168,57,1,1
168,57,2,20
168,58,1,2
168,58,2,20
168,59,1,3
168,59,2,20
168,60,1,3
168,60,2,20
168,61,1,2
168,61,2,20
168,62,1,1
168,62,2,20
168,63,1,0
168,63,2,20
168,64,1,1
168,64,2,20
168,65,1,2
168,65,2,20
168,66,1,3
168,66,2,20
168,67,1,5
168,67,2,20
168,68,1,3
168,68,2,20
168,69,1,2
168,69,2,20
168,70,1,1
168,70,2,20
168,71,1,0
168,71,2,20
168,72,1,1
168,72,2,20
168,73,1,2
168,73,2,20
168,74,1,3
168,74,2,20
168,75,1,3
168,75,2,20
168,76,1,2
168,76,2,20
168,77,1,1
168,77,2,20
168,78,1,1
168,78,2,20
168,79,1,1
168,79,2,20
168,80,1,2
168,80,2,20
168,81,1,3
168,81,2,20
168,82,1,5
168,82,2,20
168,83,1,3
168,83,2,20
168,84,1,2
168,84,2,20
168,85,1,1
168,85,2,20
168,86,1,1
168,86,2,20
168,87,1,1
168,87,2,20
168,88,1,2
168,88,2,20
168,89,1,3
168,89,2,20
168,90,1,3
168,90,2,20
168,91,1,2
168,91,2,20
168,92,1,2
168,92,2,20
168,93,1,2
168,93,2,20
168,94,1,2
168,94,2,20
168,95,1,2
168,95,2,20
168,96,1,3
168,96,2,20
168,97,1,5
168,97,2,20
168,98,1,3
168,98,2,20
168,99,1,2
168,99,2,20
168,100,1,2
168,100,2,20
168,101,1,2
168,101,2,20
168,102,1,2
168,102,2,20
168,103,1,2
168,103,2,20
168,104,1,3
168,104,2,20
168,105,1,3
168,105,2,20
168,106,1,3
168,106,2,20
168,107,1,3
168,107,2,20
168,108,1,3
168,108,2,20
168,109,1,3
168,109,2,20
168,110,1,3
168,110,2,20
168,111,1,3
168,111,2,20
168,112,1,5
168,112,2,20
168,113,1,3
168,113,2,20
168,114,1,3
168,114,2,20
168,115,1,3
168,115,2,20
168,116,1,3
168,116,2,20
168,117,1,3
168,117,2,20
168,118,1,3
168,118,2,20
168,119,1,3
168,119,2,20
168,120,1,4
168,120,2,20
168,121,1,4
168,121,2,20
168,122,1,4
168,122,2,20
168,123,1,4
168,123,2,20
168,124,1,4
168,124,2,20
168,125,1,4
168,125,2,20
168,126,1,4
168,126,2,20
168,127,1,5
168,127,2,20
168,128,1,4
168,128,2,20
168,129,1,4
168,129,2,20
168,130,1,4
168,130,2,20
168,131,1,4
168,131,2,20
168,132,1,4
168,132,2,20
168,133,1,4
168,133,2,20
168,134,1,4
168,134,2,20
169,0,1,4
169,0,2,20
169,1,1,4
169,1,2,20
169,2,1,4
169,2,2,20
169,3,1,4
169,3,2,20
169,4,1,4
169,4,2,20
169,5,1,4
169,5,2,20
169,6,1,4
169,6,2,20
169,7,1,5
169,7,2,20
169,8,1,4
169,8,2,20
169,9,1,4
169,9,2,20
169,10,1,4
169,10,2,20
169,11,1,4
169,11,2,20
169,12,1,4
169,12,2,20
169,13,1,4
169,13,2,20
169,14,1,4
169,14,2,20
169,15,1,3
169,15,2,20
169,16,1,3
169,16,2,20
169,17,1,3
169,17,2,20
169,18,1,3
169,18,2,20
169,19,1,3
169,19,2,20
169,20,1,3
169,20,2,20
169,21,1,3
169,21,2,20
169,22,1,5
169,22,2,20
169,23,1,3
169,23,2,20
169,24,1,3
169,24,2,20
169,25,1,3
169,25,2,20
169,26,1,3
169,26,2,20
169,27,1,3
169,27,2,20
169,28,1,3
169,28,2,20
169,29,1,3
169,29,2,20
169,30,1,3
169,30,2,20
169,31,1,2
169,31,2,20
169,32,1,2
169,32,2,20
169,33,1,2
169,33,2,20
169,34,1,2
169,34,2,20
169,35,1,2
169,35,2,20
169,36,1,3
169,36,2,20
169,37,1,5
169,37,2,20
169,38,1,3
169,38,2,20
169,39,1,2
169,39,2,20
169,40,1,2
169,40,2,20
169,41,1,2
169,41,2,20
169,42,1,2
169,42,2,20
169,43,1,2
169,43,2,20
169,44,1,3
169,44,2,20
169,45,1,3
169,45,2,20
169,46,1,2
169,46,2,20
169,47,1,1
169,47,2,20
169,48,1,1
169,48,2,20
169,49,1,1
169,49,2,20
169,50,1,2
169,50,2,20
169,51,1,3
169,51,2,20
169,52,1,5
169,52,2,20
169,53,1,3
169,53,2,20
169,54,1,2
169,54,2,20
169,55,1,1
169,55,2,20
169,56,1,1
169,56,2,20
169,57,1,1
169,57,2,20
169,58,1,2
169,58,2,20
169,59,1,3
169,59,2,20
169,60,1,3
169,60,2,20
169,61,1,2
169,61,2,20
169,62,1,1
169,62,2,20
169,63,1,0
169,63,2,20
169,64,1,1
169,64,2,20
169,65,1,2
169,65,2,20
169,66,1,3
169,66,2,20
169,67,1,5
169,67,2,20
169,68,1,3
169,68,2,20
169,69,1,2
169,69,2,20
169,70,1,1
169,70,2,20
169,71,1,0
169,71,2,20
169,72,1,1
169,72,2,20
169,73,1,2
169,73,2,20
169,74,1,3
169,74,2,20
169,75,1,3
169,75,2,20
169,76,1,2
169,76,2,20
169,77,1,1
169,77,2,20
169,78,1,1
169,78,2,20
169,79,1,1
169,79,2,20
169,80,1,2
169,80,2,20
169,81,1,3
169,81,2,20
169,82,1,5
169,82,2,20
169,83,1,3
169,83,2,20
169,84,1,2
169,84,2,20
169,85,1,1
169,85,2,20
169,86,1,1
169,86,2,20
169,87,1,1
169,87,2,20
169,88,1,2
169,88,2,20
169,89,1,3
169,89,2,20
169,90,1,3
169,90,2,20
169,91,1,2
169,91,2,20
169,92,1,2
169,92,2,20
169,93,1,2
169,93,2,20
169,94,1,2
169,94,2,20
169,95,1,2
169,95,2,20
169,96,1,3
169,96,2,20
169,97,1,5
169,97,2,20
169,98,1,3
169,98,2,20
169,99,1,2
169,99,2,20
169,100,1,2
169,100,2,20
169,101,1,2
169,101,2,20
169,102,1,2
169,102,2,20
169,103,1,2
169,103,2,20
169,104,1,3
169,104,2,20
169,105,1,3
169,105,2,20
169,106,1,3
169,106,2,20
169,107,1,3
169,107,2,20
169,108,1,3
169,108,2,20
169,109,1,3
169,109,2,20
169,110,1,3
169,110,2,20
169,111,1,3
169,111,2,20
169,112,1,5
169,112,2,20
169,113,1,3
169,113,2,20
169,114,1,3
169,114,2,20
169,115,1,3
169,115,2,20
169,116,1,3
169,116,2,20
169,117,1,3
169,117,2,20
169,118,1,3
169,118,2,20
169,119,1,3
169,119,2,20
169,120,1,4
169,120,2,20
169,121,1,4
169,121,2,20
169,122,1,4
169,122,2,20
169,123,1,4
169,123,2,20
169,124,1,4
169,124,2,20
169,125,1,4
169,125,2,20
169,126,1,4
169,126,2,20
169,127,1,5
169,127,2,20
169,128,1,4
169,128,2,20
169,129,1,4
169,129,2,20
169,130,1,4
169,130,2,20
169,131,1,4
169,131,2,20
169,132,1,4
169,132,2,20
169,133,1,4
169,133,2,20
169,134,1,4
169,134,2,20
170,0,1,4
170,0,2,20
170,1,1,4
170,1,2,20
170,2,1,4
170,2,2,20
170,3,1,4
170,3,2,20
170,4,1,4
170,4,2,20
170,5,1,4
170,5,2,20
170,6,1,4
170,6,2,20
170,7,1,5
170,7,2,20
170,8,1,4
170,8,2,20
170,9,1,4
170,9,2,20
170,10,1,4
170,10,2,20
170,11,1,4
170,11,2,20
170,12,1,4
170,12,2,20
170,13,1,4
170,13,2,20
170,14,1,4
170,14,2,20
170,15,1,3
170,15,2,20
170,16,1,3
170,16,2,20
170,17,1,3
170,17,2,20
170,18,1,3
170,18,2,20
170,19,1,3
170,19,2,20
170,20,1,3
170,20,2,20
170,21,1,3
170,21,2,20
170,22,1,5
170,22,2,20
170,23,1,3
170,23,2,20
170,24,1,3
170,24,2,20
170,25,1,3
170,25,2,20
170,26,1,3
170,26,2,20
170,27,1,3
170,27,2,20
170,28,1,3
170,28,2,20
170,29,1,3
170,29,2,20
170,30,1,3
170,30,2,20
170,31,1,2
170,31,2,20
170,32,1,2
170,32,2,20
170,33,1,2
170,33,2,20
170,34,1,2
170,34,2,20
170,35,1,2
170,35,2,20
170,36,1,3
170,36,2,20
170,37,1,5
170,37,2,20
170,38,1,3
170,38,2,20
170,39,1,2
170,39,2,20
170,40,1,2
170,40,2,20
170,41,1,2
170,41,2,20
170,42,1,2
170,42,2,20
170,43,1,2
170,43,2,20
170,44,1,3
170,44,2,20
170,45,1,3
170,45,2,20
170,46,1,2
170,46,2,20
170,47,1,1
170,47,2,20
170,48,1,1
170,48,2,20
170,49,1,1
170,49,2,20
170,50,1,2
170,50,2,20
170,51,1,3
170,51,2,20
170,52,1,5
170,52,2,20
170,53,1,3
170,53,2,20
170,54,1,2
170,54,2,20
170,55,1,1
170,55,2,20
170,56,1,1
170,56,2,20
170,57,1,1
170,57,2,20
170,58,1,2
170,58,2,20
170,59,1,3
170,59,2,20
170,60,1,3
170,60,2,20
170,61,1,2
170,61,2,20
170,62,1,1
170,62,2,20
170,63,1,0
170,63,2,20
170,64,1,1
170,64,2,20
170,65,1,2
170,65,2,20
170,66,1,3
170,66,2,20
170,67,1,5
170,67,2,20
170,68,1,3
170,68,2,20
170,69,1,2
170,69,2,20
170,70,1,1
170,70,2,20
170,71,1,0
170,71,2,20
170,72,1,1
170,72,2,20
170,73,1,2
170,73,2,20
170,74,1,3
170,74,2,20
170,75,1,3
170,75,2,20
170,76,1,2
170,76,2,20
170,77,1,1
170,77,2,20
170,78,1,1
170,78,2,20
170,79,1,1
170,79,2,20
170,80,1,2
170,80,2,20
170,81,1,3
170,81,2,20
170,82,1,5
170,82,2,20
170,83,1,3
170,83,2,20
170,84,1,2
170,84,2,20
170,85,1,1
170,85,2,20
170,86,1,1
170,86,2,20
170,87,1,1
170,87,2,20
170,88,1,2
170,88,2,20
170,89,1,3
170,89,2,20
170,90,1,3
170,90,2,20
170,91,1,2
170,91,2,20
170,92,1,2
170,92,2,20
170,93,1,2
170,93,2,20
170,94,1,2
170,94,2,20
170,95,1,2
170,95,2,20
170,96,1,3
170,96,2,20
170,97,1,5
170,97,2,20
170,98,1,3
170,98,2,20
170,99,1,2
170,99,2,20
170,100,1,2
170,100,2,20
170,101,1,2
170,101,2,20
170,102,1,2
170,102,2,20
170,103,1,2
170,103,2,20
170,104,1,3
170,104,2,20
170,105,1,3
170,105,2,20
170,106,1,3
170,106,2,20
170,107,1,3
170,107,2,20
170,108,1,3
170,108,2,20
170,109,1,3
170,109,2,20
170,110,1,3
170,110,2,20
170,111,1,3
170,111,2,20
170,112,1,5
170,112,2,20
170,113,1,3
170,113,2,20
170,114,1,3
170,114,2,20
170,115,1,3
170,115,2,20
170,116,1,3
170,116,2,20
170,117,1,3
170,117,2,20
170,118,1,3
170,118,2,20
170,119,1,3
170,119,2,20
170,120,1,4
170,120,2,20
170,121,1,4
170,121,2,20
170,122,1,4
170,122,2,20
170,123,1,4
170,123,2,20
170,124,1,4
170,124,2,20
170,125,1,4
170,125,2,20
170,126,1,4
170,126,2,20
170,127,1,5
170,127,2,20
170,128,1,4
170,128,2,20
170,129,1,4
170,129,2,20
170,130,1,4
170,130,2,20
170,131,1,4
170,131,2,20
170,132,1,4
170,132,2,20
170,133,1,4
170,133,2,20
170,134,1,4
170,134,2,20
171,0,1,4
171,0,2,20
171,1,1,4
171,1,2,20
171,2,1,4
171,2,2,20
171,3,1,4
171,3,2,20
171,4,1,4
171,4,2,20
171,5,1,4
171,5,2,20
171,6,1,4
171,6,2,20
171,7,1,5
171,7,2,20
171,8,1,4
171,8,2,20
171,9,1,4
171,9,2,20
171,10,1,4
171,10,2,20
171,11,1,4
171,11,2,20
171,12,1,4
171,12,2,20
171,13,1,4
171,13,2,20
171,14,1,4
171,14,2,20
171,15,1,3
171,15,2,20
171,16,1,3
171,16,2,20
171,17,1,3
171,17,2,20
171,18,1,3
171,18,2,20
171,19,1,3
171,19,2,20
171,20,1,3
171,20,2,20
171,21,1,3
171,21,2,20
171,22,1,5
171,22,2,20
171,23,1,3
171,23,2,20
171,24,1,3
171,24,2,20
171,25,1,3
171,25,2,20
171,26,1,3
171,26,2,20
171,27,1,3
171,27,2,20
171,28,1,3
171,28,2,20
171,29,1,3
171,29,2,20
171,30,1,3
171,30,2,20
171,31,1,2
171,31,2,20
171,32,1,2
171,32,2,20
171,33,1,2
171,33,2,20
171,34,1,2
171,34,2,20
171,35,1,2
171,35,2,20
171,36,1,3
171,36,2,20
171,37,1,5
171,37,2,20
171,38,1,3
171,38,2,20
171,39,1,2
171,39,2,20
171,40,1,2
171,40,2,20
171,41,1,2
171,41,2,20
171,42,1,2
171,42,2,20
171,43,1,2
171,43,2,20
171,44,1,3
171,44,2,20
171,45,1,3
171,45,2,20
171,46,1,2
171,46,2,20
171,47,1,1
171,47,2,20
171,48,1,1
171,48,2,20
171,49,1,1
171,49,2,20
171,50,1,2
171,50,2,20
171,51,1,3
171,51,2,20
171,52,1,5
171,52,2,20
171,53,1,3
171,53,2,20
171,54,1,2
171,54,2,20
171,55,1,1
171,55,2,20
171,56,1,1
171,56,2,20
171,57,1,1
171,57,2,20
171,58,1,2
171,58,2,20
171,59,1,3
171,59,2,20
171,60,1,3
171,60,2,20
171,61,1,2
171,61,2,20
171,62,1,1
171,62,2,20
171,63,1,0
171,63,2,20
171,64,1,1
171,64,2,20
171,65,1,2
171,65,2,20
171,66,1,3
171,66,2,20
171,67,1,5
171,67,2,20
171,68,1,3
171,68,2,20
171,69,1,2
171,69,2,20
171,70,1,1
171,70,2,20
171,71,1,0
171,71,2,20
171,72,1,1
171,72,2,20
171,73,1,2
171,73,2,20
171,74,1,3
171,74,2,20
171,75,1,3
171,75,2,20
171,76,1,2
171,76,2,20
171,77,1,1
171,77,2,20
171,78,1,1
171,78,2,20
171,79,1,1
171,79,2,20
171,80,1,2
171,80,2,20
171,81,1,3
171,81,2,20
171,82,1,5
171,82,2,20
171,83,1,3
171,83,2,20
171,84,1,2
171,84,2,20
171,85,1,1
171,85,2,20
171,86,1,1
171,86,2,20
171,87,1,1
171,87,2,20
171,88,1,2
171,88,2,20
171,89,1,3
171,89,2,20
171,90,1,3
171,90,2,20
171,91,1,2
171,91,2,20
171,92,1,2
171,92,2,20
171,93,1,2
171,93,2,20
171,94,1,2
171,94,2,20
171,95,1,2
171,95,2,20
171,96,1,3
171,96,2,20
171,97,1,5
171,97,2,20
171,98,1,3
171,98,2,20
171,99,1,2
171,99,2,20
171,100,1,2
171,100,2,20
171,101,1,2
171,101,2,20
171,102,1,2
171,102,2,20
171,103,1,2
171,103,2,20
171,104,1,3
171,104,2,20
171,105,1,3
171,105,2,20
171,106,1,3
171,106,2,20
171,107,1,3
171,107,2,20
171,108,1,3
171,108,2,20
171,109,1,3
171,109,2,20
171,110,1,3
171,110,2,20
171,111,1,3
171,111,2,20
171,112,1,5
171,112,2,20
171,113,1,3
171,113,2,20
171,114,1,3
171,114,2,20
171,115,1,3
171,115,2,20
171,116,1,3
171,116,2,20
171,117,1,3
171,117,2,20
171,118,1,3
171,118,2,20
171,119,1,3
171,119,2,20
171,120,1,4
171,120,2,20
171,121,1,4
171,121,2,20
171,122,1,4
171,122,2,20
171,123,1,4
171,123,2,20
171,124,1,4
171,124,2,20
171,125,1,4
171,125,2,20
171,126,1,4
171,126,2,20
171,127,1,5
171,127,2,20
171,128,1,4
171,128,2,20
171,129,1,4
171,129,2,20
171,130,1,4
171,130,2,20
171,131,1,4
171,131,2,20
171,132,1,4
171,132,2,20
171,133,1,4
171,133,2,20
171,134,1,4
171,134,2,20
172,0,1,4
172,0,2,20
172,1,1,4
172,1,2,20
172,2,1,4
172,2,2,20
172,3,1,4
172,3,2,20
172,4,1,4
172,4,2,20
172,5,1,4
172,5,2,20
172,6,1,4
172,6,2,20
172,7,1,5
172,7,2,20
172,8,1,4
172,8,2,20
172,9,1,4
172,9,2,20
172,10,1,4
172,10,2,20
172,11,1,4
172,11,2,20
172,12,1,4
172,12,2,20
172,13,1,4
172,13,2,20
172,14,1,4
172,14,2,20
172,15,1,3
172,15,2,20
172,16,1,3
172,16,2,20
172,17,1,3
172,17,2,20
172,18,1,3
172,18,2,20
172,19,1,3
172,19,2,20
172,20,1,3
172,20,2,20
172,21,1,3
172,21,2,20
172,22,1,5
172,22,2,20
172,23,1,3
172,23,2,20
172,24,1,3
172,24,2,20
172,25,1,3
172,25,2,20
172,26,1,3
172,26,2,20
172,27,1,3
172,27,2,20
172,28,1,3
172,28,2,20
172,29,1,3
172,29,2,20
172,30,1,3
172,30,2,20
172,31,1,2
172,31,2,20
172,32,1,2
172,32,2,20
172,33,1,2
172,33,2,20
172,34,1,2
172,34,2,20
172,35,1,2
172,35,2,20
172,36,1,3
172,36,2,20
172,37,1,5
172,37,2,20
172,38,1,3
172,38,2,20
172,39,1,2
172,39,2,20
172,40,1,2
172,40,2,20
172,41,1,2
172,41,2,20
172,42,1,2
172,42,2,20
172,43,1,2
172,43,2,20
172,44,1,3
172,44,2,20
172,45,1,3
172,45,2,20
172,46,1,2
172,46,2,20
172,47,1,1
172,47,2,20
172,48,1,1
172,48,2,20
172,49,1,1
172,49,2,20
172,50,1,2
172,50,2,20
172,51,1,3
172,51,2,20
172,52,1,5
172,52,2,20
172,53,1,3
172,53,2,20
172,54,1,2
172,54,2,20
172,55,1,1
172,55,2,20
172,56,1,1
172,56,2,20
172,57,1,1
172,57,2,20
172,58,1,2
172,58,2,20
172,59,1,3
172,59,2,20
172,60,1,3
172,60,2,20
172,61,1,2
172,61,2,20
172,62,1,1
172,62,2,20
172,63,1,0
172,63,2,20
172,64,1,1
172,64,2,20
172,65,1,2
172,65,2,20
172,66,1,3
172,66,2,20
172,67,1,5
172,67,2,20
172,68,1,3
172,68,2,20
172,69,1,2
172,69,2,20
172,70,1,1
172,70,2,20
172,71,1,0
172,71,2,20
172,72,1,1
172,72,2,20
172,73,1,2
172,73,2,20
172,74,1,3
172,74,2,20
172,75,1,3
172,75,2,20
172,76,1,2
172,76,2,20
172,77,1,1
172,77,2,20
172,78,1,1
172,78,2,20
172,79,1,1
172,79,2,20
172,80,1,2
172,80,2,20
172,81,1,3
172,81,2,20
172,82,1,5
172,82,2,20
172,83,1,3
172,83,2,20
172,84,1,2
172,84,2,20
172,85,1,1
172,85,2,20
172,86,1,1
172,86,2,20
172,87,1,1
172,87,2,20
172,88,1,2
172,88,2,20
172,89,1,3
172,89,2,20
172,90,1,3
172,90,2,20
172,91,1,2
172,91,2,20
172,92,1,2
172,92,2,20
172,93,1,2
172,93,2,20
172,94,1,2
172,94,2,20
172,95,1,2
172,95,2,20
172,96,1,3
172,96,2,20
172,97,1,5
172,97,2,20
172,98,1,3
172,98,2,20
172,99,1,2
172,99,2,20
172,100,1,2
172,100,2,20
172,101,1,2
172,101,2,20
172,102,1,2
172,102,2,20
172,103,1,2
172,103,2,20
172,104,1,3
172,104,2,20
172,105,1,3
172,105,2,20
172,106,1,3
172,106,2,20
172,107,1,3
172,107,2,20
172,108,1,3
172,108,2,20
172,109,1,3
172,109,2,20
172,110,1,3
172,110,2,20
172,111,1,3
172,111,2,20
172,112,1,5
172,112,2,20
172,113,1,3
172,113,2,20
172,114,1,3
172,114,2,20
172,115,1,3
172,115,2,20
172,116,1,3
172,116,2,20
172,117,1,3
172,117,2,20
172,118,1,3
172,118,2,20
172,119,1,3
172,119,2,20
172,120,1,4
172,120,2,20
172,121,1,4
172,121,2,20
172,122,1,4
172,122,2,20
172,123,1,4
172,123,2,20
172,124,1,4
172,124,2,20
172,125,1,4
172,125,2,20
172,126,1,4
172,126,2,20
172,127,1,5
172,127,2,20
172,128,1,4
172,128,2,20
172,129,1,4
172,129,2,20
172,130,1,4
172,130,2,20
172,131,1,4
172,131,2,20
172,132,1,4
172,132,2,20
172,133,1,4
172,133,2,20
172,134,1,4
172,134,2,20
173,0,1,4
173,0,2,20
173,1,1,4
173,1,2,20
173,2,1,4
173,2,2,20
173,3,1,4
173,3,2,20
173,4,1,4
173,4,2,20
173,5,1,4
173,5,2,20
173,6,1,4
173,6,2,20
173,7,1,5
173,7,2,20
173,8,1,4
173,8,2,20
173,9,1,4
173,9,2,20
173,10,1,4
173,10,2,20
173,11,1,4
173,11,2,20
173,12,1,4
173,12,2,20
173,13,1,4
173,13,2,20
173,14,1,4
173,14,2,20
173,15,1,3
173,15,2,20
173,16,1,3
173,16,2,20
173,17,1,3
173,17,2,20
173,18,1,3
173,18,2,20
173,19,1,3
173,19,2,20
173,20,1,3
173,20,2,20
173,21,1,3
173,21,2,20
173,22,1,5
173,22,2,20
173,23,1,3
173,23,2,20
173,24,1,3
173,24,2,20
173,25,1,3
173,25,2,20
173,26,1,3
173,26,2,20
173,27,1,3
173,27,2,20
173,28,1,3
173,28,2,20
173,29,1,3
173,29,2,20
173,30,1,3
173,30,2,20
173,31,1,2
173,31,2,20
173,32,1,2
173,32,2,20
173,33,1,2
173,33,2,20
173,34,1,2
173,34,2,20
173,35,1,2
173,35,2,20
173,36,1,3
173,36,2,20
173,37,1,5
173,37,2,20
173,38,1,3
173,38,2,20
173,39,1,2
173,39,2,20
173,40,1,2
173,40,2,20
173,41,1,2
173,41,2,20
173,42,1,2
173,42,2,20
173,43,1,2
173,43,2,20
173,44,1,3
173,44,2,20
173,45,1,3
173,45,2,20
173,46,1,2
173,46,2,20
173,47,1,1
173,47,2,20
173,48,1,1
173,48,2,20
173,49,1,1
173,49,2,20
173,50,1,2
173,50,2,20
173,51,1,3
173,51,2,20
173,52,1,5
173,52,2,20
173,53,1,3
173,53,2,20
173,54,1,2
173,54,2,20
173,55,1,1
173,55,2,20
173,56,1,1
173,56,2,20
173,57,1,1
173,57,2,20
173,58,1,2
173,58,2,20
173,59,1,3
173,59,2,20
173,60,1,3
173,60,2,20
173,61,1,2
173,61,2,20
173,62,1,1
173,62,2,20
173,63,1,0
173,63,2,20
173,64,1,1
173,64,2,20
173,65,1,2
173,65,2,20
173,66,1,3
173,66,2,20
173,67,1,5
173,67,2,20
173,68,1,3
173,68,2,20
173,69,1,2
173,69,2,20
173,70,1,1
173,70,2,20
173,71,1,0
173,71,2,20
173,72,1,1
173,72,2,20
173,73,1,2
173,73,2,20
173,74,1,3
173,74,2,20
173,75,1,3
173,75,2,20
173,76,1,2
173,76,2,20
173,77,1,1
173,77,2,20
173,78,1,1
173,78,2,20
173,79,1,1
173,79,2,20
173,80,1,2
173,80,2,20
173,81,1,3
173,81,2,20
173,82,1,5
173,82,2,20
173,83,1,3
173,83,2,20
173,84,1,2
173,84,2,20
173,85,1,1
173,85,2,20
173,86,1,1
173,86,2,20
173,87,1,1
173,87,2,20
173,88,1,2
173,88,2,20
173,89,1,3
173,89,2,20
173,90,1,3
173,90,2,20
173,91,1,2
173,91,2,20
173,92,1,2
173,92,2,20
173,93,1,2
173,93,2,20
173,94,1,2
173,94,2,20
173,95,1,2
173,95,2,20
173,96,1,3
173,96,2,20
173,97,1,5
173,97,2,20
173,98,1,3
173,98,2,20
173,99,1,2
173,99,2,20
173,100,1,2
173,100,2,20
173,101,1,2
173,101,2,20
173,102,1,2
173,102,2,20
173,103,1,2
173,103,2,20
173,104,1,3
173,104,2,20
173,105,1,3
173,105,2,20
173,106,1,3
173,106,2,20
173,107,1,3
173,107,2,20
173,108,1,3
173,108,2,20
173,109,1,3
173,109,2,20
173,110,1,3
173,110,2,20
173,111,1,3
173,111,2,20
173,112,1,5
173,112,2,20
173,113,1,3
173,113,2,20
173,114,1,3
173,114,2,20
173,115,1,3
173,115,2,20
173,116,1,3
173,116,2,20
173,117,1,3
173,117,2,20
173,118,1,3
173,118,2,20
173,119,1,3
173,119,2,20
173,120,1,4
173,120,2,20
173,121,1,4
173,121,2,20
173,122,1,4
173,122,2,20
173,123,1,4
173,123,2,20
173,124,1,4
173,124,2,20
173,125,1,4
173,125,2,20
173,126,1,4
173,126,2,20
173,127,1,5
173,127,2,20
173,128,1,4
173,128,2,20
173,129,1,4
173,129,2,20
173,130,1,4
173,130,2,20
173,131,1,4
173,131,2,20
173,132,1,4
173,132,2,20
173,133,1,4
173,133,2,20
173,134,1,4
173,134,2,20
174,0,1,4
174,0,2,20
174,1,1,4
174,1,2,20
174,2,1,4
174,2,2,20
174,3,1,4
174,3,2,20
174,4,1,4
174,4,2,20
174,5,1,4
174,5,2,20
174,6,1,4
174,6,2,20
174,7,1,5
174,7,2,20
174,8,1,4
174,8,2,20
174,9,1,4
174,9,2,20
174,10,1,4
174,10,2,20
174,11,1,4
174,11,2,20
174,12,1,4
174,12,2,20
174,13,1,4
174,13,2,20
174,14,1,4
174,14,2,20
174,15,1,3
174,15,2,20
174,16,1,3
174,16,2,20
174,17,1,3
174,17,2,20
174,18,1,3
174,18,2,20
174,19,1,3
174,19,2,20
174,20,1,3
174,20,2,20
174,21,1,3
174,21,2,20
174,22,1,5
174,22,2,20
174,23,1,3
174,23,2,20
174,24,1,3
174,24,2,20
174,25,1,3
174,25,2,20
174,26,1,3
174,26,2,20
174,27,1,3
174,27,2,20
174,28,1,3
174,28,2,20
174,29,1,3
174,29,2,20
174,30,1,3
174,30,2,20
174,31,1,2
174,31,2,20
174,32,1,2
174,32,2,20
174,33,1,2
174,33,2,20
174,34,1,2
174,34,2,20
174,35,1,2
174,35,2,20
174,36,1,3
174,36,2,20
174,37,1,5
174,37,2,20
174,38,1,3
174,38,2,20
174,39,1,2
174,39,2,20
174,40,1,2
174,40,2,20
174,41,1,2
174,41,2,20
174,42,1,2
174,42,2,20
174,43,1,2
174,43,2,20
174,44,1,3
174,44,2,20
174,45,1,3
174,45,2,20
174,46,1,2
174,46,2,20
174,47,1,1
174,47,2,20
174,48,1,1
174,48,2,20
174,49,1,1
174,49,2,20
174,50,1,2
174,50,2,20
174,51,1,3
174,51,2,20
174,52,1,5
174,52,2,20
174,53,1,3
174,53,2,20
174,54,1,2
174,54,2,20
174,55,1,1
174,55,2,20
174,56,1,1
174,56,2,20
174,57,1,1
174,57,2,20
174,58,1,2
174,58,2,20
174,59,1,3
174,59,2,20
174,60,1,3
174,60,2,20
174,61,1,2
174,61,2,20
174,62,1,1
174,62,2,20
174,63,1,0
174,63,2,20
174,64,1,1
174,64,2,20
174,65,1,2
174,65,2,20
174,66,1,3
174,66,2,20
174,67,1,5
174,67,2,20
174,68,1,3
174,68,2,20
174,69,1,2
174,69,2,20
174,70,1,1
174,70,2,20
174,71,1,0
174,71,2,20
174,72,1,1
174,72,2,20
174,73,1,2
174,73,2,20
174,74,1,3
174,74,2,20
174,75,1,3
174,75,2,20
174,76,1,2
174,76,2,20
174,77,1,1
174,77,2,20
174,78,1,1
174,78,2,20
174,79,1,1
174,79,2,20
174,80,1,2
174,80,2,20
174,81,1,3
174,81,2,20
174,82,1,5
174,82,2,20
174,83,1,3
174,83,2,20
174,84,1,2
174,84,2,20
174,85,1,1
174,85,2,20
174,86,1,1
174,86,2,20
174,87,1,1
174,87,2,20
174,88,1,2
174,88,2,20
174,89,1,3
174,89,2,20
174,90,1,3
174,90,2,20
174,91,1,2
174,91,2,20
174,92,1,2
174,92,2,20
174,93,1,2
174,93,2,20
174,94,1,2
174,94,2,20
174,95,1,2
174,95,2,20
174,96,1,3
174,96,2,20
174,97,1,5
174,97,2,20
174,98,1,3
174,98,2,20
174,99,1,2
174,99,2,20
174,100,1,2
174,100,2,20
174,101,1,2
174,101,2,20
174,102,1,2
174,102,2,20
174,103,1,2
174,103,2,20
174,104,1,3
174,104,2,20
174,105,1,3
174,105,2,20
174,106,1,3
174,106,2,20
174,107,1,3
174,107,2,20
174,108,1,3
174,108,2,20
174,109,1,3
174,109,2,20
174,110,1,3
174,110,2,20
174,111,1,3
174,111,2,20
174,112,1,5
174,112,2,20
174,113,1,3
174,113,2,20
174,114,1,3
174,114,2,20
174,115,1,3
174,115,2,20
174,116,1,3
174,116,2,20
174,117,1,3
174,117,2,20
174,118,1,3
174,118,2,20
174,119,1,3
174,119,2,20
174,120,1,4
174,120,2,20
174,121,1,4
174,121,2,20
174,122,1,4
174,122,2,20
174,123,1,4
174,123,2,20
174,124,1,4
174,124,2,20
174,125,1,4
174,125,2,20
174,126,1,4
174,126,2,20
174,127,1,5
174,127,2,20
174,128,1,4
174,128,2,20
174,129,1,4
174,129,2,20
174,130,1,4
174,130,2,20
174,131,1,4
174,131,2,20
174,132,1,4
174,132,2,20
174,133,1,4
174,133,2,20
174,134,1,4
174,134,2,20
175,0,1,4
175,0,2,20
175,1,1,4
175,1,2,20
175,2,1,4
175,2,2,20
175,3,1,4
175,3,2,20
175,4,1,4
175,4,2,20
175,5,1,4
175,5,2,20
175,6,1,4
175,6,2,20
175,7,1,5
175,7,2,20
175,8,1,4
175,8,2,20
175,9,1,4
175,9,2,20
175,10,1,4
175,10,2,20
175,11,1,4
175,11,2,20
175,12,1,4
175,12,2,20
175,13,1,4
175,13,2,20
175,14,1,4
175,14,2,20
175,15,1,3
175,15,2,20
175,16,1,3
175,16,2,20
175,17,1,3
175,17,2,20
175,18,1,3
175,18,2,20
175,19,1,3
175,19,2,20
175,20,1,3
175,20,2,20
175,21,1,3
175,21,2,20
175,22,1,5
175,22,2,20
175,23,1,3
175,23,2,20
175,24,1,3
175,24,2,20
175,25,1,3
175,25,2,20
175,26,1,3
175,26,2,20
175,27,1,3
175,27,2,20
175,28,1,3
175,28,2,20
175,29,1,3
175,29,2,20
175,30,1,3
175,30,2,20
175,31,1,2
175,31,2,20
175,32,1,2
175,32,2,20
175,33,1,2
175,33,2,20
175,34,1,2
175,34,2,20
175,35,1,2
175,35,2,20
175,36,1,3
175,36,2,20
175,37,1,5
175,37,2,20
175,38,1,3
175,38,2,20
175,39,1,2
175,39,2,20
175,40,1,2
175,40,2,20
175,41,1,2
175,41,2,20
175,42,1,2
175,42,2,20
175,43,1,2
175,43,2,20
175,44,1,3
175,44,2,20
175,45,1,3
175,45,2,20
175,46,1,2
175,46,2,20
175,47,1,1
175,47,2,20
175,48,1,1
175,48,2,20
175,49,1,1
175,49,2,20
175,50,1,2
175,50,2,20
175,51,1,3
175,51,2,20
175,52,1,5
175,52,2,20
175,53,1,3
175,53,2,20
175,54,1,2
175,54,2,20
175,55,1,1
175,55,2,20
175,56,1,1
175,56,2,20
175,57,1,1
175,57,2,20
175,58,1,2
175,58,2,20
175,59,1,3
175,59,2,20
175,60,1,3
175,60,2,20
175,61,1,2
175,61,2,20
175,62,1,1
175,62,2,20
175,63,1,0
175,63,2,20
175,64,1,1
175,64,2,20
175,65,1,2
175,65,2,20
175,66,1,3
175,66,2,20
175,67,1,5
175,67,2,20
175,68,1,3
175,68,2,20
175,69,1,2
175,69,2,20
175,70,1,1
175,70,2,20
175,71,1,0
175,71,2,20
175,72,1,1
175,72,2,20
175,73,1,2
175,73,2,20
175,74,1,3
175,74,2,20
175,75,1,3
175,75,2,20
175,76,1,2
175,76,2,20
175,77,1,1
175,77,2,20
175,78,1,1
175,78,2,20
175,79,1,1
175,79,2,20
175,80,1,2
175,80,2,20
175,81,1,3
175,81,2,20
175,82,1,5
175,82,2,20
175,83,1,3
175,83,2,20
175,84,1,2
175,84,2,20
175,85,1,1
175,85,2,20
175,86,1,1
175,86,2,20
175,87,1,1
175,87,2,20
175,88,1,2
175,88,2,20
175,89,1,3
175,89,2,20
175,90,1,3
175,90,2,20
175,91,1,2
175,91,2,20
175,92,1,2
175,92,2,20
175,93,1,2
175,93,2,20
175,94,1,2
175,94,2,20
175,95,1,2
175,95,2,20
175,96,1,3
175,96,2,20
175,97,1,5
175,97,2,20
175,98,1,3
175,98,2,20
175,99,1,2
175,99,2,20
175,100,1,2
175,100,2,20
175,101,1,2
175,101,2,20
175,102,1,2
175,102,2,20
175,103,1,2
175,103,2,20
175,104,1,3
175,104,2,20
175,105,1,3
175,105,2,20
175,106,1,3
175,106,2,20
175,107,1,3
175,107,2,20
175,108,1,3
175,108,2,20
175,109,1,3
175,109,2,20
175,110,1,3
175,110,2,20
175,111,1,3
175,111,2,20
175,112,1,5
175,112,2,20
175,113,1,3
175,113,2,20
175,114,1,3
175,114,2,20
175,115,1,3
175,115,2,20
175,116,1,3
175,116,2,20
175,117,1,3
175,117,2,20
175,118,1,3
175,118,2,20
175,119,1,3
175,119,2,20
175,120,1,4
175,120,2,20
175,121,1,4
175,121,2,20
175,122,1,4
175,122,2,20
175,123,1,4
175,123,2,20
175,124,1,4
175,124,2,20
175,125,1,4
175,125,2,20
175,126,1,4
175,126,2,20
175,127,1,5
175,127,2,20
175,128,1,4
175,128,2,20
175,129,1,4
175,129,2,20
175,130,1,4
175,130,2,20
175,131,1,4
175,131,2,20
175,132,1,4
175,132,2,20
175,133,1,4
175,133,2,20
175,134,1,4
175,134,2,20
176,0,1,4
176,0,2,20
176,1,1,4
176,1,2,20
176,2,1,4
176,2,2,20
176,3,1,4
176,3,2,20
176,4,1,4
176,4,2,20
176,5,1,4
176,5,2,20
176,6,1,4
176,6,2,20
176,7,1,5
176,7,2,20
176,8,1,4
176,8,2,20
176,9,1,4
176,9,2,20
176,10,1,4
176,10,2,20
176,11,1,4
176,11,2,20
176,12,1,4
176,12,2,20
176,13,1,4
176,13,2,20
176,14,1,4
176,14,2,20
176,15,1,3
176,15,2,20
176,16,1,3
176,16,2,20
176,17,1,3
176,17,2,20
176,18,1,3
176,18,2,20
176,19,1,3
176,19,2,20
176,20,1,3
176,20,2,20
176,21,1,3
176,21,2,20
176,22,1,5
176,22,2,20
176,23,1,3
176,23,2,20
176,24,1,3
176,24,2,20
176,25,1,3
176,25,2,20
176,26,1,3
176,26,2,20
176,27,1,3
176,27,2,20
176,28,1,3
176,28,2,20
176,29,1,3
176,29,2,20
176,30,1,3
176,30,2,20
176,31,1,2
176,31,2,20
176,32,1,2
176,32,2,20
176,33,1,2
176,33,2,20
176,34,1,2
176,34,2,20
176,35,1,2
176,35,2,20
176,36,1,3
176,36,2,20
176,37,1,5
176,37,2,20
176,38,1,3
176,38,2,20
176,39,1,2
176,39,2,20
176,40,1,2
176,40,2,20
176,41,1,2
176,41,2,20
176,42,1,2
176,42,2,20
176,43,1,2
176,43,2,20
176,44,1,3
176,44,2,20
176,45,1,3
176,45,2,20
176,46,1,2
176,46,2,20
176,47,1,1
176,47,2,20
176,48,1,1
176,48,2,20
176,49,1,1
176,49,2,20
176,50,1,2
176,50,2,20
176,51,1,3
176,51,2,20
176,52,1,5
176,52,2,20
176,53,1,3
176,53,2,20
176,54,1,2
176,54,2,20
176,55,1,1
176,55,2,20
176,56,1,1
176,56,2,20
176,57,1,1
176,57,2,20
176,58,1,2
176,58,2,20
176,59,1,3
176,59,2,20
176,60,1,3
176,60,2,20
176,61,1,2
176,61,2,20
176,62,1,1
176,62,2,20
176,63,1,0
176,63,2,20
176,64,1,1
176,64,2,20
176,65,1,2
176,65,2,20
176,66,1,3
176,66,2,20
176,67,1,5
176,67,2,20
176,68,1,3
176,68,2,20
176,69,1,2
176,69,2,20
176,70,1,1
176,70,2,20
176,71,1,0
176,71,2,20
176,72,1,1
176,72,2,20
176,73,1,2
176,73,2,20
176,74,1,3
176,74,2,20
176,75,1,3
176,75,2,20
176,76,1,2
176,76,2,20
176,77,1,1
176,77,2,20
176,78,1,1
176,78,2,20
176,79,1,1
176,79,2,20
176,80,1,2
176,80,2,20
176,81,1,3
176,81,2,20
176,82,1,5
176,82,2,20
176,83,1,3
176,83,2,20
176,84,1,2
176,84,2,20
176,85,1,1
176,85,2,20
176,86,1,1
176,86,2,20
176,87,1,1
176,87,2,20
176,88,1,2
176,88,2,20
176,89,1,3
176,89,2,20
176,90,1,3
176,90,2,20
176,91,1,2
176,91,2,20
176,92,1,2
176,92,2,20
176,93,1,2
176,93,2,20
176,94,1,2
176,94,2,20
176,95,1,2
176,95,2,20
176,96,1,3
176,96,2,20
176,97,1,5
176,97,2,20
176,98,1,3
176,98,2,20
176,99,1,2
176,99,2,20
176,100,1,2
176,100,2,20
176,101,1,2
176,101,2,20
176,102,1,2
176,102,2,20
176,103,1,2
176,103,2,20
176,104,1,3
176,104,2,20
176,105,1,3
176,105,2,20
176,106,1,3
176,106,2,20
176,107,1,3
176,107,2,20
176,108,1,3
176,108,2,20
176,109,1,3
176,109,2,20
176,110,1,3
176,110,2,20
176,111,1,3
176,111,2,20
176,112,1,5
176,112,2,20
176,113,1,3
176,113,2,20
176,114,1,3
176,114,2,20
176,115,1,3
176,115,2,20
176,116,1,3
176,116,2,20
176,117,1,3
176,117,2,20
176,118,1,3
176,118,2,20
176,119,1,3
176,119,2,20
176,120,1,4
176,120,2,20
176,121,1,4
176,121,2,20
176,122,1,4
176,122,2,20
176,123,1,4
176,123,2,20
176,124,1,4
176,124,2,20
176,125,1,4
176,125,2,20
176,126,1,4
176,126,2,20
176,127,1,5
176,127,2,20
176,128,1,4
176,128,2,20
176,129,1,4
176,129,2,20
176,130,1,4
176,130,2,20
176,131,1,4
176,131,2,20
176,132,1,4
176,132,2,20
176,133,1,4
176,133,2,20
176,134,1,4
176,134,2,20
177,0,1,4
177,0,2,20
177,1,1,4
177,1,2,20
177,2,1,4
177,2,2,20
177,3,1,4
177,3,2,20
177,4,1,4
177,4,2,20
177,5,1,4
177,5,2,20
177,6,1,4
177,6,2,20
177,7,1,5
177,7,2,20
177,8,1,4
177,8,2,20
177,9,1,4
177,9,2,20
177,10,1,4
177,10,2,20
177,11,1,4
177,11,2,20
177,12,1,4
177,12,2,20
177,13,1,4
177,13,2,20
177,14,1,4
177,14,2,20
177,15,1,3
177,15,2,20
177,16,1,3
177,16,2,20
177,17,1,3
177,17,2,20
177,18,1,3
177,18,2,20
177,19,1,3
177,19,2,20
177,20,1,3
177,20,2,20
177,21,1,3
177,21,2,20
177,22,1,5
177,22,2,20
177,23,1,3
177,23,2,20
177,24,1,3
177,24,2,20
177,25,1,3
177,25,2,20
177,26,1,3
177,26,2,20
177,27,1,3
177,27,2,20
177,28,1,3
177,28,2,20
177,29,1,3
177,29,2,20
177,30,1,3
177,30,2,20
177,31,1,2
177,31,2,20
177,32,1,2
177,32,2,20
177,33,1,2
177,33,2,20
177,34,1,2
177,34,2,20
177,35,1,2
177,35,2,20
177,36,1,3
177,36,2,20
177,37,1,5
177,37,2,20
177,38,1,3
177,38,2,20
177,39,1,2
177,39,2,20
177,40,1,2
177,40,2,20
177,41,1,2
177,41,2,20
177,42,1,2
177,42,2,20
177,43,1,2
177,43,2,20
177,44,1,3
177,44,2,20
177,45,1,3
177,45,2,20
177,46,1,2
177,46,2,20
177,47,1,1
177,47,2,20
177,48,1,1
177,48,2,20
177,49,1,1
177,49,2,20
177,50,1,2
177,50,2,20
177,51,1,3
177,51,2,20
177,52,1,5
177,52,2,20
177,53,1,3
177,53,2,20
177,54,1,2
177,54,2,20
177,55,1,1
177,55,2,20
177,56,1,1
177,56,2,20
177,57,1,1
177,57,2,20
177,58,1,2
177,58,2,20
177,59,1,3
177,59,2,20
177,60,1,3
177,60,2,20
177,61,1,2
177,61,2,20
177,62,1,1
177,62,2,20
177,63,1,0
177,63,2,20
177,64,1,1
177,64,2,20
177,65,1,2
177,65,2,20
177,66,1,3
177,66,2,20
177,67,1,5
177,67,2,20
177,68,1,3
177,68,2,20
177,69,1,2
177,69,2,20
177,70,1,1
177,70,2,20
177,71,1,0
177,71,2,20
177,72,1,1
177,72,2,20
177,73,1,2
177,73,2,20
177,74,1,3
177,74,2,20
177,75,1,3
177,75,2,20
177,76,1,2
177,76,2,20
177,77,1,1
177,77,2,20
177,78,1,1
177,78,2,20
177,79,1,1
177,79,2,20
177,80,1,2
177,80,2,20
177,81,1,3
177,81,2,20
177,82,1,5
177,82,2,20
177,83,1,3
177,83,2,20
177,84,1,2
177,84,2,20
177,85,1,1
177,85,2,20
177,86,1,1
177,86,2,20
177,87,1,1
177,87,2,20
177,88,1,2
177,88,2,20
177,89,1,3
177,89,2,20
177,90,1,3
177,90,2,20
177,91,1,2
177,91,2,20
177,92,1,2
177,92,2,20
177,93,1,2
177,93,2,20
177,94,1,2
177,94,2,20
177,95,1,2
177,95,2,20
177,96,1,3
177,96,2,20
177,97,1,5
177,97,2,20
177,98,1,3
177,98,2,20
177,99,1,2
177,99,2,20
177,100,1,2
177,100,2,20
177,101,1,2
177,101,2,20
177,102,1,2
177,102,2,20
177,103,1,2
177,103,2,20
177,104,1,3
177,104,2,20
177,105,1,3
177,105,2,20
177,106,1,3
177,106,2,20
177,107,1,3
177,107,2,20
177,108,1,3
177,108,2,20
177,109,1,3
177,109,2,20
177,110,1,3
177,110,2,20
177,111,1,3
177,111,2,20
177,112,1,5
177,112,2,20
177,113,1,3
177,113,2,20
177,114,1,3
177,114,2,20
177,115,1,3
177,115,2,20
177,116,1,3
177,116,2,20
177,117,1,3
177,117,2,20
177,118,1,3
177,118,2,20
177,119,1,3
177,119,2,20
177,120,1,4
177,120,2,20
177,121,1,4
177,121,2,20
177,122,1,4
177,122,2,20
177,123,1,4
177,123,2,20
177,124,1,4
177,124,2,20
177,125,1,4
177,125,2,20
177,126,1,4
177,126,2,20
177,127,1,5
177,127,2,20
177,128,1,4
177,128,2,20
177,129,1,4
177,129,2,20
177,130,1,4
177,130,2,20
177,131,1,4
177,131,2,20
177,132,1,4
177,132,2,20
177,133,1,4
177,133,2,20
177,134,1,4
177,134,2,20
178,0,1,4
178,0,2,20
178,1,1,4
178,1,2,20
178,2,1,4
178,2,2,20
178,3,1,4
178,3,2,20
178,4,1,4
178,4,2,20
178,5,1,4
178,5,2,20
178,6,1,4
178,6,2,20
178,7,1,5
178,7,2,20
178,8,1,4
178,8,2,20
178,9,1,4
178,9,2,20
178,10,1,4
178,10,2,20
178,11,1,4
178,11,2,20
178,12,1,4
178,12,2,20
178,13,1,4
178,13,2,20
178,14,1,4
178,14,2,20
178,15,1,3
178,15,2,20
178,16,1,3
178,16,2,20
178,17,1,3
178,17,2,20
178,18,1,3
178,18,2,20
178,19,1,3
178,19,2,20
178,20,1,3
178,20,2,20
178,21,1,3
178,21,2,20
178,22,1,5
178,22,2,20
178,23,1,3
178,23,2,20
178,24,1,3
178,24,2,20
178,25,1,3
178,25,2,20
178,26,1,3
178,26,2,20
178,27,1,3
178,27,2,20
178,28,1,3
178,28,2,20
178,29,1,3
178,29,2,20
178,30,1,3
178,30,2,20
178,31,1,2
178,31,2,20
178,32,1,2
178,32,2,20
178,33,1,2
178,33,2,20
178,34,1,2
178,34,2,20
178,35,1,2
178,35,2,20
178,36,1,3
178,36,2,20
178,37,1,5
178,37,2,20
178,38,1,3
178,38,2,20
178,39,1,2
178,39,2,20
178,40,1,2
178,40,2,20
178,41,1,2
178,41,2,20
178,42,1,2
178,42,2,20
178,43,1,2
178,43,2,20
178,44,1,3
178,44,2,20
178,45,1,3
178,45,2,20
178,46,1,2
178,46,2,20
178,47,1,1
178,47,2,20
178,48,1,1
178,48,2,20
178,49,1,1
178,49,2,20
178,50,1,2
178,50,2,20
178,51,1,3
178,51,2,20
178,52,1,5
178,52,2,20
178,53,1,3
178,53,2,20
178,54,1,2
178,54,2,20
178,55,1,1
178,55,2,20
178,56,1,1
178,56,2,20
178,57,1,1
178,57,2,20
178,58,1,2
178,58,2,20
178,59,1,3
178,59,2,20
178,60,1,3
178,60,2,20
178,61,1,2
178,61,2,20
178,62,1,1
178,62,2,20
178,63,1,0
178,63,2,20
178,64,1,1
178,64,2,20
178,65,1,2
178,65,2,20
178,66,1,3
178,66,2,20
178,67,1,5
178,67,2,20
178,68,1,3
178,68,2,20
178,69,1,2
178,69,2,20
178,70,1,1
178,70,2,20
178,71,1,0
178,71,2,20
178,72,1,1
178,72,2,20
178,73,1,2
178,73,2,20
178,74,1,3
178,74,2,20
178,75,1,3
178,75,2,20
178,76,1,2
178,76,2,20
178,77,1,1
178,77,2,20
178,78,1,1
178,78,2,20
178,79,1,1
178,79,2,20
178,80,1,2
178,80,2,20
178,81,1,3
178,81,2,20
178,82,1,5
178,82,2,20
178,83,1,3
178,83,2,20
178,84,1,2
178,84,2,20
178,85,1,1
178,85,2,20
178,86,1,1
178,86,2,20
178,87,1,1
178,87,2,20
178,88,1,2
178,88,2,20
178,89,1,3
178,89,2,20
178,90,1,3
178,90,2,20
178,91,1,2
178,91,2,20
178,92,1,2
178,92,2,20
178,93,1,2
178,93,2,20
178,94,1,2
178,94,2,20
178,95,1,2
178,95,2,20
178,96,1,3
178,96,2,20
178,97,1,5
178,97,2,20
178,98,1,3
178,98,2,20
178,99,1,2
178,99,2,20
178,100,1,2
178,100,2,20
178,101,1,2
178,101,2,20
178,102,1,2
178,102,2,20
178,103,1,2
178,103,2,20
178,104,1,3
178,104,2,20
178,105,1,3
178,105,2,20
178,106,1,3
178,106,2,20
178,107,1,3
178,107,2,20
178,108,1,3
178,108,2,20
178,109,1,3
178,109,2,20
178,110,1,3
178,110,2,20
178,111,1,3
178,111,2,20
178,112,1,5
178,112,2,20
178,113,1,3
178,113,2,20
178,114,1,3
178,114,2,20
178,115,1,3
178,115,2,20
178,116,1,3
178,116,2,20
178,117,1,3
178,117,2,20
178,118,1,3
178,118,2,20
178,119,1,3
178,119,2,20
178,120,1,4
178,120,2,20
178,121,1,4
178,121,2,20
178,122,1,4
178,122,2,20
178,123,1,4
178,123,2,20
178,124,1,4
178,124,2,20
178,125,1,4
178,125,2,20
178,126,1,4
178,126,2,20
178,127,1,5
178,127,2,20
178,128,1,4
178,128,2,20
178,129,1,4
178,129,2,20
178,130,1,4
178,130,2,20
178,131,1,4
178,131,2,20
178,132,1,4
178,132,2,20
178,133,1,4
178,133,2,20
178,134,1,4
178,134,2,20
179,0,1,4
179,0,2,20
179,1,1,4
179,1,2,20
179,2,1,4
179,2,2,20
179,3,1,4
179,3,2,20
179,4,1,4
179,4,2,20
179,5,1,4
179,5,2,20
179,6,1,4
179,6,2,20
179,7,1,5
179,7,2,20
179,8,1,4
179,8,2,20
179,9,1,4
179,9,2,20
179,10,1,4
179,10,2,20
179,11,1,4
179,11,2,20
179,12,1,4
179,12,2,20
179,13,1,4
179,13,2,20
179,14,1,4
179,14,2,20
179,15,1,3
179,15,2,20
179,16,1,3
179,16,2,20
179,17,1,3
179,17,2,20
179,18,1,3
179,18,2,20
179,19,1,3
179,19,2,20
179,20,1,3
179,20,2,20
179,21,1,3
179,21,2,20
179,22,1,5
179,22,2,20
179,23,1,3
179,23,2,20
179,24,1,3
179,24,2,20
179,25,1,3
179,25,2,20
179,26,1,3
179,26,2,20
179,27,1,3
179,27,2,20
179,28,1,3
179,28,2,20
179,29,1,3
179,29,2,20
179,30,1,3
179,30,2,20
179,31,1,2
179,31,2,20
179,32,1,2
179,32,2,20
179,33,1,2
179,33,2,20
179,34,1,2
179,34,2,20
179,35,1,2
179,35,2,20
179,36,1,3
179,36,2,20
179,37,1,5
179,37,2,20
179,38,1,3
179,38,2,20
179,39,1,2
179,39,2,20
179,40,1,2
179,40,2,20
179,41,1,2
179,41,2,20
179,42,1,2
179,42,2,20
179,43,1,2
179,43,2,20
179,44,1,3
179,44,2,20
179,45,1,3
179,45,2,20
179,46,1,2
179,46,2,20
179,47,1,1
179,47,2,20
179,48,1,1
179,48,2,20
179,49,1,1
179,49,2,20
179,50,1,2
179,50,2,20
179,51,1,3
179,51,2,20
179,52,1,5
179,52,2,20
179,53,1,3
179,53,2,20
179,54,1,2
179,54,2,20
179,55,1,1
179,55,2,20
179,56,1,1
179,56,2,20
179,57,1,1
179,57,2,20
179,58,1,2
179,58,2,20
179,59,1,3
179,59,2,20
179,60,1,3
179,60,2,20
179,61,1,2
179,61,2,20
179,62,1,1
179,62,2,20
179,63,1,0
179,63,2,20
179,64,1,1
179,64,2,20
179,65,1,2
179,65,2,20
179,66,1,3
179,66,2,20
179,67,1,5
179,67,2,20
179,68,1,3
179,68,2,20
179,69,1,2
179,69,2,20
179,70,1,1
179,70,2,20
179,71,1,0
179,71,2,20
179,72,1,1
179,72,2,20
179,73,1,2
179,73,2,20
179,74,1,3
179,74,2,20
179,75,1,3
179,75,2,20
179,76,1,2
179,76,2,20
179,77,1,1
179,77,2,20
179,78,1,1
179,78,2,20
179,79,1,1
179,79,2,20
179,80,1,2
179,80,2,20
179,81,1,3
179,81,2,20
179,82,1,5
179,82,2,20
179,83,1,3
179,83,2,20
179,84,1,2
179,84,2,20
179,85,1,1
179,85,2,20
179,86,1,1
179,86,2,20
179,87,1,1
179,87,2,20
179,88,1,2
179,88,2,20
179,89,1,3
179,89,2,20
179,90,1,3
179,90,2,20
179,91,1,2
179,91,2,20
179,92,1,2
179,92,2,20
179,93,1,2
179,93,2,20
179,94,1,2
179,94,2,20
179,95,1,2
179,95,2,20
179,96,1,3
179,96,2,20
179,97,1,5
179,97,2,20
179,98,1,3
179,98,2,20
179,99,1,2
179,99,2,20
179,100,1,2
179,100,2,20
179,101,1,2
179,101,2,20
179,102,1,2
179,102,2,20
179,103,1,2
179,103,2,20
179,104,1,3
179,104,2,20
179,105,1,3
179,105,2,20
179,106,1,3
179,106,2,20
179,107,1,3
179,107,2,20
179,108,1,3
179,108,2,20
179,109,1,3
179,109,2,20
179,110,1,3
179,110,2,20
179,111,1,3
179,111,2,20
179,112,1,5
179,112,2,20
179,113,1,3
179,113,2,20
179,114,1,3
179,114,2,20
179,115,1,3
179,115,2,20
179,116,1,3
179,116,2,20
179,117,1,3
179,117,2,20
179,118,1,3
179,118,2,20
179,119,1,3
179,119,2,20
179,120,1,4
179,120,2,20
179,121,1,4
179,121,2,20
179,122,1,4
179,122,2,20
179,123,1,4
179,123,2,20
179,124,1,4
179,124,2,20
179,125,1,4
179,125,2,20
179,126,1,4
179,126,2,20
179,127,1,5
179,127,2,20
179,128,1,4
179,128,2,20
179,129,1,4
179,129,2,20
179,130,1,4
179,130,2,20
179,131,1,4
179,131,2,20
179,132,1,4
179,132,2,20
179,133,1,4
179,133,2,20
179,134,1,4
179,134,2,20
180,0,1,4
180,0,2,20
180,1,1,4
180,1,2,20
180,2,1,4
180,2,2,20
180,3,1,4
180,3,2,20
180,4,1,4
180,4,2,20
180,5,1,4
180,5,2,20
180,6,1,4
180,6,2,20
180,7,1,5
180,7,2,20
180,8,1,4
180,8,2,20
180,9,1,4
180,9,2,20
180,10,1,4
180,10,2,20
180,11,1,4
180,11,2,20
180,12,1,4
180,12,2,20
180,13,1,4
180,13,2,20
180,14,1,4
180,14,2,20
180,15,1,3
180,15,2,20
180,16,1,3
180,16,2,20
180,17,1,3
180,17,2,20
180,18,1,3
180,18,2,20
180,19,1,3
180,19,2,20
180,20,1,3
180,20,2,20
180,21,1,3
180,21,2,20
180,22,1,5
180,22,2,20
180,23,1,3
180,23,2,20
180,24,1,3
180,24,2,20
180,25,1,3
180,25,2,20
180,26,1,3
180,26,2,20
180,27,1,3
180,27,2,20
180,28,1,3
180,28,2,20
180,29,1,3
180,29,2,20
180,30,1,3
180,30,2,20
180,31,1,2
180,31,2,20
180,32,1,2
180,32,2,20
180,33,1,2
180,33,2,20
180,34,1,2
180,34,2,20
180,35,1,2
180,35,2,20
180,36,1,3
180,36,2,20
180,37,1,5
180,37,2,20
180,38,1,3
180,38,2,20
180,39,1,2
180,39,2,20
180,40,1,2
180,40,2,20
180,41,1,2
180,41,2,20
180,42,1,2
180,42,2,20
180,43,1,2
180,43,2,20
180,44,1,3
180,44,2,20
180,45,1,3
180,45,2,20
180,46,1,2
180,46,2,20
180,47,1,1
180,47,2,20
180,48,1,1
180,48,2,20
180,49,1,1
180,49,2,20
180,50,1,2
180,50,2,20
180,51,1,3
180,51,2,20
180,52,1,5
180,52,2,20
180,53,1,3
180,53,2,20
180,54,1,2
180,54,2,20
180,55,1,1
180,55,2,20
180,56,1,1
180,56,2,20
180,57,1,1
180,57,2,20
180,58,1,2
180,58,2,20
180,59,1,3
180,59,2,20
180,60,1,3
180,60,2,20
180,61,1,2
180,61,2,20
180,62,1,1
180,62,2,20
180,63,1,0
180,63,2,20
180,64,1,1
180,64,2,20
180,65,1,2
180,65,2,20
180,66,1,3
180,66,2,20
180,67,1,5
180,67,2,20
180,68,1,3
180,68,2,20
180,69,1,2
180,69,2,20
180,70,1,1
180,70,2,20
180,71,1,0
180,71,2,20
180,72,1,1
180,72,2,20
180,73,1,2
180,73,2,20
180,74,1,3
180,74,2,20
180,75,1,3
180,75,2,20
180,76,1,2
180,76,2,20
180,77,1,1
180,77,2,20
180,78,1,1
180,78,2,20
180,79,1,1
180,79,2,20
180,80,1,2
180,80,2,20
180,81,1,3
180,81,2,20
180,82,1,5
180,82,2,20
180,83,1,3
180,83,2,20
180,84,1,2
180,84,2,20
180,85,1,1
180,85,2,20
180,86,1,1
180,86,2,20
180,87,1,1
180,87,2,20
180,88,1,2
180,88,2,20
180,89,1,3
180,89,2,20
180,90,1,3
180,90,2,20
180,91,1,2
180,91,2,20
180,92,1,2
180,92,2,20
180,93,1,2
180,93,2,20
180,94,1,2
180,94,2,20
180,95,1,2
180,95,2,20
180,96,1,3
180,96,2,20
180,97,1,5
180,97,2,20
180,98,1,3
180,98,2,20
180,99,1,2
180,99,2,20
180,100,1,2
180,100,2,20
180,101,1,2
180,101,2,20
180,102,1,2
180,102,2,20
180,103,1,2
180,103,2,20
180,104,1,3
180,104,2,20
180,105,1,3
180,105,2,20
180,106,1,3
180,106,2,20
180,107,1,3
180,107,2,20
180,108,1,3
180,108,2,20
180,109,1,3
180,109,2,20
180,110,1,3
180,110,2,20
180,111,1,3
180,111,2,20
180,112,1,5
180,112,2,20
180,113,1,3
180,113,2,20
180,114,1,3
180,114,2,20
180,115,1,3
180,115,2,20
180,116,1,3
180,116,2,20
180,117,1,3
180,117,2,20
180,118,1,3
180,118,2,20
180,119,1,3
180,119,2,20
180,120,1,4
180,120,2,20
180,121,1,4
180,121,2,20
180,122,1,4
180,122,2,20
180,123,1,4
180,123,2,20
180,124,1,4
180,124,2,20
180,125,1,4
180,125,2,20
180,126,1,4
180,126,2,20
180,127,1,5
180,127,2,20
180,128,1,4
180,128,2,20
180,129,1,4
180,129,2,20
180,130,1,4
180,130,2,20
180,131,1,4
180,131,2,20
180,132,1,4
180,132,2,20
180,133,1,4
180,133,2,20
180,134,1,4
180,134,2,20
181,0,1,4
181,0,2,20
181,1,1,4
181,1,2,20
181,2,1,4
181,2,2,20
181,3,1,4
181,3,2,20
181,4,1,4
181,4,2,20
181,5,1,4
181,5,2,20
181,6,1,4
181,6,2,20
181,7,1,5
181,7,2,20
181,8,1,4
181,8,2,20
181,9,1,4
181,9,2,20
181,10,1,4
181,10,2,20
181,11,1,4
181,11,2,20
181,12,1,4
181,12,2,20
181,13,1,4
181,13,2,20
181,14,1,4
181,14,2,20
181,15,1,3
181,15,2,20
181,16,1,3
181,16,2,20
181,17,1,3
181,17,2,20
181,18,1,3
181,18,2,20
181,19,1,3
181,19,2,20
181,20,1,3
181,20,2,20
181,21,1,3
181,21,2,20
181,22,1,5
181,22,2,20
181,23,1,3
181,23,2,20
181,24,1,3
181,24,2,20
181,25,1,3
181,25,2,20
181,26,1,3
181,26,2,20
181,27,1,3
181,27,2,20
181,28,1,3
181,28,2,20
181,29,1,3
181,29,2,20
181,30,1,3
181,30,2,20
181,31,1,2
181,31,2,20
181,32,1,2
181,32,2,20
181,33,1,2
181,33,2,20
181,34,1,2
181,34,2,20
181,35,1,2
181,35,2,20
181,36,1,3
181,36,2,20
181,37,1,5
181,37,2,20
181,38,1,3
181,38,2,20
181,39,1,2
181,39,2,20
181,40,1,2
181,40,2,20
181,41,1,2
181,41,2,20
181,42,1,2
181,42,2,20
181,43,1,2
181,43,2,20
181,44,1,3
181,44,2,20
181,45,1,3
181,45,2,20
181,46,1,2
181,46,2,20
181,47,1,1
181,47,2,20
181,48,1,1
181,48,2,20
181,49,1,1
181,49,2,20
181,50,1,2
181,50,2,20
181,51,1,3
181,51,2,20
181,52,1,5
181,52,2,20
181,53,1,3
181,53,2,20
181,54,1,2
181,54,2,20
181,55,1,1
181,55,2,20
181,56,1,1
181,56,2,20
181,57,1,1
181,57,2,20
181,58,1,2
181,58,2,20
181,59,1,3
181,59,2,20
181,60,1,3
181,60,2,20
181,61,1,2
181,61,2,20
181,62,1,1
181,62,2,20
181,63,1,0
181,63,2,20
181,64,1,1
181,64,2,20
181,65,1,2
181,65,2,20
181,66,1,3
181,66,2,20
181,67,1,5
181,67,2,20
181,68,1,3
181,68,2,20
181,69,1,2
181,69,2,20
181,70,1,1
181,70,2,20
181,71,1,0
181,71,2,20
181,72,1,1
181,72,2,20
181,73,1,2
181,73,2,20
181,74,1,3
181,74,2,20
181,75,1,3
181,75,2,20
181,76,1,2
181,76,2,20
181,77,1,1
181,77,2,20
181,78,1,1
181,78,2,20
181,79,1,1
181,79,2,20
181,80,1,2
181,80,2,20
181,81,1,3
181,81,2,20
181,82,1,5
181,82,2,20
181,83,1,3
181,83,2,20
181,84,1,2
181,84,2,20
181,85,1,1
181,85,2,20
181,86,1,1
181,86,2,20
181,87,1,1
181,87,2,20
181,88,1,2
181,88,2,20
181,89,1,3
181,89,2,20
181,90,1,3
181,90,2,20
181,91,1,2
181,91,2,20
181,92,1,2
181,92,2,20
181,93,1,2
181,93,2,20
181,94,1,2
181,94,2,20
181,95,1,2
181,95,2,20
181,96,1,3
181,96,2,20
181,97,1,5
181,97,2,20
181,98,1,3
181,98,2,20
181,99,1,2
181,99,2,20
181,100,1,2
181,100,2,20
181,101,1,2
181,101,2,20
181,102,1,2
181,102,2,20
181,103,1,2
181,103,2,20
181,104,1,3
181,104,2,20
181,105,1,3
181,105,2,20
181,106,1,3
181,106,2,20
181,107,1,3
181,107,2,20
181,108,1,3
181,108,2,20
181,109,1,3
181,109,2,20
181,110,1,3
181,110,2,20
181,111,1,3
181,111,2,20
181,112,1,5
181,112,2,20
181,113,1,3
181,113,2,20
181,114,1,3
181,114,2,20
181,115,1,3
181,115,2,20
181,116,1,3
181,116,2,20
181,117,1,3
181,117,2,20
181,118,1,3
181,118,2,20
181,119,1,3
181,119,2,20
181,120,1,4
181,120,2,20
181,121,1,4
181,121,2,20
181,122,1,4
181,122,2,20
181,123,1,4
181,123,2,20
181,124,1,4
181,124,2,20
181,125,1,4
181,125,2,20
181,126,1,4
181,126,2,20
181,127,1,5
181,127,2,20
181,128,1,4
181,128,2,20
181,129,1,4
181,129,2,20
181,130,1,4
181,130,2,20
181,131,1,4
181,131,2,20
181,132,1,4
181,132,2,20
181,133,1,4
181,133,2,20
181,134,1,4
181,134,2,20
182,0,1,4
182,0,2,20
182,1,1,4
182,1,2,20
182,2,1,4
182,2,2,20
182,3,1,4
182,3,2,20
182,4,1,4
182,4,2,20
182,5,1,4
182,5,2,20
182,6,1,4
182,6,2,20
182,7,1,5
182,7,2,20
182,8,1,4
182,8,2,20
182,9,1,4
182,9,2,20
182,10,1,4
182,10,2,20
182,11,1,4
182,11,2,20
182,12,1,4
182,12,2,20
182,13,1,4
182,13,2,20
182,14,1,4
182,14,2,20
182,15,1,3
182,15,2,20
182,16,1,3
182,16,2,20
182,17,1,3
182,17,2,20
182,18,1,3
182,18,2,20
182,19,1,3
182,19,2,20
182,20,1,3
182,20,2,20
182,21,1,3
182,21,2,20
182,22,1,5
182,22,2,20
182,23,1,3
182,23,2,20
182,24,1,3
182,24,2,20
182,25,1,3
182,25,2,20
182,26,1,3
182,26,2,20
182,27,1,3
182,27,2,20
182,28,1,3
182,28,2,20
182,29,1,3
182,29,2,20
182,30,1,3
182,30,2,20
182,31,1,2
182,31,2,20
182,32,1,2
182,32,2,20
182,33,1,2
182,33,2,20
182,34,1,2
182,34,2,20
182,35,1,2
182,35,2,20
182,36,1,3
182,36,2,20
182,37,1,5
182,37,2,20
182,38,1,3
182,38,2,20
182,39,1,2
182,39,2,20
182,40,1,2
182,40,2,20
182,41,1,2
182,41,2,20
182,42,1,2
182,42,2,20
182,43,1,2
182,43,2,20
182,44,1,3
182,44,2,20
182,45,1,3
182,45,2,20
182,46,1,2
182,46,2,20
182,47,1,1
182,47,2,20
182,48,1,1
182,48,2,20
182,49,1,1
182,49,2,20
182,50,1,2
182,50,2,20
182,51,1,3
182,51,2,20
182,52,1,5
182,52,2,20
182,53,1,3
182,53,2,20
182,54,1,2
182,54,2,20
182,55,1,1
182,55,2,20
182,56,1,1
182,56,2,20
182,57,1,1
182,57,2,20
182,58,1,2
182,58,2,20
182,59,1,3
182,59,2,20
182,60,1,3
182,60,2,20
182,61,1,2
182,61,2,20
182,62,1,1
182,62,2,20
182,63,1,0
182,63,2,20
182,64,1,1
182,64,2,20
182,65,1,2
182,65,2,20
182,66,1,3
182,66,2,20
182,67,1,5
182,67,2,20
182,68,1,3
182,68,2,20
182,69,1,2
182,69,2,20
182,70,1,1
182,70,2,20
182,71,1,0
182,71,2,20
182,72,1,1
182,72,2,20
182,73,1,2
182,73,2,20
182,74,1,3
182,74,2,20
182,75,1,3
182,75,2,20
182,76,1,2
182,76,2,20
182,77,1,1
182,77,2,20
182,78,1,1
182,78,2,20
182,79,1,1
182,79,2,20
182,80,1,2
182,80,2,20
182,81,1,3
182,81,2,20
182,82,1,5
182,82,2,20
182,83,1,3
182,83,2,20
182,84,1,2
182,84,2,20
182,85,1,1
182,85,2,20
182,86,1,1
182,86,2,20
182,87,1,1
182,87,2,20
182,88,1,2
182,88,2,20
182,89,1,3
182,89,2,20
182,90,1,3
182,90,2,20
182,91,1,2
182,91,2,20
182,92,1,2
182,92,2,20
182,93,1,2
182,93,2,20
182,94,1,2
182,94,2,20
182,95,1,2
182,95,2,20
182,96,1,3
182,96,2,20
182,97,1,5
182,97,2,20
182,98,1,3
182,98,2,20
182,99,1,2
182,99,2,20
182,100,1,2
182,100,2,20
182,101,1,2
182,101,2,20
182,102,1,2
182,102,2,20
182,103,1,2
182,103,2,20
182,104,1,3
182,104,2,20
182,105,1,3
182,105,2,20
182,106,1,3
182,106,2,20
182,107,1,3
182,107,2,20
182,108,1,3
182,108,2,20
182,109,1,3
182,109,2,20
182,110,1,3
182,110,2,20
182,111,1,3
182,111,2,20
182,112,1,5
182,112,2,20
182,113,1,3
182,113,2,20
182,114,1,3
182,114,2,20
182,115,1,3
182,115,2,20
182,116,1,3
182,116,2,20
182,117,1,3
182,117,2,20
182,118,1,3
182,118,2,20
182,119,1,3
182,119,2,20
182,120,1,4
182,120,2,20
182,121,1,4
182,121,2,20
182,122,1,4
182,122,2,20
182,123,1,4
182,123,2,20
182,124,1,4
182,124,2,20
182,125,1,4
182,125,2,20
182,126,1,4
182,126,2,20
182,127,1,5
182,127,2,20
182,128,1,4
182,128,2,20
182,129,1,4
182,129,2,20
182,130,1,4
182,130,2,20
182,131,1,4
182,131,2,20
182,132,1,4
182,132,2,20
182,133,1,4
182,133,2,20
182,134,1,4
182,134,2,20
183,0,1,4
183,0,2,20
183,1,1,4
183,1,2,20
183,2,1,4
183,2,2,20
183,3,1,4
183,3,2,20
183,4,1,4
183,4,2,20
183,5,1,4
183,5,2,20
183,6,1,4
183,6,2,20
183,7,1,5
183,7,2,20
183,8,1,4
183,8,2,20
183,9,1,4
183,9,2,20
183,10,1,4
183,10,2,20
183,11,1,4
183,11,2,20
183,12,1,4
183,12,2,20
183,13,1,4
183,13,2,20
183,14,1,4
183,14,2,20
183,15,1,3
183,15,2,20
183,16,1,3
183,16,2,20
183,17,1,3
183,17,2,20
183,18,1,3
183,18,2,20
183,19,1,3
183,19,2,20
183,20,1,3
183,20,2,20
183,21,1,3
183,21,2,20
183,22,1,5
183,22,2,20
183,23,1,3
183,23,2,20
183,24,1,3
183,24,2,20
183,25,1,3
183,25,2,20
183,26,1,3
183,26,2,20
183,27,1,3
183,27,2,20
183,28,1,3
183,28,2,20
183,29,1,3
183,29,2,20
183,30,1,3
183,30,2,20
183,31,1,2
183,31,2,20
183,32,1,2
183,32,2,20
183,33,1,2
183,33,2,20
183,34,1,2
183,34,2,20
183,35,1,2
183,35,2,20
183,36,1,3
183,36,2,20
183,37,1,5
183,37,2,20
183,38,1,3
183,38,2,20
183,39,1,2
183,39,2,20
183,40,1,2
183,40,2,20
183,41,1,2
183,41,2,20
183,42,1,2
183,42,2,20
183,43,1,2
183,43,2,20
183,44,1,3
183,44,2,20
183,45,1,3
183,45,2,20
183,46,1,2
183,46,2,20
183,47,1,1
183,47,2,20
183,48,1,1
183,48,2,20
183,49,1,1
183,49,2,20
183,50,1,2
183,50,2,20
183,51,1,3
183,51,2,20
183,52,1,5
183,52,2,20
183,53,1,3
183,53,2,20
183,54,1,2
183,54,2,20
183,55,1,1
183,55,2,20
183,56,1,1
183,56,2,20
183,57,1,1
183,57,2,20
183,58,1,2
183,58,2,20
183,59,1,3
183,59,2,20
183,60,1,3
183,60,2,20
183,61,1,2
183,61,2,20
183,62,1,1
183,62,2,20
183,63,1,0
183,63,2,20
183,64,1,1
183,64,2,20
183,65,1,2
183,65,2,20
183,66,1,3
183,66,2,20
183,67,1,5
183,67,2,20
183,68,1,3
183,68,2,20
183,69,1,2
183,69,2,20
183,70,1,1
183,70,2,20
183,71,1,0
183,71,2,20
183,72,1,1
183,72,2,20
183,73,1,2
183,73,2,20
183,74,1,3
183,74,2,20
183,75,1,3
183,75,2,20
183,76,1,2
183,76,2,20
183,77,1,1
183,77,2,20
183,78,1,1
183,78,2,20
183,79,1,1
183,79,2,20
183,80,1,2
183,80,2,20
183,81,1,3
183,81,2,20
183,82,1,5
183,82,2,20
183,83,1,3
183,83,2,20
183,84,1,2
183,84,2,20
183,85,1,1
183,85,2,20
183,86,1,1
183,86,2,20
183,87,1,1
183,87,2,20
183,88,1,2
183,88,2,20
183,89,1,3
183,89,2,20
183,90,1,3
183,90,2,20
183,91,1,2
183,91,2,20
183,92,1,2
183,92,2,20
183,93,1,2
183,93,2,20
183,94,1,2
183,94,2,20
183,95,1,2
183,95,2,20
183,96,1,3
183,96,2,20
183,97,1,5
183,97,2,20
183,98,1,3
183,98,2,20
183,99,1,2
183,99,2,20
183,100,1,2
183,100,2,20
183,101,1,2
183,101,2,20
183,102,1,2
183,102,2,20
183,103,1,2
183,103,2,20
183,104,1,3
183,104,2,20
183,105,1,3
183,105,2,20
183,106,1,3
183,106,2,20
183,107,1,3
183,107,2,20
183,108,1,3
183,108,2,20
183,109,1,3
183,109,2,20
183,110,1,3
183,110,2,20
183,111,1,3
183,111,2,20
183,112,1,5
183,112,2,20
183,113,1,3
183,113,2,20
183,114,1,3
183,114,2,20
183,115,1,3
183,115,2,20
183,116,1,3
183,116,2,20
183,117,1,3
183,117,2,20
183,118,1,3
183,118,2,20
183,119,1,3
183,119,2,20
183,120,1,4
183,120,2,20
183,121,1,4
183,121,2,20
183,122,1,4
183,122,2,20
183,123,1,4
183,123,2,20
183,124,1,4
183,124,2,20
183,125,1,4
183,125,2,20
183,126,1,4
183,126,2,20
183,127,1,5
183,127,2,20
183,128,1,4
183,128,2,20
183,129,1,4
183,129,2,20
183,130,1,4
183,130,2,20
183,131,1,4
183,131,2,20
183,132,1,4
183,132,2,20
183,133,1,4
183,133,2,20
183,134,1,4
183,134,2,20
184,0,1,4
184,0,2,20
184,1,1,4
184,1,2,20
184,2,1,4
184,2,2,20
184,3,1,4
184,3,2,20
184,4,1,4
184,4,2,20
184,5,1,4
184,5,2,20
184,6,1,4
184,6,2,20
184,7,1,5
184,7,2,20
184,8,1,4
184,8,2,20
184,9,1,4
184,9,2,20
184,10,1,4
184,10,2,20
184,11,1,4
184,11,2,20
184,12,1,4
184,12,2,20
184,13,1,4
184,13,2,20
184,14,1,4
184,14,2,20
184,15,1,3
184,15,2,20
184,16,1,3
184,16,2,20
184,17,1,3
184,17,2,20
184,18,1,3
184,18,2,20
184,19,1,3
184,19,2,20
184,20,1,3
184,20,2,20
184,21,1,3
184,21,2,20
184,22,1,5
184,22,2,20
184,23,1,3
184,23,2,20
184,24,1,3
184,24,2,20
184,25,1,3
184,25,2,20
184,26,1,3
184,26,2,20
184,27,1,3
184,27,2,20
184,28,1,3
184,28,2,20
184,29,1,3
184,29,2,20
184,30,1,3
184,30,2,20
184,31,1,2
184,31,2,20
184,32,1,2
184,32,2,20
184,33,1,2
184,33,2,20
184,34,1,2
184,34,2,20
184,35,1,2
184,35,2,20
184,36,1,3
184,36,2,20
184,37,1,5
184,37,2,20
184,38,1,3
184,38,2,20
184,39,1,2
184,39,2,20
184,40,1,2
184,40,2,20
184,41,1,2
184,41,2,20
184,42,1,2
184,42,2,20
184,43,1,2
184,43,2,20
184,44,1,3
184,44,2,20
184,45,1,3
184,45,2,20
184,46,1,2
184,46,2,20
184,47,1,1
184,47,2,20
184,48,1,1
184,48,2,20
184,49,1,1
184,49,2,20
184,50,1,2
184,50,2,20
184,51,1,3
184,51,2,20
184,52,1,5
184,52,2,20
184,53,1,3
184,53,2,20
184,54,1,2
184,54,2,20
184,55,1,1
184,55,2,20
184,56,1,1
184,56,2,20
184,57,1,1
184,57,2,20
184,58,1,2
184,58,2,20
184,59,1,3
184,59,2,20
184,60,1,3
184,60,2,20
184,61,1,2
184,61,2,20
184,62,1,1
184,62,2,20
184,63,1,0
184,63,2,20
184,64,1,1
184,64,2,20
184,65,1,2
184,65,2,20
184,66,1,3
184,66,2,20
184,67,1,5
184,67,2,20
184,68,1,3
184,68,2,20
184,69,1,2
184,69,2,20
184,70,1,1
184,70,2,20
184,71,1,0
184,71,2,20
184,72,1,1
184,72,2,20
184,73,1,2
184,73,2,20
184,74,1,3
184,74,2,20
184,75,1,3
184,75,2,20
184,76,1,2
184,76,2,20
184,77,1,1
184,77,2,20
184,78,1,1
184,78,2,20
184,79,1,1
184,79,2,20
184,80,1,2
184,80,2,20
184,81,1,3
184,81,2,20
184,82,1,5
184,82,2,20
184,83,1,3
184,83,2,20
184,84,1,2
184,84,2,20
184,85,1,1
184,85,2,20
184,86,1,1
184,86,2,20
184,87,1,1
184,87,2,20
184,88,1,2
184,88,2,20
184,89,1,3
184,89,2,20
184,90,1,3
184,90,2,20
184,91,1,2
184,91,2,20
184,92,1,2
184,92,2,20
184,93,1,2
184,93,2,20
184,94,1,2
184,94,2,20
184,95,1,2
184,95,2,20
184,96,1,3
184,96,2,20
184,97,1,5
184,97,2,20
184,98,1,3
184,98,2,20
184,99,1,2
184,99,2,20
184,100,1,2
184,100,2,20
184,101,1,2
184,101,2,20
184,102,1,2
184,102,2,20
184,103,1,2
184,103,2,20
184,104,1,3
184,104,2,20
184,105,1,3
184,105,2,20
184,106,1,3
184,106,2,20
184,107,1,3
184,107,2,20
184,108,1,3
184,108,2,20
184,109,1,3
184,109,2,20
184,110,1,3
184,110,2,20
184,111,1,3
184,111,2,20
184,112,1,5
184,112,2,20
184,113,1,3
184,113,2,20
184,114,1,3
184,114,2,20
184,115,1,3
184,115,2,20
184,116,1,3
184,116,2,20
184,117,1,3
184,117,2,20
184,118,1,3
184,118,2,20
184,119,1,3
184,119,2,20
184,120,1,4
184,120,2,20
184,121,1,4
184,121,2,20
184,122,1,4
184,122,2,20
184,123,1,4
184,123,2,20
184,124,1,4
184,124,2,20
184,125,1,4
184,125,2,20
184,126,1,4
184,126,2,20
184,127,1,5
184,127,2,20
184,128,1,4
184,128,2,20
184,129,1,4
184,129,2,20
184,130,1,4
184,130,2,20
184,131,1,4
184,131,2,20
184,132,1,4
184,132,2,20
184,133,1,4
184,133,2,20
184,134,1,4
184,134,2,20
185,0,1,4
185,0,2,20
185,1,1,4
185,1,2,20
185,2,1,4
185,2,2,20
185,3,1,4
185,3,2,20
185,4,1,4
185,4,2,20
185,5,1,4
185,5,2,20
185,6,1,4
185,6,2,20
185,7,1,5
185,7,2,20
185,8,1,4
185,8,2,20
185,9,1,4
185,9,2,20
185,10,1,4
185,10,2,20
185,11,1,4
185,11,2,20
185,12,1,4
185,12,2,20
185,13,1,4
185,13,2,20
185,14,1,4
185,14,2,20
185,15,1,3
185,15,2,20
185,16,1,3
185,16,2,20
185,17,1,3
185,17,2,20
185,18,1,3
185,18,2,20
185,19,1,3
185,19,2,20
185,20,1,3
185,20,2,20
185,21,1,3
185,21,2,20
185,22,1,5
185,22,2,20
185,23,1,3
185,23,2,20
185,24,1,3
185,24,2,20
185,25,1,3
185,25,2,20
185,26,1,3
185,26,2,20
185,27,1,3
185,27,2,20
185,28,1,3
185,28,2,20
185,29,1,3
185,29,2,20
185,30,1,3
185,30,2,20
185,31,1,2
185,31,2,20
185,32,1,2
185,32,2,20
185,33,1,2
185,33,2,20
185,34,1,2
185,34,2,20
185,35,1,2
185,35,2,20
185,36,1,3
185,36,2,20
185,37,1,5
185,37,2,20
185,38,1,3
185,38,2,20
185,39,1,2
185,39,2,20
185,40,1,2
185,40,2,20
185,41,1,2
185,41,2,20
185,42,1,2
185,42,2,20
185,43,1,2
185,43,2,20
185,44,1,3
185,44,2,20
185,45,1,3
185,45,2,20
185,46,1,2
185,46,2,20
185,47,1,1
185,47,2,20
185,48,1,1
185,48,2,20
185,49,1,1
185,49,2,20
185,50,1,2
185,50,2,20
185,51,1,3
185,51,2,20
185,52,1,5
185,52,2,20
185,53,1,3
185,53,2,20
185,54,1,2
185,54,2,20
185,55,1,1
185,55,2,20
185,56,1,1
185,56,2,20
185,57,1,1
185,57,2,20
185,58,1,2
185,58,2,20
185,59,1,3
185,59,2,20
185,60,1,3
185,60,2,20
185,61,1,2
185,61,2,20
185,62,1,1
185,62,2,20
185,63,1,0
185,63,2,20
185,64,1,1
185,64,2,20
185,65,1,2
185,65,2,20
185,66,1,3
185,66,2,20
185,67,1,5
185,67,2,20
185,68,1,3
185,68,2,20
185,69,1,2
185,69,2,20
185,70,1,1
185,70,2,20
185,71,1,0
185,71,2,20
185,72,1,1
185,72,2,20
185,73,1,2
185,73,2,20
185,74,1,3
185,74,2,20
185,75,1,3
185,75,2,20
185,76,1,2
185,76,2,20
185,77,1,1
185,77,2,20
185,78,1,1
185,78,2,20
185,79,1,1
185,79,2,20
185,80,1,2
185,80,2,20
185,81,1,3
185,81,2,20
185,82,1,5
185,82,2,20
185,83,1,3
185,83,2,20
185,84,1,2
185,84,2,20
185,85,1,1
185,85,2,20
185,86,1,1
185,86,2,20
185,87,1,1
185,87,2,20
185,88,1,2
185,88,2,20
185,89,1,3
185,89,2,20
185,90,1,3
185,90,2,20
185,91,1,2
185,91,2,20
185,92,1,2
185,92,2,20
185,93,1,2
185,93,2,20
185,94,1,2
185,94,2,20
185,95,1,2
185,95,2,20
185,96,1,3
185,96,2,20
185,97,1,5
185,97,2,20
185,98,1,3
185,98,2,20
185,99,1,2
185,99,2,20
185,100,1,2
185,100,2,20
185,101,1,2
185,101,2,20
185,102,1,2
185,102,2,20
185,103,1,2
185,103,2,20
185,104,1,3
185,104,2,20
185,105,1,3
185,105,2,20
185,106,1,3
185,106,2,20
185,107,1,3
185,107,2,20
185,108,1,3
185,108,2,20
185,109,1,3
185,109,2,20
185,110,1,3
185,110,2,20
185,111,1,3
185,111,2,20
185,112,1,5
185,112,2,20
185,113,1,3
185,113,2,20
185,114,1,3
185,114,2,20
185,115,1,3
185,115,2,20
185,116,1,3
185,116,2,20
185,117,1,3
185,117,2,20
185,118,1,3
185,118,2,20
185,119,1,3
185,119,2,20
185,120,1,4
185,120,2,20
185,121,1,4
185,121,2,20
185,122,1,4
185,122,2,20
185,123,1,4
185,123,2,20
185,124,1,4
185,124,2,20
185,125,1,4
185,125,2,20
185,126,1,4
185,126,2,20
185,127,1,5
185,127,2,20
185,128,1,4
185,128,2,20
185,129,1,4
185,129,2,20
185,130,1,4
185,130,2,20
185,131,1,4
185,131,2,20
185,132,1,4
185,132,2,20
185,133,1,4
185,133,2,20
185,134,1,4
185,134,2,20
186,0,1,4
186,0,2,20
186,1,1,4
186,1,2,20
186,2,1,4
186,2,2,20
186,3,1,4
186,3,2,20
186,4,1,4
186,4,2,20
186,5,1,4
186,5,2,20
186,6,1,4
186,6,2,20
186,7,1,5
186,7,2,20
186,8,1,4
186,8,2,20
186,9,1,4
186,9,2,20
186,10,1,4
186,10,2,20
186,11,1,4
186,11,2,20
186,12,1,4
186,12,2,20
186,13,1,4
186,13,2,20
186,14,1,4
186,14,2,20
186,15,1,3
186,15,2,20
186,16,1,3
186,16,2,20
186,17,1,3
186,17,2,20
186,18,1,3
186,18,2,20
186,19,1,3
186,19,2,20
186,20,1,3
186,20,2,20
186,21,1,3
186,21,2,20
186,22,1,5
186,22,2,20
186,23,1,3
186,23,2,20
186,24,1,3
186,24,2,20
186,25,1,3
186,25,2,20
186,26,1,3
186,26,2,20
186,27,1,3
186,27,2,20
186,28,1,3
186,28,2,20
186,29,1,3
186,29,2,20
186,30,1,3
186,30,2,20
186,31,1,2
186,31,2,20
186,32,1,2
186,32,2,20
186,33,1,2
186,33,2,20
186,34,1,2
186,34,2,20
186,35,1,2
186,35,2,20
186,36,1,3
186,36,2,20
186,37,1,5
186,37,2,20
186,38,1,3
186,38,2,20
186,39,1,2
186,39,2,20
186,40,1,2
186,40,2,20
186,41,1,2
186,41,2,20
186,42,1,2
186,42,2,20
186,43,1,2
186,43,2,20
186,44,1,3
186,44,2,20
186,45,1,3
186,45,2,20
186,46,1,2
186,46,2,20
186,47,1,1
186,47,2,20
186,48,1,1
186,48,2,20
186,49,1,1
186,49,2,20
186,50,1,2
186,50,2,20
186,51,1,3
186,51,2,20
186,52,1,5
186,52,2,20
186,53,1,3
186,53,2,20
186,54,1,2
186,54,2,20
186,55,1,1
186,55,2,20
186,56,1,1
186,56,2,20
186,57,1,1
186,57,2,20
186,58,1,2
186,58,2,20
186,59,1,3
186,59,2,20
186,60,1,3
186,60,2,20
186,61,1,2
186,61,2,20
186,62,1,1
186,62,2,20
186,63,1,0
186,63,2,20
186,64,1,1
186,64,2,20
186,65,1,2
186,65,2,20
186,66,1,3
186,66,2,20
186,67,1,5
186,67,2,20
186,68,1,3
186,68,2,20
186,69,1,2
186,69,2,20
186,70,1,1
186,70,2,20
186,71,1,0
186,71,2,20
186,72,1,1
186,72,2,20
186,73,1,2
186,73,2,20
186,74,1,3
186,74,2,20
186,75,1,3
186,75,2,20
186,76,1,2
186,76,2,20
186,77,1,1
186,77,2,20
186,78,1,1
186,78,2,20
186,79,1,1
186,79,2,20
186,80,1,2
186,80,2,20
186,81,1,3
186,81,2,20
186,82,1,5
186,82,2,20
186,83,1,3
186,83,2,20
186,84,1,2
186,84,2,20
186,85,1,1
186,85,2,20
186,86,1,1
186,86,2,20
186,87,1,1
186,87,2,20
186,88,1,2
186,88,2,20
186,89,1,3
186,89,2,20
186,90,1,3
186,90,2,20
186,91,1,2
186,91,2,20
186,92,1,2
186,92,2,20
186,93,1,2
186,93,2,20
186,94,1,2
186,94,2,20
186,95,1,2
186,95,2,20
186,96,1,3
186,96,2,20
186,97,1,5
186,97,2,20
186,98,1,3
186,98,2,20
186,99,1,2
186,99,2,20
186,100,1,2
186,100,2,20
186,101,1,2
186,101,2,20
186,102,1,2
186,102,2,20
186,103,1,2
186,103,2,20
186,104,1,3
186,104,2,20
186,105,1,3
186,105,2,20
186,106,1,3
186,106,2,20
186,107,1,3
186,107,2,20
186,108,1,3
186,108,2,20
186,109,1,3
186,109,2,20
186,110,1,3
186,110,2,20
186,111,1,3
186,111,2,20
186,112,1,5
186,112,2,20
186,113,1,3
186,113,2,20
186,114,1,3
186,114,2,20
186,115,1,3
186,115,2,20
186,116,1,3
186,116,2,20
186,117,1,3
186,117,2,20
186,118,1,3
186,118,2,20
186,119,1,3
186,119,2,20
186,120,1,4
186,120,2,20
186,121,1,4
186,121,2,20
186,122,1,4
186,122,2,20
186,123,1,4
186,123,2,20
186,124,1,4
186,124,2,20
186,125,1,4
186,125,2,20
186,126,1,4
186,126,2,20
186,127,1,5
186,127,2,20
186,128,1,4
186,128,2,20
186,129,1,4
186,129,2,20
186,130,1,4
186,130,2,20
186,131,1,4
186,131,2,20
186,132,1,4
186,132,2,20
186,133,1,4
186,133,2,20
186,134,1,4
186,134,2,20
187,0,1,4
187,0,2,20
187,1,1,4
187,1,2,20
187,2,1,4
187,2,2,20
187,3,1,4
187,3,2,20
187,4,1,4
187,4,2,20
187,5,1,4
187,5,2,20
187,6,1,4
187,6,2,20
187,7,1,5
187,7,2,20
187,8,1,4
187,8,2,20
187,9,1,4
187,9,2,20
187,10,1,4
187,10,2,20
187,11,1,4
187,11,2,20
187,12,1,4
187,12,2,20
187,13,1,4
187,13,2,20
187,14,1,4
187,14,2,20
187,15,1,3
187,15,2,20
187,16,1,3
187,16,2,20
187,17,1,3
187,17,2,20
187,18,1,3
187,18,2,20
187,19,1,3
187,19,2,20
187,20,1,3
187,20,2,20
187,21,1,3
187,21,2,20
187,22,1,5
187,22,2,20
187,23,1,3
187,23,2,20
187,24,1,3
187,24,2,20
187,25,1,3
187,25,2,20
187,26,1,3
187,26,2,20
187,27,1,3
187,27,2,20
187,28,1,3
187,28,2,20
187,29,1,3
187,29,2,20
187,30,1,3
187,30,2,20
187,31,1,2
187,31,2,20
187,32,1,2
187,32,2,20
187,33,1,2
187,33,2,20
187,34,1,2
187,34,2,20
187,35,1,2
187,35,2,20
187,36,1,3
187,36,2,20
187,37,1,5
187,37,2,20
187,38,1,3
187,38,2,20
187,39,1,2
187,39,2,20
187,40,1,2
187,40,2,20
187,41,1,2
187,41,2,20
187,42,1,2
187,42,2,20
187,43,1,2
187,43,2,20
187,44,1,3
187,44,2,20
187,45,1,3
187,45,2,20
187,46,1,2
187,46,2,20
187,47,1,1
187,47,2,20
187,48,1,1
187,48,2,20
187,49,1,1
187,49,2,20
187,50,1,2
187,50,2,20
187,51,1,3
187,51,2,20
187,52,1,5
187,52,2,20
187,53,1,3
187,53,2,20
187,54,1,2
187,54,2,20
187,55,1,1
187,55,2,20
187,56,1,1
187,56,2,20
187,57,1,1
187,57,2,20
187,58,1,2
187,58,2,20
187,59,1,3
187,59,2,20
187,60,1,3
187,60,2,20
187,61,1,2
187,61,2,20
187,62,1,1
187,62,2,20
187,63,1,0
187,63,2,20
187,64,1,1
187,64,2,20
187,65,1,2
187,65,2,20
187,66,1,3
187,66,2,20
187,67,1,5
187,67,2,20
187,68,1,3
187,68,2,20
187,69,1,2
187,69,2,20
187,70,1,1
187,70,2,20
187,71,1,0
187,71,2,20
187,72,1,1
187,72,2,20
187,73,1,2
187,73,2,20
187,74,1,3
187,74,2,20
187,75,1,3
187,75,2,20
187,76,1,2
187,76,2,20
187,77,1,1
187,77,2,20
187,78,1,1
187,78,2,20
187,79,1,1
187,79,2,20
187,80,1,2
187,80,2,20
187,81,1,3
187,81,2,20
187,82,1,5
187,82,2,20
187,83,1,3
187,83,2,20
187,84,1,2
187,84,2,20
187,85,1,1
187,85,2,20
187,86,1,1
187,86,2,20
187,87,1,1
187,87,2,20
187,88,1,2
187,88,2,20
187,89,1,3
187,89,2,20
187,90,1,3
187,90,2,20
187,91,1,2
187,91,2,20
187,92,1,2
187,92,2,20
187,93,1,2
187,93,2,20
187,94,1,2
187,94,2,20
187,95,1,2
187,95,2,20
187,96,1,3
187,96,2,20
187,97,1,5
187,97,2,20
187,98,1,3
187,98,2,20
187,99,1,2
187,99,2,20
187,100,1,2
187,100,2,20
187,101,1,2
187,101,2,20
187,102,1,2
187,102,2,20
187,103,1,2
187,103,2,20
187,104,1,3
187,104,2,20
187,105,1,3
187,105,2,20
187,106,1,3
187,106,2,20
187,107,1,3
187,107,2,20
187,108,1,3
187,108,2,20
187,109,1,3
187,109,2,20
187,110,1,3
187,110,2,20
187,111,1,3
187,111,2,20
187,112,1,5
187,112,2,20
187,113,1,3
187,113,2,20
187,114,1,3
187,114,2,20
187,115,1,3
187,115,2,20
187,116,1,3
187,116,2,20
187,117,1,3
187,117,2,20
187,118,1,3
187,118,2,20
187,119,1,3
187,119,2,20
187,120,1,4
187,120,2,20
187,121,1,4
187,121,2,20
187,122,1,4
187,122,2,20
187,123,1,4
187,123,2,20
187,124,1,4
187,124,2,20
187,125,1,4
187,125,2,20
187,126,1,4
187,126,2,20
187,127,1,5
187,127,2,20
187,128,1,4
187,128,2,20
187,129,1,4
187,129,2,20
187,130,1,4
187,130,2,20
187,131,1,4
187,131,2,20
187,132,1,4
187,132,2,20
187,133,1,4
187,133,2,20
187,134,1,4
187,134,2,20
188,0,1,4
188,0,2,20
188,1,1,4
188,1,2,20
188,2,1,4
188,2,2,20
188,3,1,4
188,3,2,20
188,4,1,4
188,4,2,20
188,5,1,4
188,5,2,20
188,6,1,4
188,6,2,20
188,7,1,5
188,7,2,20
188,8,1,4
188,8,2,20
188,9,1,4
188,9,2,20
188,10,1,4
188,10,2,20
188,11,1,4
188,11,2,20
188,12,1,4
188,12,2,20
188,13,1,4
188,13,2,20
188,14,1,4
188,14,2,20
188,15,1,3
188,15,2,20
188,16,1,3
188,16,2,20
188,17,1,3
188,17,2,20
188,18,1,3
188,18,2,20
188,19,1,3
188,19,2,20
188,20,1,3
188,20,2,20
188,21,1,3
188,21,2,20
188,22,1,5
188,22,2,20
188,23,1,3
188,23,2,20
188,24,1,3
188,24,2,20
188,25,1,3
188,25,2,20
188,26,1,3
188,26,2,20
188,27,1,3
188,27,2,20
188,28,1,3
188,28,2,20
188,29,1,3
188,29,2,20
188,30,1,3
188,30,2,20
188,31,1,2
188,31,2,20
188,32,1,2
188,32,2,20
188,33,1,2
188,33,2,20
188,34,1,2
188,34,2,20
188,35,1,2
188,35,2,20
188,36,1,3
188,36,2,20
188,37,1,5
188,37,2,20
188,38,1,3
188,38,2,20
188,39,1,2
188,39,2,20
188,40,1,2
188,40,2,20
188,41,1,2
188,41,2,20
188,42,1,2
188,42,2,20
188,43,1,2
188,43,2,20
188,44,1,3
188,44,2,20
188,45,1,3
188,45,2,20
188,46,1,2
188,46,2,20
188,47,1,1
188,47,2,20
188,48,1,1
188,48,2,20
188,49,1,1
188,49,2,20
188,50,1,2
188,50,2,20
188,51,1,3
188,51,2,20
188,52,1,5
188,52,2,20
188,53,1,3
188,53,2,20
188,54,1,2
188,54,2,20
188,55,1,1
188,55,2,20
188,56,1,1
188,56,2,20
188,57,1,1
188,57,2,20
188,58,1,2
188,58,2,20
188,59,1,3
188,59,2,20
188,60,1,3
188,60,2,20
188,61,1,2
188,61,2,20
188,62,1,1
188,62,2,20
188,63,1,0
188,63,2,20
188,64,1,1
188,64,2,20
188,65,1,2
188,65,2,20
188,66,1,3
188,66,2,20
188,67,1,5
188,67,2,20
188,68,1,3
188,68,2,20
188,69,1,2
188,69,2,20
188,70,1,1
188,70,2,20
188,71,1,0
188,71,2,20
188,72,1,1
188,72,2,20
188,73,1,2
188,73,2,20
188,74,1,3
188,74,2,20
188,75,1,3
188,75,2,20
188,76,1,2
188,76,2,20
188,77,1,1
188,77,2,20
188,78,1,1
188,78,2,20
188,79,1,1
188,79,2,20
188,80,1,2
188,80,2,20
188,81,1,3
188,81,2,20
188,82,1,5
188,82,2,20
188,83,1,3
188,83,2,20
188,84,1,2
188,84,2,20
188,85,1,1
188,85,2,20
188,86,1,1
188,86,2,20
188,87,1,1
188,87,2,20
188,88,1,2
188,88,2,20
188,89,1,3
188,89,2,20
188,90,1,3
188,90,2,20
188,91,1,2
188,91,2,20
188,92,1,2
188,92,2,20
188,93,1,2
188,93,2,20
188,94,1,2
188,94,2,20
188,95,1,2
188,95,2,20
188,96,1,3
188,96,2,20
188,97,1,5
188,97,2,20
188,98,1,3
188,98,2,20
188,99,1,2
188,99,2,20
188,100,1,2
188,100,2,20
188,101,1,2
188,101,2,20
188,102,1,2
188,102,2,20
188,103,1,2
188,103,2,20
188,104,1,3
188,104,2,20
188,105,1,3
188,105,2,20
188,106,1,3
188,106,2,20
188,107,1,3
188,107,2,20
188,108,1,3
188,108,2,20
188,109,1,3
188,109,2,20
188,110,1,3
188,110,2,20
188,111,1,3
188,111,2,20
188,112,1,5
188,112,2,20
188,113,1,3
188,113,2,20
188,114,1,3
188,114,2,20
188,115,1,3
188,115,2,20
188,116,1,3
188,116,2,20
188,117,1,3
188,117,2,20
188,118,1,3
188,118,2,20
188,119,1,3
188,119,2,20
188,120,1,4
188,120,2,20
188,121,1,4
188,121,2,20
188,122,1,4
188,122,2,20
188,123,1,4
188,123,2,20
188,124,1,4
188,124,2,20
188,125,1,4
188,125,2,20
188,126,1,4
188,126,2,20
188,127,1,5
188,127,2,20
188,128,1,4
188,128,2,20
188,129,1,4
188,129,2,20
188,130,1,4
188,130,2,20
188,131,1,4
188,131,2,20
188,132,1,4
188,132,2,20
188,133,1,4
188,133,2,20
188,134,1,4
188,134,2,20
189,0,1,4
189,0,2,20
189,1,1,4
189,1,2,20
189,2,1,4
189,2,2,20
189,3,1,4
189,3,2,20
189,4,1,4
189,4,2,20
189,5,1,4
189,5,2,20
189,6,1,4
189,6,2,20
189,7,1,5
189,7,2,20
189,8,1,4
189,8,2,20
189,9,1,4
189,9,2,20
189,10,1,4
189,10,2,20
189,11,1,4
189,11,2,20
189,12,1,4
189,12,2,20
189,13,1,4
189,13,2,20
189,14,1,4
189,14,2,20
189,15,1,3
189,15,2,20
189,16,1,3
189,16,2,20
189,17,1,3
189,17,2,20
189,18,1,3
189,18,2,20
189,19,1,3
189,19,2,20
189,20,1,3
189,20,2,20
189,21,1,3
189,21,2,20
189,22,1,5
189,22,2,20
189,23,1,3
189,23,2,20
189,24,1,3
189,24,2,20
189,25,1,3
189,25,2,20
189,26,1,3
189,26,2,20
189,27,1,3
189,27,2,20
189,28,1,3
189,28,2,20
189,29,1,3
189,29,2,20
189,30,1,3
189,30,2,20
189,31,1,2
189,31,2,20
189,32,1,2
189,32,2,20
189,33,1,2
189,33,2,20
189,34,1,2
189,34,2,20
189,35,1,2
189,35,2,20
189,36,1,3
189,36,2,20
189,37,1,5
189,37,2,20
189,38,1,3
189,38,2,20
189,39,1,2
189,39,2,20
189,40,1,2
189,40,2,20
189,41,1,2
189,41,2,20
189,42,1,2
189,42,2,20
189,43,1,2
189,43,2,20
189,44,1,3
189,44,2,20
189,45,1,3
189,45,2,20
189,46,1,2
189,46,2,20
189,47,1,1
189,47,2,20
189,48,1,1
189,48,2,20
189,49,1,1
189,49,2,20
189,50,1,2
189,50,2,20
189,51,1,3
189,51,2,20
189,52,1,5
189,52,2,20
189,53,1,3
189,53,2,20
189,54,1,2
189,54,2,20
189,55,1,1
189,55,2,20
189,56,1,1
189,56,2,20
189,57,1,1
189,57,2,20
189,58,1,2
189,58,2,20
189,59,1,3
189,59,2,20
189,60,1,3
189,60,2,20
189,61,1,2
189,61,2,20
189,62,1,1
189,62,2,20
189,63,1,0
189,63,2,20
189,64,1,1
189,64,2,20
189,65,1,2
189,65,2,20
189,66,1,3
189,66,2,20
189,67,1,5
189,67,2,20
189,68,1,3
189,68,2,20
189,69,1,2
189,69,2,20
189,70,1,1
189,70,2,20
189,71,1,0
189,71,2,20
189,72,1,1
189,72,2,20
189,73,1,2
189,73,2,20
189,74,1,3
189,74,2,20
189,75,1,3
189,75,2,20
189,76,1,2
189,76,2,20
189,77,1,1
189,77,2,20
189,78,1,1
189,78,2,20
189,79,1,1
189,79,2,20
189,80,1,2
189,80,2,20
189,81,1,3
189,81,2,20
189,82,1,5
189,82,2,20
189,83,1,3
189,83,2,20
189,84,1,2
189,84,2,20
189,85,1,1
189,85,2,20
189,86,1,1
189,86,2,20
189,87,1,1
189,87,2,20
189,88,1,2
189,88,2,20
189,89,1,3
189,89,2,20
189,90,1,3
189,90,2,20
189,91,1,2
189,91,2,20
189,92,1,2
189,92,2,20
189,93,1,2
189,93,2,20
189,94,1,2
189,94,2,20
189,95,1,2
189,95,2,20
189,96,1,3
189,96,2,20
189,97,1,5
189,97,2,20
189,98,1,3
189,98,2,20
189,99,1,2
189,99,2,20
189,100,1,2
189,100,2,20
189,101,1,2
189,101,2,20
189,102,1,2
189,102,2,20
189,103,1,2
189,103,2,20
189,104,1,3
189,104,2,20
189,105,1,3
189,105,2,20
189,106,1,3
189,106,2,20
189,107,1,3
189,107,2,20
189,108,1,3
189,108,2,20
189,109,1,3
189,109,2,20
189,110,1,3
189,110,2,20
189,111,1,3
189,111,2,20
189,112,1,5
189,112,2,20
189,113,1,3
189,113,2,20
189,114,1,3
189,114,2,20
189,115,1,3
189,115,2,20
189,116,1,3
189,116,2,20
189,117,1,3
189,117,2,20
189,118,1,3
189,118,2,20
189,119,1,3
189,119,2,20
189,120,1,4
189,120,2,20
189,121,1,4
189,121,2,20
189,122,1,4
189,122,2,20
189,123,1,4
189,123,2,20
189,124,1,4
189,124,2,20
189,125,1,4
189,125,2,20
189,126,1,4
189,126,2,20
189,127,1,5
189,127,2,20
189,128,1,4
189,128,2,20
189,129,1,4
189,129,2,20
189,130,1,4
189,130,2,20
189,131,1,4
189,131,2,20
189,132,1,4
189,132,2,20
189,133,1,4
189,133,2,20
189,134,1,4
189,134,2,20
190,0,1,4
190,0,2,20
190,1,1,4
190,1,2,20
190,2,1,4
190,2,2,20
190,3,1,4
190,3,2,20
190,4,1,4
190,4,2,20
190,5,1,4
190,5,2,20
190,6,1,4
190,6,2,20
190,7,1,5
190,7,2,20
190,8,1,4
190,8,2,20
190,9,1,4
190,9,2,20
190,10,1,4
190,10,2,20
190,11,1,4
190,11,2,20
190,12,1,4
190,12,2,20
190,13,1,4
190,13,2,20
190,14,1,4
190,14,2,20
190,15,1,3
190,15,2,20
190,16,1,3
190,16,2,20
190,17,1,3
190,17,2,20
190,18,1,3
190,18,2,20
190,19,1,3
190,19,2,20
190,20,1,3
190,20,2,20
190,21,1,3
190,21,2,20
190,22,1,5
190,22,2,20
190,23,1,3
190,23,2,20
190,24,1,3
190,24,2,20
190,25,1,3
190,25,2,20
190,26,1,3
190,26,2,20
190,27,1,3
190,27,2,20
190,28,1,3
190,28,2,20
190,29,1,3
190,29,2,20
190,30,1,3
190,30,2,20
190,31,1,2
190,31,2,20
190,32,1,2
190,32,2,20
190,33,1,2
190,33,2,20
190,34,1,2
190,34,2,20
190,35,1,2
190,35,2,20
190,36,1,3
190,36,2,20
190,37,1,5
190,37,2,20
190,38,1,3
190,38,2,20
190,39,1,2
190,39,2,20
190,40,1,2
190,40,2,20
190,41,1,2
190,41,2,20
190,42,1,2
190,42,2,20
190,43,1,2
190,43,2,20
190,44,1,3
190,44,2,20
190,45,1,3
190,45,2,20
190,46,1,2
190,46,2,20
190,47,1,1
190,47,2,20
190,48,1,1
190,48,2,20
190,49,1,1
190,49,2,20
190,50,1,2
190,50,2,20
190,51,1,3
190,51,2,20
190,52,1,5
190,52,2,20
190,53,1,3
190,53,2,20
190,54,1,2
190,54,2,20
190,55,1,1
190,55,2,20
190,56,1,1
190,56,2,20
190,57,1,1
190,57,2,20
190,58,1,2
190,58,2,20
190,59,1,3
190,59,2,20
190,60,1,3
190,60,2,20
190,61,1,2
190,61,2,20
190,62,1,1
190,62,2,20
190,63,1,0
190,63,2,20
190,64,1,1
190,64,2,20
190,65,1,2
190,65,2,20
190,66,1,3
190,66,2,20
190,67,1,5
190,67,2,20
190,68,1,3
190,68,2,20
190,69,1,2
190,69,2,20
190,70,1,1
190,70,2,20
190,71,1,0
190,71,2,20
190,72,1,1
190,72,2,20
190,73,1,2
190,73,2,20
190,74,1,3
190,74,2,20
190,75,1,3
190,75,2,20
190,76,1,2
190,76,2,20
190,77,1,1
190,77,2,20
190,78,1,1
190,78,2,20
190,79,1,1
190,79,2,20
190,80,1,2
190,80,2,20
190,81,1,3
190,81,2,20
190,82,1,5
190,82,2,20
190,83,1,3
190,83,2,20
190,84,1,2
190,84,2,20
190,85,1,1
190,85,2,20
190,86,1,1
190,86,2,20
190,87,1,1
190,87,2,20
190,88,1,2
190,88,2,20
190,89,1,3
190,89,2,20
190,90,1,3
190,90,2,20
190,91,1,2
190,91,2,20
190,92,1,2
190,92,2,20
190,93,1,2
190,93,2,20
190,94,1,2
190,94,2,20
190,95,1,2
190,95,2,20
190,96,1,3
190,96,2,20
190,97,1,5
190,97,2,20
190,98,1,3
190,98,2,20
190,99,1,2
190,99,2,20
190,100,1,2
190,100,2,20
190,101,1,2
190,101,2,20
190,102,1,2
190,102,2,20
190,103,1,2
190,103,2,20
190,104,1,3
190,104,2,20
190,105,1,3
190,105,2,20
190,106,1,3
190,106,2,20
190,107,1,3
190,107,2,20
190,108,1,3
190,108,2,20
190,109,1,3
190,109,2,20
190,110,1,3
190,110,2,20
190,111,1,3
190,111,2,20
190,112,1,5
190,112,2,20
190,113,1,3
190,113,2,20
190,114,1,3
190,114,2,20
190,115,1,3
190,115,2,20
190,116,1,3
190,116,2,20
190,117,1,3
190,117,2,20
190,118,1,3
190,118,2,20
190,119,1,3
190,119,2,20
190,120,1,4
190,120,2,20
190,121,1,4
190,121,2,20
190,122,1,4
190,122,2,20
190,123,1,4
190,123,2,20
190,124,1,4
190,124,2,20
190,125,1,4
190,125,2,20
190,126,1,4
190,126,2,20
190,127,1,5
190,127,2,20
190,128,1,4
190,128,2,20
190,129,1,4
190,129,2,20
190,130,1,4
190,130,2,20
190,131,1,4
190,131,2,20
190,132,1,4
190,132,2,20
190,133,1,4
190,133,2,20
190,134,1,4
190,134,2,20
191,0,1,4
191,0,2,20
191,1,1,4
191,1,2,20
191,2,1,4
191,2,2,20
191,3,1,4
191,3,2,20
191,4,1,4
191,4,2,20
191,5,1,4
191,5,2,20
191,6,1,4
191,6,2,20
191,7,1,5
191,7,2,20
191,8,1,4
191,8,2,20
191,9,1,4
191,9,2,20
191,10,1,4
191,10,2,20
191,11,1,4
191,11,2,20
191,12,1,4
191,12,2,20
191,13,1,4
191,13,2,20
191,14,1,4
191,14,2,20
191,15,1,3
191,15,2,20
191,16,1,3
191,16,2,20
191,17,1,3
191,17,2,20
191,18,1,3
191,18,2,20
191,19,1,3
191,19,2,20
191,20,1,3
191,20,2,20
191,21,1,3
191,21,2,20
191,22,1,5
191,22,2,20
191,23,1,3
191,23,2,20
191,24,1,3
191,24,2,20
191,25,1,3
191,25,2,20
191,26,1,3
191,26,2,20
191,27,1,3
191,27,2,20
191,28,1,3
191,28,2,20
191,29,1,3
191,29,2,20
191,30,1,3
191,30,2,20
191,31,1,2
191,31,2,20
191,32,1,2
191,32,2,20
191,33,1,2
191,33,2,20
191,34,1,2
191,34,2,20
191,35,1,2
191,35,2,20
191,36,1,3
191,36,2,20
191,37,1,5
191,37,2,20
191,38,1,3
191,38,2,20
191,39,1,2
191,39,2,20
191,40,1,2
191,40,2,20
191,41,1,2
191,41,2,20
191,42,1,2
191,42,2,20
191,43,1,2
191,43,2,20
191,44,1,3
191,44,2,20
191,45,1,3
191,45,2,20
191,46,1,2
191,46,2,20
191,47,1,1
191,47,2,20
191,48,1,1
191,48,2,20
191,49,1,1
191,49,2,20
191,50,1,2
191,50,2,20
191,51,1,3
191,51,2,20
191,52,1,5
191,52,2,20
191,53,1,3
191,53,2,20
191,54,1,2
191,54,2,20
191,55,1,1
191,55,2,20
191,56,1,1
191,56,2,20
191,57,1,1
191,57,2,20
191,58,1,2
191,58,2,20
191,59,1,3
191,59,2,20
191,60,1,3
191,60,2,20
191,61,1,2
191,61,2,20
191,62,1,1
191,62,2,20
191,63,1,0
191,63,2,20
191,64,1,1
191,64,2,20
191,65,1,2
191,65,2,20
191,66,1,3
191,66,2,20
191,67,1,5
191,67,2,20
191,68,1,3
191,68,2,20
191,69,1,2
191,69,2,20
191,70,1,1
191,70,2,20
191,71,1,0
191,71,2,20
191,72,1,1
191,72,2,20
191,73,1,2
191,73,2,20
191,74,1,3
191,74,2,20
191,75,1,3
191,75,2,20
191,76,1,2
191,76,2,20
191,77,1,1
191,77,2,20
191,78,1,1
191,78,2,20
191,79,1,1
191,79,2,20
191,80,1,2
191,80,2,20
191,81,1,3
191,81,2,20
191,82,1,5
191,82,2,20
191,83,1,3
191,83,2,20
191,84,1,2
191,84,2,20
191,85,1,1
191,85,2,20
191,86,1,1
191,86,2,20
191,87,1,1
191,87,2,20
191,88,1,2
191,88,2,20
191,89,1,3
191,89,2,20
191,90,1,3
191,90,2,20
191,91,1,2
191,91,2,20
191,92,1,2
191,92,2,20
191,93,1,2
191,93,2,20
191,94,1,2
191,94,2,20
191,95,1,2
191,95,2,20
191,96,1,3
191,96,2,20
191,97,1,5
191,97,2,20
191,98,1,3
191,98,2,20
191,99,1,2
191,99,2,20
191,100,1,2
191,100,2,20
191,101,1,2
191,101,2,20
191,102,1,2
191,102,2,20
191,103,1,2
191,103,2,20
191,104,1,3
191,104,2,20
191,105,1,3
191,105,2,20
191,106,1,3
191,106,2,20
191,107,1,3
191,107,2,20
191,108,1,3
191,108,2,20
191,109,1,3
191,109,2,20
191,110,1,3
191,110,2,20
191,111,1,3
191,111,2,20
191,112,1,5
191,112,2,20
191,113,1,3
191,113,2,20
191,114,1,3
191,114,2,20
191,115,1,3
191,115,2,20
191,116,1,3
191,116,2,20
191,117,1,3
191,117,2,20
191,118,1,3
191,118,2,20
191,119,1,3
191,119,2,20
191,120,1,4
191,120,2,20
191,121,1,4
191,121,2,20
191,122,1,4
191,122,2,20
191,123,1,4
191,123,2,20
191,124,1,4
191,124,2,20
191,125,1,4
191,125,2,20
191,126,1,4
191,126,2,20
191,127,1,5
191,127,2,20
191,128,1,4
191,128,2,20
191,129,1,4
191,129,2,20
191,130,1,4
191,130,2,20
191,131,1,4
191,131,2,20
191,132,1,4
191,132,2,20
191,133,1,4
191,133,2,20
191,134,1,4
191,134,2,20
192,0,1,4
192,0,2,20
192,1,1,4
192,1,2,20
192,2,1,4
192,2,2,20
192,3,1,4
192,3,2,20
192,4,1,4
192,4,2,20
192,5,1,4
192,5,2,20
192,6,1,4
192,6,2,20
192,7,1,5
192,7,2,20
192,8,1,4
192,8,2,20
192,9,1,4
192,9,2,20
192,10,1,4
192,10,2,20
192,11,1,4
192,11,2,20
192,12,1,4
192,12,2,20
192,13,1,4
192,13,2,20
192,14,1,4
192,14,2,20
192,15,1,3
192,15,2,20
192,16,1,3
192,16,2,20
192,17,1,3
192,17,2,20
192,18,1,3
192,18,2,20
192,19,1,3
192,19,2,20
192,20,1,3
192,20,2,20
192,21,1,3
192,21,2,20
192,22,1,5
192,22,2,20
192,23,1,3
192,23,2,20
192,24,1,3
192,24,2,20
192,25,1,3
192,25,2,20
192,26,1,3
192,26,2,20
192,27,1,3
192,27,2,20
192,28,1,3
192,28,2,20
192,29,1,3
192,29,2,20
192,30,1,3
192,30,2,20
192,31,1,2
192,31,2,20
192,32,1,2
192,32,2,20
192,33,1,2
192,33,2,20
192,34,1,2
192,34,2,20
192,35,1,2
192,35,2,20
192,36,1,3
192,36,2,20
192,37,1,5
192,37,2,20
192,38,1,3
192,38,2,20
192,39,1,2
192,39,2,20
192,40,1,2
192,40,2,20
192,41,1,2
192,41,2,20
192,42,1,2
192,42,2,20
192,43,1,2
192,43,2,20
192,44,1,3
192,44,2,20
192,45,1,3
192,45,2,20
192,46,1,2
192,46,2,20
192,47,1,1
192,47,2,20
192,48,1,1
192,48,2,20
192,49,1,1
192,49,2,20
192,50,1,2
192,50,2,20
192,51,1,3
192,51,2,20
192,52,1,5
192,52,2,20
192,53,1,3
192,53,2,20
192,54,1,2
192,54,2,20
192,55,1,1
192,55,2,20
192,56,1,1
192,56,2,20
192,57,1,1
192,57,2,20
192,58,1,2
192,58,2,20
192,59,1,3
192,59,2,20
192,60,1,3
192,60,2,20
192,61,1,2
192,61,2,20
192,62,1,1
192,62,2,20
192,63,1,0
192,63,2,20
192,64,1,1
192,64,2,20
192,65,1,2
192,65,2,20
192,66,1,3
192,66,2,20
192,67,1,5
192,67,2,20
192,68,1,3
192,68,2,20
192,69,1,2
192,69,2,20
192,70,1,1
192,70,2,20
192,71,1,0
192,71,2,20
192,72,1,1
192,72,2,20
192,73,1,2
192,73,2,20
192,74,1,3
192,74,2,20
192,75,1,3
192,75,2,20
192,76,1,2
192,76,2,20
192,77,1,1
192,77,2,20
192,78,1,1
192,78,2,20
192,79,1,1
192,79,2,20
192,80,1,2
192,80,2,20
192,81,1,3
192,81,2,20
192,82,1,5
192,82,2,20
192,83,1,3
192,83,2,20
192,84,1,2
192,84,2,20
192,85,1,1
192,85,2,20
192,86,1,1
192,86,2,20
192,87,1,1
192,87,2,20
192,88,1,2
192,88,2,20
192,89,1,3
192,89,2,20
192,90,1,3
192,90,2,20
192,91,1,2
192,91,2,20
192,92,1,2
192,92,2,20
192,93,1,2
192,93,2,20
192,94,1,2
192,94,2,20
192,95,1,2
192,95,2,20
192,96,1,3
192,96,2,20
192,97,1,5
192,97,2,20
192,98,1,3
192,98,2,20
192,99,1,2
192,99,2,20
192,100,1,2
192,100,2,20
192,101,1,2
192,101,2,20
192,102,1,2
192,102,2,20
192,103,1,2
192,103,2,20
192,104,1,3
192,104,2,20
192,105,1,3
192,105,2,20
192,106,1,3
192,106,2,20
192,107,1,3
192,107,2,20
192,108,1,3
192,108,2,20
192,109,1,3
192,109,2,20
192,110,1,3
192,110,2,20
192,111,1,3
192,111,2,20
192,112,1,5
192,112,2,20
192,113,1,3
192,113,2,20
192,114,1,3
192,114,2,20
192,115,1,3
192,115,2,20
192,116,1,3
192,116,2,20
192,117,1,3
192,117,2,20
192,118,1,3
192,118,2,20
192,119,1,3
192,119,2,20
192,120,1,4
192,120,2,20
192,121,1,4
192,121,2,20
192,122,1,4
192,122,2,20
192,123,1,4
192,123,2,20
192,124,1,4
192,124,2,20
192,125,1,4
192,125,2,20
192,126,1,4
192,126,2,20
192,127,1,5
192,127,2,20
192,128,1,4
192,128,2,20
192,129,1,4
192,129,2,20
192,130,1,4
192,130,2,20
192,131,1,4
192,131,2,20
192,132,1,4
192,132,2,20
192,133,1,4
192,133,2,20
192,134,1,4
192,134,2,20
193,0,1,4
193,0,2,20
193,1,1,4
193,1,2,20
193,2,1,4
193,2,2,20
193,3,1,4
193,3,2,20
193,4,1,4
193,4,2,20
193,5,1,4
193,5,2,20
193,6,1,4
193,6,2,20
193,7,1,5
193,7,2,20
193,8,1,4
193,8,2,20
193,9,1,4
193,9,2,20
193,10,1,4
193,10,2,20
193,11,1,4
193,11,2,20
193,12,1,4
193,12,2,20
193,13,1,4
193,13,2,20
193,14,1,4
193,14,2,20
193,15,1,3
193,15,2,20
193,16,1,3
193,16,2,20
193,17,1,3
193,17,2,20
193,18,1,3
193,18,2,20
193,19,1,3
193,19,2,20
193,20,1,3
193,20,2,20
193,21,1,3
193,21,2,20
193,22,1,5
193,22,2,20
193,23,1,3
193,23,2,20
193,24,1,3
193,24,2,20
193,25,1,3
193,25,2,20
193,26,1,3
193,26,2,20
193,27,1,3
193,27,2,20
193,28,1,3
193,28,2,20
193,29,1,3
193,29,2,20
193,30,1,3
193,30,2,20
193,31,1,2
193,31,2,20
193,32,1,2
193,32,2,20
193,33,1,2
193,33,2,20
193,34,1,2
193,34,2,20
193,35,1,2
193,35,2,20
193,36,1,3
193,36,2,20
193,37,1,5
193,37,2,20
193,38,1,3
193,38,2,20
193,39,1,2
193,39,2,20
193,40,1,2
193,40,2,20
193,41,1,2
193,41,2,20
193,42,1,2
193,42,2,20
193,43,1,2
193,43,2,20
193,44,1,3
193,44,2,20
193,45,1,3
193,45,2,20
193,46,1,2
193,46,2,20
193,47,1,1
193,47,2,20
193,48,1,1
193,48,2,20
193,49,1,1
193,49,2,20
193,50,1,2
193,50,2,20
193,51,1,3
193,51,2,20
193,52,1,5
193,52,2,20
193,53,1,3
193,53,2,20
193,54,1,2
193,54,2,20
193,55,1,1
193,55,2,20
193,56,1,1
193,56,2,20
193,57,1,1
193,57,2,20
193,58,1,2
193,58,2,20
193,59,1,3
193,59,2,20
193,60,1,3
193,60,2,20
193,61,1,2
193,61,2,20
193,62,1,1
193,62,2,20
193,63,1,0
193,63,2,20
193,64,1,1
193,64,2,20
193,65,1,2
193,65,2,20
193,66,1,3
193,66,2,20
193,67,1,5
193,67,2,20
193,68,1,3
193,68,2,20
193,69,1,2
193,69,2,20
193,70,1,1
193,70,2,20
193,71,1,0
193,71,2,20
193,72,1,1
193,72,2,20
193,73,1,2
193,73,2,20
193,74,1,3
193,74,2,20
193,75,1,3
193,75,2,20
193,76,1,2
193,76,2,20
193,77,1,1
193,77,2,20
193,78,1,1
193,78,2,20
193,79,1,1
193,79,2,20
193,80,1,2
193,80,2,20
193,81,1,3
193,81,2,20
193,82,1,5
193,82,2,20
193,83,1,3
193,83,2,20
193,84,1,2
193,84,2,20
193,85,1,1
193,85,2,20
193,86,1,1
193,86,2,20
193,87,1,1
193,87,2,20
193,88,1,2
193,88,2,20
193,89,1,3
193,89,2,20
193,90,1,3
193,90,2,20
193,91,1,2
193,91,2,20
193,92,1,2
193,92,2,20
193,93,1,2
193,93,2,20
193,94,1,2
193,94,2,20
193,95,1,2
193,95,2,20
193,96,1,3
193,96,2,20
193,97,1,5
193,97,2,20
193,98,1,3
193,98,2,20
193,99,1,2
193,99,2,20
193,100,1,2
193,100,2,20
193,101,1,2
193,101,2,20
193,102,1,2
193,102,2,20
193,103,1,2
193,103,2,20
193,104,1,3
193,104,2,20
193,105,1,3
193,105,2,20
193,106,1,3
193,106,2,20
193,107,1,3
193,107,2,20
193,108,1,3
193,108,2,20
193,109,1,3
193,109,2,20
193,110,1,3
193,110,2,20
193,111,1,3
193,111,2,20
193,112,1,5
193,112,2,20
193,113,1,3
193,113,2,20
193,114,1,3
193,114,2,20
193,115,1,3
193,115,2,20
193,116,1,3
193,116,2,20
193,117,1,3
193,117,2,20
193,118,1,3
193,118,2,20
193,119,1,3
193,119,2,20
193,120,1,4
193,120,2,20
193,121,1,4
193,121,2,20
193,122,1,4
193,122,2,20
193,123,1,4
193,123,2,20
193,124,1,4
193,124,2,20
193,125,1,4
193,125,2,20
193,126,1,4
193,126,2,20
193,127,1,5
193,127,2,20
193,128,1,4
193,128,2,20
193,129,1,4
193,129,2,20
193,130,1,4
193,130,2,20
193,131,1,4
193,131,2,20
193,132,1,4
193,132,2,20
193,133,1,4
193,133,2,20
193,134,1,4
193,134,2,20
194,0,1,4
194,0,2,20
194,1,1,4
194,1,2,20
194,2,1,4
194,2,2,20
194,3,1,4
194,3,2,20
194,4,1,4
194,4,2,20
194,5,1,4
194,5,2,20
194,6,1,4
194,6,2,20
194,7,1,5
194,7,2,20
194,8,1,4
194,8,2,20
194,9,1,4
194,9,2,20
194,10,1,4
194,10,2,20
194,11,1,4
194,11,2,20
194,12,1,4
194,12,2,20
194,13,1,4
194,13,2,20
194,14,1,4
194,14,2,20
194,15,1,3
194,15,2,20
194,16,1,3
194,16,2,20
194,17,1,3
194,17,2,20
194,18,1,3
194,18,2,20
194,19,1,3
194,19,2,20
194,20,1,3
194,20,2,20
194,21,1,3
194,21,2,20
194,22,1,5
194,22,2,20
194,23,1,3
194,23,2,20
194,24,1,3
194,24,2,20
194,25,1,3
194,25,2,20
194,26,1,3
194,26,2,20
194,27,1,3
194,27,2,20
194,28,1,3
194,28,2,20
194,29,1,3
194,29,2,20
194,30,1,3
194,30,2,20
194,31,1,2
194,31,2,20
194,32,1,2
194,32,2,20
194,33,1,2
194,33,2,20
194,34,1,2
194,34,2,20
194,35,1,2
194,35,2,20
194,36,1,3
194,36,2,20
194,37,1,5
194,37,2,20
194,38,1,3
194,38,2,20
194,39,1,2
194,39,2,20
194,40,1,2
194,40,2,20
194,41,1,2
194,41,2,20
194,42,1,2
194,42,2,20
194,43,1,2
194,43,2,20
194,44,1,3
194,44,2,20
194,45,1,3
194,45,2,20
194,46,1,2
194,46,2,20
194,47,1,1
194,47,2,20
194,48,1,1
194,48,2,20
194,49,1,1
194,49,2,20
194,50,1,2
194,50,2,20
194,51,1,3
194,51,2,20
194,52,1,5
194,52,2,20
194,53,1,3
194,53,2,20
194,54,1,2
194,54,2,20
194,55,1,1
194,55,2,20
194,56,1,1
194,56,2,20
194,57,1,1
194,57,2,20
194,58,1,2
194,58,2,20
194,59,1,3
194,59,2,20
194,60,1,3
194,60,2,20
194,61,1,2
194,61,2,20
194,62,1,1
194,62,2,20
194,63,1,0
194,63,2,20
194,64,1,1
194,64,2,20
194,65,1,2
194,65,2,20
194,66,1,3
194,66,2,20
194,67,1,5
194,67,2,20
194,68,1,3
194,68,2,20
194,69,1,2
194,69,2,20
194,70,1,1
194,70,2,20
194,71,1,0
194,71,2,20
194,72,1,1
194,72,2,20
194,73,1,2
194,73,2,20
194,74,1,3
194,74,2,20
194,75,1,3
194,75,2,20
194,76,1,2
194,76,2,20
194,77,1,1
194,77,2,20
194,78,1,1
194,78,2,20
194,79,1,1
194,79,2,20
194,80,1,2
194,80,2,20
194,81,1,3
194,81,2,20
194,82,1,5
194,82,2,20
194,83,1,3
194,83,2,20
194,84,1,2
194,84,2,20
194,85,1,1
194,85,2,20
194,86,1,1
194,86,2,20
194,87,1,1
194,87,2,20
194,88,1,2
194,88,2,20
194,89,1,3
194,89,2,20
194,90,1,3
194,90,2,20
194,91,1,2
194,91,2,20
194,92,1,2
194,92,2,20
194,93,1,2
194,93,2,20
194,94,1,2
194,94,2,20
194,95,1,2
194,95,2,20
194,96,1,3
194,96,2,20
194,97,1,5
194,97,2,20
194,98,1,3
194,98,2,20
194,99,1,2
194,99,2,20
194,100,1,2
194,100,2,20
194,101,1,2
194,101,2,20
194,102,1,2
194,102,2,20
194,103,1,2
194,103,2,20
194,104,1,3
194,104,2,20
194,105,1,3
194,105,2,20
194,106,1,3
194,106,2,20
194,107,1,3
194,107,2,20
194,108,1,3
194,108,2,20
194,109,1,3
194,109,2,20
194,110,1,3
194,110,2,20
194,111,1,3
194,111,2,20
194,112,1,5
194,112,2,20
194,113,1,3
194,113,2,20
194,114,1,3
194,114,2,20
194,115,1,3
194,115,2,20
194,116,1,3
194,116,2,20
194,117,1,3
194,117,2,20
194,118,1,3
194,118,2,20
194,119,1,3
194,119,2,20
194,120,1,4
194,120,2,20
194,121,1,4
194,121,2,20
194,122,1,4
194,122,2,20
194,123,1,4
194,123,2,20
194,124,1,4
194,124,2,20
194,125,1,4
194,125,2,20
194,126,1,4
194,126,2,20
194,127,1,5
194,127,2,20
194,128,1,4
194,128,2,20
194,129,1,4
194,129,2,20
194,130,1,4
194,130,2,20
194,131,1,4
194,131,2,20
194,132,1,4
194,132,2,20
194,133,1,4
194,133,2,20
194,134,1,4
194,134,2,20
195,0,1,4
195,0,2,20
195,1,1,4
195,1,2,20
195,2,1,4
195,2,2,20
195,3,1,4
195,3,2,20
195,4,1,4
195,4,2,20
195,5,1,4
195,5,2,20
195,6,1,4
195,6,2,20
195,7,1,5
195,7,2,20
195,8,1,4
195,8,2,20
195,9,1,4
195,9,2,20
195,10,1,4
195,10,2,20
195,11,1,4
195,11,2,20
195,12,1,4
195,12,2,20
195,13,1,4
195,13,2,20
195,14,1,4
195,14,2,20
195,15,1,3
195,15,2,20
195,16,1,3
195,16,2,20
195,17,1,3
195,17,2,20
195,18,1,3
195,18,2,20
195,19,1,3
195,19,2,20
195,20,1,3
195,20,2,20
195,21,1,3
195,21,2,20
195,22,1,5
195,22,2,20
195,23,1,3
195,23,2,20
195,24,1,3
195,24,2,20
195,25,1,3
195,25,2,20
195,26,1,3
195,26,2,20
195,27,1,3
195,27,2,20
195,28,1,3
195,28,2,20
195,29,1,3
195,29,2,20
195,30,1,3
195,30,2,20
195,31,1,2
195,31,2,20
195,32,1,2
195,32,2,20
195,33,1,2
195,33,2,20
195,34,1,2
195,34,2,20
195,35,1,2
195,35,2,20
195,36,1,3
195,36,2,20
195,37,1,5
195,37,2,20
195,38,1,3
195,38,2,20
195,39,1,2
195,39,2,20
195,40,1,2
195,40,2,20
195,41,1,2
195,41,2,20
195,42,1,2
195,42,2,20
195,43,1,2
195,43,2,20
195,44,1,3
195,44,2,20
195,45,1,3
195,45,2,20
195,46,1,2
195,46,2,20
195,47,1,1
195,47,2,20
195,48,1,1
195,48,2,20
195,49,1,1
195,49,2,20
195,50,1,2
195,50,2,20
195,51,1,3
195,51,2,20
195,52,1,5
195,52,2,20
195,53,1,3
195,53,2,20
195,54,1,2
195,54,2,20
195,55,1,1
195,55,2,20
195,56,1,1
195,56,2,20
195,57,1,1
195,57,2,20
195,58,1,2
195,58,2,20
195,59,1,3
195,59,2,20
195,60,1,3
195,60,2,20
195,61,1,2
195,61,2,20
195,62,1,1
195,62,2,20
195,63,1,0
195,63,2,20
195,64,1,1
195,64,2,20
195,65,1,2
195,65,2,20
195,66,1,3
195,66,2,20
195,67,1,5
195,67,2,20
195,68,1,3
195,68,2,20
195,69,1,2
195,69,2,20
195,70,1,1
195,70,2,20
195,71,1,0
195,71,2,20
195,72,1,1
195,72,2,20
195,73,1,2
195,73,2,20
195,74,1,3
195,74,2,20
195,75,1,3
195,75,2,20
195,76,1,2
195,76,2,20
195,77,1,1
195,77,2,20
195,78,1,1
195,78,2,20
195,79,1,1
195,79,2,20
195,80,1,2
195,80,2,20
195,81,1,3
195,81,2,20
195,82,1,5
195,82,2,20
195,83,1,3
195,83,2,20
195,84,1,2
195,84,2,20
195,85,1,1
195,85,2,20
195,86,1,1
195,86,2,20
195,87,1,1
195,87,2,20
195,88,1,2
195,88,2,20
195,89,1,3
195,89,2,20
195,90,1,3
195,90,2,20
195,91,1,2
195,91,2,20
195,92,1,2
195,92,2,20
195,93,1,2
195,93,2,20
195,94,1,2
195,94,2,20
195,95,1,2
195,95,2,20
195,96,1,3
195,96,2,20
195,97,1,5
195,97,2,20
195,98,1,3
195,98,2,20
195,99,1,2
195,99,2,20
195,100,1,2
195,100,2,20
195,101,1,2
195,101,2,20
195,102,1,2
195,102,2,20
195,103,1,2
195,103,2,20
195,104,1,3
195,104,2,20
195,105,1,3
195,105,2,20
195,106,1,3
195,106,2,20
195,107,1,3
195,107,2,20
195,108,1,3
195,108,2,20
195,109,1,3
195,109,2,20
195,110,1,3
195,110,2,20
195,111,1,3
195,111,2,20
195,112,1,5
195,112,2,20
195,113,1,3
195,113,2,20
195,114,1,3
195,114,2,20
195,115,1,3
195,115,2,20
195,116,1,3
195,116,2,20
195,117,1,3
195,117,2,20
195,118,1,3
195,118,2,20
195,119,1,3
195,119,2,20
195,120,1,4
195,120,2,20
195,121,1,4
195,121,2,20
195,122,1,4
195,122,2,20
195,123,1,4
195,123,2,20
195,124,1,4
195,124,2,20
195,125,1,4
195,125,2,20
195,126,1,4
195,126,2,20
195,127,1,5
195,127,2,20
195,128,1,4
195,128,2,20
195,129,1,4
195,129,2,20
195,130,1,4
195,130,2,20
195,131,1,4
195,131,2,20
195,132,1,4
195,132,2,20
195,133,1,4
195,133,2,20
195,134,1,4
195,134,2,20
196,0,1,4
196,0,2,20
196,1,1,4
196,1,2,20
196,2,1,4
196,2,2,20
196,3,1,4
196,3,2,20
196,4,1,4
196,4,2,20
196,5,1,4
196,5,2,20
196,6,1,4
196,6,2,20
196,7,1,5
196,7,2,20
196,8,1,4
196,8,2,20
196,9,1,4
196,9,2,20
196,10,1,4
196,10,2,20
196,11,1,4
196,11,2,20
196,12,1,4
196,12,2,20
196,13,1,4
196,13,2,20
196,14,1,4
196,14,2,20
196,15,1,3
196,15,2,20
196,16,1,3
196,16,2,20
196,17,1,3
196,17,2,20
196,18,1,3
196,18,2,20
196,19,1,3
196,19,2,20
196,20,1,3
196,20,2,20
196,21,1,3
196,21,2,20
196,22,1,5
196,22,2,20
196,23,1,3
196,23,2,20
196,24,1,3
196,24,2,20
196,25,1,3
196,25,2,20
196,26,1,3
196,26,2,20
196,27,1,3
196,27,2,20
196,28,1,3
196,28,2,20
196,29,1,3
196,29,2,20
196,30,1,3
196,30,2,20
196,31,1,2
196,31,2,20
196,32,1,2
196,32,2,20
196,33,1,2
196,33,2,20
196,34,1,2
196,34,2,20
196,35,1,2
196,35,2,20
196,36,1,3
196,36,2,20
196,37,1,5
196,37,2,20
196,38,1,3
196,38,2,20
196,39,1,2
196,39,2,20
196,40,1,2
196,40,2,20
196,41,1,2
196,41,2,20
196,42,1,2
196,42,2,20
196,43,1,2
196,43,2,20
196,44,1,3
196,44,2,20
196,45,1,3
196,45,2,20
196,46,1,2
196,46,2,20
196,47,1,1
196,47,2,20
196,48,1,1
196,48,2,20
196,49,1,1
196,49,2,20
196,50,1,2
196,50,2,20
196,51,1,3
196,51,2,20
196,52,1,5
196,52,2,20
196,53,1,3
196,53,2,20
196,54,1,2
196,54,2,20
196,55,1,1
196,55,2,20
196,56,1,1
196,56,2,20
196,57,1,1
196,57,2,20
196,58,1,2
196,58,2,20
196,59,1,3
196,59,2,20
196,60,1,3
196,60,2,20
196,61,1,2
196,61,2,20
196,62,1,1
196,62,2,20
196,63,1,0
196,63,2,20
196,64,1,1
196,64,2,20
196,65,1,2
196,65,2,20
196,66,1,3
196,66,2,20
196,67,1,5
196,67,2,20
196,68,1,3
196,68,2,20
196,69,1,2
196,69,2,20
196,70,1,1
196,70,2,20
196,71,1,0
196,71,2,20
196,72,1,1
196,72,2,20
196,73,1,2
196,73,2,20
196,74,1,3
196,74,2,20
196,75,1,3
196,75,2,20
196,76,1,2
196,76,2,20
196,77,1,1
196,77,2,20
196,78,1,1
196,78,2,20
196,79,1,1
196,79,2,20
196,80,1,2
196,80,2,20
196,81,1,3
196,81,2,20
196,82,1,5
196,82,2,20
196,83,1,3
196,83,2,20
196,84,1,2
196,84,2,20
196,85,1,1
196,85,2,20
196,86,1,1
196,86,2,20
196,87,1,1
196,87,2,20
196,88,1,2
196,88,2,20
196,89,1,3
196,89,2,20
196,90,1,3
196,90,2,20
196,91,1,2
196,91,2,20
196,92,1,2
196,92,2,20
196,93,1,2
196,93,2,20
196,94,1,2
196,94,2,20
196,95,1,2
196,95,2,20
196,96,1,3
196,96,2,20
196,97,1,5
196,97,2,20
196,98,1,3
196,98,2,20
196,99,1,2
196,99,2,20
196,100,1,2
196,100,2,20
196,101,1,2
196,101,2,20
196,102,1,2
196,102,2,20
196,103,1,2
196,103,2,20
196,104,1,3
196,104,2,20
196,105,1,3
196,105,2,20
196,106,1,3
196,106,2,20
196,107,1,3
196,107,2,20
196,108,1,3
196,108,2,20
196,109,1,3
196,109,2,20
196,110,1,3
196,110,2,20
196,111,1,3
196,111,2,20
196,112,1,5
196,112,2,20
196,113,1,3
196,113,2,20
196,114,1,3
196,114,2,20
196,115,1,3
196,115,2,20
196,116,1,3
196,116,2,20
196,117,1,3
196,117,2,20
196,118,1,3
196,118,2,20
196,119,1,3
196,119,2,20
196,120,1,4
196,120,2,20
196,121,1,4
196,121,2,20
196,122,1,4
196,122,2,20
196,123,1,4
196,123,2,20
196,124,1,4
196,124,2,20
196,125,1,4
196,125,2,20
196,126,1,4
196,126,2,20
196,127,1,5
196,127,2,20
196,128,1,4
196,128,2,20
196,129,1,4
196,129,2,20
196,130,1,4
196,130,2,20
196,131,1,4
196,131,2,20
196,132,1,4
196,132,2,20
196,133,1,4
196,133,2,20
196,134,1,4
196,134,2,20
197,0,1,4
197,0,2,20
197,1,1,4
197,1,2,20
197,2,1,4
197,2,2,20
197,3,1,4
197,3,2,20
197,4,1,4
197,4,2,20
197,5,1,4
197,5,2,20
197,6,1,4
197,6,2,20
197,7,1,5
197,7,2,20
197,8,1,4
197,8,2,20
197,9,1,4
197,9,2,20
197,10,1,4
197,10,2,20
197,11,1,4
197,11,2,20
197,12,1,4
197,12,2,20
197,13,1,4
197,13,2,20
197,14,1,4
197,14,2,20
197,15,1,3
197,15,2,20
197,16,1,3
197,16,2,20
197,17,1,3
197,17,2,20
197,18,1,3
197,18,2,20
197,19,1,3
197,19,2,20
197,20,1,3
197,20,2,20
197,21,1,3
197,21,2,20
197,22,1,5
197,22,2,20
197,23,1,3
197,23,2,20
197,24,1,3
197,24,2,20
197,25,1,3
197,25,2,20
197,26,1,3
197,26,2,20
197,27,1,3
197,27,2,20
197,28,1,3
197,28,2,20
197,29,1,3
197,29,2,20
197,30,1,3
197,30,2,20
197,31,1,2
197,31,2,20
197,32,1,2
197,32,2,20
197,33,1,2
197,33,2,20
197,34,1,2
197,34,2,20
197,35,1,2
197,35,2,20
197,36,1,3
197,36,2,20
197,37,1,5
197,37,2,20
197,38,1,3
197,38,2,20
197,39,1,2
197,39,2,20
197,40,1,2
197,40,2,20
197,41,1,2
197,41,2,20
197,42,1,2
197,42,2,20
197,43,1,2
197,43,2,20
197,44,1,3
197,44,2,20
197,45,1,3
197,45,2,20
197,46,1,2
197,46,2,20
197,47,1,1
197,47,2,20
197,48,1,1
197,48,2,20
197,49,1,1
197,49,2,20
197,50,1,2
197,50,2,20
197,51,1,3
197,51,2,20
197,52,1,5
197,52,2,20
197,53,1,3
197,53,2,20
197,54,1,2
197,54,2,20
197,55,1,1
197,55,2,20
197,56,1,1
197,56,2,20
197,57,1,1
197,57,2,20
197,58,1,2
197,58,2,20
197,59,1,3
197,59,2,20
197,60,1,3
197,60,2,20
197,61,1,2
197,61,2,20
197,62,1,1
197,62,2,20
197,63,1,0
197,63,2,20
197,64,1,1
197,64,2,20
197,65,1,2
197,65,2,20
197,66,1,3
197,66,2,20
197,67,1,5
197,67,2,20
197,68,1,3
197,68,2,20
197,69,1,2
197,69,2,20
197,70,1,1
197,70,2,20
197,71,1,0
197,71,2,20
197,72,1,1
197,72,2,20
197,73,1,2
197,73,2,20
197,74,1,3
197,74,2,20
197,75,1,3
197,75,2,20
197,76,1,2
197,76,2,20
197,77,1,1
197,77,2,20
197,78,1,1
197,78,2,20
197,79,1,1
197,79,2,20
197,80,1,2
197,80,2,20
197,81,1,3
197,81,2,20
197,82,1,5
197,82,2,20
197,83,1,3
197,83,2,20
197,84,1,2
197,84,2,20
197,85,1,1
197,85,2,20
197,86,1,1
197,86,2,20
197,87,1,1
197,87,2,20
197,88,1,2
197,88,2,20
197,89,1,3
197,89,2,20
197,90,1,3
197,90,2,20
197,91,1,2
197,91,2,20
197,92,1,2
197,92,2,20
197,93,1,2
197,93,2,20
197,94,1,2
197,94,2,20
197,95,1,2
197,95,2,20
197,96,1,3
197,96,2,20
197,97,1,5
197,97,2,20
197,98,1,3
197,98,2,20
197,99,1,2
197,99,2,20
197,100,1,2
197,100,2,20
197,101,1,2
197,101,2,20
197,102,1,2
197,102,2,20
197,103,1,2
197,103,2,20
197,104,1,3
197,104,2,20
197,105,1,3
197,105,2,20
197,106,1,3
197,106,2,20
197,107,1,3
197,107,2,20
197,108,1,3
197,108,2,20
197,109,1,3
197,109,2,20
197,110,1,3
197,110,2,20
197,111,1,3
197,111,2,20
197,112,1,5
197,112,2,20
197,113,1,3
197,113,2,20
197,114,1,3
197,114,2,20
197,115,1,3
197,115,2,20
197,116,1,3
197,116,2,20
197,117,1,3
197,117,2,20
197,118,1,3
197,118,2,20
197,119,1,3
197,119,2,20
197,120,1,4
197,120,2,20
197,121,1,4
197,121,2,20
197,122,1,4
197,122,2,20
197,123,1,4
197,123,2,20
197,124,1,4
197,124,2,20
197,125,1,4
197,125,2,20
197,126,1,4
197,126,2,20
197,127,1,5
197,127,2,20
197,128,1,4
197,128,2,20
197,129,1,4
197,129,2,20
197,130,1,4
197,130,2,20
197,131,1,4
197,131,2,20
197,132,1,4
197,132,2,20
197,133,1,4
197,133,2,20
197,134,1,4
197,134,2,20
198,0,1,4
198,0,2,20
198,1,1,4
198,1,2,20
198,2,1,4
198,2,2,20
198,3,1,4
198,3,2,20
198,4,1,4
198,4,2,20
198,5,1,4
198,5,2,20
198,6,1,4
198,6,2,20
198,7,1,5
198,7,2,20
198,8,1,4
198,8,2,20
198,9,1,4
198,9,2,20
198,10,1,4
198,10,2,20
198,11,1,4
198,11,2,20
198,12,1,4
198,12,2,20
198,13,1,4
198,13,2,20
198,14,1,4
198,14,2,20
198,15,1,3
198,15,2,20
198,16,1,3
198,16,2,20
198,17,1,3
198,17,2,20
198,18,1,3
198,18,2,20
198,19,1,3
198,19,2,20
198,20,1,3
198,20,2,20
198,21,1,3
198,21,2,20
198,22,1,5
198,22,2,20
198,23,1,3
198,23,2,20
198,24,1,3
198,24,2,20
198,25,1,3
198,25,2,20
198,26,1,3
198,26,2,20
198,27,1,3
198,27,2,20
198,28,1,3
198,28,2,20
198,29,1,3
198,29,2,20
198,30,1,3
198,30,2,20
198,31,1,2
198,31,2,20
198,32,1,2
198,32,2,20
198,33,1,2
198,33,2,20
198,34,1,2
198,34,2,20
198,35,1,2
198,35,2,20
198,36,1,3
198,36,2,20
198,37,1,5
198,37,2,20
198,38,1,3
198,38,2,20
198,39,1,2
198,39,2,20
198,40,1,2
198,40,2,20
198,41,1,2
198,41,2,20
198,42,1,2
198,42,2,20
198,43,1,2
198,43,2,20
198,44,1,3
198,44,2,20
198,45,1,3
198,45,2,20
198,46,1,2
198,46,2,20
198,47,1,1
198,47,2,20
198,48,1,1
198,48,2,20
198,49,1,1
198,49,2,20
198,50,1,2
198,50,2,20
198,51,1,3
198,51,2,20
198,52,1,5
198,52,2,20
198,53,1,3
198,53,2,20
198,54,1,2
198,54,2,20
198,55,1,1
198,55,2,20
198,56,1,1
198,56,2,20
198,57,1,1
198,57,2,20
198,58,1,2
198,58,2,20
198,59,1,3
198,59,2,20
198,60,1,3
198,60,2,20
198,61,1,2
198,61,2,20
198,62,1,1
198,62,2,20
198,63,1,0
198,63,2,20
198,64,1,1
198,64,2,20
198,65,1,2
198,65,2,20
198,66,1,3
198,66,2,20
198,67,1,5
198,67,2,20
198,68,1,3
198,68,2,20
198,69,1,2
198,69,2,20
198,70,1,1
198,70,2,20
198,71,1,0
198,71,2,20
198,72,1,1
198,72,2,20
198,73,1,2
198,73,2,20
198,74,1,3
198,74,2,20
198,75,1,3
198,75,2,20
198,76,1,2
198,76,2,20
198,77,1,1
198,77,2,20
198,78,1,1
198,78,2,20
198,79,1,1
198,79,2,20
198,80,1,2
198,80,2,20
198,81,1,3
198,81,2,20
198,82,1,5
198,82,2,20
198,83,1,3
198,83,2,20
198,84,1,2
198,84,2,20
198,85,1,1
198,85,2,20
198,86,1,1
198,86,2,20
198,87,1,1
198,87,2,20
198,88,1,2
198,88,2,20
198,89,1,3
198,89,2,20
198,90,1,3
198,90,2,20
198,91,1,2
198,91,2,20
198,92,1,2
198,92,2,20
198,93,1,2
198,93,2,20
198,94,1,2
198,94,2,20
198,95,1,2
198,95,2,20
198,96,1,3
198,96,2,20
198,97,1,5
198,97,2,20
198,98,1,3
198,98,2,20
198,99,1,2
198,99,2,20
198,100,1,2
198,100,2,20
198,101,1,2
198,101,2,20
198,102,1,2
198,102,2,20
198,103,1,2
198,103,2,20
198,104,1,3
198,104,2,20
198,105,1,3
198,105,2,20
198,106,1,3
198,106,2,20
198,107,1,3
198,107,2,20
198,108,1,3
198,108,2,20
198,109,1,3
198,109,2,20
198,110,1,3
198,110,2,20
198,111,1,3
198,111,2,20
198,112,1,5
198,112,2,20
198,113,1,3
198,113,2,20
198,114,1,3
198,114,2,20
198,115,1,3
198,115,2,20
198,116,1,3
198,116,2,20
198,117,1,3
198,117,2,20
198,118,1,3
198,118,2,20
198,119,1,3
198,119,2,20
198,120,1,4
198,120,2,20
198,121,1,4
198,121,2,20
198,122,1,4
198,122,2,20
198,123,1,4
198,123,2,20
198,124,1,4
198,124,2,20
198,125,1,4
198,125,2,20
198,126,1,4
198,126,2,20
198,127,1,5
198,127,2,20
198,128,1,4
198,128,2,20
198,129,1,4
198,129,2,20
198,130,1,4
198,130,2,20
198,131,1,4
198,131,2,20
198,132,1,4
198,132,2,20
198,133,1,4
198,133,2,20
198,134,1,4
198,134,2,20
199,0,1,4
199,0,2,20
199,1,1,4
199,1,2,20
199,2,1,4
199,2,2,20
199,3,1,4
199,3,2,20
199,4,1,4
199,4,2,20
199,5,1,4
199,5,2,20
199,6,1,4
199,6,2,20
199,7,1,5
199,7,2,20
199,8,1,4
199,8,2,20
199,9,1,4
199,9,2,20
199,10,1,4
199,10,2,20
199,11,1,4
199,11,2,20
199,12,1,4
199,12,2,20
199,13,1,4
199,13,2,20
199,14,1,4
199,14,2,20
199,15,1,3
199,15,2,20
199,16,1,3
199,16,2,20
199,17,1,3
199,17,2,20
199,18,1,3
199,18,2,20
199,19,1,3
199,19,2,20
199,20,1,3
199,20,2,20
199,21,1,3
199,21,2,20
199,22,1,5
199,22,2,20
199,23,1,3
199,23,2,20
199,24,1,3
199,24,2,20
199,25,1,3
199,25,2,20
199,26,1,3
199,26,2,20
199,27,1,3
199,27,2,20
199,28,1,3
199,28,2,20
199,29,1,3
199,29,2,20
199,30,1,3
199,30,2,20
199,31,1,2
199,31,2,20
199,32,1,2
199,32,2,20
199,33,1,2
199,33,2,20
199,34,1,2
199,34,2,20
199,35,1,2
199,35,2,20
199,36,1,3
199,36,2,20
199,37,1,5
199,37,2,20
199,38,1,3
199,38,2,20
199,39,1,2
199,39,2,20
199,40,1,2
199,40,2,20
199,41,1,2
199,41,2,20
199,42,1,2
199,42,2,20
199,43,1,2
199,43,2,20
199,44,1,3
199,44,2,20
199,45,1,3
199,45,2,20
199,46,1,2
199,46,2,20
199,47,1,1
199,47,2,20
199,48,1,1
199,48,2,20
199,49,1,1
199,49,2,20
199,50,1,2
199,50,2,20
199,51,1,3
199,51,2,20
199,52,1,5
199,52,2,20
199,53,1,3
199,53,2,20
199,54,1,2
199,54,2,20
199,55,1,1
199,55,2,20
199,56,1,1
199,56,2,20
199,57,1,1
199,57,2,20
199,58,1,2
199,58,2,20
199,59,1,3
199,59,2,20
199,60,1,3
199,60,2,20
199,61,1,2
199,61,2,20
199,62,1,1
199,62,2,20
199,63,1,0
199,63,2,20
199,64,1,1
199,64,2,20
199,65,1,2
199,65,2,20
199,66,1,3
199,66,2,20
199,67,1,5
199,67,2,20
199,68,1,3
199,68,2,20
199,69,1,2
199,69,2,20
199,70,1,1
199,70,2,20
199,71,1,0
199,71,2,20
199,72,1,1
199,72,2,20
199,73,1,2
199,73,2,20
199,74,1,3
199,74,2,20
199,75,1,3
199,75,2,20
199,76,1,2
199,76,2,20
199,77,1,1
199,77,2,20
199,78,1,1
199,78,2,20
199,79,1,1
199,79,2,20
199,80,1,2
199,80,2,20
199,81,1,3
199,81,2,20
199,82,1,5
199,82,2,20
199,83,1,3
199,83,2,20
199,84,1,2
199,84,2,20
199,85,1,1
199,85,2,20
199,86,1,1
199,86,2,20
199,87,1,1
199,87,2,20
199,88,1,2
199,88,2,20
199,89,1,3
199,89,2,20
199,90,1,3
199,90,2,20
199,91,1,2
199,91,2,20
199,92,1,2
199,92,2,20
199,93,1,2
199,93,2,20
199,94,1,2
199,94,2,20
199,95,1,2
199,95,2,20
199,96,1,3
199,96,2,20
199,97,1,5
199,97,2,20
199,98,1,3
199,98,2,20
199,99,1,2
199,99,2,20
199,100,1,2
199,100,2,20
199,101,1,2
199,101,2,20
199,102,1,2
199,102,2,20
199,103,1,2
199,103,2,20
199,104,1,3
199,104,2,20
199,105,1,3
199,105,2,20
199,106,1,3
199,106,2,20
199,107,1,3
199,107,2,20
199,108,1,3
199,108,2,20
199,109,1,3
199,109,2,20
199,110,1,3
199,110,2,20
199,111,1,3
199,111,2,20
199,112,1,5
199,112,2,20
199,113,1,3
199,113,2,20
199,114,1,3
199,114,2,20
199,115,1,3
199,115,2,20
199,116,1,3
199,116,2,20
199,117,1,3
199,117,2,20
199,118,1,3
199,118,2,20
199,119,1,3
199,119,2,20
199,120,1,4
199,120,2,20
199,121,1,4
199,121,2,20
199,122,1,4
199,122,2,20
199,123,1,4
199,123,2,20
199,124,1,4
199,124,2,20
199,125,1,4
199,125,2,20
199,126,1,4
199,126,2,20
199,127,1,5
199,127,2,20
199,128,1,4
199,128,2,20
199,129,1,4
199,129,2,20
199,130,1,4
199,130,2,20
199,131,1,4
199,131,2,20
199,132,1,4
199,132,2,20
199,133,1,4
199,133,2,20
199,134,1,4
199,134,2,20
200,0,1,4
200,0,2,20
200,1,1,4
200,1,2,20
200,2,1,4
200,2,2,20
200,3,1,4
200,3,2,20
200,4,1,4
200,4,2,20
200,5,1,4
200,5,2,20
200,6,1,4
200,6,2,20
200,7,1,5
200,7,2,20
200,8,1,4
200,8,2,20
200,9,1,4
200,9,2,20
200,10,1,4
200,10,2,20
200,11,1,4
200,11,2,20
200,12,1,4
200,12,2,20
200,13,1,4
200,13,2,20
200,14,1,4
200,14,2,20
200,15,1,3
200,15,2,20
200,16,1,3
200,16,2,20
200,17,1,3
200,17,2,20
200,18,1,3
200,18,2,20
200,19,1,3
200,19,2,20
200,20,1,3
200,20,2,20
200,21,1,3
200,21,2,20
200,22,1,5
200,22,2,20
200,23,1,3
200,23,2,20
200,24,1,3
200,24,2,20
200,25,1,3
200,25,2,20
200,26,1,3
200,26,2,20
200,27,1,3
200,27,2,20
200,28,1,3
200,28,2,20
200,29,1,3
200,29,2,20
200,30,1,3
200,30,2,20
200,31,1,2
200,31,2,20
200,32,1,2
200,32,2,20
200,33,1,2
200,33,2,20
200,34,1,2
200,34,2,20
200,35,1,2
200,35,2,20
200,36,1,3
200,36,2,20
200,37,1,5
200,37,2,20
200,38,1,3
200,38,2,20
200,39,1,2
200,39,2,20
200,40,1,2
200,40,2,20
200,41,1,2
200,41,2,20
200,42,1,2
200,42,2,20
200,43,1,2
200,43,2,20
200,44,1,3
200,44,2,20
200,45,1,3
200,45,2,20
200,46,1,2
200,46,2,20
200,47,1,1
200,47,2,20
200,48,1,1
200,48,2,20
200,49,1,1
200,49,2,20
200,50,1,2
200,50,2,20
200,51,1,3
200,51,2,20
200,52,1,5
200,52,2,20
200,53,1,3
200,53,2,20
200,54,1,2
200,54,2,20
200,55,1,1
200,55,2,20
200,56,1,1
200,56,2,20
200,57,1,1
200,57,2,20
200,58,1,2
200,58,2,20
200,59,1,3
200,59,2,20
200,60,1,3
200,60,2,20
200,61,1,2
200,61,2,20
200,62,1,1
200,62,2,20
200,63,1,0
200,63,2,20
200,64,1,1
200,64,2,20
200,65,1,2
200,65,2,20
200,66,1,3
200,66,2,20
200,67,1,5
200,67,2,20
200,68,1,3
200,68,2,20
200,69,1,2
200,69,2,20
200,70,1,1
200,70,2,20
200,71,1,0
200,71,2,20
200,72,1,1
200,72,2,20
200,73,1,2
200,73,2,20
200,74,1,3
200,74,2,20
200,75,1,3
200,75,2,20
200,76,1,2
200,76,2,20
200,77,1,1
200,77,2,20
200,78,1,1
200,78,2,20
200,79,1,1
200,79,2,20
200,80,1,2
200,80,2,20
200,81,1,3
200,81,2,20
200,82,1,5
200,82,2,20
200,83,1,3
200,83,2,20
200,84,1,2
200,84,2,20
200,85,1,1
200,85,2,20
200,86,1,1
200,86,2,20
200,87,1,1
200,87,2,20
200,88,1,2
200,88,2,20
200,89,1,3
200,89,2,20
200,90,1,3
200,90,2,20
200,91,1,2
200,91,2,20
200,92,1,2
200,92,2,20
200,93,1,2
200,93,2,20
200,94,1,2
200,94,2,20
200,95,1,2
200,95,2,20
200,96,1,3
200,96,2,20
200,97,1,5
200,97,2,20
200,98,1,3
200,98,2,20
200,99,1,2
200,99,2,20
200,100,1,2
200,100,2,20
200,101,1,2
200,101,2,20
200,102,1,2
200,102,2,20
200,103,1,2
200,103,2,20
200,104,1,3
200,104,2,20
200,105,1,3
200,105,2,20
200,106,1,3
200,106,2,20
200,107,1,3
200,107,2,20
200,108,1,3
200,108,2,20
200,109,1,3
200,109,2,20
200,110,1,3
200,110,2,20
200,111,1,3
200,111,2,20
200,112,1,5
200,112,2,20
200,113,1,3
200,113,2,20
200,114,1,3
200,114,2,20
200,115,1,3
200,115,2,20
200,116,1,3
200,116,2,20
200,117,1,3
200,117,2,20
200,118,1,3
200,118,2,20
200,119,1,3
200,119,2,20
200,120,1,4
200,120,2,20
200,121,1,4
200,121,2,20
200,122,1,4
200,122,2,20
200,123,1,4
200,123,2,20
200,124,1,4
200,124,2,20
200,125,1,4
200,125,2,20
200,126,1,4
200,126,2,20
200,127,1,5
200,127,2,20
200,128,1,4
200,128,2,20
200,129,1,4
200,129,2,20
200,130,1,4
200,130,2,20
200,131,1,4
200,131,2,20
200,132,1,4
200,132,2,20
200,133,1,4
200,133,2,20
200,134,1,4
200,134,2,20
201,0,1,4
201,0,2,20
201,1,1,4
201,1,2,20
201,2,1,4
201,2,2,20
201,3,1,4
201,3,2,20
201,4,1,4
201,4,2,20
201,5,1,4
201,5,2,20
201,6,1,4
201,6,2,20
201,7,1,5
201,7,2,20
201,8,1,4
201,8,2,20
201,9,1,4
201,9,2,20
201,10,1,4
201,10,2,20
201,11,1,4
201,11,2,20
201,12,1,4
201,12,2,20
201,13,1,4
201,13,2,20
201,14,1,4
201,14,2,20
201,15,1,3
201,15,2,20
201,16,1,3
201,16,2,20
201,17,1,3
201,17,2,20
201,18,1,3
201,18,2,20
201,19,1,3
201,19,2,20
201,20,1,3
201,20,2,20
201,21,1,3
201,21,2,20
201,22,1,5
201,22,2,20
201,23,1,3
201,23,2,20
201,24,1,3
201,24,2,20
201,25,1,3
201,25,2,20
201,26,1,3
201,26,2,20
201,27,1,3
201,27,2,20
201,28,1,3
201,28,2,20
201,29,1,3
201,29,2,20
201,30,1,3
201,30,2,20
201,31,1,2
201,31,2,20
201,32,1,2
201,32,2,20
201,33,1,2
201,33,2,20
201,34,1,2
201,34,2,20
201,35,1,2
201,35,2,20
201,36,1,3
201,36,2,20
201,37,1,5
201,37,2,20
201,38,1,3
201,38,2,20
201,39,1,2
201,39,2,20
201,40,1,2
201,40,2,20
201,41,1,2
201,41,2,20
201,42,1,2
201,42,2,20
201,43,1,2
201,43,2,20
201,44,1,3
201,44,2,20
201,45,1,3
201,45,2,20
201,46,1,2
201,46,2,20
201,47,1,1
201,47,2,20
201,48,1,1
201,48,2,20
201,49,1,1
201,49,2,20
201,50,1,2
201,50,2,20
201,51,1,3
201,51,2,20
201,52,1,5
201,52,2,20
201,53,1,3
201,53,2,20
201,54,1,2
201,54,2,20
201,55,1,1
201,55,2,20
201,56,1,1
201,56,2,20
201,57,1,1
201,57,2,20
201,58,1,2
201,58,2,20
201,59,1,3
201,59,2,20
201,60,1,3
201,60,2,20
201,61,1,2
201,61,2,20
201,62,1,1
201,62,2,20
201,63,1,0
201,63,2,20
201,64,1,1
201,64,2,20
201,65,1,2
201,65,2,20
201,66,1,3
201,66,2,20
201,67,1,5
201,67,2,20
201,68,1,3
201,68,2,20
201,69,1,2
201,69,2,20
201,70,1,1
201,70,2,20
201,71,1,0
201,71,2,20
201,72,1,1
201,72,2,20
201,73,1,2
201,73,2,20
201,74,1,3
201,74,2,20
201,75,1,3
201,75,2,20
201,76,1,2
201,76,2,20
201,77,1,1
201,77,2,20
201,78,1,1
201,78,2,20
201,79,1,1
201,79,2,20
201,80,1,2
201,80,2,20
201,81,1,3
201,81,2,20
201,82,1,5
201,82,2,20
201,83,1,3
201,83,2,20
201,84,1,2
201,84,2,20
201,85,1,1
201,85,2,20
201,86,1,1
201,86,2,20
201,87,1,1
201,87,2,20
201,88,1,2
201,88,2,20
201,89,1,3
201,89,2,20
201,90,1,3
201,90,2,20
201,91,1,2
201,91,2,20
201,92,1,2
201,92,2,20
201,93,1,2
201,93,2,20
201,94,1,2
201,94,2,20
201,95,1,2
201,95,2,20
201,96,1,3
201,96,2,20
201,97,1,5
201,97,2,20
201,98,1,3
201,98,2,20
201,99,1,2
201,99,2,20
201,100,1,2
201,100,2,20
201,101,1,2
201,101,2,20
201,102,1,2
201,102,2,20
201,103,1,2
201,103,2,20
201,104,1,3
201,104,2,20
201,105,1,3
201,105,2,20
201,106,1,3
201,106,2,20
201,107,1,3
201,107,2,20
201,108,1,3
201,108,2,20
201,109,1,3
201,109,2,20
201,110,1,3
201,110,2,20
201,111,1,3
201,111,2,20
201,112,1,5
201,112,2,20
201,113,1,3
201,113,2,20
201,114,1,3
201,114,2,20
201,115,1,3
201,115,2,20
201,116,1,3
201,116,2,20
201,117,1,3
201,117,2,20
201,118,1,3
201,118,2,20
201,119,1,3
201,119,2,20
201,120,1,4
201,120,2,20
201,121,1,4
201,121,2,20
201,122,1,4
201,122,2,20
201,123,1,4
201,123,2,20
201,124,1,4
201,124,2,20
201,125,1,4
201,125,2,20
201,126,1,4
201,126,2,20
201,127,1,5
201,127,2,20
201,128,1,4
201,128,2,20
201,129,1,4
201,129,2,20
201,130,1,4
201,130,2,20
201,131,1,4
201,131,2,20
201,132,1,4
201,132,2,20
201,133,1,4
201,133,2,20
201,134,1,4
201,134,2,20
202,0,1,4
202,0,2,20
202,1,1,4
202,1,2,20
202,2,1,4
202,2,2,20
202,3,1,4
202,3,2,20
202,4,1,4
202,4,2,20
202,5,1,4
202,5,2,20
202,6,1,4
202,6,2,20
202,7,1,5
202,7,2,20
202,8,1,4
202,8,2,20
202,9,1,4
202,9,2,20
202,10,1,4
202,10,2,20
202,11,1,4
202,11,2,20
202,12,1,4
202,12,2,20
202,13,1,4
202,13,2,20
202,14,1,4
202,14,2,20
202,15,1,3
202,15,2,20
202,16,1,3
202,16,2,20
202,17,1,3
202,17,2,20
202,18,1,3
202,18,2,20
202,19,1,3
202,19,2,20
202,20,1,3
202,20,2,20
202,21,1,3
202,21,2,20
202,22,1,5
202,22,2,20
202,23,1,3
202,23,2,20
202,24,1,3
202,24,2,20
202,25,1,3
202,25,2,20
202,26,1,3
202,26,2,20
202,27,1,3
202,27,2,20
202,28,1,3
202,28,2,20
202,29,1,3
202,29,2,20
202,30,1,3
202,30,2,20
202,31,1,2
202,31,2,20
202,32,1,2
202,32,2,20
202,33,1,2
202,33,2,20
202,34,1,2
202,34,2,20
202,35,1,2
202,35,2,20
202,36,1,3
202,36,2,20
202,37,1,5
202,37,2,20
202,38,1,3
202,38,2,20
202,39,1,2
202,39,2,20
202,40,1,2
202,40,2,20
202,41,1,2
202,41,2,20
202,42,1,2
202,42,2,20
202,43,1,2
202,43,2,20
202,44,1,3
202,44,2,20
202,45,1,3
202,45,2,20
202,46,1,2
202,46,2,20
202,47,1,1
202,47,2,20
202,48,1,1
202,48,2,20
202,49,1,1
202,49,2,20
202,50,1,2
202,50,2,20
202,51,1,3
202,51,2,20
202,52,1,5
202,52,2,20
202,53,1,3
202,53,2,20
202,54,1,2
202,54,2,20
202,55,1,1
202,55,2,20
202,56,1,1
202,56,2,20
202,57,1,1
202,57,2,20
202,58,1,2
202,58,2,20
202,59,1,3
202,59,2,20
202,60,1,3
202,60,2,20
202,61,1,2
202,61,2,20
202,62,1,1
202,62,2,20
202,63,1,0
202,63,2,20
202,64,1,1
202,64,2,20
202,65,1,2
202,65,2,20
202,66,1,3
202,66,2,20
202,67,1,5
202,67,2,20
202,68,1,3
202,68,2,20
202,69,1,2
202,69,2,20
202,70,1,1
202,70,2,20
202,71,1,0
202,71,2,20
202,72,1,1
202,72,2,20
202,73,1,2
202,73,2,20
202,74,1,3
202,74,2,20
202,75,1,3
202,75,2,20
202,76,1,2
202,76,2,20
202,77,1,1
202,77,2,20
202,78,1,1
202,78,2,20
202,79,1,1
202,79,2,20
202,80,1,2
202,80,2,20
202,81,1,3
202,81,2,20
202,82,1,5
202,82,2,20
202,83,1,3
202,83,2,20
202,84,1,2
202,84,2,20
202,85,1,1
202,85,2,20
202,86,1,1
202,86,2,20
202,87,1,1
202,87,2,20
202,88,1,2
202,88,2,20
202,89,1,3
202,89,2,20
202,90,1,3
202,90,2,20
202,91,1,2
202,91,2,20
202,92,1,2
202,92,2,20
202,93,1,2
202,93,2,20
202,94,1,2
202,94,2,20
202,95,1,2
202,95,2,20
202,96,1,3
202,96,2,20
202,97,1,5
202,97,2,20
202,98,1,3
202,98,2,20
202,99,1,2
202,99,2,20
202,100,1,2
202,100,2,20
202,101,1,2
202,101,2,20
202,102,1,2
202,102,2,20
202,103,1,2
202,103,2,20
202,104,1,3
202,104,2,20
202,105,1,3
202,105,2,20
202,106,1,3
202,106,2,20
202,107,1,3
202,107,2,20
202,108,1,3
202,108,2,20
202,109,1,3
202,109,2,20
202,110,1,3
202,110,2,20
202,111,1,3
202,111,2,20
202,112,1,5
202,112,2,20
202,113,1,3
202,113,2,20
202,114,1,3
202,114,2,20
202,115,1,3
202,115,2,20
202,116,1,3
202,116,2,20
202,117,1,3
202,117,2,20
202,118,1,3
202,118,2,20
202,119,1,3
202,119,2,20
202,120,1,4
202,120,2,20
202,121,1,4
202,121,2,20
202,122,1,4
202,122,2,20
202,123,1,4
202,123,2,20
202,124,1,4
202,124,2,20
202,125,1,4
202,125,2,20
202,126,1,4
202,126,2,20
202,127,1,5
202,127,2,20
202,128,1,4
202,128,2,20
202,129,1,4
202,129,2,20
202,130,1,4
202,130,2,20
202,131,1,4
202,131,2,20
202,132,1,4
202,132,2,20
202,133,1,4
202,133,2,20
202,134,1,4
202,134,2,20
203,0,1,4
203,0,2,20
203,1,1,4
203,1,2,20
203,2,1,4
203,2,2,20
203,3,1,4
203,3,2,20
203,4,1,4
203,4,2,20
203,5,1,4
203,5,2,20
203,6,1,4
203,6,2,20
203,7,1,5
203,7,2,20
203,8,1,4
203,8,2,20
203,9,1,4
203,9,2,20
203,10,1,4
203,10,2,20
203,11,1,4
203,11,2,20
203,12,1,4
203,12,2,20
203,13,1,4
203,13,2,20
203,14,1,4
203,14,2,20
203,15,1,3
203,15,2,20
203,16,1,3
203,16,2,20
203,17,1,3
203,17,2,20
203,18,1,3
203,18,2,20
203,19,1,3
203,19,2,20
203,20,1,3
203,20,2,20
203,21,1,3
203,21,2,20
203,22,1,5
203,22,2,20
203,23,1,3
203,23,2,20
203,24,1,3
203,24,2,20
203,25,1,3
203,25,2,20
203,26,1,3
203,26,2,20
203,27,1,3
203,27,2,20
203,28,1,3
203,28,2,20
203,29,1,3
203,29,2,20
203,30,1,3
203,30,2,20
203,31,1,2
203,31,2,20
203,32,1,2
203,32,2,20
203,33,1,2
203,33,2,20
203,34,1,2
203,34,2,20
203,35,1,2
203,35,2,20
203,36,1,3
203,36,2,20
203,37,1,5
203,37,2,20
203,38,1,3
203,38,2,20
203,39,1,2
203,39,2,20
203,40,1,2
203,40,2,20
203,41,1,2
203,41,2,20
203,42,1,2
203,42,2,20
203,43,1,2
203,43,2,20
203,44,1,3
203,44,2,20
203,45,1,3
203,45,2,20
203,46,1,2
203,46,2,20
203,47,1,1
203,47,2,20
203,48,1,1
203,48,2,20
203,49,1,1
203,49,2,20
203,50,1,2
203,50,2,20
203,51,1,3
203,51,2,20
203,52,1,5
203,52,2,20
203,53,1,3
203,53,2,20
203,54,1,2
203,54,2,20
203,55,1,1
203,55,2,20
203,56,1,1
203,56,2,20
203,57,1,1
203,57,2,20
203,58,1,2
203,58,2,20
203,59,1,3
203,59,2,20
203,60,1,3
203,60,2,20
203,61,1,2
203,61,2,20
203,62,1,1
203,62,2,20
203,63,1,0
203,63,2,20
203,64,1,1
203,64,2,20
203,65,1,2
203,65,2,20
203,66,1,3
203,66,2,20
203,67,1,5
203,67,2,20
203,68,1,3
203,68,2,20
203,69,1,2
203,69,2,20
203,70,1,1
203,70,2,20
203,71,1,0
203,71,2,20
203,72,1,1
203,72,2,20
203,73,1,2
203,73,2,20
203,74,1,3
203,74,2,20
203,75,1,3
203,75,2,20
203,76,1,2
203,76,2,20
203,77,1,1
203,77,2,20
203,78,1,1
203,78,2,20
203,79,1,1
203,79,2,20
203,80,1,2
203,80,2,20
203,81,1,3
203,81,2,20
203,82,1,5
203,82,2,20
203,83,1,3
203,83,2,20
203,84,1,2
203,84,2,20
203,85,1,1
203,85,2,20
203,86,1,1
203,86,2,20
203,87,1,1
203,87,2,20
203,88,1,2
203,88,2,20
203,89,1,3
203,89,2,20
203,90,1,3
203,90,2,20
203,91,1,2
203,91,2,20
203,92,1,2
203,92,2,20
203,93,1,2
203,93,2,20
203,94,1,2
203,94,2,20
203,95,1,2
203,95,2,20
203,96,1,3
203,96,2,20
203,97,1,5
203,97,2,20
203,98,1,3
203,98,2,20
203,99,1,2
203,99,2,20
203,100,1,2
203,100,2,20
203,101,1,2
203,101,2,20
203,102,1,2
203,102,2,20
203,103,1,2
203,103,2,20
203,104,1,3
203,104,2,20
203,105,1,3
203,105,2,20
203,106,1,3
203,106,2,20
203,107,1,3
203,107,2,20
203,108,1,3
203,108,2,20
203,109,1,3
203,109,2,20
203,110,1,3
203,110,2,20
203,111,1,3
203,111,2,20
203,112,1,5
203,112,2,20
203,113,1,3
203,113,2,20
203,114,1,3
203,114,2,20
203,115,1,3
203,115,2,20
203,116,1,3
203,116,2,20
203,117,1,3
203,117,2,20
203,118,1,3
203,118,2,20
203,119,1,3
203,119,2,20
203,120,1,4
203,120,2,20
203,121,1,4
203,121,2,20
203,122,1,4
203,122,2,20
203,123,1,4
203,123,2,20
203,124,1,4
203,124,2,20
203,125,1,4
203,125,2,20
203,126,1,4
203,126,2,20
203,127,1,5
203,127,2,20
203,128,1,4
203,128,2,20
203,129,1,4
203,129,2,20
203,130,1,4
203,130,2,20
203,131,1,4
203,131,2,20
203,132,1,4
203,132,2,20
203,133,1,4
203,133,2,20
203,134,1,4
203,134,2,20
204,0,1,4
204,0,2,20
204,1,1,4
204,1,2,20
204,2,1,4
204,2,2,20
204,3,1,4
204,3,2,20
204,4,1,4
204,4,2,20
204,5,1,4
204,5,2,20
204,6,1,4
204,6,2,20
204,7,1,5
204,7,2,20
204,8,1,4
204,8,2,20
204,9,1,4
204,9,2,20
204,10,1,4
204,10,2,20
204,11,1,4
204,11,2,20
204,12,1,4
204,12,2,20
204,13,1,4
204,13,2,20
204,14,1,4
204,14,2,20
204,15,1,3
204,15,2,20
204,16,1,3
204,16,2,20
204,17,1,3
204,17,2,20
204,18,1,3
204,18,2,20
204,19,1,3
204,19,2,20
204,20,1,3
204,20,2,20
204,21,1,3
204,21,2,20
204,22,1,5
204,22,2,20
204,23,1,3
204,23,2,20
204,24,1,3
204,24,2,20
204,25,1,3
204,25,2,20
204,26,1,3
204,26,2,20
204,27,1,3
204,27,2,20
204,28,1,3
204,28,2,20
204,29,1,3
204,29,2,20
204,30,1,3
204,30,2,20
204,31,1,2
204,31,2,20
204,32,1,2
204,32,2,20
204,33,1,2
204,33,2,20
204,34,1,2
204,34,2,20
204,35,1,2
204,35,2,20
204,36,1,3
204,36,2,20
204,37,1,5
204,37,2,20
204,38,1,3
204,38,2,20
204,39,1,2
204,39,2,20
204,40,1,2
204,40,2,20
204,41,1,2
204,41,2,20
204,42,1,2
204,42,2,20
204,43,1,2
204,43,2,20
204,44,1,3
204,44,2,20
204,45,1,3
204,45,2,20
204,46,1,2
204,46,2,20
204,47,1,1
204,47,2,20
204,48,1,1
204,48,2,20
204,49,1,1
204,49,2,20
204,50,1,2
204,50,2,20
204,51,1,3
204,51,2,20
204,52,1,5
204,52,2,20
204,53,1,3
204,53,2,20
204,54,1,2
204,54,2,20
204,55,1,1
204,55,2,20
204,56,1,1
204,56,2,20
204,57,1,1
204,57,2,20
204,58,1,2
204,58,2,20
204,59,1,3
204,59,2,20
204,60,1,3
204,60,2,20
204,61,1,2
204,61,2,20
204,62,1,1
204,62,2,20
204,63,1,0
204,63,2,20
204,64,1,1
204,64,2,20
204,65,1,2
204,65,2,20
204,66,1,3
204,66,2,20
204,67,1,5
204,67,2,20
204,68,1,3
204,68,2,20
204,69,1,2
204,69,2,20
204,70,1,1
204,70,2,20
204,71,1,0
204,71,2,20
204,72,1,1
204,72,2,20
204,73,1,2
204,73,2,20
204,74,1,3
204,74,2,20
204,75,1,3
204,75,2,20
204,76,1,2
204,76,2,20
204,77,1,1
204,77,2,20
204,78,1,1
204,78,2,20
204,79,1,1
204,79,2,20
204,80,1,2
204,80,2,20
204,81,1,3
204,81,2,20
204,82,1,5
204,82,2,20
204,83,1,3
204,83,2,20
204,84,1,2
204,84,2,20
204,85,1,1
204,85,2,20
204,86,1,1
204,86,2,20
204,87,1,1
204,87,2,20
204,88,1,2
204,88,2,20
204,89,1,3
204,89,2,20
204,90,1,3
204,90,2,20
204,91,1,2
204,91,2,20
204,92,1,2
204,92,2,20
204,93,1,2
204,93,2,20
204,94,1,2
204,94,2,20
204,95,1,2
204,95,2,20
204,96,1,3
204,96,2,20
204,97,1,5
204,97,2,20
204,98,1,3
204,98,2,20
204,99,1,2
204,99,2,20
204,100,1,2
204,100,2,20
204,101,1,2
204,101,2,20
204,102,1,2
204,102,2,20
204,103,1,2
204,103,2,20
204,104,1,3
204,104,2,20
204,105,1,3
204,105,2,20
204,106,1,3
204,106,2,20
204,107,1,3
204,107,2,20
204,108,1,3
204,108,2,20
204,109,1,3
204,109,2,20
204,110,1,3
204,110,2,20
204,111,1,3
204,111,2,20
204,112,1,5
204,112,2,20
204,113,1,3
204,113,2,20
204,114,1,3
204,114,2,20
204,115,1,3
204,115,2,20
204,116,1,3
204,116,2,20
204,117,1,3
204,117,2,20
204,118,1,3
204,118,2,20
204,119,1,3
204,119,2,20
204,120,1,4
204,120,2,20
204,121,1,4
204,121,2,20
204,122,1,4
204,122,2,20
204,123,1,4
204,123,2,20
204,124,1,4
204,124,2,20
204,125,1,4
204,125,2,20
204,126,1,4
204,126,2,20
204,127,1,5
204,127,2,20
204,128,1,4
204,128,2,20
204,129,1,4
204,129,2,20
204,130,1,4
204,130,2,20
204,131,1,4
204,131,2,20
204,132,1,4
204,132,2,20
204,133,1,4
204,133,2,20
204,134,1,4
204,134,2,20
205,0,1,4
205,0,2,20
205,1,1,4
205,1,2,20
205,2,1,4
205,2,2,20
205,3,1,4
205,3,2,20
205,4,1,4
205,4,2,20
205,5,1,4
205,5,2,20
205,6,1,4
205,6,2,20
205,7,1,5
205,7,2,20
205,8,1,4
205,8,2,20
205,9,1,4
205,9,2,20
205,10,1,4
205,10,2,20
205,11,1,4
205,11,2,20
205,12,1,4
205,12,2,20
205,13,1,4
205,13,2,20
205,14,1,4
205,14,2,20
205,15,1,3
205,15,2,20
205,16,1,3
205,16,2,20
205,17,1,3
205,17,2,20
205,18,1,3
205,18,2,20
205,19,1,3
205,19,2,20
205,20,1,3
205,20,2,20
205,21,1,3
205,21,2,20
205,22,1,5
205,22,2,20
205,23,1,3
205,23,2,20
205,24,1,3
205,24,2,20
205,25,1,3
205,25,2,20
205,26,1,3
205,26,2,20
205,27,1,3
205,27,2,20
205,28,1,3
205,28,2,20
205,29,1,3
205,29,2,20
205,30,1,3
205,30,2,20
205,31,1,2
205,31,2,20
205,32,1,2
205,32,2,20
205,33,1,2
205,33,2,20
205,34,1,2
205,34,2,20
205,35,1,2
205,35,2,20
205,36,1,3
205,36,2,20
205,37,1,5
205,37,2,20
205,38,1,3
205,38,2,20
205,39,1,2
205,39,2,20
205,40,1,2
205,40,2,20
205,41,1,2
205,41,2,20
205,42,1,2
205,42,2,20
205,43,1,2
205,43,2,20
205,44,1,3
205,44,2,20
205,45,1,3
205,45,2,20
205,46,1,2
205,46,2,20
205,47,1,1
205,47,2,20
205,48,1,1
205,48,2,20
205,49,1,1
205,49,2,20
205,50,1,2
205,50,2,20
205,51,1,3
205,51,2,20
205,52,1,5
205,52,2,20
205,53,1,3
205,53,2,20
205,54,1,2
205,54,2,20
205,55,1,1
205,55,2,20
205,56,1,1
205,56,2,20
205,57,1,1
205,57,2,20
205,58,1,2
205,58,2,20
205,59,1,3
205,59,2,20
205,60,1,3
205,60,2,20
205,61,1,2
205,61,2,20
205,62,1,1
205,62,2,20
205,63,1,0
205,63,2,20
205,64,1,1
205,64,2,20
205,65,1,2
205,65,2,20
205,66,1,3
205,66,2,20
205,67,1,5
205,67,2,20
205,68,1,3
205,68,2,20
205,69,1,2
205,69,2,20
205,70,1,1
205,70,2,20
205,71,1,0
205,71,2,20
205,72,1,1
205,72,2,20
205,73,1,2
205,73,2,20
205,74,1,3
205,74,2,20
205,75,1,3
205,75,2,20
205,76,1,2
205,76,2,20
205,77,1,1
205,77,2,20
205,78,1,1
205,78,2,20
205,79,1,1
205,79,2,20
205,80,1,2
205,80,2,20
205,81,1,3
205,81,2,20
205,82,1,5
205,82,2,20
205,83,1,3
205,83,2,20
205,84,1,2
205,84,2,20
205,85,1,1
205,85,2,20
205,86,1,1
205,86,2,20
205,87,1,1
205,87,2,20
205,88,1,2
205,88,2,20
205,89,1,3
205,89,2,20
205,90,1,3
205,90,2,20
205,91,1,2
205,91,2,20
205,92,1,2
205,92,2,20
205,93,1,2
205,93,2,20
205,94,1,2
205,94,2,20
205,95,1,2
205,95,2,20
205,96,1,3
205,96,2,20
205,97,1,5
205,97,2,20
205,98,1,3
205,98,2,20
205,99,1,2
205,99,2,20
205,100,1,2
205,100,2,20
205,101,1,2
205,101,2,20
205,102,1,2
205,102,2,20
205,103,1,2
205,103,2,20
205,104,1,3
205,104,2,20
205,105,1,3
205,105,2,20
205,106,1,3
205,106,2,20
205,107,1,3
205,107,2,20
205,108,1,3
205,108,2,20
205,109,1,3
205,109,2,20
205,110,1,3
205,110,2,20
205,111,1,3
205,111,2,20
205,112,1,5
205,112,2,20
205,113,1,3
205,113,2,20
205,114,1,3
205,114,2,20
205,115,1,3
205,115,2,20
205,116,1,3
205,116,2,20
205,117,1,3
205,117,2,20
205,118,1,3
205,118,2,20
205,119,1,3
205,119,2,20
205,120,1,4
205,120,2,20
205,121,1,4
205,121,2,20
205,122,1,4
205,122,2,20
205,123,1,4
205,123,2,20
205,124,1,4
205,124,2,20
205,125,1,4
205,125,2,20
205,126,1,4
205,126,2,20
205,127,1,5
205,127,2,20
205,128,1,4
205,128,2,20
205,129,1,4
205,129,2,20
205,130,1,4
205,130,2,20
205,131,1,4
205,131,2,20
205,132,1,4
205,132,2,20
205,133,1,4
205,133,2,20
205,134,1,4
205,134,2,20
206,0,1,4
206,0,2,20
206,1,1,4
206,1,2,20
206,2,1,4
206,2,2,20
206,3,1,4
206,3,2,20
206,4,1,4
206,4,2,20
206,5,1,4
206,5,2,20
206,6,1,4
206,6,2,20
206,7,1,5
206,7,2,20
206,8,1,4
206,8,2,20
206,9,1,4
206,9,2,20
206,10,1,4
206,10,2,20
206,11,1,4
206,11,2,20
206,12,1,4
206,12,2,20
206,13,1,4
206,13,2,20
206,14,1,4
206,14,2,20
206,15,1,3
206,15,2,20
206,16,1,3
206,16,2,20
206,17,1,3
206,17,2,20
206,18,1,3
206,18,2,20
206,19,1,3
206,19,2,20
206,20,1,3
206,20,2,20
206,21,1,3
206,21,2,20
206,22,1,5
206,22,2,20
206,23,1,3
206,23,2,20
206,24,1,3
206,24,2,20
206,25,1,3
206,25,2,20
206,26,1,3
206,26,2,20
206,27,1,3
206,27,2,20
206,28,1,3
206,28,2,20
206,29,1,3
206,29,2,20
206,30,1,3
206,30,2,20
206,31,1,2
206,31,2,20
206,32,1,2
206,32,2,20
206,33,1,2
206,33,2,20
206,34,1,2
206,34,2,20
206,35,1,2
206,35,2,20
206,36,1,3
206,36,2,20
206,37,1,5
206,37,2,20
206,38,1,3
206,38,2,20
206,39,1,2
206,39,2,20
206,40,1,2
206,40,2,20
206,41,1,2
206,41,2,20
206,42,1,2
206,42,2,20
206,43,1,2
206,43,2,20
206,44,1,3
206,44,2,20
206,45,1,3
206,45,2,20
206,46,1,2
206,46,2,20
206,47,1,1
206,47,2,20
206,48,1,1
206,48,2,20
206,49,1,1
206,49,2,20
206,50,1,2
206,50,2,20
206,51,1,3
206,51,2,20
206,52,1,5
206,52,2,20
206,53,1,3
206,53,2,20
206,54,1,2
206,54,2,20
206,55,1,1
206,55,2,20
206,56,1,1
206,56,2,20
206,57,1,1
206,57,2,20
206,58,1,2
206,58,2,20
206,59,1,3
206,59,2,20
206,60,1,3
206,60,2,20
206,61,1,2
206,61,2,20
206,62,1,1
206,62,2,20
206,63,1,0
206,63,2,20
206,64,1,1
206,64,2,20
206,65,1,2
206,65,2,20
206,66,1,3
206,66,2,20
206,67,1,5
206,67,2,20
206,68,1,3
206,68,2,20
206,69,1,2
206,69,2,20
206,70,1,1
206,70,2,20
206,71,1,0
206,71,2,20
206,72,1,1
206,72,2,20
206,73,1,2
206,73,2,20
206,74,1,3
206,74,2,20
206,75,1,3
206,75,2,20
206,76,1,2
206,76,2,20
206,77,1,1
206,77,2,20
206,78,1,1
206,78,2,20
206,79,1,1
206,79,2,20
206,80,1,2
206,80,2,20
206,81,1,3
206,81,2,20
206,82,1,5
206,82,2,20
206,83,1,3
206,83,2,20
206,84,1,2
206,84,2,20
206,85,1,1
206,85,2,20
206,86,1,1
206,86,2,20
206,87,1,1
206,87,2,20
206,88,1,2
206,88,2,20
206,89,1,3
206,89,2,20
206,90,1,3
206,90,2,20
206,91,1,2
206,91,2,20
206,92,1,2
206,92,2,20
206,93,1,2
206,93,2,20
206,94,1,2
206,94,2,20
206,95,1,2
206,95,2,20
206,96,1,3
206,96,2,20
206,97,1,5
206,97,2,20
206,98,1,3
206,98,2,20
206,99,1,2
206,99,2,20
206,100,1,2
206,100,2,20
206,101,1,2
206,101,2,20
206,102,1,2
206,102,2,20
206,103,1,2
206,103,2,20
206,104,1,3
206,104,2,20
206,105,1,3
206,105,2,20
206,106,1,3
206,106,2,20
206,107,1,3
206,107,2,20
206,108,1,3
206,108,2,20
206,109,1,3
206,109,2,20
206,110,1,3
206,110,2,20
206,111,1,3
206,111,2,20
206,112,1,5
206,112,2,20
206,113,1,3
206,113,2,20
206,114,1,3
206,114,2,20
206,115,1,3
206,115,2,20
206,116,1,3
206,116,2,20
206,117,1,3
206,117,2,20
206,118,1,3
206,118,2,20
206,119,1,3
206,119,2,20
206,120,1,4
206,120,2,20
206,121,1,4
206,121,2,20
206,122,1,4
206,122,2,20
206,123,1,4
206,123,2,20
206,124,1,4
206,124,2,20
206,125,1,4
206,125,2,20
206,126,1,4
206,126,2,20
206,127,1,5
206,127,2,20
206,128,1,4
206,128,2,20
206,129,1,4
206,129,2,20
206,130,1,4
206,130,2,20
206,131,1,4
206,131,2,20
206,132,1,4
206,132,2,20
206,133,1,4
206,133,2,20
206,134,1,4
206,134,2,20
207,0,1,4
207,0,2,20
207,1,1,4
207,1,2,20
207,2,1,4
207,2,2,20
207,3,1,4
207,3,2,20
207,4,1,4
207,4,2,20
207,5,1,4
207,5,2,20
207,6,1,4
207,6,2,20
207,7,1,5
207,7,2,20
207,8,1,4
207,8,2,20
207,9,1,4
207,9,2,20
207,10,1,4
207,10,2,20
207,11,1,4
207,11,2,20
207,12,1,4
207,12,2,20
207,13,1,4
207,13,2,20
207,14,1,4
207,14,2,20
207,15,1,3
207,15,2,20
207,16,1,3
207,16,2,20
207,17,1,3
207,17,2,20
207,18,1,3
207,18,2,20
207,19,1,3
207,19,2,20
207,20,1,3
207,20,2,20
207,21,1,3
207,21,2,20
207,22,1,5
207,22,2,20
207,23,1,3
207,23,2,20
207,24,1,3
207,24,2,20
207,25,1,3
207,25,2,20
207,26,1,3
207,26,2,20
207,27,1,3
207,27,2,20
207,28,1,3
207,28,2,20
207,29,1,3
207,29,2,20
207,30,1,3
207,30,2,20
207,31,1,2
207,31,2,20
207,32,1,2
207,32,2,20
207,33,1,2
207,33,2,20
207,34,1,2
207,34,2,20
207,35,1,2
207,35,2,20
207,36,1,3
207,36,2,20
207,37,1,5
207,37,2,20
207,38,1,3
207,38,2,20
207,39,1,2
207,39,2,20
207,40,1,2
207,40,2,20
207,41,1,2
207,41,2,20
207,42,1,2
207,42,2,20
207,43,1,2
207,43,2,20
207,44,1,3
207,44,2,20
207,45,1,3
207,45,2,20
207,46,1,2
207,46,2,20
207,47,1,1
207,47,2,20
207,48,1,1
207,48,2,20
207,49,1,1
207,49,2,20
207,50,1,2
207,50,2,20
207,51,1,3
207,51,2,20
207,52,1,5
207,52,2,20
207,53,1,3
207,53,2,20
207,54,1,2
207,54,2,20
207,55,1,1
207,55,2,20
207,56,1,1
207,56,2,20
207,57,1,1
207,57,2,20
207,58,1,2
207,58,2,20
207,59,1,3
207,59,2,20
207,60,1,3
207,60,2,20
207,61,1,2
207,61,2,20
207,62,1,1
207,62,2,20
207,63,1,0
207,63,2,20
207,64,1,1
207,64,2,20
207,65,1,2
207,65,2,20
207,66,1,3
207,66,2,20
207,67,1,5
207,67,2,20
207,68,1,3
207,68,2,20
207,69,1,2
207,69,2,20
207,70,1,1
207,70,2,20
207,71,1,0
207,71,2,20
207,72,1,1
207,72,2,20
207,73,1,2
207,73,2,20
207,74,1,3
207,74,2,20
207,75,1,3
207,75,2,20
207,76,1,2
207,76,2,20
207,77,1,1
207,77,2,20
207,78,1,1
207,78,2,20
207,79,1,1
207,79,2,20
207,80,1,2
207,80,2,20
207,81,1,3
207,81,2,20
207,82,1,5
207,82,2,20
207,83,1,3
207,83,2,20
207,84,1,2
207,84,2,20
207,85,1,1
207,85,2,20
207,86,1,1
207,86,2,20
207,87,1,1
207,87,2,20
207,88,1,2
207,88,2,20
207,89,1,3
207,89,2,20
207,90,1,3
207,90,2,20
207,91,1,2
207,91,2,20
207,92,1,2
207,92,2,20
207,93,1,2
207,93,2,20
207,94,1,2
207,94,2,20
207,95,1,2
207,95,2,20
207,96,1,3
207,96,2,20
207,97,1,5
207,97,2,20
207,98,1,3
207,98,2,20
207,99,1,2
207,99,2,20
207,100,1,2
207,100,2,20
207,101,1,2
207,101,2,20
207,102,1,2
207,102,2,20
207,103,1,2
207,103,2,20
207,104,1,3
207,104,2,20
207,105,1,3
207,105,2,20
207,106,1,3
207,106,2,20
207,107,1,3
207,107,2,20
207,108,1,3
207,108,2,20
207,109,1,3
207,109,2,20
207,110,1,3
207,110,2,20
207,111,1,3
207,111,2,20
207,112,1,5
207,112,2,20
207,113,1,3
207,113,2,20
207,114,1,3
207,114,2,20
207,115,1,3
207,115,2,20
207,116,1,3
207,116,2,20
207,117,1,3
207,117,2,20
207,118,1,3
207,118,2,20
207,119,1,3
207,119,2,20
207,120,1,4
207,120,2,20
207,121,1,4
207,121,2,20
207,122,1,4
207,122,2,20
207,123,1,4
207,123,2,20
207,124,1,4
207,124,2,20
207,125,1,4
207,125,2,20
207,126,1,4
207,126,2,20
207,127,1,5
207,127,2,20
207,128,1,4
207,128,2,20
207,129,1,4
207,129,2,20
207,130,1,4
207,130,2,20
207,131,1,4
207,131,2,20
207,132,1,4
207,132,2,20
207,133,1,4
207,133,2,20
207,134,1,4
207,134,2,20
208,0,1,4
208,0,2,20
208,1,1,4
208,1,2,20
208,2,1,4
208,2,2,20
208,3,1,4
208,3,2,20
208,4,1,4
208,4,2,20
208,5,1,4
208,5,2,20
208,6,1,4
208,6,2,20
208,7,1,5
208,7,2,20
208,8,1,4
208,8,2,20
208,9,1,4
208,9,2,20
208,10,1,4
208,10,2,20
208,11,1,4
208,11,2,20
208,12,1,4
208,12,2,20
208,13,1,4
208,13,2,20
208,14,1,4
208,14,2,20
208,15,1,3
208,15,2,20
208,16,1,3
208,16,2,20
208,17,1,3
208,17,2,20
208,18,1,3
208,18,2,20
208,19,1,3
208,19,2,20
208,20,1,3
208,20,2,20
208,21,1,3
208,21,2,20
208,22,1,5
208,22,2,20
208,23,1,3
208,23,2,20
208,24,1,3
208,24,2,20
208,25,1,3
208,25,2,20
208,26,1,3
208,26,2,20
208,27,1,3
208,27,2,20
208,28,1,3
208,28,2,20
208,29,1,3
208,29,2,20
208,30,1,3
208,30,2,20
208,31,1,2
208,31,2,20
208,32,1,2
208,32,2,20
208,33,1,2
208,33,2,20
208,34,1,2
208,34,2,20
208,35,1,2
208,35,2,20
208,36,1,3
208,36,2,20
208,37,1,5
208,37,2,20
208,38,1,3
208,38,2,20
208,39,1,2
208,39,2,20
208,40,1,2
208,40,2,20
208,41,1,2
208,41,2,20
208,42,1,2
208,42,2,20
208,43,1,2
208,43,2,20
208,44,1,3
208,44,2,20
208,45,1,3
208,45,2,20
208,46,1,2
208,46,2,20
208,47,1,1
208,47,2,20
208,48,1,1
208,48,2,20
208,49,1,1
208,49,2,20
208,50,1,2
208,50,2,20
208,51,1,3
208,51,2,20
208,52,1,5
208,52,2,20
208,53,1,3
208,53,2,20
208,54,1,2
208,54,2,20
208,55,1,1
208,55,2,20
208,56,1,1
208,56,2,20
208,57,1,1
208,57,2,20
208,58,1,2
208,58,2,20
208,59,1,3
208,59,2,20
208,60,1,3
208,60,2,20
208,61,1,2
208,61,2,20
208,62,1,1
208,62,2,20
208,63,1,0
208,63,2,20
208,64,1,1
208,64,2,20
208,65,1,2
208,65,2,20
208,66,1,3
208,66,2,20
208,67,1,5
208,67,2,20
208,68,1,3
208,68,2,20
208,69,1,2
208,69,2,20
208,70,1,1
208,70,2,20
208,71,1,0
208,71,2,20
208,72,1,1
208,72,2,20
208,73,1,2
208,73,2,20
208,74,1,3
208,74,2,20
208,75,1,3
208,75,2,20
208,76,1,2
208,76,2,20
208,77,1,1
208,77,2,20
208,78,1,1
208,78,2,20
208,79,1,1
208,79,2,20
208,80,1,2
208,80,2,20
208,81,1,3
208,81,2,20
208,82,1,5
208,82,2,20
208,83,1,3
208,83,2,20
208,84,1,2
208,84,2,20
208,85,1,1
208,85,2,20
208,86,1,1
208,86,2,20
208,87,1,1
208,87,2,20
208,88,1,2
208,88,2,20
208,89,1,3
208,89,2,20
208,90,1,3
208,90,2,20
208,91,1,2
208,91,2,20
208,92,1,2
208,92,2,20
208,93,1,2
208,93,2,20
208,94,1,2
208,94,2,20
208,95,1,2
208,95,2,20
208,96,1,3
208,96,2,20
208,97,1,5
208,97,2,20
208,98,1,3
208,98,2,20
208,99,1,2
208,99,2,20
208,100,1,2
208,100,2,20
208,101,1,2
208,101,2,20
208,102,1,2
208,102,2,20
208,103,1,2
208,103,2,20
208,104,1,3
208,104,2,20
208,105,1,3
208,105,2,20
208,106,1,3
208,106,2,20
208,107,1,3
208,107,2,20
208,108,1,3
208,108,2,20
208,109,1,3
208,109,2,20
208,110,1,3
208,110,2,20
208,111,1,3
208,111,2,20
208,112,1,5
208,112,2,20
208,113,1,3
208,113,2,20
208,114,1,3
208,114,2,20
208,115,1,3
208,115,2,20
208,116,1,3
208,116,2,20
208,117,1,3
208,117,2,20
208,118,1,3
208,118,2,20
208,119,1,3
208,119,2,20
208,120,1,4
208,120,2,20
208,121,1,4
208,121,2,20
208,122,1,4
208,122,2,20
208,123,1,4
208,123,2,20
208,124,1,4
208,124,2,20
208,125,1,4
208,125,2,20
208,126,1,4
208,126,2,20
208,127,1,5
208,127,2,20
208,128,1,4
208,128,2,20
208,129,1,4
208,129,2,20
208,130,1,4
208,130,2,20
208,131,1,4
208,131,2,20
208,132,1,4
208,132,2,20
208,133,1,4
208,133,2,20
208,134,1,4
208,134,2,20
209,0,1,4
209,0,2,20
209,1,1,4
209,1,2,20
209,2,1,4
209,2,2,20
209,3,1,4
209,3,2,20
209,4,1,4
209,4,2,20
209,5,1,4
209,5,2,20
209,6,1,4
209,6,2,20
209,7,1,5
209,7,2,20
209,8,1,4
209,8,2,20
209,9,1,4
209,9,2,20
209,10,1,4
209,10,2,20
209,11,1,4
209,11,2,20
209,12,1,4
209,12,2,20
209,13,1,4
209,13,2,20
209,14,1,4
209,14,2,20
209,15,1,3
209,15,2,20
209,16,1,3
209,16,2,20
209,17,1,3
209,17,2,20
209,18,1,3
209,18,2,20
209,19,1,3
209,19,2,20
209,20,1,3
209,20,2,20
209,21,1,3
209,21,2,20
209,22,1,5
209,22,2,20
209,23,1,3
209,23,2,20
209,24,1,3
209,24,2,20
209,25,1,3
209,25,2,20
209,26,1,3
209,26,2,20
209,27,1,3
209,27,2,20
209,28,1,3
209,28,2,20
209,29,1,3
209,29,2,20
209,30,1,3
209,30,2,20
209,31,1,2
209,31,2,20
209,32,1,2
209,32,2,20
209,33,1,2
209,33,2,20
209,34,1,2
209,34,2,20
209,35,1,2
209,35,2,20
209,36,1,3
209,36,2,20
209,37,1,5
209,37,2,20
209,38,1,3
209,38,2,20
209,39,1,2
209,39,2,20
209,40,1,2
209,40,2,20
209,41,1,2
209,41,2,20
209,42,1,2
209,42,2,20
209,43,1,2
209,43,2,20
209,44,1,3
209,44,2,20
209,45,1,3
209,45,2,20
209,46,1,2
209,46,2,20
209,47,1,1
209,47,2,20
209,48,1,1
209,48,2,20
209,49,1,1
209,49,2,20
209,50,1,2
209,50,2,20
209,51,1,3
209,51,2,20
209,52,1,5
209,52,2,20
209,53,1,3
209,53,2,20
209,54,1,2
209,54,2,20
209,55,1,1
209,55,2,20
209,56,1,1
209,56,2,20
209,57,1,1
209,57,2,20
209,58,1,2
209,58,2,20
209,59,1,3
209,59,2,20
209,60,1,3
209,60,2,20
209,61,1,2
209,61,2,20
209,62,1,1
209,62,2,20
209,63,1,0
209,63,2,20
209,64,1,1
209,64,2,20
209,65,1,2
209,65,2,20
209,66,1,3
209,66,2,20
209,67,1,5
209,67,2,20
209,68,1,3
209,68,2,20
209,69,1,2
209,69,2,20
209,70,1,1
209,70,2,20
209,71,1,0
209,71,2,20
209,72,1,1
209,72,2,20
209,73,1,2
209,73,2,20
209,74,1,3
209,74,2,20
209,75,1,3
209,75,2,20
209,76,1,2
209,76,2,20
209,77,1,1
209,77,2,20
209,78,1,1
209,78,2,20
209,79,1,1
209,79,2,20
209,80,1,2
209,80,2,20
209,81,1,3
209,81,2,20
209,82,1,5
209,82,2,20
209,83,1,3
209,83,2,20
209,84,1,2
209,84,2,20
209,85,1,1
209,85,2,20
209,86,1,1
209,86,2,20
209,87,1,1
209,87,2,20
209,88,1,2
209,88,2,20
209,89,1,3
209,89,2,20
209,90,1,3
209,90,2,20
209,91,1,2
209,91,2,20
209,92,1,2
209,92,2,20
209,93,1,2
209,93,2,20
209,94,1,2
209,94,2,20
209,95,1,2
209,95,2,20
209,96,1,3
209,96,2,20
209,97,1,5
209,97,2,20
209,98,1,3
209,98,2,20
209,99,1,2
209,99,2,20
209,100,1,2
209,100,2,20
209,101,1,2
209,101,2,20
209,102,1,2
209,102,2,20
209,103,1,2
209,103,2,20
209,104,1,3
209,104,2,20
209,105,1,3
209,105,2,20
209,106,1,3
209,106,2,20
209,107,1,3
209,107,2,20
209,108,1,3
209,108,2,20
209,109,1,3
209,109,2,20
209,110,1,3
209,110,2,20
209,111,1,3
209,111,2,20
209,112,1,5
209,112,2,20
209,113,1,3
209,113,2,20
209,114,1,3
209,114,2,20
209,115,1,3
209,115,2,20
209,116,1,3
209,116,2,20
209,117,1,3
209,117,2,20
209,118,1,3
209,118,2,20
209,119,1,3
209,119,2,20
209,120,1,4
209,120,2,20
209,121,1,4
209,121,2,20
209,122,1,4
209,122,2,20
209,123,1,4
209,123,2,20
209,124,1,4
209,124,2,20
209,125,1,4
209,125,2,20
209,126,1,4
209,126,2,20
209,127,1,5
209,127,2,20
209,128,1,4
209,128,2,20
209,129,1,4
209,129,2,20
209,130,1,4
209,130,2,20
209,131,1,4
209,131,2,20
209,132,1,4
209,132,2,20
209,133,1,4
209,133,2,20
209,134,1,4
209,134,2,20
210,0,1,4
210,0,2,20
210,1,1,4
210,1,2,20
210,2,1,4
210,2,2,20
210,3,1,4
210,3,2,20
210,4,1,4
210,4,2,20
210,5,1,4
210,5,2,20
210,6,1,4
210,6,2,20
210,7,1,5
210,7,2,20
210,8,1,4
210,8,2,20
210,9,1,4
210,9,2,20
210,10,1,4
210,10,2,20
210,11,1,4
210,11,2,20
210,12,1,4
210,12,2,20
210,13,1,4
210,13,2,20
210,14,1,4
210,14,2,20
210,15,1,3
210,15,2,20
210,16,1,3
210,16,2,20
210,17,1,3
210,17,2,20
210,18,1,3
210,18,2,20
210,19,1,3
210,19,2,20
210,20,1,3
210,20,2,20
210,21,1,3
210,21,2,20
210,22,1,5
210,22,2,20
210,23,1,3
210,23,2,20
210,24,1,3
210,24,2,20
210,25,1,3
210,25,2,20
210,26,1,3
210,26,2,20
210,27,1,3
210,27,2,20
210,28,1,3
210,28,2,20
210,29,1,3
210,29,2,20
210,30,1,3
210,30,2,20
210,31,1,2
210,31,2,20
210,32,1,2
210,32,2,20
210,33,1,2
210,33,2,20
210,34,1,2
210,34,2,20
210,35,1,2
210,35,2,20
210,36,1,3
210,36,2,20
210,37,1,5
210,37,2,20
210,38,1,3
210,38,2,20
210,39,1,2
210,39,2,20
210,40,1,2
210,40,2,20
210,41,1,2
210,41,2,20
210,42,1,2
210,42,2,20
210,43,1,2
210,43,2,20
210,44,1,3
210,44,2,20
210,45,1,3
210,45,2,20
210,46,1,2
210,46,2,20
210,47,1,1
210,47,2,20
210,48,1,1
210,48,2,20
210,49,1,1
210,49,2,20
210,50,1,2
210,50,2,20
210,51,1,3
210,51,2,20
210,52,1,5
210,52,2,20
210,53,1,3
210,53,2,20
210,54,1,2
210,54,2,20
210,55,1,1
210,55,2,20
210,56,1,1
210,56,2,20
210,57,1,1
210,57,2,20
210,58,1,2
210,58,2,20
210,59,1,3
210,59,2,20
210,60,1,3
210,60,2,20
210,61,1,2
210,61,2,20
210,62,1,1
210,62,2,20
210,63,1,0
210,63,2,20
210,64,1,1
210,64,2,20
210,65,1,2
210,65,2,20
210,66,1,3
210,66,2,20
210,67,1,5
210,67,2,20
210,68,1,3
210,68,2,20
210,69,1,2
210,69,2,20
210,70,1,1
210,70,2,20
210,71,1,0
210,71,2,20
210,72,1,1
210,72,2,20
210,73,1,2
210,73,2,20
210,74,1,3
210,74,2,20
210,75,1,3
210,75,2,20
210,76,1,2
210,76,2,20
210,77,1,1
210,77,2,20
210,78,1,1
210,78,2,20
210,79,1,1
210,79,2,20
210,80,1,2
210,80,2,20
210,81,1,3
210,81,2,20
210,82,1,5
210,82,2,20
210,83,1,3
210,83,2,20
210,84,1,2
210,84,2,20
210,85,1,1
210,85,2,20
210,86,1,1
210,86,2,20
210,87,1,1
210,87,2,20
210,88,1,2
210,88,2,20
210,89,1,3
210,89,2,20
210,90,1,3
210,90,2,20
210,91,1,2
210,91,2,20
210,92,1,2
210,92,2,20
210,93,1,2
210,93,2,20
210,94,1,2
210,94,2,20
210,95,1,2
210,95,2,20
210,96,1,3
210,96,2,20
210,97,1,5
210,97,2,20
210,98,1,3
210,98,2,20
210,99,1,2
210,99,2,20
210,100,1,2
210,100,2,20
210,101,1,2
210,101,2,20
210,102,1,2
210,102,2,20
210,103,1,2
210,103,2,20
210,104,1,3
210,104,2,20
210,105,1,3
210,105,2,20
210,106,1,3
210,106,2,20
210,107,1,3
210,107,2,20
210,108,1,3
210,108,2,20
210,109,1,3
210,109,2,20
210,110,1,3
210,110,2,20
210,111,1,3
210,111,2,20
210,112,1,5
210,112,2,20
210,113,1,3
210,113,2,20
210,114,1,3
210,114,2,20
210,115,1,3
210,115,2,20
210,116,1,3
210,116,2,20
210,117,1,3
210,117,2,20
210,118,1,3
210,118,2,20
210,119,1,3
210,119,2,20
210,120,1,4
210,120,2,20
210,121,1,4
210,121,2,20
210,122,1,4
210,122,2,20
210,123,1,4
210,123,2,20
210,124,1,4
210,124,2,20
210,125,1,4
210,125,2,20
210,126,1,4
210,126,2,20
210,127,1,5
210,127,2,20
210,128,1,4
210,128,2,20
210,129,1,4
210,129,2,20
210,130,1,4
210,130,2,20
210,131,1,4
210,131,2,20
210,132,1,4
210,132,2,20
210,133,1,4
210,133,2,20
210,134,1,4
210,134,2,20
211,0,1,4
211,0,2,20
211,1,1,4
211,1,2,20
211,2,1,4
211,2,2,20
211,3,1,4
211,3,2,20
211,4,1,4
211,4,2,20
211,5,1,4
211,5,2,20
211,6,1,4
211,6,2,20
211,7,1,5
211,7,2,20
211,8,1,4
211,8,2,20
211,9,1,4
211,9,2,20
211,10,1,4
211,10,2,20
211,11,1,4
211,11,2,20
211,12,1,4
211,12,2,20
211,13,1,4
211,13,2,20
211,14,1,4
211,14,2,20
211,15,1,3
211,15,2,20
211,16,1,3
211,16,2,20
211,17,1,3
211,17,2,20
211,18,1,3
211,18,2,20
211,19,1,3
211,19,2,20
211,20,1,3
211,20,2,20
211,21,1,3
211,21,2,20
211,22,1,5
211,22,2,20
211,23,1,3
211,23,2,20
211,24,1,3
211,24,2,20
211,25,1,3
211,25,2,20
211,26,1,3
211,26,2,20
211,27,1,3
211,27,2,20
211,28,1,3
211,28,2,20
211,29,1,3
211,29,2,20
211,30,1,3
211,30,2,20
211,31,1,2
211,31,2,20
211,32,1,2
211,32,2,20
211,33,1,2
211,33,2,20
211,34,1,2
211,34,2,20
211,35,1,2
211,35,2,20
211,36,1,3
211,36,2,20
211,37,1,5
211,37,2,20
211,38,1,3
211,38,2,20
211,39,1,2
211,39,2,20
211,40,1,2
211,40,2,20
211,41,1,2
211,41,2,20
211,42,1,2
211,42,2,20
211,43,1,2
211,43,2,20
211,44,1,3
211,44,2,20
211,45,1,3
211,45,2,20
211,46,1,2
211,46,2,20
211,47,1,1
211,47,2,20
211,48,1,1
211,48,2,20
211,49,1,1
211,49,2,20
211,50,1,2
211,50,2,20
211,51,1,3
211,51,2,20
211,52,1,5
211,52,2,20
211,53,1,3
211,53,2,20
211,54,1,2
211,54,2,20
211,55,1,1
211,55,2,20
211,56,1,1
211,56,2,20
211,57,1,1
211,57,2,20
211,58,1,2
211,58,2,20
211,59,1,3
211,59,2,20
211,60,1,3
211,60,2,20
211,61,1,2
211,61,2,20
211,62,1,1
211,62,2,20
211,63,1,0
211,63,2,20
211,64,1,1
211,64,2,20
211,65,1,2
211,65,2,20
211,66,1,3
211,66,2,20
211,67,1,5
211,67,2,20
211,68,1,3
211,68,2,20
211,69,1,2
211,69,2,20
211,70,1,1
211,70,2,20
211,71,1,0
211,71,2,20
211,72,1,1
211,72,2,20
211,73,1,2
211,73,2,20
211,74,1,3
211,74,2,20
211,75,1,3
211,75,2,20
211,76,1,2
211,76,2,20
211,77,1,1
211,77,2,20
211,78,1,1
211,78,2,20
211,79,1,1
211,79,2,20
211,80,1,2
211,80,2,20
211,81,1,3
211,81,2,20
211,82,1,5
211,82,2,20
211,83,1,3
211,83,2,20
211,84,1,2
211,84,2,20
211,85,1,1
211,85,2,20
211,86,1,1
211,86,2,20
211,87,1,1
211,87,2,20
211,88,1,2
211,88,2,20
211,89,1,3
211,89,2,20
211,90,1,3
211,90,2,20
211,91,1,2
211,91,2,20
211,92,1,2
211,92,2,20
211,93,1,2
211,93,2,20
211,94,1,2
211,94,2,20
211,95,1,2
211,95,2,20
211,96,1,3
211,96,2,20
211,97,1,5
211,97,2,20
211,98,1,3
211,98,2,20
211,99,1,2
211,99,2,20
211,100,1,2
211,100,2,20
211,101,1,2
211,101,2,20
211,102,1,2
211,102,2,20
211,103,1,2
211,103,2,20
211,104,1,3
211,104,2,20
211,105,1,3
211,105,2,20
211,106,1,3
211,106,2,20
211,107,1,3
211,107,2,20
211,108,1,3
211,108,2,20
211,109,1,3
211,109,2,20
211,110,1,3
211,110,2,20
211,111,1,3
211,111,2,20
211,112,1,5
211,112,2,20
211,113,1,3
211,113,2,20
211,114,1,3
211,114,2,20
211,115,1,3
211,115,2,20
211,116,1,3
211,116,2,20
211,117,1,3
211,117,2,20
211,118,1,3
211,118,2,20
211,119,1,3
211,119,2,20
211,120,1,4
211,120,2,20
211,121,1,4
211,121,2,20
211,122,1,4
211,122,2,20
211,123,1,4
211,123,2,20
211,124,1,4
211,124,2,20
211,125,1,4
211,125,2,20
211,126,1,4
211,126,2,20
211,127,1,5
211,127,2,20
211,128,1,4
211,128,2,20
211,129,1,4
211,129,2,20
211,130,1,4
211,130,2,20
211,131,1,4
211,131,2,20
211,132,1,4
211,132,2,20
211,133,1,4
211,133,2,20
211,134,1,4
211,134,2,20
212,0,1,4
212,0,2,20
212,1,1,4
212,1,2,20
212,2,1,4
212,2,2,20
212,3,1,4
212,3,2,20
212,4,1,4
212,4,2,20
212,5,1,4
212,5,2,20
212,6,1,4
212,6,2,20
212,7,1,5
212,7,2,20
212,8,1,4
212,8,2,20
212,9,1,4
212,9,2,20
212,10,1,4
212,10,2,20
212,11,1,4
212,11,2,20
212,12,1,4
212,12,2,20
212,13,1,4
212,13,2,20
212,14,1,4
212,14,2,20
212,15,1,3
212,15,2,20
212,16,1,3
212,16,2,20
212,17,1,3
212,17,2,20
212,18,1,3
212,18,2,20
212,19,1,3
212,19,2,20
212,20,1,3
212,20,2,20
212,21,1,3
212,21,2,20
212,22,1,5
212,22,2,20
212,23,1,3
212,23,2,20
212,24,1,3
212,24,2,20
212,25,1,3
212,25,2,20
212,26,1,3
212,26,2,20
212,27,1,3
212,27,2,20
212,28,1,3
212,28,2,20
212,29,1,3
212,29,2,20
212,30,1,3
212,30,2,20
212,31,1,2
212,31,2,20
212,32,1,2
212,32,2,20
212,33,1,2
212,33,2,20
212,34,1,2
212,34,2,20
212,35,1,2
212,35,2,20
212,36,1,3
212,36,2,20
212,37,1,5
212,37,2,20
212,38,1,3
212,38,2,20
212,39,1,2
212,39,2,20
212,40,1,2
212,40,2,20
212,41,1,2
212,41,2,20
212,42,1,2
212,42,2,20
212,43,1,2
212,43,2,20
212,44,1,3
212,44,2,20
212,45,1,3
212,45,2,20
212,46,1,2
212,46,2,20
212,47,1,1
212,47,2,20
212,48,1,1
212,48,2,20
212,49,1,1
212,49,2,20
212,50,1,2
212,50,2,20
212,51,1,3
212,51,2,20
212,52,1,5
212,52,2,20
212,53,1,3
212,53,2,20
212,54,1,2
212,54,2,20
212,55,1,1
212,55,2,20
212,56,1,1
212,56,2,20
212,57,1,1
212,57,2,20
212,58,1,2
212,58,2,20
212,59,1,3
212,59,2,20
212,60,1,3
212,60,2,20
212,61,1,2
212,61,2,20
212,62,1,1
212,62,2,20
212,63,1,0
212,63,2,20
212,64,1,1
212,64,2,20
212,65,1,2
212,65,2,20
212,66,1,3
212,66,2,20
212,67,1,5
212,67,2,20
212,68,1,3
212,68,2,20
212,69,1,2
212,69,2,20
212,70,1,1
212,70,2,20
212,71,1,0
212,71,2,20
212,72,1,1
212,72,2,20
212,73,1,2
212,73,2,20
212,74,1,3
212,74,2,20
212,75,1,3
212,75,2,20
212,76,1,2
212,76,2,20
212,77,1,1
212,77,2,20
212,78,1,1
212,78,2,20
212,79,1,1
212,79,2,20
212,80,1,2
212,80,2,20
212,81,1,3
212,81,2,20
212,82,1,5
212,82,2,20
212,83,1,3
212,83,2,20
212,84,1,2
212,84,2,20
212,85,1,1
212,85,2,20
212,86,1,1
212,86,2,20
212,87,1,1
212,87,2,20
212,88,1,2
212,88,2,20
212,89,1,3
212,89,2,20
212,90,1,3
212,90,2,20
212,91,1,2
212,91,2,20
212,92,1,2
212,92,2,20
212,93,1,2
212,93,2,20
212,94,1,2
212,94,2,20
212,95,1,2
212,95,2,20
212,96,1,3
212,96,2,20
212,97,1,5
212,97,2,20
212,98,1,3
212,98,2,20
212,99,1,2
212,99,2,20
212,100,1,2
212,100,2,20
212,101,1,2
212,101,2,20
212,102,1,2
212,102,2,20
212,103,1,2
212,103,2,20
212,104,1,3
212,104,2,20
212,105,1,3
212,105,2,20
212,106,1,3
212,106,2,20
212,107,1,3
212,107,2,20
212,108,1,3
212,108,2,20
212,109,1,3
212,109,2,20
212,110,1,3
212,110,2,20
212,111,1,3
212,111,2,20
212,112,1,5
212,112,2,20
212,113,1,3
212,113,2,20
212,114,1,3
212,114,2,20
212,115,1,3
212,115,2,20
212,116,1,3
212,116,2,20
212,117,1,3
212,117,2,20
212,118,1,3
212,118,2,20
212,119,1,3
212,119,2,20
212,120,1,4
212,120,2,20
212,121,1,4
212,121,2,20
212,122,1,4
212,122,2,20
212,123,1,4
212,123,2,20
212,124,1,4
212,124,2,20
212,125,1,4
212,125,2,20
212,126,1,4
212,126,2,20
212,127,1,5
212,127,2,20
212,128,1,4
212,128,2,20
212,129,1,4
212,129,2,20
212,130,1,4
212,130,2,20
212,131,1,4
212,131,2,20
212,132,1,4
212,132,2,20
212,133,1,4
212,133,2,20
212,134,1,4
212,134,2,20
213,0,1,4
213,0,2,20
213,1,1,4
213,1,2,20
213,2,1,4
213,2,2,20
213,3,1,4
213,3,2,20
213,4,1,4
213,4,2,20
213,5,1,4
213,5,2,20
213,6,1,4
213,6,2,20
213,7,1,5
213,7,2,20
213,8,1,4
213,8,2,20
213,9,1,4
213,9,2,20
213,10,1,4
213,10,2,20
213,11,1,4
213,11,2,20
213,12,1,4
213,12,2,20
213,13,1,4
213,13,2,20
213,14,1,4
213,14,2,20
213,15,1,3
213,15,2,20
213,16,1,3
213,16,2,20
213,17,1,3
213,17,2,20
213,18,1,3
213,18,2,20
213,19,1,3
213,19,2,20
213,20,1,3
213,20,2,20
213,21,1,3
213,21,2,20
213,22,1,5
213,22,2,20
213,23,1,3
213,23,2,20
213,24,1,3
213,24,2,20
213,25,1,3
213,25,2,20
213,26,1,3
213,26,2,20
213,27,1,3
213,27,2,20
213,28,1,3
213,28,2,20
213,29,1,3
213,29,2,20
213,30,1,3
213,30,2,20
213,31,1,2
213,31,2,20
213,32,1,2
213,32,2,20
213,33,1,2
213,33,2,20
213,34,1,2
213,34,2,20
213,35,1,2
213,35,2,20
213,36,1,3
213,36,2,20
213,37,1,5
213,37,2,20
213,38,1,3
213,38,2,20
213,39,1,2
213,39,2,20
213,40,1,2
213,40,2,20
213,41,1,2
213,41,2,20
213,42,1,2
213,42,2,20
213,43,1,2
213,43,2,20
213,44,1,3
213,44,2,20
213,45,1,3
213,45,2,20
213,46,1,2
213,46,2,20
213,47,1,1
213,47,2,20
213,48,1,1
213,48,2,20
213,49,1,1
213,49,2,20
213,50,1,2
213,50,2,20
213,51,1,3
213,51,2,20
213,52,1,5
213,52,2,20
213,53,1,3
213,53,2,20
213,54,1,2
213,54,2,20
213,55,1,1
213,55,2,20
213,56,1,1
213,56,2,20
213,57,1,1
213,57,2,20
213,58,1,2
213,58,2,20
213,59,1,3
213,59,2,20
213,60,1,3
213,60,2,20
213,61,1,2
213,61,2,20
213,62,1,1
213,62,2,20
213,63,1,0
213,63,2,20
213,64,1,1
213,64,2,20
213,65,1,2
213,65,2,20
213,66,1,3
213,66,2,20
213,67,1,5
213,67,2,20
213,68,1,3
213,68,2,20
213,69,1,2
213,69,2,20
213,70,1,1
213,70,2,20
213,71,1,0
213,71,2,20
213,72,1,1
213,72,2,20
213,73,1,2
213,73,2,20
213,74,1,3
213,74,2,20
213,75,1,3
213,75,2,20
213,76,1,2
213,76,2,20
213,77,1,1
213,77,2,20
213,78,1,1
213,78,2,20
213,79,1,1
213,79,2,20
213,80,1,2
213,80,2,20
213,81,1,3
213,81,2,20
213,82,1,5
213,82,2,20
213,83,1,3
213,83,2,20
213,84,1,2
213,84,2,20
213,85,1,1
213,85,2,20
213,86,1,1
213,86,2,20
213,87,1,1
213,87,2,20
213,88,1,2
213,88,2,20
213,89,1,3
213,89,2,20
213,90,1,3
213,90,2,20
213,91,1,2
213,91,2,20
213,92,1,2
213,92,2,20
213,93,1,2
213,93,2,20
213,94,1,2
213,94,2,20
213,95,1,2
213,95,2,20
213,96,1,3
213,96,2,20
213,97,1,5
213,97,2,20
213,98,1,3
213,98,2,20
213,99,1,2
213,99,2,20
213,100,1,2
213,100,2,20
213,101,1,2
213,101,2,20
213,102,1,2
213,102,2,20
213,103,1,2
213,103,2,20
213,104,1,3
213,104,2,20
213,105,1,3
213,105,2,20
213,106,1,3
213,106,2,20
213,107,1,3
213,107,2,20
213,108,1,3
213,108,2,20
213,109,1,3
213,109,2,20
213,110,1,3
213,110,2,20
213,111,1,3
213,111,2,20
213,112,1,5
213,112,2,20
213,113,1,3
213,113,2,20
213,114,1,3
213,114,2,20
213,115,1,3
213,115,2,20
213,116,1,3
213,116,2,20
213,117,1,3
213,117,2,20
213,118,1,3
213,118,2,20
213,119,1,3
213,119,2,20
213,120,1,4
213,120,2,20
213,121,1,4
213,121,2,20
213,122,1,4
213,122,2,20
213,123,1,4
213,123,2,20
213,124,1,4
213,124,2,20
213,125,1,4
213,125,2,20
213,126,1,4
213,126,2,20
213,127,1,5
213,127,2,20
213,128,1,4
213,128,2,20
213,129,1,4
213,129,2,20
213,130,1,4
213,130,2,20
213,131,1,4
213,131,2,20
213,132,1,4
213,132,2,20
213,133,1,4
213,133,2,20
213,134,1,4
213,134,2,20
214,0,1,4
214,0,2,20
214,1,1,4
214,1,2,20
214,2,1,4
214,2,2,20
214,3,1,4
214,3,2,20
214,4,1,4
214,4,2,20
214,5,1,4
214,5,2,20
214,6,1,4
214,6,2,20
214,7,1,5
214,7,2,20
214,8,1,4
214,8,2,20
214,9,1,4
214,9,2,20
214,10,1,4
214,10,2,20
214,11,1,4
214,11,2,20
214,12,1,4
214,12,2,20
214,13,1,4
214,13,2,20
214,14,1,4
214,14,2,20
214,15,1,3
214,15,2,20
214,16,1,3
214,16,2,20
214,17,1,3
214,17,2,20
214,18,1,3
214,18,2,20
214,19,1,3
214,19,2,20
214,20,1,3
214,20,2,20
214,21,1,3
214,21,2,20
214,22,1,5
214,22,2,20
214,23,1,3
214,23,2,20
214,24,1,3
214,24,2,20
214,25,1,3
214,25,2,20
214,26,1,3
214,26,2,20
214,27,1,3
214,27,2,20
214,28,1,3
214,28,2,20
214,29,1,3
214,29,2,20
214,30,1,3
214,30,2,20
214,31,1,2
214,31,2,20
214,32,1,2
214,32,2,20
214,33,1,2
214,33,2,20
214,34,1,2
214,34,2,20
214,35,1,2
214,35,2,20
214,36,1,3
214,36,2,20
214,37,1,5
214,37,2,20
214,38,1,3
214,38,2,20
214,39,1,2
214,39,2,20
214,40,1,2
214,40,2,20
214,41,1,2
214,41,2,20
214,42,1,2
214,42,2,20
214,43,1,2
214,43,2,20
214,44,1,3
214,44,2,20
214,45,1,3
214,45,2,20
214,46,1,2
214,46,2,20
214,47,1,1
214,47,2,20
214,48,1,1
214,48,2,20
214,49,1,1
214,49,2,20
214,50,1,2
214,50,2,20
214,51,1,3
214,51,2,20
214,52,1,5
214,52,2,20
214,53,1,3
214,53,2,20
214,54,1,2
214,54,2,20
214,55,1,1
214,55,2,20
214,56,1,1
214,56,2,20
214,57,1,1
214,57,2,20
214,58,1,2
214,58,2,20
214,59,1,3
214,59,2,20
214,60,1,3
214,60,2,20
214,61,1,2
214,61,2,20
214,62,1,1
214,62,2,20
214,63,1,0
214,63,2,20
214,64,1,1
214,64,2,20
214,65,1,2
214,65,2,20
214,66,1,3
214,66,2,20
214,67,1,5
214,67,2,20
214,68,1,3
214,68,2,20
214,69,1,2
214,69,2,20
214,70,1,1
214,70,2,20
214,71,1,0
214,71,2,20
214,72,1,1
214,72,2,20
214,73,1,2
214,73,2,20
214,74,1,3
214,74,2,20
214,75,1,3
214,75,2,20
214,76,1,2
214,76,2,20
214,77,1,1
214,77,2,20
214,78,1,1
214,78,2,20
214,79,1,1
214,79,2,20
214,80,1,2
214,80,2,20
214,81,1,3
214,81,2,20
214,82,1,5
214,82,2,20
214,83,1,3
214,83,2,20
214,84,1,2
214,84,2,20
214,85,1,1
214,85,2,20
214,86,1,1
214,86,2,20
214,87,1,1
214,87,2,20
214,88,1,2
214,88,2,20
214,89,1,3
214,89,2,20
214,90,1,3
214,90,2,20
214,91,1,2
214,91,2,20
214,92,1,2
214,92,2,20
214,93,1,2
214,93,2,20
214,94,1,2
214,94,2,20
214,95,1,2
214,95,2,20
214,96,1,3
214,96,2,20
214,97,1,5
214,97,2,20
214,98,1,3
214,98,2,20
214,99,1,2
214,99,2,20
214,100,1,2
214,100,2,20
214,101,1,2
214,101,2,20
214,102,1,2
214,102,2,20
214,103,1,2
214,103,2,20
214,104,1,3
214,104,2,20
214,105,1,3
214,105,2,20
214,106,1,3
214,106,2,20
214,107,1,3
214,107,2,20
214,108,1,3
214,108,2,20
214,109,1,3
214,109,2,20
214,110,1,3
214,110,2,20
214,111,1,3
214,111,2,20
214,112,1,5
214,112,2,20
214,113,1,3
214,113,2,20
214,114,1,3
214,114,2,20
214,115,1,3
214,115,2,20
214,116,1,3
214,116,2,20
214,117,1,3
214,117,2,20
214,118,1,3
214,118,2,20
214,119,1,3
214,119,2,20
214,120,1,4
214,120,2,20
214,121,1,4
214,121,2,20
214,122,1,4
214,122,2,20
214,123,1,4
214,123,2,20
214,124,1,4
214,124,2,20
214,125,1,4
214,125,2,20
214,126,1,4
214,126,2,20
214,127,1,5
214,127,2,20
214,128,1,4
214,128,2,20
214,129,1,4
214,129,2,20
214,130,1,4
214,130,2,20
214,131,1,4
214,131,2,20
214,132,1,4
214,132,2,20
214,133,1,4
214,133,2,20
214,134,1,4
214,134,2,20
215,0,1,4
215,0,2,20
215,1,1,4
215,1,2,20
215,2,1,4
215,2,2,20
215,3,1,4
215,3,2,20
215,4,1,4
215,4,2,20
215,5,1,4
215,5,2,20
215,6,1,4
215,6,2,20
215,7,1,5
215,7,2,20
215,8,1,4
215,8,2,20
215,9,1,4
215,9,2,20
215,10,1,4
215,10,2,20
215,11,1,4
215,11,2,20
215,12,1,4
215,12,2,20
215,13,1,4
215,13,2,20
215,14,1,4
215,14,2,20
215,15,1,3
215,15,2,20
215,16,1,3
215,16,2,20
215,17,1,3
215,17,2,20
215,18,1,3
215,18,2,20
215,19,1,3
215,19,2,20
215,20,1,3
215,20,2,20
215,21,1,3
215,21,2,20
215,22,1,5
215,22,2,20
215,23,1,3
215,23,2,20
215,24,1,3
215,24,2,20
215,25,1,3
215,25,2,20
215,26,1,3
215,26,2,20
215,27,1,3
215,27,2,20
215,28,1,3
215,28,2,20
215,29,1,3
215,29,2,20
215,30,1,3
215,30,2,20
215,31,1,2
215,31,2,20
215,32,1,2
215,32,2,20
215,33,1,2
215,33,2,20
215,34,1,2
215,34,2,20
215,35,1,2
215,35,2,20
215,36,1,3
215,36,2,20
215,37,1,5
215,37,2,20
215,38,1,3
215,38,2,20
215,39,1,2
215,39,2,20
215,40,1,2
215,40,2,20
215,41,1,2
215,41,2,20
215,42,1,2
215,42,2,20
215,43,1,2
215,43,2,20
215,44,1,3
215,44,2,20
215,45,1,3
215,45,2,20
215,46,1,2
215,46,2,20
215,47,1,1
215,47,2,20
215,48,1,1
215,48,2,20
215,49,1,1
215,49,2,20
215,50,1,2
215,50,2,20
215,51,1,3
215,51,2,20
215,52,1,5
215,52,2,20
215,53,1,3
215,53,2,20
215,54,1,2
215,54,2,20
215,55,1,1
215,55,2,20
215,56,1,1
215,56,2,20
215,57,1,1
215,57,2,20
215,58,1,2
215,58,2,20
215,59,1,3
215,59,2,20
215,60,1,3
215,60,2,20
215,61,1,2
215,61,2,20
215,62,1,1
215,62,2,20
215,63,1,0
215,63,2,20
215,64,1,1
215,64,2,20
215,65,1,2
215,65,2,20
215,66,1,3
215,66,2,20
215,67,1,5
215,67,2,20
215,68,1,3
215,68,2,20
215,69,1,2
215,69,2,20
215,70,1,1
215,70,2,20
215,71,1,0
215,71,2,20
215,72,1,1
215,72,2,20
215,73,1,2
215,73,2,20
215,74,1,3
215,74,2,20
215,75,1,3
215,75,2,20
215,76,1,2
215,76,2,20
215,77,1,1
215,77,2,20
215,78,1,1
215,78,2,20
215,79,1,1
215,79,2,20
215,80,1,2
215,80,2,20
215,81,1,3
215,81,2,20
215,82,1,5
215,82,2,20
215,83,1,3
215,83,2,20
215,84,1,2
215,84,2,20
215,85,1,1
215,85,2,20
215,86,1,1
215,86,2,20
215,87,1,1
215,87,2,20
215,88,1,2
215,88,2,20
215,89,1,3
215,89,2,20
215,90,1,3
215,90,2,20
215,91,1,2
215,91,2,20
215,92,1,2
215,92,2,20
215,93,1,2
215,93,2,20
215,94,1,2
215,94,2,20
215,95,1,2
215,95,2,20
215,96,1,3
215,96,2,20
215,97,1,5
215,97,2,20
215,98,1,3
215,98,2,20
215,99,1,2
215,99,2,20
215,100,1,2
215,100,2,20
215,101,1,2
215,101,2,20
215,102,1,2
215,102,2,20
215,103,1,2
215,103,2,20
215,104,1,3
215,104,2,20
215,105,1,3
215,105,2,20
215,106,1,3
215,106,2,20
215,107,1,3
215,107,2,20
215,108,1,3
215,108,2,20
215,109,1,3
215,109,2,20
215,110,1,3
215,110,2,20
215,111,1,3
215,111,2,20
215,112,1,5
215,112,2,20
215,113,1,3
215,113,2,20
215,114,1,3
215,114,2,20
215,115,1,3
215,115,2,20
215,116,1,3
215,116,2,20
215,117,1,3
215,117,2,20
215,118,1,3
215,118,2,20
215,119,1,3
215,119,2,20
215,120,1,4
215,120,2,20
215,121,1,4
215,121,2,20
215,122,1,4
215,122,2,20
215,123,1,4
215,123,2,20
215,124,1,4
215,124,2,20
215,125,1,4
215,125,2,20
215,126,1,4
215,126,2,20
215,127,1,5
215,127,2,20
215,128,1,4
215,128,2,20
215,129,1,4
215,129,2,20
215,130,1,4
215,130,2,20
215,131,1,4
215,131,2,20
215,132,1,4
215,132,2,20
215,133,1,4
215,133,2,20
215,134,1,4
215,134,2,20
216,0,1,4
216,0,2,20
216,1,1,4
216,1,2,20
216,2,1,4
216,2,2,20
216,3,1,4
216,3,2,20
216,4,1,4
216,4,2,20
216,5,1,4
216,5,2,20
216,6,1,4
216,6,2,20
216,7,1,5
216,7,2,20
216,8,1,4
216,8,2,20
216,9,1,4
216,9,2,20
216,10,1,4
216,10,2,20
216,11,1,4
216,11,2,20
216,12,1,4
216,12,2,20
216,13,1,4
216,13,2,20
216,14,1,4
216,14,2,20
216,15,1,3
216,15,2,20
216,16,1,3
216,16,2,20
216,17,1,3
216,17,2,20
216,18,1,3
216,18,2,20
216,19,1,3
216,19,2,20
216,20,1,3
216,20,2,20
216,21,1,3
216,21,2,20
216,22,1,5
216,22,2,20
216,23,1,3
216,23,2,20
216,24,1,3
216,24,2,20
216,25,1,3
216,25,2,20
216,26,1,3
216,26,2,20
216,27,1,3
216,27,2,20
216,28,1,3
216,28,2,20
216,29,1,3
216,29,2,20
216,30,1,3
216,30,2,20
216,31,1,2
216,31,2,20
216,32,1,2
216,32,2,20
216,33,1,2
216,33,2,20
216,34,1,2
216,34,2,20
216,35,1,2
216,35,2,20
216,36,1,3
216,36,2,20
216,37,1,5
216,37,2,20
216,38,1,3
216,38,2,20
216,39,1,2
216,39,2,20
216,40,1,2
216,40,2,20
216,41,1,2
216,41,2,20
216,42,1,2
216,42,2,20
216,43,1,2
216,43,2,20
216,44,1,3
216,44,2,20
216,45,1,3
216,45,2,20
216,46,1,2
216,46,2,20
216,47,1,1
216,47,2,20
216,48,1,1
216,48,2,20
216,49,1,1
216,49,2,20
216,50,1,2
216,50,2,20
216,51,1,3
216,51,2,20
216,52,1,5
216,52,2,20
216,53,1,3
216,53,2,20
216,54,1,2
216,54,2,20
216,55,1,1
216,55,2,20
216,56,1,1
216,56,2,20
216,57,1,1
216,57,2,20
216,58,1,2
216,58,2,20
216,59,1,3
216,59,2,20
216,60,1,3
216,60,2,20
216,61,1,2
216,61,2,20
216,62,1,1
216,62,2,20
216,63,1,0
216,63,2,20
216,64,1,1
216,64,2,20
216,65,1,2
216,65,2,20
216,66,1,3
216,66,2,20
216,67,1,5
216,67,2,20
216,68,1,3
216,68,2,20
216,69,1,2
216,69,2,20
216,70,1,1
216,70,2,20
216,71,1,0
216,71,2,20
216,72,1,1
216,72,2,20
216,73,1,2
216,73,2,20
216,74,1,3
216,74,2,20
216,75,1,3
216,75,2,20
216,76,1,2
216,76,2,20
216,77,1,1
216,77,2,20
216,78,1,1
216,78,2,20
216,79,1,1
216,79,2,20
216,80,1,2
216,80,2,20
216,81,1,3
216,81,2,20
216,82,1,5
216,82,2,20
216,83,1,3
216,83,2,20
216,84,1,2
216,84,2,20
216,85,1,1
216,85,2,20
216,86,1,1
216,86,2,20
216,87,1,1
216,87,2,20
216,88,1,2
216,88,2,20
216,89,1,3
216,89,2,20
216,90,1,3
216,90,2,20
216,91,1,2
216,91,2,20
216,92,1,2
216,92,2,20
216,93,1,2
216,93,2,20
216,94,1,2
216,94,2,20
216,95,1,2
216,95,2,20
216,96,1,3
216,96,2,20
216,97,1,5
216,97,2,20
216,98,1,3
216,98,2,20
216,99,1,2
216,99,2,20
216,100,1,2
216,100,2,20
216,101,1,2
216,101,2,20
216,102,1,2
216,102,2,20
216,103,1,2
216,103,2,20
216,104,1,3
216,104,2,20
216,105,1,3
216,105,2,20
216,106,1,3
216,106,2,20
216,107,1,3
216,107,2,20
216,108,1,3
216,108,2,20
216,109,1,3
216,109,2,20
216,110,1,3
216,110,2,20
216,111,1,3
216,111,2,20
216,112,1,5
216,112,2,20
216,113,1,3
216,113,2,20
216,114,1,3
216,114,2,20
216,115,1,3
216,115,2,20
216,116,1,3
216,116,2,20
216,117,1,3
216,117,2,20
216,118,1,3
216,118,2,20
216,119,1,3
216,119,2,20
216,120,1,4
216,120,2,20
216,121,1,4
216,121,2,20
216,122,1,4
216,122,2,20
216,123,1,4
216,123,2,20
216,124,1,4
216,124,2,20
216,125,1,4
216,125,2,20
216,126,1,4
216,126,2,20
216,127,1,5
216,127,2,20
216,128,1,4
216,128,2,20
216,129,1,4
216,129,2,20
216,130,1,4
216,130,2,20
216,131,1,4
216,131,2,20
216,132,1,4
216,132,2,20
216,133,1,4
216,133,2,20
216,134,1,4
216,134,2,20
217,0,1,4
217,0,2,20
217,1,1,4
217,1,2,20
217,2,1,4
217,2,2,20
217,3,1,4
217,3,2,20
217,4,1,4
217,4,2,20
217,5,1,4
217,5,2,20
217,6,1,4
217,6,2,20
217,7,1,5
217,7,2,20
217,8,1,4
217,8,2,20
217,9,1,4
217,9,2,20
217,10,1,4
217,10,2,20
217,11,1,4
217,11,2,20
217,12,1,4
217,12,2,20
217,13,1,4
217,13,2,20
217,14,1,4
217,14,2,20
217,15,1,3
217,15,2,20
217,16,1,3
217,16,2,20
217,17,1,3
217,17,2,20
217,18,1,3
217,18,2,20
217,19,1,3
217,19,2,20
217,20,1,3
217,20,2,20
217,21,1,3
217,21,2,20
217,22,1,5
217,22,2,20
217,23,1,3
217,23,2,20
217,24,1,3
217,24,2,20
217,25,1,3
217,25,2,20
217,26,1,3
217,26,2,20
217,27,1,3
217,27,2,20
217,28,1,3
217,28,2,20
217,29,1,3
217,29,2,20
217,30,1,3
217,30,2,20
217,31,1,2
217,31,2,20
217,32,1,2
217,32,2,20
217,33,1,2
217,33,2,20
217,34,1,2
217,34,2,20
217,35,1,2
217,35,2,20
217,36,1,3
217,36,2,20
217,37,1,5
217,37,2,20
217,38,1,3
217,38,2,20
217,39,1,2
217,39,2,20
217,40,1,2
217,40,2,20
217,41,1,2
217,41,2,20
217,42,1,2
217,42,2,20
217,43,1,2
217,43,2,20
217,44,1,3
217,44,2,20
217,45,1,3
217,45,2,20
217,46,1,2
217,46,2,20
217,47,1,1
217,47,2,20
217,48,1,1
217,48,2,20
217,49,1,1
217,49,2,20
217,50,1,2
217,50,2,20
217,51,1,3
217,51,2,20
217,52,1,5
217,52,2,20
217,53,1,3
217,53,2,20
217,54,1,2
217,54,2,20
217,55,1,1
217,55,2,20
217,56,1,1
217,56,2,20
217,57,1,1
217,57,2,20
217,58,1,2
217,58,2,20
217,59,1,3
217,59,2,20
217,60,1,3
217,60,2,20
217,61,1,2
217,61,2,20
217,62,1,1
217,62,2,20
217,63,1,0
217,63,2,20
217,64,1,1
217,64,2,20
217,65,1,2
217,65,2,20
217,66,1,3
217,66,2,20
217,67,1,5
217,67,2,20
217,68,1,3
217,68,2,20
217,69,1,2
217,69,2,20
217,70,1,1
217,70,2,20
217,71,1,0
217,71,2,20
217,72,1,1
217,72,2,20
217,73,1,2
217,73,2,20
217,74,1,3
217,74,2,20
217,75,1,3
217,75,2,20
217,76,1,2
217,76,2,20
217,77,1,1
217,77,2,20
217,78,1,1
217,78,2,20
217,79,1,1
217,79,2,20
217,80,1,2
217,80,2,20
217,81,1,3
217,81,2,20
217,82,1,5
217,82,2,20
217,83,1,3
217,83,2,20
217,84,1,2
217,84,2,20
217,85,1,1
217,85,2,20
217,86,1,1
217,86,2,20
217,87,1,1
217,87,2,20
217,88,1,2
217,88,2,20
217,89,1,3
217,89,2,20
217,90,1,3
217,90,2,20
217,91,1,2
217,91,2,20
217,92,1,2
217,92,2,20
217,93,1,2
217,93,2,20
217,94,1,2
217,94,2,20
217,95,1,2
217,95,2,20
217,96,1,3
217,96,2,20
217,97,1,5
217,97,2,20
217,98,1,3
217,98,2,20
217,99,1,2
217,99,2,20
217,100,1,2
217,100,2,20
217,101,1,2
217,101,2,20
217,102,1,2
217,102,2,20
217,103,1,2
217,103,2,20
217,104,1,3
217,104,2,20
217,105,1,3
217,105,2,20
217,106,1,3
217,106,2,20
217,107,1,3
217,107,2,20
217,108,1,3
217,108,2,20
217,109,1,3
217,109,2,20
217,110,1,3
217,110,2,20
217,111,1,3
217,111,2,20
217,112,1,5
217,112,2,20
217,113,1,3
217,113,2,20
217,114,1,3
217,114,2,20
217,115,1,3
217,115,2,20
217,116,1,3
217,116,2,20
217,117,1,3
217,117,2,20
217,118,1,3
217,118,2,20
217,119,1,3
217,119,2,20
217,120,1,4
217,120,2,20
217,121,1,4
217,121,2,20
217,122,1,4
217,122,2,20
217,123,1,4
217,123,2,20
217,124,1,4
217,124,2,20
217,125,1,4
217,125,2,20
217,126,1,4
217,126,2,20
217,127,1,5
217,127,2,20
217,128,1,4
217,128,2,20
217,129,1,4
217,129,2,20
217,130,1,4
217,130,2,20
217,131,1,4
217,131,2,20
217,132,1,4
217,132,2,20
217,133,1,4
217,133,2,20
217,134,1,4
217,134,2,20
218,0,1,4
218,0,2,20
218,1,1,4
218,1,2,20
218,2,1,4
218,2,2,20
218,3,1,4
218,3,2,20
218,4,1,4
218,4,2,20
218,5,1,4
218,5,2,20
218,6,1,4
218,6,2,20
218,7,1,5
218,7,2,20
218,8,1,4
218,8,2,20
218,9,1,4
218,9,2,20
218,10,1,4
218,10,2,20
218,11,1,4
218,11,2,20
218,12,1,4
218,12,2,20
218,13,1,4
218,13,2,20
218,14,1,4
218,14,2,20
218,15,1,3
218,15,2,20
218,16,1,3
218,16,2,20
218,17,1,3
218,17,2,20
218,18,1,3
218,18,2,20
218,19,1,3
218,19,2,20
218,20,1,3
218,20,2,20
218,21,1,3
218,21,2,20
218,22,1,5
218,22,2,20
218,23,1,3
218,23,2,20
218,24,1,3
218,24,2,20
218,25,1,3
218,25,2,20
218,26,1,3
218,26,2,20
218,27,1,3
218,27,2,20
218,28,1,3
218,28,2,20
218,29,1,3
218,29,2,20
218,30,1,3
218,30,2,20
218,31,1,2
218,31,2,20
218,32,1,2
218,32,2,20
218,33,1,2
218,33,2,20
218,34,1,2
218,34,2,20
218,35,1,2
218,35,2,20
218,36,1,3
218,36,2,20
218,37,1,5
218,37,2,20
218,38,1,3
218,38,2,20
218,39,1,2
218,39,2,20
218,40,1,2
218,40,2,20
218,41,1,2
218,41,2,20
218,42,1,2
218,42,2,20
218,43,1,2
218,43,2,20
218,44,1,3
218,44,2,20
218,45,1,3
218,45,2,20
218,46,1,2
218,46,2,20
218,47,1,1
218,47,2,20
218,48,1,1
218,48,2,20
218,49,1,1
218,49,2,20
218,50,1,2
218,50,2,20
218,51,1,3
218,51,2,20
218,52,1,5
218,52,2,20
218,53,1,3
218,53,2,20
218,54,1,2
218,54,2,20
218,55,1,1
218,55,2,20
218,56,1,1
218,56,2,20
218,57,1,1
218,57,2,20
218,58,1,2
218,58,2,20
218,59,1,3
218,59,2,20
218,60,1,3
218,60,2,20
218,61,1,2
218,61,2,20
218,62,1,1
218,62,2,20
218,63,1,0
218,63,2,20
218,64,1,1
218,64,2,20
218,65,1,2
218,65,2,20
218,66,1,3
218,66,2,20
218,67,1,5
218,67,2,20
218,68,1,3
218,68,2,20
218,69,1,2
218,69,2,20
218,70,1,1
218,70,2,20
218,71,1,0
218,71,2,20
218,72,1,1
218,72,2,20
218,73,1,2
218,73,2,20
218,74,1,3
218,74,2,20
218,75,1,3
218,75,2,20
218,76,1,2
218,76,2,20
218,77,1,1
218,77,2,20
218,78,1,1
218,78,2,20
218,79,1,1
218,79,2,20
218,80,1,2
218,80,2,20
218,81,1,3
218,81,2,20
218,82,1,5
218,82,2,20
218,83,1,3
218,83,2,20
218,84,1,2
218,84,2,20
218,85,1,1
218,85,2,20
218,86,1,1
218,86,2,20
218,87,1,1
218,87,2,20
218,88,1,2
218,88,2,20
218,89,1,3
218,89,2,20
218,90,1,3
218,90,2,20
218,91,1,2
218,91,2,20
218,92,1,2
218,92,2,20
218,93,1,2
218,93,2,20
218,94,1,2
218,94,2,20
218,95,1,2
218,95,2,20
218,96,1,3
218,96,2,20
218,97,1,5
218,97,2,20
218,98,1,3
218,98,2,20
218,99,1,2
218,99,2,20
218,100,1,2
218,100,2,20
218,101,1,2
218,101,2,20
218,102,1,2
218,102,2,20
218,103,1,2
218,103,2,20
218,104,1,3
218,104,2,20
218,105,1,3
218,105,2,20
218,106,1,3
218,106,2,20
218,107,1,3
218,107,2,20
218,108,1,3
218,108,2,20
218,109,1,3
218,109,2,20
218,110,1,3
218,110,2,20
218,111,1,3
218,111,2,20
218,112,1,5
218,112,2,20
218,113,1,3
218,113,2,20
218,114,1,3
218,114,2,20
218,115,1,3
218,115,2,20
218,116,1,3
218,116,2,20
218,117,1,3
218,117,2,20
218,118,1,3
218,118,2,20
218,119,1,3
218,119,2,20
218,120,1,4
218,120,2,20
218,121,1,4
218,121,2,20
218,122,1,4
218,122,2,20
218,123,1,4
218,123,2,20
218,124,1,4
218,124,2,20
218,125,1,4
218,125,2,20
218,126,1,4
218,126,2,20
218,127,1,5
218,127,2,20
218,128,1,4
218,128,2,20
218,129,1,4
218,129,2,20
218,130,1,4
218,130,2,20
218,131,1,4
218,131,2,20
218,132,1,4
218,132,2,20
218,133,1,4
218,133,2,20
218,134,1,4
218,134,2,20
219,0,1,4
219,0,2,20
219,1,1,4
219,1,2,20
219,2,1,4
219,2,2,20
219,3,1,4
219,3,2,20
219,4,1,4
219,4,2,20
219,5,1,4
219,5,2,20
219,6,1,4
219,6,2,20
219,7,1,5
219,7,2,20
219,8,1,4
219,8,2,20
219,9,1,4
219,9,2,20
219,10,1,4
219,10,2,20
219,11,1,4
219,11,2,20
219,12,1,4
219,12,2,20
219,13,1,4
219,13,2,20
219,14,1,4
219,14,2,20
219,15,1,3
219,15,2,20
219,16,1,3
219,16,2,20
219,17,1,3
219,17,2,20
219,18,1,3
219,18,2,20
219,19,1,3
219,19,2,20
219,20,1,3
219,20,2,20
219,21,1,3
219,21,2,20
219,22,1,5
219,22,2,20
219,23,1,3
219,23,2,20
219,24,1,3
219,24,2,20
219,25,1,3
219,25,2,20
219,26,1,3
219,26,2,20
219,27,1,3
219,27,2,20
219,28,1,3
219,28,2,20
219,29,1,3
219,29,2,20
219,30,1,3
219,30,2,20
219,31,1,2
219,31,2,20
219,32,1,2
219,32,2,20
219,33,1,2
219,33,2,20
219,34,1,2
219,34,2,20
219,35,1,2
219,35,2,20
219,36,1,3
219,36,2,20
219,37,1,5
219,37,2,20
219,38,1,3
219,38,2,20
219,39,1,2
219,39,2,20
219,40,1,2
219,40,2,20
219,41,1,2
219,41,2,20
219,42,1,2
219,42,2,20
219,43,1,2
219,43,2,20
219,44,1,3
219,44,2,20
219,45,1,3
219,45,2,20
219,46,1,2
219,46,2,20
219,47,1,1
219,47,2,20
219,48,1,1
219,48,2,20
219,49,1,1
219,49,2,20
219,50,1,2
219,50,2,20
219,51,1,3
219,51,2,20
219,52,1,5
219,52,2,20
219,53,1,3
219,53,2,20
219,54,1,2
219,54,2,20
219,55,1,1
219,55,2,20
219,56,1,1
219,56,2,20
219,57,1,1
219,57,2,20
219,58,1,2
219,58,2,20
219,59,1,3
219,59,2,20
219,60,1,3
219,60,2,20
219,61,1,2
219,61,2,20
219,62,1,1
219,62,2,20
219,63,1,0
219,63,2,20
219,64,1,1
219,64,2,20
219,65,1,2
219,65,2,20
219,66,1,3
219,66,2,20
219,67,1,5
219,67,2,20
219,68,1,3
219,68,2,20
219,69,1,2
219,69,2,20
219,70,1,1
219,70,2,20
219,71,1,0
219,71,2,20
219,72,1,1
219,72,2,20
219,73,1,2
219,73,2,20
219,74,1,3
219,74,2,20
219,75,1,3
219,75,2,20
219,76,1,2
219,76,2,20
219,77,1,1
219,77,2,20
219,78,1,1
219,78,2,20
219,79,1,1
219,79,2,20
219,80,1,2
219,80,2,20
219,81,1,3
219,81,2,20
219,82,1,5
219,82,2,20
219,83,1,3
219,83,2,20
219,84,1,2
219,84,2,20
219,85,1,1
219,85,2,20
219,86,1,1
219,86,2,20
219,87,1,1
219,87,2,20
219,88,1,2
219,88,2,20
219,89,1,3
219,89,2,20
219,90,1,3
219,90,2,20
219,91,1,2
219,91,2,20
219,92,1,2
219,92,2,20
219,93,1,2
219,93,2,20
219,94,1,2
219,94,2,20
219,95,1,2
219,95,2,20
219,96,1,3
219,96,2,20
219,97,1,5
219,97,2,20
219,98,1,3
219,98,2,20
219,99,1,2
219,99,2,20
219,100,1,2
219,100,2,20
219,101,1,2
219,101,2,20
219,102,1,2
219,102,2,20
219,103,1,2
219,103,2,20
219,104,1,3
219,104,2,20
219,105,1,3
219,105,2,20
219,106,1,3
219,106,2,20
219,107,1,3
219,107,2,20
219,108,1,3
219,108,2,20
219,109,1,3
219,109,2,20
219,110,1,3
219,110,2,20
219,111,1,3
219,111,2,20
219,112,1,5
219,112,2,20
219,113,1,3
219,113,2,20
219,114,1,3
219,114,2,20
219,115,1,3
219,115,2,20
219,116,1,3
219,116,2,20
219,117,1,3
219,117,2,20
219,118,1,3
219,118,2,20
219,119,1,3
219,119,2,20
219,120,1,4
219,120,2,20
219,121,1,4
219,121,2,20
219,122,1,4
219,122,2,20
219,123,1,4
219,123,2,20
219,124,1,4
219,124,2,20
219,125,1,4
219,125,2,20
219,126,1,4
219,126,2,20
219,127,1,5
219,127,2,20
219,128,1,4
219,128,2,20
219,129,1,4
219,129,2,20
219,130,1,4
219,130,2,20
219,131,1,4
219,131,2,20
219,132,1,4
219,132,2,20
219,133,1,4
219,133,2,20
219,134,1,4
219,134,2,20
220,0,1,4
220,0,2,20
220,1,1,4
220,1,2,20
220,2,1,4
220,2,2,20
220,3,1,4
220,3,2,20
220,4,1,4
220,4,2,20
220,5,1,4
220,5,2,20
220,6,1,4
220,6,2,20
220,7,1,5
220,7,2,20
220,8,1,4
220,8,2,20
220,9,1,4
220,9,2,20
220,10,1,4
220,10,2,20
220,11,1,4
220,11,2,20
220,12,1,4
220,12,2,20
220,13,1,4
220,13,2,20
220,14,1,4
220,14,2,20
220,15,1,3
220,15,2,20
220,16,1,3
220,16,2,20
220,17,1,3
220,17,2,20
220,18,1,3
220,18,2,20
220,19,1,3
220,19,2,20
220,20,1,3
220,20,2,20
220,21,1,3
220,21,2,20
220,22,1,5
220,22,2,20
220,23,1,3
220,23,2,20
220,24,1,3
220,24,2,20
220,25,1,3
220,25,2,20
220,26,1,3
220,26,2,20
220,27,1,3
220,27,2,20
220,28,1,3
220,28,2,20
220,29,1,3
220,29,2,20
220,30,1,3
220,30,2,20
220,31,1,2
220,31,2,20
220,32,1,2
220,32,2,20
220,33,1,2
220,33,2,20
220,34,1,2
220,34,2,20
220,35,1,2
220,35,2,20
220,36,1,3
220,36,2,20
220,37,1,5
220,37,2,20
220,38,1,3
220,38,2,20
220,39,1,2
220,39,2,20
220,40,1,2
220,40,2,20
220,41,1,2
220,41,2,20
220,42,1,2
220,42,2,20
220,43,1,2
220,43,2,20
220,44,1,3
220,44,2,20
220,45,1,3
220,45,2,20
220,46,1,2
220,46,2,20
220,47,1,1
220,47,2,20
220,48,1,1
220,48,2,20
220,49,1,1
220,49,2,20
220,50,1,2
220,50,2,20
220,51,1,3
220,51,2,20
220,52,1,5
220,52,2,20
220,53,1,3
220,53,2,20
220,54,1,2
220,54,2,20
220,55,1,1
220,55,2,20
220,56,1,1
220,56,2,20
220,57,1,1
220,57,2,20
220,58,1,2
220,58,2,20
220,59,1,3
220,59,2,20
220,60,1,3
220,60,2,20
220,61,1,2
220,61,2,20
220,62,1,1
220,62,2,20
220,63,1,0
220,63,2,20
220,64,1,1
220,64,2,20
220,65,1,2
220,65,2,20
220,66,1,3
220,66,2,20
220,67,1,5
220,67,2,20
220,68,1,3
220,68,2,20
220,69,1,2
220,69,2,20
220,70,1,1
220,70,2,20
220,71,1,0
220,71,2,20
220,72,1,1
220,72,2,20
220,73,1,2
220,73,2,20
220,74,1,3
220,74,2,20
220,75,1,3
220,75,2,20
220,76,1,2
220,76,2,20
220,77,1,1
220,77,2,20
220,78,1,1
220,78,2,20
220,79,1,1
220,79,2,20
220,80,1,2
220,80,2,20
220,81,1,3
220,81,2,20
220,82,1,5
220,82,2,20
220,83,1,3
220,83,2,20
220,84,1,2
220,84,2,20
220,85,1,1
220,85,2,20
220,86,1,1
220,86,2,20
220,87,1,1
220,87,2,20
220,88,1,2
220,88,2,20
220,89,1,3
220,89,2,20
220,90,1,3
220,90,2,20
220,91,1,2
220,91,2,20
220,92,1,2
220,92,2,20
220,93,1,2
220,93,2,20
220,94,1,2
220,94,2,20
220,95,1,2
220,95,2,20
220,96,1,3
220,96,2,20
220,97,1,5
220,97,2,20
220,98,1,3
220,98,2,20
220,99,1,2
220,99,2,20
220,100,1,2
220,100,2,20
220,101,1,2
220,101,2,20
220,102,1,2
220,102,2,20
220,103,1,2
220,103,2,20
220,104,1,3
220,104,2,20
220,105,1,3
220,105,2,20
220,106,1,3
220,106,2,20
220,107,1,3
220,107,2,20
220,108,1,3
220,108,2,20
220,109,1,3
220,109,2,20
220,110,1,3
220,110,2,20
220,111,1,3
220,111,2,20
220,112,1,5
220,112,2,20
220,113,1,3
220,113,2,20
220,114,1,3
220,114,2,20
220,115,1,3
220,115,2,20
220,116,1,3
220,116,2,20
220,117,1,3
220,117,2,20
220,118,1,3
220,118,2,20
220,119,1,3
220,119,2,20
220,120,1,4
220,120,2,20
220,121,1,4
220,121,2,20
220,122,1,4
220,122,2,20
220,123,1,4
220,123,2,20
220,124,1,4
220,124,2,20
220,125,1,4
220,125,2,20
220,126,1,4
220,126,2,20
220,127,1,5
220,127,2,20
220,128,1,4
220,128,2,20
220,129,1,4
220,129,2,20
220,130,1,4
220,130,2,20
220,131,1,4
220,131,2,20
220,132,1,4
220,132,2,20
220,133,1,4
220,133,2,20
220,134,1,4
220,134,2,20
221,0,1,4
221,0,2,20
221,1,1,4
221,1,2,20
221,2,1,4
221,2,2,20
221,3,1,4
221,3,2,20
221,4,1,4
221,4,2,20
221,5,1,4
221,5,2,20
221,6,1,4
221,6,2,20
221,7,1,5
221,7,2,20
221,8,1,4
221,8,2,20
221,9,1,4
221,9,2,20
221,10,1,4
221,10,2,20
221,11,1,4
221,11,2,20
221,12,1,4
221,12,2,20
221,13,1,4
221,13,2,20
221,14,1,4
221,14,2,20
221,15,1,3
221,15,2,20
221,16,1,3
221,16,2,20
221,17,1,3
221,17,2,20
221,18,1,3
221,18,2,20
221,19,1,3
221,19,2,20
221,20,1,3
221,20,2,20
221,21,1,3
221,21,2,20
221,22,1,5
221,22,2,20
221,23,1,3
221,23,2,20
221,24,1,3
221,24,2,20
221,25,1,3
221,25,2,20
221,26,1,3
221,26,2,20
221,27,1,3
221,27,2,20
221,28,1,3
221,28,2,20
221,29,1,3
221,29,2,20
221,30,1,3
221,30,2,20
221,31,1,2
221,31,2,20
221,32,1,2
221,32,2,20
221,33,1,2
221,33,2,20
221,34,1,2
221,34,2,20
221,35,1,2
221,35,2,20
221,36,1,3
221,36,2,20
221,37,1,5
221,37,2,20
221,38,1,3
221,38,2,20
221,39,1,2
221,39,2,20
221,40,1,2
221,40,2,20
221,41,1,2
221,41,2,20
221,42,1,2
221,42,2,20
221,43,1,2
221,43,2,20
221,44,1,3
221,44,2,20
221,45,1,3
221,45,2,20
221,46,1,2
221,46,2,20
221,47,1,1
221,47,2,20
221,48,1,1
221,48,2,20
221,49,1,1
221,49,2,20
221,50,1,2
221,50,2,20
221,51,1,3
221,51,2,20
221,52,1,5
221,52,2,20
221,53,1,3
221,53,2,20
221,54,1,2
221,54,2,20
221,55,1,1
221,55,2,20
221,56,1,1
221,56,2,20
221,57,1,1
221,57,2,20
221,58,1,2
221,58,2,20
221,59,1,3
221,59,2,20
221,60,1,3
221,60,2,20
221,61,1,2
221,61,2,20
221,62,1,1
221,62,2,20
221,63,1,0
221,63,2,20
221,64,1,1
221,64,2,20
221,65,1,2
221,65,2,20
221,66,1,3
221,66,2,20
221,67,1,5
221,67,2,20
221,68,1,3
221,68,2,20
221,69,1,2
221,69,2,20
221,70,1,1
221,70,2,20
221,71,1,0
221,71,2,20
221,72,1,1
221,72,2,20
221,73,1,2
221,73,2,20
221,74,1,3
221,74,2,20
221,75,1,3
221,75,2,20
221,76,1,2
221,76,2,20
221,77,1,1
221,77,2,20
221,78,1,1
221,78,2,20
221,79,1,1
221,79,2,20
221,80,1,2
221,80,2,20
221,81,1,3
221,81,2,20
221,82,1,5
221,82,2,20
221,83,1,3
221,83,2,20
221,84,1,2
221,84,2,20
221,85,1,1
221,85,2,20
221,86,1,1
221,86,2,20
221,87,1,1
221,87,2,20
221,88,1,2
221,88,2,20
221,89,1,3
221,89,2,20
221,90,1,3
221,90,2,20
221,91,1,2
221,91,2,20
221,92,1,2
221,92,2,20
221,93,1,2
221,93,2,20
221,94,1,2
221,94,2,20
221,95,1,2
221,95,2,20
221,96,1,3
221,96,2,20
221,97,1,5
221,97,2,20
221,98,1,3
221,98,2,20
221,99,1,2
221,99,2,20
221,100,1,2
221,100,2,20
221,101,1,2
221,101,2,20
221,102,1,2
221,102,2,20
221,103,1,2
221,103,2,20
221,104,1,3
221,104,2,20
221,105,1,3
221,105,2,20
221,106,1,3
221,106,2,20
221,107,1,3
221,107,2,20
221,108,1,3
221,108,2,20
221,109,1,3
221,109,2,20
221,110,1,3
221,110,2,20
221,111,1,3
221,111,2,20
221,112,1,5
221,112,2,20
221,113,1,3
221,113,2,20
221,114,1,3
221,114,2,20
221,115,1,3
221,115,2,20
221,116,1,3
221,116,2,20
221,117,1,3
221,117,2,20
221,118,1,3
221,118,2,20
221,119,1,3
221,119,2,20
221,120,1,4
221,120,2,20
221,121,1,4
221,121,2,20
221,122,1,4
221,122,2,20
221,123,1,4
221,123,2,20
221,124,1,4
221,124,2,20
221,125,1,4
221,125,2,20
221,126,1,4
221,126,2,20
221,127,1,5
221,127,2,20
221,128,1,4
221,128,2,20
221,129,1,4
221,129,2,20
221,130,1,4
221,130,2,20
221,131,1,4
221,131,2,20
221,132,1,4
221,132,2,20
221,133,1,4
221,133,2,20
221,134,1,4
221,134,2,20
222,0,1,4
222,0,2,20
222,1,1,4
222,1,2,20
222,2,1,4
222,2,2,20
222,3,1,4
222,3,2,20
222,4,1,4
222,4,2,20
222,5,1,4
222,5,2,20
222,6,1,4
222,6,2,20
222,7,1,5
222,7,2,20
222,8,1,4
222,8,2,20
222,9,1,4
222,9,2,20
222,10,1,4
222,10,2,20
222,11,1,4
222,11,2,20
222,12,1,4
222,12,2,20
222,13,1,4
222,13,2,20
222,14,1,4
222,14,2,20
222,15,1,3
222,15,2,20
222,16,1,3
222,16,2,20
222,17,1,3
222,17,2,20
222,18,1,3
222,18,2,20
222,19,1,3
222,19,2,20
222,20,1,3
222,20,2,20
222,21,1,3
222,21,2,20
222,22,1,5
222,22,2,20
222,23,1,3
222,23,2,20
222,24,1,3
222,24,2,20
222,25,1,3
222,25,2,20
222,26,1,3
222,26,2,20
222,27,1,3
222,27,2,20
222,28,1,3
222,28,2,20
222,29,1,3
222,29,2,20
222,30,1,3
222,30,2,20
222,31,1,2
222,31,2,20
222,32,1,2
222,32,2,20
222,33,1,2
222,33,2,20
222,34,1,2
222,34,2,20
222,35,1,2
222,35,2,20
222,36,1,3
222,36,2,20
222,37,1,5
222,37,2,20
222,38,1,3
222,38,2,20
222,39,1,2
222,39,2,20
222,40,1,2
222,40,2,20
222,41,1,2
222,41,2,20
222,42,1,2
222,42,2,20
222,43,1,2
222,43,2,20
222,44,1,3
222,44,2,20
222,45,1,3
222,45,2,20
222,46,1,2
222,46,2,20
222,47,1,1
222,47,2,20
222,48,1,1
222,48,2,20
222,49,1,1
222,49,2,20
222,50,1,2
222,50,2,20
222,51,1,3
222,51,2,20
222,52,1,5
222,52,2,20
222,53,1,3
222,53,2,20
222,54,1,2
222,54,2,20
222,55,1,1
222,55,2,20
222,56,1,1
222,56,2,20
222,57,1,1
222,57,2,20
222,58,1,2
222,58,2,20
222,59,1,3
222,59,2,20
222,60,1,3
222,60,2,20
222,61,1,2
222,61,2,20
222,62,1,1
222,62,2,20
222,63,1,0
222,63,2,20
222,64,1,1
222,64,2,20
222,65,1,2
222,65,2,20
222,66,1,3
222,66,2,20
222,67,1,5
222,67,2,20
222,68,1,3
222,68,2,20
222,69,1,2
222,69,2,20
222,70,1,1
222,70,2,20
222,71,1,0
222,71,2,20
222,72,1,1
222,72,2,20
222,73,1,2
222,73,2,20
222,74,1,3
222,74,2,20
222,75,1,3
222,75,2,20
222,76,1,2
222,76,2,20
222,77,1,1
222,77,2,20
222,78,1,1
222,78,2,20
222,79,1,1
222,79,2,20
222,80,1,2
222,80,2,20
222,81,1,3
222,81,2,20
222,82,1,5
222,82,2,20
222,83,1,3
222,83,2,20
222,84,1,2
222,84,2,20
222,85,1,1
222,85,2,20
222,86,1,1
222,86,2,20
222,87,1,1
222,87,2,20
222,88,1,2
222,88,2,20
222,89,1,3
222,89,2,20
222,90,1,3
222,90,2,20
222,91,1,2
222,91,2,20
222,92,1,2
222,92,2,20
222,93,1,2
222,93,2,20
222,94,1,2
222,94,2,20
222,95,1,2
222,95,2,20
222,96,1,3
222,96,2,20
222,97,1,5
222,97,2,20
222,98,1,3
222,98,2,20
222,99,1,2
222,99,2,20
222,100,1,2
222,100,2,20
222,101,1,2
222,101,2,20
222,102,1,2
222,102,2,20
222,103,1,2
222,103,2,20
222,104,1,3
222,104,2,20
222,105,1,3
222,105,2,20
222,106,1,3
222,106,2,20
222,107,1,3
222,107,2,20
222,108,1,3
222,108,2,20
222,109,1,3
222,109,2,20
222,110,1,3
222,110,2,20
222,111,1,3
222,111,2,20
222,112,1,5
222,112,2,20
222,113,1,3
222,113,2,20
222,114,1,3
222,114,2,20
222,115,1,3
222,115,2,20
222,116,1,3
222,116,2,20
222,117,1,3
222,117,2,20
222,118,1,3
222,118,2,20
222,119,1,3
222,119,2,20
222,120,1,4
222,120,2,20
222,121,1,4
222,121,2,20
222,122,1,4
222,122,2,20
222,123,1,4
222,123,2,20
222,124,1,4
222,124,2,20
222,125,1,4
222,125,2,20
222,126,1,4
222,126,2,20
222,127,1,5
222,127,2,20
222,128,1,4
222,128,2,20
222,129,1,4
222,129,2,20
222,130,1,4
222,130,2,20
222,131,1,4
222,131,2,20
222,132,1,4
222,132,2,20
222,133,1,4
222,133,2,20
222,134,1,4
222,134,2,20
223,0,1,4
223,0,2,20
223,1,1,4
223,1,2,20
223,2,1,4
223,2,2,20
223,3,1,4
223,3,2,20
223,4,1,4
223,4,2,20
223,5,1,4
223,5,2,20
223,6,1,4
223,6,2,20
223,7,1,5
223,7,2,20
223,8,1,4
223,8,2,20
223,9,1,4
223,9,2,20
223,10,1,4
223,10,2,20
223,11,1,4
223,11,2,20
223,12,1,4
223,12,2,20
223,13,1,4
223,13,2,20
223,14,1,4
223,14,2,20
223,15,1,3
223,15,2,20
223,16,1,3
223,16,2,20
223,17,1,3
223,17,2,20
223,18,1,3
223,18,2,20
223,19,1,3
223,19,2,20
223,20,1,3
223,20,2,20
223,21,1,3
223,21,2,20
223,22,1,5
223,22,2,20
223,23,1,3
223,23,2,20
223,24,1,3
223,24,2,20
223,25,1,3
223,25,2,20
223,26,1,3
223,26,2,20
223,27,1,3
223,27,2,20
223,28,1,3
223,28,2,20
223,29,1,3
223,29,2,20
223,30,1,3
223,30,2,20
223,31,1,2
223,31,2,20
223,32,1,2
223,32,2,20
223,33,1,2
223,33,2,20
223,34,1,2
223,34,2,20
223,35,1,2
223,35,2,20
223,36,1,3
223,36,2,20
223,37,1,5
223,37,2,20
223,38,1,3
223,38,2,20
223,39,1,2
223,39,2,20
223,40,1,2
223,40,2,20
223,41,1,2
223,41,2,20
223,42,1,2
223,42,2,20
223,43,1,2
223,43,2,20
223,44,1,3
223,44,2,20
223,45,1,3
223,45,2,20
223,46,1,2
223,46,2,20
223,47,1,1
223,47,2,20
223,48,1,1
223,48,2,20
223,49,1,1
223,49,2,20
223,50,1,2
223,50,2,20
223,51,1,3
223,51,2,20
223,52,1,5
223,52,2,20
223,53,1,3
223,53,2,20
223,54,1,2
223,54,2,20
223,55,1,1
223,55,2,20
223,56,1,1
223,56,2,20
223,57,1,1
223,57,2,20
223,58,1,2
223,58,2,20
223,59,1,3
223,59,2,20
223,60,1,3
223,60,2,20
223,61,1,2
223,61,2,20
223,62,1,1
223,62,2,20
223,63,1,0
223,63,2,20
223,64,1,1
223,64,2,20
223,65,1,2
223,65,2,20
223,66,1,3
223,66,2,20
223,67,1,5
223,67,2,20
223,68,1,3
223,68,2,20
223,69,1,2
223,69,2,20
223,70,1,1
223,70,2,20
223,71,1,0
223,71,2,20
223,72,1,1
223,72,2,20
223,73,1,2
223,73,2,20
223,74,1,3
223,74,2,20
223,75,1,3
223,75,2,20
223,76,1,2
223,76,2,20
223,77,1,1
223,77,2,20
223,78,1,1
223,78,2,20
223,79,1,1
223,79,2,20
223,80,1,2
223,80,2,20
223,81,1,3
223,81,2,20
223,82,1,5
223,82,2,20
223,83,1,3
223,83,2,20
223,84,1,2
223,84,2,20
223,85,1,1
223,85,2,20
223,86,1,1
223,86,2,20
223,87,1,1
223,87,2,20
223,88,1,2
223,88,2,20
223,89,1,3
223,89,2,20
223,90,1,3
223,90,2,20
223,91,1,2
223,91,2,20
223,92,1,2
223,92,2,20
223,93,1,2
223,93,2,20
223,94,1,2
223,94,2,20
223,95,1,2
223,95,2,20
223,96,1,3
223,96,2,20
223,97,1,5
223,97,2,20
223,98,1,3
223,98,2,20
223,99,1,2
223,99,2,20
223,100,1,2
223,100,2,20
223,101,1,2
223,101,2,20
223,102,1,2
223,102,2,20
223,103,1,2
223,103,2,20
223,104,1,3
223,104,2,20
223,105,1,3
223,105,2,20
223,106,1,3
223,106,2,20
223,107,1,3
223,107,2,20
223,108,1,3
223,108,2,20
223,109,1,3
223,109,2,20
223,110,1,3
223,110,2,20
223,111,1,3
223,111,2,20
223,112,1,5
223,112,2,20
223,113,1,3
223,113,2,20
223,114,1,3
223,114,2,20
223,115,1,3
223,115,2,20
223,116,1,3
223,116,2,20
223,117,1,3
223,117,2,20
223,118,1,3
223,118,2,20
223,119,1,3
223,119,2,20
223,120,1,4
223,120,2,20
223,121,1,4
223,121,2,20
223,122,1,4
223,122,2,20
223,123,1,4
223,123,2,20
223,124,1,4
223,124,2,20
223,125,1,4
223,125,2,20
223,126,1,4
223,126,2,20
223,127,1,5
223,127,2,20
223,128,1,4
223,128,2,20
223,129,1,4
223,129,2,20
223,130,1,4
223,130,2,20
223,131,1,4
223,131,2,20
223,132,1,4
223,132,2,20
223,133,1,4
223,133,2,20
223,134,1,4
223,134,2,20
224,0,1,4
224,0,2,20
224,1,1,4
224,1,2,20
224,2,1,4
224,2,2,20
224,3,1,4
224,3,2,20
224,4,1,4
224,4,2,20
224,5,1,4
224,5,2,20
224,6,1,4
224,6,2,20
224,7,1,5
224,7,2,20
224,8,1,4
224,8,2,20
224,9,1,4
224,9,2,20
224,10,1,4
224,10,2,20
224,11,1,4
224,11,2,20
224,12,1,4
224,12,2,20
224,13,1,4
224,13,2,20
224,14,1,4
224,14,2,20
224,15,1,3
224,15,2,20
224,16,1,3
224,16,2,20
224,17,1,3
224,17,2,20
224,18,1,3
224,18,2,20
224,19,1,3
224,19,2,20
224,20,1,3
224,20,2,20
224,21,1,3
224,21,2,20
224,22,1,5
224,22,2,20
224,23,1,3
224,23,2,20
224,24,1,3
224,24,2,20
224,25,1,3
224,25,2,20
224,26,1,3
224,26,2,20
224,27,1,3
224,27,2,20
224,28,1,3
224,28,2,20
224,29,1,3
224,29,2,20
224,30,1,3
224,30,2,20
224,31,1,2
224,31,2,20
224,32,1,2
224,32,2,20
224,33,1,2
224,33,2,20
224,34,1,2
224,34,2,20
224,35,1,2
224,35,2,20
224,36,1,3
224,36,2,20
224,37,1,5
224,37,2,20
224,38,1,3
224,38,2,20
224,39,1,2
224,39,2,20
224,40,1,2
224,40,2,20
224,41,1,2
224,41,2,20
224,42,1,2
224,42,2,20
224,43,1,2
224,43,2,20
224,44,1,3
224,44,2,20
224,45,1,3
224,45,2,20
224,46,1,2
224,46,2,20
224,47,1,1
224,47,2,20
224,48,1,1
224,48,2,20
224,49,1,1
224,49,2,20
224,50,1,2
224,50,2,20
224,51,1,3
224,51,2,20
224,52,1,5
224,52,2,20
224,53,1,3
224,53,2,20
224,54,1,2
224,54,2,20
224,55,1,1
224,55,2,20
224,56,1,1
224,56,2,20
224,57,1,1
224,57,2,20
224,58,1,2
224,58,2,20
224,59,1,3
224,59,2,20
224,60,1,3
224,60,2,20
224,61,1,2
224,61,2,20
224,62,1,1
224,62,2,20
224,63,1,0
224,63,2,20
224,64,1,1
224,64,2,20
224,65,1,2
224,65,2,20
224,66,1,3
224,66,2,20
224,67,1,5
224,67,2,20
224,68,1,3
224,68,2,20
224,69,1,2
224,69,2,20
224,70,1,1
224,70,2,20
224,71,1,0
224,71,2,20
224,72,1,1
224,72,2,20
224,73,1,2
224,73,2,20
224,74,1,3
224,74,2,20
224,75,1,3
224,75,2,20
224,76,1,2
224,76,2,20
224,77,1,1
224,77,2,20
224,78,1,1
224,78,2,20
224,79,1,1
224,79,2,20
224,80,1,2
224,80,2,20
224,81,1,3
224,81,2,20
224,82,1,5
224,82,2,20
224,83,1,3
224,83,2,20
224,84,1,2
224,84,2,20
224,85,1,1
224,85,2,20
224,86,1,1
224,86,2,20
224,87,1,1
224,87,2,20
224,88,1,2
224,88,2,20
224,89,1,3
224,89,2,20
224,90,1,3
224,90,2,20
224,91,1,2
224,91,2,20
224,92,1,2
224,92,2,20
224,93,1,2
224,93,2,20
224,94,1,2
224,94,2,20
224,95,1,2
224,95,2,20
224,96,1,3
224,96,2,20
224,97,1,5
224,97,2,20
224,98,1,3
224,98,2,20
224,99,1,2
224,99,2,20
224,100,1,2
224,100,2,20
224,101,1,2
224,101,2,20
224,102,1,2
224,102,2,20
224,103,1,2
224,103,2,20
224,104,1,3
224,104,2,20
224,105,1,3
224,105,2,20
224,106,1,3
224,106,2,20
224,107,1,3
224,107,2,20
224,108,1,3
224,108,2,20
224,109,1,3
224,109,2,20
224,110,1,3
224,110,2,20
224,111,1,3
224,111,2,20
224,112,1,5
224,112,2,20
224,113,1,3
224,113,2,20
224,114,1,3
224,114,2,20
224,115,1,3
224,115,2,20
224,116,1,3
224,116,2,20
224,117,1,3
224,117,2,20
224,118,1,3
224,118,2,20
224,119,1,3
224,119,2,20
224,120,1,4
224,120,2,20
224,121,1,4
224,121,2,20
224,122,1,4
224,122,2,20
224,123,1,4
224,123,2,20
224,124,1,4
224,124,2,20
224,125,1,4
224,125,2,20
224,126,1,4
224,126,2,20
224,127,1,5
224,127,2,20
224,128,1,4
224,128,2,20
224,129,1,4
224,129,2,20
224,130,1,4
224,130,2,20
224,131,1,4
224,131,2,20
224,132,1,4
224,132,2,20
224,133,1,4
224,133,2,20
224,134,1,4
224,134,2,20
225,0,1,4
225,0,2,20
225,1,1,4
225,1,2,20
225,2,1,4
225,2,2,20
225,3,1,4
225,3,2,20
225,4,1,4
225,4,2,20
225,5,1,4
225,5,2,20
225,6,1,4
225,6,2,20
225,7,1,5
225,7,2,20
225,8,1,4
225,8,2,20
225,9,1,4
225,9,2,20
225,10,1,4
225,10,2,20
225,11,1,4
225,11,2,20
225,12,1,4
225,12,2,20
225,13,1,4
225,13,2,20
225,14,1,4
225,14,2,20
225,15,1,3
225,15,2,20
225,16,1,3
225,16,2,20
225,17,1,3
225,17,2,20
225,18,1,3
225,18,2,20
225,19,1,3
225,19,2,20
225,20,1,3
225,20,2,20
225,21,1,3
225,21,2,20
225,22,1,5
225,22,2,20
225,23,1,3
225,23,2,20
225,24,1,3
225,24,2,20
225,25,1,3
225,25,2,20
225,26,1,3
225,26,2,20
225,27,1,3
225,27,2,20
225,28,1,3
225,28,2,20
225,29,1,3
225,29,2,20
225,30,1,3
225,30,2,20
225,31,1,2
225,31,2,20
225,32,1,2
225,32,2,20
225,33,1,2
225,33,2,20
225,34,1,2
225,34,2,20
225,35,1,2
225,35,2,20
225,36,1,3
225,36,2,20
225,37,1,5
225,37,2,20
225,38,1,3
225,38,2,20
225,39,1,2
225,39,2,20
225,40,1,2
225,40,2,20
225,41,1,2
225,41,2,20
225,42,1,2
225,42,2,20
225,43,1,2
225,43,2,20
225,44,1,3
225,44,2,20
225,45,1,3
225,45,2,20
225,46,1,2
225,46,2,20
225,47,1,1
225,47,2,20
225,48,1,1
225,48,2,20
225,49,1,1
225,49,2,20
225,50,1,2
225,50,2,20
225,51,1,3
225,51,2,20
225,52,1,5
225,52,2,20
225,53,1,3
225,53,2,20
225,54,1,2
225,54,2,20
225,55,1,1
225,55,2,20
225,56,1,1
225,56,2,20
225,57,1,1
225,57,2,20
225,58,1,2
225,58,2,20
225,59,1,3
225,59,2,20
225,60,1,3
225,60,2,20
225,61,1,2
225,61,2,20
225,62,1,1
225,62,2,20
225,63,1,0
225,63,2,20
225,64,1,1
225,64,2,20
225,65,1,2
225,65,2,20
225,66,1,3
225,66,2,20
225,67,1,5
225,67,2,20
225,68,1,3
225,68,2,20
225,69,1,2
225,69,2,20
225,70,1,1
225,70,2,20
225,71,1,0
225,71,2,20
225,72,1,1
225,72,2,20
225,73,1,2
225,73,2,20
225,74,1,3
225,74,2,20
225,75,1,3
225,75,2,20
225,76,1,2
225,76,2,20
225,77,1,1
225,77,2,20
225,78,1,1
225,78,2,20
225,79,1,1
225,79,2,20
225,80,1,2
225,80,2,20
225,81,1,3
225,81,2,20
225,82,1,5
225,82,2,20
225,83,1,3
225,83,2,20
225,84,1,2
225,84,2,20
225,85,1,1
225,85,2,20
225,86,1,1
225,86,2,20
225,87,1,1
225,87,2,20
225,88,1,2
225,88,2,20
225,89,1,3
225,89,2,20
225,90,1,3
225,90,2,20
225,91,1,2
225,91,2,20
225,92,1,2
225,92,2,20
225,93,1,2
225,93,2,20
225,94,1,2
225,94,2,20
225,95,1,2
225,95,2,20
225,96,1,3
225,96,2,20
225,97,1,5
225,97,2,20
225,98,1,3
225,98,2,20
225,99,1,2
225,99,2,20
225,100,1,2
225,100,2,20
225,101,1,2
225,101,2,20
225,102,1,2
225,102,2,20
225,103,1,2
225,103,2,20
225,104,1,3
225,104,2,20
225,105,1,3
225,105,2,20
225,106,1,3
225,106,2,20
225,107,1,3
225,107,2,20
225,108,1,3
225,108,2,20
225,109,1,3
225,109,2,20
225,110,1,3
225,110,2,20
225,111,1,3
225,111,2,20
225,112,1,5
225,112,2,20
225,113,1,3
225,113,2,20
225,114,1,3
225,114,2,20
225,115,1,3
225,115,2,20
225,116,1,3
225,116,2,20
225,117,1,3
225,117,2,20
225,118,1,3
225,118,2,20
225,119,1,3
225,119,2,20
225,120,1,4
225,120,2,20
225,121,1,4
225,121,2,20
225,122,1,4
225,122,2,20
225,123,1,4
225,123,2,20
225,124,1,4
225,124,2,20
225,125,1,4
225,125,2,20
225,126,1,4
225,126,2,20
225,127,1,5
225,127,2,20
225,128,1,4
225,128,2,20
225,129,1,4
225,129,2,20
225,130,1,4
225,130,2,20
225,131,1,4
225,131,2,20
225,132,1,4
225,132,2,20
225,133,1,4
225,133,2,20
225,134,1,4
225,134,2,20
226,0,1,4
226,0,2,20
226,1,1,4
226,1,2,20
226,2,1,4
226,2,2,20
226,3,1,4
226,3,2,20
226,4,1,4
226,4,2,20
226,5,1,4
226,5,2,20
226,6,1,4
226,6,2,20
226,7,1,5
226,7,2,20
226,8,1,4
226,8,2,20
226,9,1,4
226,9,2,20
226,10,1,4
226,10,2,20
226,11,1,4
226,11,2,20
226,12,1,4
226,12,2,20
226,13,1,4
226,13,2,20
226,14,1,4
226,14,2,20
226,15,1,3
226,15,2,20
226,16,1,3
226,16,2,20
226,17,1,3
226,17,2,20
226,18,1,3
226,18,2,20
226,19,1,3
226,19,2,20
226,20,1,3
226,20,2,20
226,21,1,3
226,21,2,20
226,22,1,5
226,22,2,20
226,23,1,3
226,23,2,20
226,24,1,3
226,24,2,20
226,25,1,3
226,25,2,20
226,26,1,3
226,26,2,20
226,27,1,3
226,27,2,20
226,28,1,3
226,28,2,20
226,29,1,3
226,29,2,20
226,30,1,3
226,30,2,20
226,31,1,2
226,31,2,20
226,32,1,2
226,32,2,20
226,33,1,2
226,33,2,20
226,34,1,2
226,34,2,20
226,35,1,2
226,35,2,20
226,36,1,3
226,36,2,20
226,37,1,5
226,37,2,20
226,38,1,3
226,38,2,20
226,39,1,2
226,39,2,20
226,40,1,2
226,40,2,20
226,41,1,2
226,41,2,20
226,42,1,2
226,42,2,20
226,43,1,2
226,43,2,20
226,44,1,3
226,44,2,20
226,45,1,3
226,45,2,20
226,46,1,2
226,46,2,20
226,47,1,1
226,47,2,20
226,48,1,1
226,48,2,20
226,49,1,1
226,49,2,20
226,50,1,2
226,50,2,20
226,51,1,3
226,51,2,20
226,52,1,5
226,52,2,20
226,53,1,3
226,53,2,20
226,54,1,2
226,54,2,20
226,55,1,1
226,55,2,20
226,56,1,1
226,56,2,20
226,57,1,1
226,57,2,20
226,58,1,2
226,58,2,20
226,59,1,3
226,59,2,20
226,60,1,3
226,60,2,20
226,61,1,2
226,61,2,20
226,62,1,1
226,62,2,20
226,63,1,0
226,63,2,20
226,64,1,1
226,64,2,20
226,65,1,2
226,65,2,20
226,66,1,3
226,66,2,20
226,67,1,5
226,67,2,20
226,68,1,3
226,68,2,20
226,69,1,2
226,69,2,20
226,70,1,1
226,70,2,20
226,71,1,0
226,71,2,20
226,72,1,1
226,72,2,20
226,73,1,2
226,73,2,20
226,74,1,3
226,74,2,20
226,75,1,3
226,75,2,20
226,76,1,2
226,76,2,20
226,77,1,1
226,77,2,20
226,78,1,1
226,78,2,20
226,79,1,1
226,79,2,20
226,80,1,2
226,80,2,20
226,81,1,3
226,81,2,20
226,82,1,5
226,82,2,20
226,83,1,3
226,83,2,20
226,84,1,2
226,84,2,20
226,85,1,1
226,85,2,20
226,86,1,1
226,86,2,20
226,87,1,1
226,87,2,20
226,88,1,2
226,88,2,20
226,89,1,3
226,89,2,20
226,90,1,3
226,90,2,20
226,91,1,2
226,91,2,20
226,92,1,2
226,92,2,20
226,93,1,2
226,93,2,20
226,94,1,2
226,94,2,20
226,95,1,2
226,95,2,20
226,96,1,3
226,96,2,20
226,97,1,5
226,97,2,20
226,98,1,3
226,98,2,20
226,99,1,2
226,99,2,20
226,100,1,2
226,100,2,20
226,101,1,2
226,101,2,20
226,102,1,2
226,102,2,20
226,103,1,2
226,103,2,20
226,104,1,3
226,104,2,20
226,105,1,3
226,105,2,20
226,106,1,3
226,106,2,20
226,107,1,3
226,107,2,20
226,108,1,3
226,108,2,20
226,109,1,3
226,109,2,20
226,110,1,3
226,110,2,20
226,111,1,3
226,111,2,20
226,112,1,5
226,112,2,20
226,113,1,3
226,113,2,20
226,114,1,3
226,114,2,20
226,115,1,3
226,115,2,20
226,116,1,3
226,116,2,20
226,117,1,3
226,117,2,20
226,118,1,3
226,118,2,20
226,119,1,3
226,119,2,20
226,120,1,4
226,120,2,20
226,121,1,4
226,121,2,20
226,122,1,4
226,122,2,20
226,123,1,4
226,123,2,20
226,124,1,4
226,124,2,20
226,125,1,4
226,125,2,20
226,126,1,4
226,126,2,20
226,127,1,5
226,127,2,20
226,128,1,4
226,128,2,20
226,129,1,4
226,129,2,20
226,130,1,4
226,130,2,20
226,131,1,4
226,131,2,20
226,132,1,4
226,132,2,20
226,133,1,4
226,133,2,20
226,134,1,4
226,134,2,20
227,0,1,4
227,0,2,20
227,1,1,4
227,1,2,20
227,2,1,4
227,2,2,20
227,3,1,4
227,3,2,20
227,4,1,4
227,4,2,20
227,5,1,4
227,5,2,20
227,6,1,4
227,6,2,20
227,7,1,5
227,7,2,20
227,8,1,4
227,8,2,20
227,9,1,4
227,9,2,20
227,10,1,4
227,10,2,20
227,11,1,4
227,11,2,20
227,12,1,4
227,12,2,20
227,13,1,4
227,13,2,20
227,14,1,4
227,14,2,20
227,15,1,3
227,15,2,20
227,16,1,3
227,16,2,20
227,17,1,3
227,17,2,20
227,18,1,3
227,18,2,20
227,19,1,3
227,19,2,20
227,20,1,3
227,20,2,20
227,21,1,3
227,21,2,20
227,22,1,5
227,22,2,20
227,23,1,3
227,23,2,20
227,24,1,3
227,24,2,20
227,25,1,3
227,25,2,20
227,26,1,3
227,26,2,20
227,27,1,3
227,27,2,20
227,28,1,3
227,28,2,20
227,29,1,3
227,29,2,20
227,30,1,3
227,30,2,20
227,31,1,2
227,31,2,20
227,32,1,2
227,32,2,20
227,33,1,2
227,33,2,20
227,34,1,2
227,34,2,20
227,35,1,2
227,35,2,20
227,36,1,3
227,36,2,20
227,37,1,5
227,37,2,20
227,38,1,3
227,38,2,20
227,39,1,2
227,39,2,20
227,40,1,2
227,40,2,20
227,41,1,2
227,41,2,20
227,42,1,2
227,42,2,20
227,43,1,2
227,43,2,20
227,44,1,3
227,44,2,20
227,45,1,3
227,45,2,20
227,46,1,2
227,46,2,20
227,47,1,1
227,47,2,20
227,48,1,1
227,48,2,20
227,49,1,1
227,49,2,20
227,50,1,2
227,50,2,20
227,51,1,3
227,51,2,20
227,52,1,5
227,52,2,20
227,53,1,3
227,53,2,20
227,54,1,2
227,54,2,20
227,55,1,1
227,55,2,20
227,56,1,1
227,56,2,20
227,57,1,1
227,57,2,20
227,58,1,2
227,58,2,20
227,59,1,3
227,59,2,20
227,60,1,3
227,60,2,20
227,61,1,2
227,61,2,20
227,62,1,1
227,62,2,20
227,63,1,0
227,63,2,20
227,64,1,1
227,64,2,20
227,65,1,2
227,65,2,20
227,66,1,3
227,66,2,20
227,67,1,5
227,67,2,20
227,68,1,3
227,68,2,20
227,69,1,2
227,69,2,20
227,70,1,1
227,70,2,20
227,71,1,0
227,71,2,20
227,72,1,1
227,72,2,20
227,73,1,2
227,73,2,20
227,74,1,3
227,74,2,20
227,75,1,3
227,75,2,20
227,76,1,2
227,76,2,20
227,77,1,1
227,77,2,20
227,78,1,1
227,78,2,20
227,79,1,1
227,79,2,20
227,80,1,2
227,80,2,20
227,81,1,3
227,81,2,20
227,82,1,5
227,82,2,20
227,83,1,3
227,83,2,20
227,84,1,2
227,84,2,20
227,85,1,1
227,85,2,20
227,86,1,1
227,86,2,20
227,87,1,1
227,87,2,20
227,88,1,2
227,88,2,20
227,89,1,3
227,89,2,20
227,90,1,3
227,90,2,20
227,91,1,2
227,91,2,20
227,92,1,2
227,92,2,20
227,93,1,2
227,93,2,20
227,94,1,2
227,94,2,20
227,95,1,2
227,95,2,20
227,96,1,3
227,96,2,20
227,97,1,5
227,97,2,20
227,98,1,3
227,98,2,20
227,99,1,2
227,99,2,20
227,100,1,2
227,100,2,20
227,101,1,2
227,101,2,20
227,102,1,2
227,102,2,20
227,103,1,2
227,103,2,20
227,104,1,3
227,104,2,20
227,105,1,3
227,105,2,20
227,106,1,3
227,106,2,20
227,107,1,3
227,107,2,20
227,108,1,3
227,108,2,20
227,109,1,3
227,109,2,20
227,110,1,3
227,110,2,20
227,111,1,3
227,111,2,20
227,112,1,5
227,112,2,20
227,113,1,3
227,113,2,20
227,114,1,3
227,114,2,20
227,115,1,3
227,115,2,20
227,116,1,3
227,116,2,20
227,117,1,3
227,117,2,20
227,118,1,3
227,118,2,20
227,119,1,3
227,119,2,20
227,120,1,4
227,120,2,20
227,121,1,4
227,121,2,20
227,122,1,4
227,122,2,20
227,123,1,4
227,123,2,20
227,124,1,4
227,124,2,20
227,125,1,4
227,125,2,20
227,126,1,4
227,126,2,20
227,127,1,5
227,127,2,20
227,128,1,4
227,128,2,20
227,129,1,4
227,129,2,20
227,130,1,4
227,130,2,20
227,131,1,4
227,131,2,20
227,132,1,4
227,132,2,20
227,133,1,4
227,133,2,20
227,134,1,4
227,134,2,20
228,0,1,4
228,0,2,20
228,1,1,4
228,1,2,20
228,2,1,4
228,2,2,20
228,3,1,4
228,3,2,20
228,4,1,4
228,4,2,20
228,5,1,4
228,5,2,20
228,6,1,4
228,6,2,20
228,7,1,5
228,7,2,20
228,8,1,4
228,8,2,20
228,9,1,4
228,9,2,20
228,10,1,4
228,10,2,20
228,11,1,4
228,11,2,20
228,12,1,4
228,12,2,20
228,13,1,4
228,13,2,20
228,14,1,4
228,14,2,20
228,15,1,3
228,15,2,20
228,16,1,3
228,16,2,20
228,17,1,3
228,17,2,20
228,18,1,3
228,18,2,20
228,19,1,3
228,19,2,20
228,20,1,3
228,20,2,20
228,21,1,3
228,21,2,20
228,22,1,5
228,22,2,20
228,23,1,3
228,23,2,20
228,24,1,3
228,24,2,20
228,25,1,3
228,25,2,20
228,26,1,3
228,26,2,20
228,27,1,3
228,27,2,20
228,28,1,3
228,28,2,20
228,29,1,3
228,29,2,20
228,30,1,3
228,30,2,20
228,31,1,2
228,31,2,20
228,32,1,2
228,32,2,20
228,33,1,2
228,33,2,20
228,34,1,2
228,34,2,20
228,35,1,2
228,35,2,20
228,36,1,3
228,36,2,20
228,37,1,5
228,37,2,20
228,38,1,3
228,38,2,20
228,39,1,2
228,39,2,20
228,40,1,2
228,40,2,20
228,41,1,2
228,41,2,20
228,42,1,2
228,42,2,20
228,43,1,2
228,43,2,20
228,44,1,3
228,44,2,20
228,45,1,3
228,45,2,20
228,46,1,2
228,46,2,20
228,47,1,1
228,47,2,20
228,48,1,1
228,48,2,20
228,49,1,1
228,49,2,20
228,50,1,2
228,50,2,20
228,51,1,3
228,51,2,20
228,52,1,5
228,52,2,20
228,53,1,3
228,53,2,20
228,54,1,2
228,54,2,20
228,55,1,1
228,55,2,20
228,56,1,1
228,56,2,20
228,57,1,1
228,57,2,20
228,58,1,2
228,58,2,20
228,59,1,3
228,59,2,20
228,60,1,3
228,60,2,20
228,61,1,2
228,61,2,20
228,62,1,1
228,62,2,20
228,63,1,0
228,63,2,20
228,64,1,1
228,64,2,20
228,65,1,2
228,65,2,20
228,66,1,3
228,66,2,20
228,67,1,5
228,67,2,20
228,68,1,3
228,68,2,20
228,69,1,2
228,69,2,20
228,70,1,1
228,70,2,20
228,71,1,0
228,71,2,20
228,72,1,1
228,72,2,20
228,73,1,2
228,73,2,20
228,74,1,3
228,74,2,20
228,75,1,3
228,75,2,20
228,76,1,2
228,76,2,20
228,77,1,1
228,77,2,20
228,78,1,1
228,78,2,20
228,79,1,1
228,79,2,20
228,80,1,2
228,80,2,20
228,81,1,3
228,81,2,20
228,82,1,5
228,82,2,20
228,83,1,3
228,83,2,20
228,84,1,2
228,84,2,20
228,85,1,1
228,85,2,20
228,86,1,1
228,86,2,20
228,87,1,1
228,87,2,20
228,88,1,2
228,88,2,20
228,89,1,3
228,89,2,20
228,90,1,3
228,90,2,20
228,91,1,2
228,91,2,20
228,92,1,2
228,92,2,20
228,93,1,2
228,93,2,20
228,94,1,2
228,94,2,20
228,95,1,2
228,95,2,20
228,96,1,3
228,96,2,20
228,97,1,5
228,97,2,20
228,98,1,3
228,98,2,20
228,99,1,2
228,99,2,20
228,100,1,2
228,100,2,20
228,101,1,2
228,101,2,20
228,102,1,2
228,102,2,20
228,103,1,2
228,103,2,20
228,104,1,3
228,104,2,20
228,105,1,3
228,105,2,20
228,106,1,3
228,106,2,20
228,107,1,3
228,107,2,20
228,108,1,3
228,108,2,20
228,109,1,3
228,109,2,20
228,110,1,3
228,110,2,20
228,111,1,3
228,111,2,20
228,112,1,5
228,112,2,20
228,113,1,3
228,113,2,20
228,114,1,3
228,114,2,20
228,115,1,3
228,115,2,20
228,116,1,3
228,116,2,20
228,117,1,3
228,117,2,20
228,118,1,3
228,118,2,20
228,119,1,3
228,119,2,20
228,120,1,4
228,120,2,20
228,121,1,4
228,121,2,20
228,122,1,4
228,122,2,20
228,123,1,4
228,123,2,20
228,124,1,4
228,124,2,20
228,125,1,4
228,125,2,20
228,126,1,4
228,126,2,20
228,127,1,5
228,127,2,20
228,128,1,4
228,128,2,20
228,129,1,4
228,129,2,20
228,130,1,4
228,130,2,20
228,131,1,4
228,131,2,20
228,132,1,4
228,132,2,20
228,133,1,4
228,133,2,20
228,134,1,4
228,134,2,20
229,0,1,4
229,0,2,20
229,1,1,4
229,1,2,20
229,2,1,4
229,2,2,20
229,3,1,4
229,3,2,20
229,4,1,4
229,4,2,20
229,5,1,4
229,5,2,20
229,6,1,4
229,6,2,20
229,7,1,5
229,7,2,20
229,8,1,4
229,8,2,20
229,9,1,4
229,9,2,20
229,10,1,4
229,10,2,20
229,11,1,4
229,11,2,20
229,12,1,4
229,12,2,20
229,13,1,4
229,13,2,20
229,14,1,4
229,14,2,20
229,15,1,3
229,15,2,20
229,16,1,3
229,16,2,20
229,17,1,3
229,17,2,20
229,18,1,3
229,18,2,20
229,19,1,3
229,19,2,20
229,20,1,3
229,20,2,20
229,21,1,3
229,21,2,20
229,22,1,5
229,22,2,20
229,23,1,3
229,23,2,20
229,24,1,3
229,24,2,20
229,25,1,3
229,25,2,20
229,26,1,3
229,26,2,20
229,27,1,3
229,27,2,20
229,28,1,3
229,28,2,20
229,29,1,3
229,29,2,20
229,30,1,3
229,30,2,20
229,31,1,2
229,31,2,20
229,32,1,2
229,32,2,20
229,33,1,2
229,33,2,20
229,34,1,2
229,34,2,20
229,35,1,2
229,35,2,20
229,36,1,3
229,36,2,20
229,37,1,5
229,37,2,20
229,38,1,3
229,38,2,20
229,39,1,2
229,39,2,20
229,40,1,2
229,40,2,20
229,41,1,2
229,41,2,20
229,42,1,2
229,42,2,20
229,43,1,2
229,43,2,20
229,44,1,3
229,44,2,20
229,45,1,3
229,45,2,20
229,46,1,2
229,46,2,20
229,47,1,1
229,47,2,20
229,48,1,1
229,48,2,20
229,49,1,1
229,49,2,20
229,50,1,2
229,50,2,20
229,51,1,3
229,51,2,20
229,52,1,5
229,52,2,20
229,53,1,3
229,53,2,20
229,54,1,2
229,54,2,20
229,55,1,1
229,55,2,20
229,56,1,1
229,56,2,20
229,57,1,1
229,57,2,20
229,58,1,2
229,58,2,20
229,59,1,3
229,59,2,20
229,60,1,3
229,60,2,20
229,61,1,2
229,61,2,20
229,62,1,1
229,62,2,20
229,63,1,0
229,63,2,20
229,64,1,1
229,64,2,20
229,65,1,2
229,65,2,20
229,66,1,3
229,66,2,20
229,67,1,5
229,67,2,20
229,68,1,3
229,68,2,20
229,69,1,2
229,69,2,20
229,70,1,1
229,70,2,20
229,71,1,0
229,71,2,20
229,72,1,1
229,72,2,20
229,73,1,2
229,73,2,20
229,74,1,3
229,74,2,20
229,75,1,3
229,75,2,20
229,76,1,2
229,76,2,20
229,77,1,1
229,77,2,20
229,78,1,1
229,78,2,20
229,79,1,1
229,79,2,20
229,80,1,2
229,80,2,20
229,81,1,3
229,81,2,20
229,82,1,5
229,82,2,20
229,83,1,3
229,83,2,20
229,84,1,2
229,84,2,20
229,85,1,1
229,85,2,20
229,86,1,1
229,86,2,20
229,87,1,1
229,87,2,20
229,88,1,2
229,88,2,20
229,89,1,3
229,89,2,20
229,90,1,3
229,90,2,20
229,91,1,2
229,91,2,20
229,92,1,2
229,92,2,20
229,93,1,2
229,93,2,20
229,94,1,2
229,94,2,20
229,95,1,2
229,95,2,20
229,96,1,3
229,96,2,20
229,97,1,5
229,97,2,20
229,98,1,3
229,98,2,20
229,99,1,2
229,99,2,20
229,100,1,2
229,100,2,20
229,101,1,2
229,101,2,20
229,102,1,2
229,102,2,20
229,103,1,2
229,103,2,20
229,104,1,3
229,104,2,20
229,105,1,3
229,105,2,20
229,106,1,3
229,106,2,20
229,107,1,3
229,107,2,20
229,108,1,3
229,108,2,20
229,109,1,3
229,109,2,20
229,110,1,3
229,110,2,20
229,111,1,3
229,111,2,20
229,112,1,5
229,112,2,20
229,113,1,3
229,113,2,20
229,114,1,3
229,114,2,20
229,115,1,3
229,115,2,20
229,116,1,3
229,116,2,20
229,117,1,3
229,117,2,20
229,118,1,3
229,118,2,20
229,119,1,3
229,119,2,20
229,120,1,4
229,120,2,20
229,121,1,4
229,121,2,20
229,122,1,4
229,122,2,20
229,123,1,4
229,123,2,20
229,124,1,4
229,124,2,20
229,125,1,4
229,125,2,20
229,126,1,4
229,126,2,20
229,127,1,5
229,127,2,20
229,128,1,4
229,128,2,20
229,129,1,4
229,129,2,20
229,130,1,4
229,130,2,20
229,131,1,4
229,131,2,20
229,132,1,4
229,132,2,20
229,133,1,4
229,133,2,20
229,134,1,4
229,134,2,20
230,0,1,4
230,0,2,20
230,1,1,4
230,1,2,20
230,2,1,4
230,2,2,20
230,3,1,4
230,3,2,20
230,4,1,4
230,4,2,20
230,5,1,4
230,5,2,20
230,6,1,4
230,6,2,20
230,7,1,5
230,7,2,20
230,8,1,4
230,8,2,20
230,9,1,4
230,9,2,20
230,10,1,4
230,10,2,20
230,11,1,4
230,11,2,20
230,12,1,4
230,12,2,20
230,13,1,4
230,13,2,20
230,14,1,4
230,14,2,20
230,15,1,3
230,15,2,20
230,16,1,3
230,16,2,20
230,17,1,3
230,17,2,20
230,18,1,3
230,18,2,20
230,19,1,3
230,19,2,20
230,20,1,3
230,20,2,20
230,21,1,3
230,21,2,20
230,22,1,5
230,22,2,20
230,23,1,3
230,23,2,20
230,24,1,3
230,24,2,20
230,25,1,3
230,25,2,20
230,26,1,3
230,26,2,20
230,27,1,3
230,27,2,20
230,28,1,3
230,28,2,20
230,29,1,3
230,29,2,20
230,30,1,3
230,30,2,20
230,31,1,2
230,31,2,20
230,32,1,2
230,32,2,20
230,33,1,2
230,33,2,20
230,34,1,2
230,34,2,20
230,35,1,2
230,35,2,20
230,36,1,3
230,36,2,20
230,37,1,5
230,37,2,20
230,38,1,3
230,38,2,20
230,39,1,2
230,39,2,20
230,40,1,2
230,40,2,20
230,41,1,2
230,41,2,20
230,42,1,2
230,42,2,20
230,43,1,2
230,43,2,20
230,44,1,3
230,44,2,20
230,45,1,3
230,45,2,20
230,46,1,2
230,46,2,20
230,47,1,1
230,47,2,20
230,48,1,1
230,48,2,20
230,49,1,1
230,49,2,20
230,50,1,2
230,50,2,20
230,51,1,3
230,51,2,20
230,52,1,5
230,52,2,20
230,53,1,3
230,53,2,20
230,54,1,2
230,54,2,20
230,55,1,1
230,55,2,20
230,56,1,1
230,56,2,20
230,57,1,1
230,57,2,20
230,58,1,2
230,58,2,20
230,59,1,3
230,59,2,20
230,60,1,3
230,60,2,20
230,61,1,2
230,61,2,20
230,62,1,1
230,62,2,20
230,63,1,0
230,63,2,20
230,64,1,1
230,64,2,20
230,65,1,2
230,65,2,20
230,66,1,3
230,66,2,20
230,67,1,5
230,67,2,20
230,68,1,3
230,68,2,20
230,69,1,2
230,69,2,20
230,70,1,1
230,70,2,20
230,71,1,0
230,71,2,20
230,72,1,1
230,72,2,20
230,73,1,2
230,73,2,20
230,74,1,3
230,74,2,20
230,75,1,3
230,75,2,20
230,76,1,2
230,76,2,20
230,77,1,1
230,77,2,20
230,78,1,1
230,78,2,20
230,79,1,1
230,79,2,20
230,80,1,2
230,80,2,20
230,81,1,3
230,81,2,20
230,82,1,5
230,82,2,20
230,83,1,3
230,83,2,20
230,84,1,2
230,84,2,20
230,85,1,1
230,85,2,20
230,86,1,1
230,86,2,20
230,87,1,1
230,87,2,20
230,88,1,2
230,88,2,20
230,89,1,3
230,89,2,20
230,90,1,3
230,90,2,20
230,91,1,2
230,91,2,20
230,92,1,2
230,92,2,20
230,93,1,2
230,93,2,20
230,94,1,2
230,94,2,20
230,95,1,2
230,95,2,20
230,96,1,3
230,96,2,20
230,97,1,5
230,97,2,20
230,98,1,3
230,98,2,20
230,99,1,2
230,99,2,20
230,100,1,2
230,100,2,20
230,101,1,2
230,101,2,20
230,102,1,2
230,102,2,20
230,103,1,2
230,103,2,20
230,104,1,3
230,104,2,20
230,105,1,3
230,105,2,20
230,106,1,3
230,106,2,20
230,107,1,3
230,107,2,20
230,108,1,3
230,108,2,20
230,109,1,3
230,109,2,20
230,110,1,3
230,110,2,20
230,111,1,3
230,111,2,20
230,112,1,5
230,112,2,20
230,113,1,3
230,113,2,20
230,114,1,3
230,114,2,20
230,115,1,3
230,115,2,20
230,116,1,3
230,116,2,20
230,117,1,3
230,117,2,20
230,118,1,3
230,118,2,20
230,119,1,3
230,119,2,20
230,120,1,4
230,120,2,20
230,121,1,4
230,121,2,20
230,122,1,4
230,122,2,20
230,123,1,4
230,123,2,20
230,124,1,4
230,124,2,20
230,125,1,4
230,125,2,20
230,126,1,4
230,126,2,20
230,127,1,5
230,127,2,20
230,128,1,4
230,128,2,20
230,129,1,4
230,129,2,20
230,130,1,4
230,130,2,20
230,131,1,4
230,131,2,20
230,132,1,4
230,132,2,20
230,133,1,4
230,133,2,20
230,134,1,4
230,134,2,20
231,0,1,4
231,0,2,20
231,1,1,4
231,1,2,20
231,2,1,4
231,2,2,20
231,3,1,4
231,3,2,20
231,4,1,4
231,4,2,20
231,5,1,4
231,5,2,20
231,6,1,4
231,6,2,20
231,7,1,5
231,7,2,20
231,8,1,4
231,8,2,20
231,9,1,4
231,9,2,20
231,10,1,4
231,10,2,20
231,11,1,4
231,11,2,20
231,12,1,4
231,12,2,20
231,13,1,4
231,13,2,20
231,14,1,4
231,14,2,20
231,15,1,3
231,15,2,20
231,16,1,3
231,16,2,20
231,17,1,3
231,17,2,20
231,18,1,3
231,18,2,20
231,19,1,3
231,19,2,20
231,20,1,3
231,20,2,20
231,21,1,3
231,21,2,20
231,22,1,5
231,22,2,20
231,23,1,3
231,23,2,20
231,24,1,3
231,24,2,20
231,25,1,3
231,25,2,20
231,26,1,3
231,26,2,20
231,27,1,3
231,27,2,20
231,28,1,3
231,28,2,20
231,29,1,3
231,29,2,20
231,30,1,3
231,30,2,20
231,31,1,2
231,31,2,20
231,32,1,2
231,32,2,20
231,33,1,2
231,33,2,20
231,34,1,2
231,34,2,20
231,35,1,2
231,35,2,20
231,36,1,3
231,36,2,20
231,37,1,5
231,37,2,20
231,38,1,3
231,38,2,20
231,39,1,2
231,39,2,20
231,40,1,2
231,40,2,20
231,41,1,2
231,41,2,20
231,42,1,2
231,42,2,20
231,43,1,2
231,43,2,20
231,44,1,3
231,44,2,20
231,45,1,3
231,45,2,20
231,46,1,2
231,46,2,20
231,47,1,1
231,47,2,20
231,48,1,1
231,48,2,20
231,49,1,1
231,49,2,20
231,50,1,2
231,50,2,20
231,51,1,3
231,51,2,20
231,52,1,5
231,52,2,20
231,53,1,3
231,53,2,20
231,54,1,2
231,54,2,20
231,55,1,1
231,55,2,20
231,56,1,1
231,56,2,20
231,57,1,1
231,57,2,20
231,58,1,2
231,58,2,20
231,59,1,3
231,59,2,20
231,60,1,3
231,60,2,20
231,61,1,2
231,61,2,20
231,62,1,1
231,62,2,20
231,63,1,0
231,63,2,20
231,64,1,1
231,64,2,20
231,65,1,2
231,65,2,20
231,66,1,3
231,66,2,20
231,67,1,5
231,67,2,20
231,68,1,3
231,68,2,20
231,69,1,2
231,69,2,20
231,70,1,1
231,70,2,20
231,71,1,0
231,71,2,20
231,72,1,1
231,72,2,20
231,73,1,2
231,73,2,20
231,74,1,3
231,74,2,20
231,75,1,3
231,75,2,20
231,76,1,2
231,76,2,20
231,77,1,1
231,77,2,20
231,78,1,1
231,78,2,20
231,79,1,1
231,79,2,20
231,80,1,2
231,80,2,20
231,81,1,3
231,81,2,20
231,82,1,5
231,82,2,20
231,83,1,3
231,83,2,20
231,84,1,2
231,84,2,20
231,85,1,1
231,85,2,20
231,86,1,1
231,86,2,20
231,87,1,1
231,87,2,20
231,88,1,2
231,88,2,20
231,89,1,3
231,89,2,20
231,90,1,3
231,90,2,20
231,91,1,2
231,91,2,20
231,92,1,2
231,92,2,20
231,93,1,2
231,93,2,20
231,94,1,2
231,94,2,20
231,95,1,2
231,95,2,20
231,96,1,3
231,96,2,20
231,97,1,5
231,97,2,20
231,98,1,3
231,98,2,20
231,99,1,2
231,99,2,20
231,100,1,2
231,100,2,20
231,101,1,2
231,101,2,20
231,102,1,2
231,102,2,20
231,103,1,2
231,103,2,20
231,104,1,3
231,104,2,20
231,105,1,3
231,105,2,20
231,106,1,3
231,106,2,20
231,107,1,3
231,107,2,20
231,108,1,3
231,108,2,20
231,109,1,3
231,109,2,20
231,110,1,3
231,110,2,20
231,111,1,3
231,111,2,20
231,112,1,5
231,112,2,20
231,113,1,3
231,113,2,20
231,114,1,3
231,114,2,20
231,115,1,3
231,115,2,20
231,116,1,3
231,116,2,20
231,117,1,3
231,117,2,20
231,118,1,3
231,118,2,20
231,119,1,3
231,119,2,20
231,120,1,4
231,120,2,20
231,121,1,4
231,121,2,20
231,122,1,4
231,122,2,20
231,123,1,4
231,123,2,20
231,124,1,4
231,124,2,20
231,125,1,4
231,125,2,20
231,126,1,4
231,126,2,20
231,127,1,5
231,127,2,20
231,128,1,4
231,128,2,20
231,129,1,4
231,129,2,20
231,130,1,4
231,130,2,20
231,131,1,4
231,131,2,20
231,132,1,4
231,132,2,20
231,133,1,4
231,133,2,20
231,134,1,4
231,134,2,20
232,0,1,4
232,0,2,20
232,1,1,4
232,1,2,20
232,2,1,4
232,2,2,20
232,3,1,4
232,3,2,20
232,4,1,4
232,4,2,20
232,5,1,4
232,5,2,20
232,6,1,4
232,6,2,20
232,7,1,5
232,7,2,20
232,8,1,4
232,8,2,20
232,9,1,4
232,9,2,20
232,10,1,4
232,10,2,20
232,11,1,4
232,11,2,20
232,12,1,4
232,12,2,20
232,13,1,4
232,13,2,20
232,14,1,4
232,14,2,20
232,15,1,3
232,15,2,20
232,16,1,3
232,16,2,20
232,17,1,3
232,17,2,20
232,18,1,3
232,18,2,20
232,19,1,3
232,19,2,20
232,20,1,3
232,20,2,20
232,21,1,3
232,21,2,20
232,22,1,5
232,22,2,20
232,23,1,3
232,23,2,20
232,24,1,3
232,24,2,20
232,25,1,3
232,25,2,20
232,26,1,3
232,26,2,20
232,27,1,3
232,27,2,20
232,28,1,3
232,28,2,20
232,29,1,3
232,29,2,20
232,30,1,3
232,30,2,20
232,31,1,2
232,31,2,20
232,32,1,2
232,32,2,20
232,33,1,2
232,33,2,20
232,34,1,2
232,34,2,20
232,35,1,2
232,35,2,20
232,36,1,3
232,36,2,20
232,37,1,5
232,37,2,20
232,38,1,3
232,38,2,20
232,39,1,2
232,39,2,20
232,40,1,2
232,40,2,20
232,41,1,2
232,41,2,20
232,42,1,2
232,42,2,20
232,43,1,2
232,43,2,20
232,44,1,3
232,44,2,20
232,45,1,3
232,45,2,20
232,46,1,2
232,46,2,20
232,47,1,1
232,47,2,20
232,48,1,1
232,48,2,20
232,49,1,1
232,49,2,20
232,50,1,2
232,50,2,20
232,51,1,3
232,51,2,20
232,52,1,5
232,52,2,20
232,53,1,3
232,53,2,20
232,54,1,2
232,54,2,20
232,55,1,1
232,55,2,20
232,56,1,1
232,56,2,20
232,57,1,1
232,57,2,20
232,58,1,2
232,58,2,20
232,59,1,3
232,59,2,20
232,60,1,3
232,60,2,20
232,61,1,2
232,61,2,20
232,62,1,1
232,62,2,20
232,63,1,0
232,63,2,20
232,64,1,1
232,64,2,20
232,65,1,2
232,65,2,20
232,66,1,3
232,66,2,20
232,67,1,5
232,67,2,20
232,68,1,3
232,68,2,20
232,69,1,2
232,69,2,20
232,70,1,1
232,70,2,20
232,71,1,0
232,71,2,20
232,72,1,1
232,72,2,20
232,73,1,2
232,73,2,20
232,74,1,3
232,74,2,20
232,75,1,3
232,75,2,20
232,76,1,2
232,76,2,20
232,77,1,1
232,77,2,20
232,78,1,1
232,78,2,20
232,79,1,1
232,79,2,20
232,80,1,2
232,80,2,20
232,81,1,3
232,81,2,20
232,82,1,5
232,82,2,20
232,83,1,3
232,83,2,20
232,84,1,2
232,84,2,20
232,85,1,1
232,85,2,20
232,86,1,1
232,86,2,20
232,87,1,1
232,87,2,20
232,88,1,2
232,88,2,20
232,89,1,3
232,89,2,20
232,90,1,3
232,90,2,20
232,91,1,2
232,91,2,20
232,92,1,2
232,92,2,20
232,93,1,2
232,93,2,20
232,94,1,2
232,94,2,20
232,95,1,2
232,95,2,20
232,96,1,3
232,96,2,20
232,97,1,5
232,97,2,20
232,98,1,3
232,98,2,20
232,99,1,2
232,99,2,20
232,100,1,2
232,100,2,20
232,101,1,2
232,101,2,20
232,102,1,2
232,102,2,20
232,103,1,2
232,103,2,20
232,104,1,3
232,104,2,20
232,105,1,3
232,105,2,20
232,106,1,3
232,106,2,20
232,107,1,3
232,107,2,20
232,108,1,3
232,108,2,20
232,109,1,3
232,109,2,20
232,110,1,3
232,110,2,20
232,111,1,3
232,111,2,20
232,112,1,5
232,112,2,20
232,113,1,3
232,113,2,20
232,114,1,3
232,114,2,20
232,115,1,3
232,115,2,20
232,116,1,3
232,116,2,20
232,117,1,3
232,117,2,20
232,118,1,3
232,118,2,20
232,119,1,3
232,119,2,20
232,120,1,4
232,120,2,20
232,121,1,4
232,121,2,20
232,122,1,4
232,122,2,20
232,123,1,4
232,123,2,20
232,124,1,4
232,124,2,20
232,125,1,4
232,125,2,20
232,126,1,4
232,126,2,20
232,127,1,5
232,127,2,20
232,128,1,4
232,128,2,20
232,129,1,4
232,129,2,20
232,130,1,4
232,130,2,20
232,131,1,4
232,131,2,20
232,132,1,4
232,132,2,20
232,133,1,4
232,133,2,20
232,134,1,4
232,134,2,20
233,0,1,4
233,0,2,20
233,1,1,4
233,1,2,20
233,2,1,4
233,2,2,20
233,3,1,4
233,3,2,20
233,4,1,4
233,4,2,20
233,5,1,4
233,5,2,20
233,6,1,4
233,6,2,20
233,7,1,5
233,7,2,20
233,8,1,4
233,8,2,20
233,9,1,4
233,9,2,20
233,10,1,4
233,10,2,20
233,11,1,4
233,11,2,20
233,12,1,4
233,12,2,20
233,13,1,4
233,13,2,20
233,14,1,4
233,14,2,20
233,15,1,3
233,15,2,20
233,16,1,3
233,16,2,20
233,17,1,3
233,17,2,20
233,18,1,3
233,18,2,20
233,19,1,3
233,19,2,20
233,20,1,3
233,20,2,20
233,21,1,3
233,21,2,20
233,22,1,5
233,22,2,20
233,23,1,3
233,23,2,20
233,24,1,3
233,24,2,20
233,25,1,3
233,25,2,20
233,26,1,3
233,26,2,20
233,27,1,3
233,27,2,20
233,28,1,3
233,28,2,20
233,29,1,3
233,29,2,20
233,30,1,3
233,30,2,20
233,31,1,2
233,31,2,20
233,32,1,2
233,32,2,20
233,33,1,2
233,33,2,20
233,34,1,2
233,34,2,20
233,35,1,2
233,35,2,20
233,36,1,3
233,36,2,20
233,37,1,5
233,37,2,20
233,38,1,3
233,38,2,20
233,39,1,2
233,39,2,20
233,40,1,2
233,40,2,20
233,41,1,2
233,41,2,20
233,42,1,2
233,42,2,20
233,43,1,2
233,43,2,20
233,44,1,3
233,44,2,20
233,45,1,3
233,45,2,20
233,46,1,2
233,46,2,20
233,47,1,1
233,47,2,20
233,48,1,1
233,48,2,20
233,49,1,1
233,49,2,20
233,50,1,2
233,50,2,20
233,51,1,3
233,51,2,20
233,52,1,5
233,52,2,20
233,53,1,3
233,53,2,20
233,54,1,2
233,54,2,20
233,55,1,1
233,55,2,20
233,56,1,1
233,56,2,20
233,57,1,1
233,57,2,20
233,58,1,2
233,58,2,20
233,59,1,3
233,59,2,20
233,60,1,3
233,60,2,20
233,61,1,2
233,61,2,20
233,62,1,1
233,62,2,20
233,63,1,0
233,63,2,20
233,64,1,1
233,64,2,20
233,65,1,2
233,65,2,20
233,66,1,3
233,66,2,20
233,67,1,5
233,67,2,20
233,68,1,3
233,68,2,20
233,69,1,2
233,69,2,20
233,70,1,1
233,70,2,20
233,71,1,0
233,71,2,20
233,72,1,1
233,72,2,20
233,73,1,2
233,73,2,20
233,74,1,3
233,74,2,20
233,75,1,3
233,75,2,20
233,76,1,2
233,76,2,20
233,77,1,1
233,77,2,20
233,78,1,1
233,78,2,20
233,79,1,1
233,79,2,20
233,80,1,2
233,80,2,20
233,81,1,3
233,81,2,20
233,82,1,5
233,82,2,20
233,83,1,3
233,83,2,20
233,84,1,2
233,84,2,20
233,85,1,1
233,85,2,20
233,86,1,1
233,86,2,20
233,87,1,1
233,87,2,20
233,88,1,2
233,88,2,20
233,89,1,3
233,89,2,20
233,90,1,3
233,90,2,20
233,91,1,2
233,91,2,20
233,92,1,2
233,92,2,20
233,93,1,2
233,93,2,20
233,94,1,2
233,94,2,20
233,95,1,2
233,95,2,20
233,96,1,3
233,96,2,20
233,97,1,5
233,97,2,20
233,98,1,3
233,98,2,20
233,99,1,2
233,99,2,20
233,100,1,2
233,100,2,20
233,101,1,2
233,101,2,20
233,102,1,2
233,102,2,20
233,103,1,2
233,103,2,20
233,104,1,3
233,104,2,20
233,105,1,3
233,105,2,20
233,106,1,3
233,106,2,20
233,107,1,3
233,107,2,20
233,108,1,3
233,108,2,20
233,109,1,3
233,109,2,20
233,110,1,3
233,110,2,20
233,111,1,3
233,111,2,20
233,112,1,5
233,112,2,20
233,113,1,3
233,113,2,20
233,114,1,3
233,114,2,20
233,115,1,3
233,115,2,20
233,116,1,3
233,116,2,20
233,117,1,3
233,117,2,20
233,118,1,3
233,118,2,20
233,119,1,3
233,119,2,20
233,120,1,4
233,120,2,20
233,121,1,4
233,121,2,20
233,122,1,4
233,122,2,20
233,123,1,4
233,123,2,20
233,124,1,4
233,124,2,20
233,125,1,4
233,125,2,20
233,126,1,4
233,126,2,20
233,127,1,5
233,127,2,20
233,128,1,4
233,128,2,20
233,129,1,4
233,129,2,20
233,130,1,4
233,130,2,20
233,131,1,4
233,131,2,20
233,132,1,4
233,132,2,20
233,133,1,4
233,133,2,20
233,134,1,4
233,134,2,20
234,0,1,4
234,0,2,20
234,1,1,4
234,1,2,20
234,2,1,4
234,2,2,20
234,3,1,4
234,3,2,20
234,4,1,4
234,4,2,20
234,5,1,4
234,5,2,20
234,6,1,4
234,6,2,20
234,7,1,5
234,7,2,20
234,8,1,4
234,8,2,20
234,9,1,4
234,9,2,20
234,10,1,4
234,10,2,20
234,11,1,4
234,11,2,20
234,12,1,4
234,12,2,20
234,13,1,4
234,13,2,20
234,14,1,4
234,14,2,20
234,15,1,3
234,15,2,20
234,16,1,3
234,16,2,20
234,17,1,3
234,17,2,20
234,18,1,3
234,18,2,20
234,19,1,3
234,19,2,20
234,20,1,3
234,20,2,20
234,21,1,3
234,21,2,20
234,22,1,5
234,22,2,20
234,23,1,3
234,23,2,20
234,24,1,3
234,24,2,20
234,25,1,3
234,25,2,20
234,26,1,3
234,26,2,20
234,27,1,3
234,27,2,20
234,28,1,3
234,28,2,20
234,29,1,3
234,29,2,20
234,30,1,3
234,30,2,20
234,31,1,2
234,31,2,20
234,32,1,2
234,32,2,20
234,33,1,2
234,33,2,20
234,34,1,2
234,34,2,20
234,35,1,2
234,35,2,20
234,36,1,3
234,36,2,20
234,37,1,5
234,37,2,20
234,38,1,3
234,38,2,20
234,39,1,2
234,39,2,20
234,40,1,2
234,40,2,20
234,41,1,2
234,41,2,20
234,42,1,2
234,42,2,20
234,43,1,2
234,43,2,20
234,44,1,3
234,44,2,20
234,45,1,3
234,45,2,20
234,46,1,2
234,46,2,20
234,47,1,1
234,47,2,20
234,48,1,1
234,48,2,20
234,49,1,1
234,49,2,20
234,50,1,2
234,50,2,20
234,51,1,3
234,51,2,20
234,52,1,5
234,52,2,20
234,53,1,3
234,53,2,20
234,54,1,2
234,54,2,20
234,55,1,1
234,55,2,20
234,56,1,1
234,56,2,20
234,57,1,1
234,57,2,20
234,58,1,2
234,58,2,20
234,59,1,3
234,59,2,20
234,60,1,3
234,60,2,20
234,61,1,2
234,61,2,20
234,62,1,1
234,62,2,20
234,63,1,0
234,63,2,20
234,64,1,1
234,64,2,20
234,65,1,2
234,65,2,20
234,66,1,3
234,66,2,20
234,67,1,5
234,67,2,20
234,68,1,3
234,68,2,20
234,69,1,2
234,69,2,20
234,70,1,1
234,70,2,20
234,71,1,0
234,71,2,20
234,72,1,1
234,72,2,20
234,73,1,2
234,73,2,20
234,74,1,3
234,74,2,20
234,75,1,3
234,75,2,20
234,76,1,2
234,76,2,20
234,77,1,1
234,77,2,20
234,78,1,1
234,78,2,20
234,79,1,1
234,79,2,20
234,80,1,2
234,80,2,20
234,81,1,3
234,81,2,20
234,82,1,5
234,82,2,20
234,83,1,3
234,83,2,20
234,84,1,2
234,84,2,20
234,85,1,1
234,85,2,20
234,86,1,1
234,86,2,20
234,87,1,1
234,87,2,20
234,88,1,2
234,88,2,20
234,89,1,3
234,89,2,20
234,90,1,3
234,90,2,20
234,91,1,2
234,91,2,20
234,92,1,2
234,92,2,20
234,93,1,2
234,93,2,20
234,94,1,2
234,94,2,20
234,95,1,2
234,95,2,20
234,96,1,3
234,96,2,20
234,97,1,5
234,97,2,20
234,98,1,3
234,98,2,20
234,99,1,2
234,99,2,20
234,100,1,2
234,100,2,20
234,101,1,2
234,101,2,20
234,102,1,2
234,102,2,20
234,103,1,2
234,103,2,20
234,104,1,3
234,104,2,20
234,105,1,3
234,105,2,20
234,106,1,3
234,106,2,20
234,107,1,3
234,107,2,20
234,108,1,3
234,108,2,20
234,109,1,3
234,109,2,20
234,110,1,3
234,110,2,20
234,111,1,3
234,111,2,20
234,112,1,5
234,112,2,20
234,113,1,3
234,113,2,20
234,114,1,3
234,114,2,20
234,115,1,3
234,115,2,20
234,116,1,3
234,116,2,20
234,117,1,3
234,117,2,20
234,118,1,3
234,118,2,20
234,119,1,3
234,119,2,20
234,120,1,4
234,120,2,20
234,121,1,4
234,121,2,20
234,122,1,4
234,122,2,20
234,123,1,4
234,123,2,20
234,124,1,4
234,124,2,20
234,125,1,4
234,125,2,20
234,126,1,4
234,126,2,20
234,127,1,5
234,127,2,20
234,128,1,4
234,128,2,20
234,129,1,4
234,129,2,20
234,130,1,4
234,130,2,20
234,131,1,4
234,131,2,20
234,132,1,4
234,132,2,20
234,133,1,4
234,133,2,20
234,134,1,4
234,134,2,20
235,0,1,4
235,0,2,20
235,1,1,4
235,1,2,20
235,2,1,4
235,2,2,20
235,3,1,4
235,3,2,20
235,4,1,4
235,4,2,20
235,5,1,4
235,5,2,20
235,6,1,4
235,6,2,20
235,7,1,5
235,7,2,20
235,8,1,4
235,8,2,20
235,9,1,4
235,9,2,20
235,10,1,4
235,10,2,20
235,11,1,4
235,11,2,20
235,12,1,4
235,12,2,20
235,13,1,4
235,13,2,20
235,14,1,4
235,14,2,20
235,15,1,3
235,15,2,20
235,16,1,3
235,16,2,20
235,17,1,3
235,17,2,20
235,18,1,3
235,18,2,20
235,19,1,3
235,19,2,20
235,20,1,3
235,20,2,20
235,21,1,3
235,21,2,20
235,22,1,5
235,22,2,20
235,23,1,3
235,23,2,20
235,24,1,3
235,24,2,20
235,25,1,3
235,25,2,20
235,26,1,3
235,26,2,20
235,27,1,3
235,27,2,20
235,28,1,3
235,28,2,20
235,29,1,3
235,29,2,20
235,30,1,3
235,30,2,20
235,31,1,2
235,31,2,20
235,32,1,2
235,32,2,20
235,33,1,2
235,33,2,20
235,34,1,2
235,34,2,20
235,35,1,2
235,35,2,20
235,36,1,3
235,36,2,20
235,37,1,5
235,37,2,20
235,38,1,3
235,38,2,20
235,39,1,2
235,39,2,20
235,40,1,2
235,40,2,20
235,41,1,2
235,41,2,20
235,42,1,2
235,42,2,20
235,43,1,2
235,43,2,20
235,44,1,3
235,44,2,20
235,45,1,3
235,45,2,20
235,46,1,2
235,46,2,20
235,47,1,1
235,47,2,20
235,48,1,1
235,48,2,20
235,49,1,1
235,49,2,20
235,50,1,2
235,50,2,20
235,51,1,3
235,51,2,20
235,52,1,5
235,52,2,20
235,53,1,3
235,53,2,20
235,54,1,2
235,54,2,20
235,55,1,1
235,55,2,20
235,56,1,1
235,56,2,20
235,57,1,1
235,57,2,20
235,58,1,2
235,58,2,20
235,59,1,3
235,59,2,20
235,60,1,3
235,60,2,20
235,61,1,2
235,61,2,20
235,62,1,1
235,62,2,20
235,63,1,0
235,63,2,20
235,64,1,1
235,64,2,20
235,65,1,2
235,65,2,20
235,66,1,3
235,66,2,20
235,67,1,5
235,67,2,20
235,68,1,3
235,68,2,20
235,69,1,2
235,69,2,20
235,70,1,1
235,70,2,20
235,71,1,0
235,71,2,20
235,72,1,1
235,72,2,20
235,73,1,2
235,73,2,20
235,74,1,3
235,74,2,20
235,75,1,3
235,75,2,20
235,76,1,2
235,76,2,20
235,77,1,1
235,77,2,20
235,78,1,1
235,78,2,20
235,79,1,1
235,79,2,20
235,80,1,2
235,80,2,20
235,81,1,3
235,81,2,20
235,82,1,5
235,82,2,20
235,83,1,3
235,83,2,20
235,84,1,2
235,84,2,20
235,85,1,1
235,85,2,20
235,86,1,1
235,86,2,20
235,87,1,1
235,87,2,20
235,88,1,2
235,88,2,20
235,89,1,3
235,89,2,20
235,90,1,3
235,90,2,20
235,91,1,2
235,91,2,20
235,92,1,2
235,92,2,20
235,93,1,2
235,93,2,20
235,94,1,2
235,94,2,20
235,95,1,2
235,95,2,20
235,96,1,3
235,96,2,20
235,97,1,5
235,97,2,20
235,98,1,3
235,98,2,20
235,99,1,2
235,99,2,20
235,100,1,2
235,100,2,20
235,101,1,2
235,101,2,20
235,102,1,2
235,102,2,20
235,103,1,2
235,103,2,20
235,104,1,3
235,104,2,20
235,105,1,3
235,105,2,20
235,106,1,3
235,106,2,20
235,107,1,3
235,107,2,20
235,108,1,3
235,108,2,20
235,109,1,3
235,109,2,20
235,110,1,3
235,110,2,20
235,111,1,3
235,111,2,20
235,112,1,5
235,112,2,20
235,113,1,3
235,113,2,20
235,114,1,3
235,114,2,20
235,115,1,3
235,115,2,20
235,116,1,3
235,116,2,20
235,117,1,3
235,117,2,20
235,118,1,3
235,118,2,20
235,119,1,3
235,119,2,20
235,120,1,4
235,120,2,20
235,121,1,4
235,121,2,20
235,122,1,4
235,122,2,20
235,123,1,4
235,123,2,20
235,124,1,4
235,124,2,20
235,125,1,4
235,125,2,20
235,126,1,4
235,126,2,20
235,127,1,5
235,127,2,20
235,128,1,4
235,128,2,20
235,129,1,4
235,129,2,20
235,130,1,4
235,130,2,20
235,131,1,4
235,131,2,20
235,132,1,4
235,132,2,20
235,133,1,4
235,133,2,20
235,134,1,4
235,134,2,20
236,0,1,4
236,0,2,20
236,1,1,4
236,1,2,20
236,2,1,4
236,2,2,20
236,3,1,4
236,3,2,20
236,4,1,4
236,4,2,20
236,5,1,4
236,5,2,20
236,6,1,4
236,6,2,20
236,7,1,5
236,7,2,20
236,8,1,4
236,8,2,20
236,9,1,4
236,9,2,20
236,10,1,4
236,10,2,20
236,11,1,4
236,11,2,20
236,12,1,4
236,12,2,20
236,13,1,4
236,13,2,20
236,14,1,4
236,14,2,20
236,15,1,3
236,15,2,20
236,16,1,3
236,16,2,20
236,17,1,3
236,17,2,20
236,18,1,3
236,18,2,20
236,19,1,3
236,19,2,20
236,20,1,3
236,20,2,20
236,21,1,3
236,21,2,20
236,22,1,5
236,22,2,20
236,23,1,3
236,23,2,20
236,24,1,3
236,24,2,20
236,25,1,3
236,25,2,20
236,26,1,3
236,26,2,20
236,27,1,3
236,27,2,20
236,28,1,3
236,28,2,20
236,29,1,3
236,29,2,20
236,30,1,3
236,30,2,20
236,31,1,2
236,31,2,20
236,32,1,2
236,32,2,20
236,33,1,2
236,33,2,20
236,34,1,2
236,34,2,20
236,35,1,2
236,35,2,20
236,36,1,3
236,36,2,20
236,37,1,5
236,37,2,20
236,38,1,3
236,38,2,20
236,39,1,2
236,39,2,20
236,40,1,2
236,40,2,20
236,41,1,2
236,41,2,20
236,42,1,2
236,42,2,20
236,43,1,2
236,43,2,20
236,44,1,3
236,44,2,20
236,45,1,3
236,45,2,20
236,46,1,2
236,46,2,20
236,47,1,1
236,47,2,20
236,48,1,1
236,48,2,20
236,49,1,1
236,49,2,20
236,50,1,2
236,50,2,20
236,51,1,3
236,51,2,20
236,52,1,5
236,52,2,20
236,53,1,3
236,53,2,20
236,54,1,2
236,54,2,20
236,55,1,1
236,55,2,20
236,56,1,1
236,56,2,20
236,57,1,1
236,57,2,20
236,58,1,2
236,58,2,20
236,59,1,3
236,59,2,20
236,60,1,3
236,60,2,20
236,61,1,2
236,61,2,20
236,62,1,1
236,62,2,20
236,63,1,0
236,63,2,20
236,64,1,1
236,64,2,20
236,65,1,2
236,65,2,20
236,66,1,3
236,66,2,20
236,67,1,5
236,67,2,20
236,68,1,3
236,68,2,20
236,69,1,2
236,69,2,20
236,70,1,1
236,70,2,20
236,71,1,0
236,71,2,20
236,72,1,1
236,72,2,20
236,73,1,2
236,73,2,20
236,74,1,3
236,74,2,20
236,75,1,3
236,75,2,20
236,76,1,2
236,76,2,20
236,77,1,1
236,77,2,20
236,78,1,1
236,78,2,20
236,79,1,1
236,79,2,20
236,80,1,2
236,80,2,20
236,81,1,3
236,81,2,20
236,82,1,5
236,82,2,20
236,83,1,3
236,83,2,20
236,84,1,2
236,84,2,20
236,85,1,1
236,85,2,20
236,86,1,1
236,86,2,20
236,87,1,1
236,87,2,20
236,88,1,2
236,88,2,20
236,89,1,3
236,89,2,20
236,90,1,3
236,90,2,20
236,91,1,2
236,91,2,20
236,92,1,2
236,92,2,20
236,93,1,2
236,93,2,20
236,94,1,2
236,94,2,20
236,95,1,2
236,95,2,20
236,96,1,3
236,96,2,20
236,97,1,5
236,97,2,20
236,98,1,3
236,98,2,20
236,99,1,2
236,99,2,20
236,100,1,2
236,100,2,20
236,101,1,2
236,101,2,20
236,102,1,2
236,102,2,20
236,103,1,2
236,103,2,20
236,104,1,3
236,104,2,20
236,105,1,3
236,105,2,20
236,106,1,3
236,106,2,20
236,107,1,3
236,107,2,20
236,108,1,3
236,108,2,20
236,109,1,3
236,109,2,20
236,110,1,3
236,110,2,20
236,111,1,3
236,111,2,20
236,112,1,5
236,112,2,20
236,113,1,3
236,113,2,20
236,114,1,3
236,114,2,20
236,115,1,3
236,115,2,20
236,116,1,3
236,116,2,20
236,117,1,3
236,117,2,20
236,118,1,3
236,118,2,20
236,119,1,3
236,119,2,20
236,120,1,4
236,120,2,20
236,121,1,4
236,121,2,20
236,122,1,4
236,122,2,20
236,123,1,4
236,123,2,20
236,124,1,4
236,124,2,20
236,125,1,4
236,125,2,20
236,126,1,4
236,126,2,20
236,127,1,5
236,127,2,20
236,128,1,4
236,128,2,20
236,129,1,4
236,129,2,20
236,130,1,4
236,130,2,20
236,131,1,4
236,131,2,20
236,132,1,4
236,132,2,20
236,133,1,4
236,133,2,20
236,134,1,4
236,134,2,20
237,0,1,4
237,0,2,20
237,1,1,4
237,1,2,20
237,2,1,4
237,2,2,20
237,3,1,4
237,3,2,20
237,4,1,4
237,4,2,20
237,5,1,4
237,5,2,20
237,6,1,4
237,6,2,20
237,7,1,5
237,7,2,20
237,8,1,4
237,8,2,20
237,9,1,4
237,9,2,20
237,10,1,4
237,10,2,20
237,11,1,4
237,11,2,20
237,12,1,4
237,12,2,20
237,13,1,4
237,13,2,20
237,14,1,4
237,14,2,20
237,15,1,3
237,15,2,20
237,16,1,3
237,16,2,20
237,17,1,3
237,17,2,20
237,18,1,3
237,18,2,20
237,19,1,3
237,19,2,20
237,20,1,3
237,20,2,20
237,21,1,3
237,21,2,20
237,22,1,5
237,22,2,20
237,23,1,3
237,23,2,20
237,24,1,3
237,24,2,20
237,25,1,3
237,25,2,20
237,26,1,3
237,26,2,20
237,27,1,3
237,27,2,20
237,28,1,3
237,28,2,20
237,29,1,3
237,29,2,20
237,30,1,3
237,30,2,20
237,31,1,2
237,31,2,20
237,32,1,2
237,32,2,20
237,33,1,2
237,33,2,20
237,34,1,2
237,34,2,20
237,35,1,2
237,35,2,20
237,36,1,3
237,36,2,20
237,37,1,5
237,37,2,20
237,38,1,3
237,38,2,20
237,39,1,2
237,39,2,20
237,40,1,2
237,40,2,20
237,41,1,2
237,41,2,20
237,42,1,2
237,42,2,20
237,43,1,2
237,43,2,20
237,44,1,3
237,44,2,20
237,45,1,3
237,45,2,20
237,46,1,2
237,46,2,20
237,47,1,1
237,47,2,20
237,48,1,1
237,48,2,20
237,49,1,1
237,49,2,20
237,50,1,2
237,50,2,20
237,51,1,3
237,51,2,20
237,52,1,5
237,52,2,20
237,53,1,3
237,53,2,20
237,54,1,2
237,54,2,20
237,55,1,1
237,55,2,20
237,56,1,1
237,56,2,20
237,57,1,1
237,57,2,20
237,58,1,2
237,58,2,20
237,59,1,3
237,59,2,20
237,60,1,3
237,60,2,20
237,61,1,2
237,61,2,20
237,62,1,1
237,62,2,20
237,63,1,0
237,63,2,20
237,64,1,1
237,64,2,20
237,65,1,2
237,65,2,20
237,66,1,3
237,66,2,20
237,67,1,5
237,67,2,20
237,68,1,3
237,68,2,20
237,69,1,2
237,69,2,20
237,70,1,1
237,70,2,20
237,71,1,0
237,71,2,20
237,72,1,1
237,72,2,20
237,73,1,2
237,73,2,20
237,74,1,3
237,74,2,20
237,75,1,3
237,75,2,20
237,76,1,2
237,76,2,20
237,77,1,1
237,77,2,20
237,78,1,1
237,78,2,20
237,79,1,1
237,79,2,20
237,80,1,2
237,80,2,20
237,81,1,3
237,81,2,20
237,82,1,5
237,82,2,20
237,83,1,3
237,83,2,20
237,84,1,2
237,84,2,20
237,85,1,1
237,85,2,20
237,86,1,1
237,86,2,20
237,87,1,1
237,87,2,20
237,88,1,2
237,88,2,20
237,89,1,3
237,89,2,20
237,90,1,3
237,90,2,20
237,91,1,2
237,91,2,20
237,92,1,2
237,92,2,20
237,93,1,2
237,93,2,20
237,94,1,2
237,94,2,20
237,95,1,2
237,95,2,20
237,96,1,3
237,96,2,20
237,97,1,5
237,97,2,20
237,98,1,3
237,98,2,20
237,99,1,2
237,99,2,20
237,100,1,2
237,100,2,20
237,101,1,2
237,101,2,20
237,102,1,2
237,102,2,20
237,103,1,2
237,103,2,20
237,104,1,3
237,104,2,20
237,105,1,3
237,105,2,20
237,106,1,3
237,106,2,20
237,107,1,3
237,107,2,20
237,108,1,3
237,108,2,20
237,109,1,3
237,109,2,20
237,110,1,3
237,110,2,20
237,111,1,3
237,111,2,20
237,112,1,5
237,112,2,20
237,113,1,3
237,113,2,20
237,114,1,3
237,114,2,20
237,115,1,3
237,115,2,20
237,116,1,3
237,116,2,20
237,117,1,3
237,117,2,20
237,118,1,3
237,118,2,20
237,119,1,3
237,119,2,20
237,120,1,4
237,120,2,20
237,121,1,4
237,121,2,20
237,122,1,4
237,122,2,20
237,123,1,4
237,123,2,20
237,124,1,4
237,124,2,20
237,125,1,4
237,125,2,20
237,126,1,4
237,126,2,20
237,127,1,5
237,127,2,20
237,128,1,4
237,128,2,20
237,129,1,4
237,129,2,20
237,130,1,4
237,130,2,20
237,131,1,4
237,131,2,20
237,132,1,4
237,132,2,20
237,133,1,4
237,133,2,20
237,134,1,4
237,134,2,20
238,0,1,4
238,0,2,20
238,1,1,4
238,1,2,20
238,2,1,4
238,2,2,20
238,3,1,4
238,3,2,20
238,4,1,4
238,4,2,20
238,5,1,4
238,5,2,20
238,6,1,4
238,6,2,20
238,7,1,5
238,7,2,20
238,8,1,4
238,8,2,20
238,9,1,4
238,9,2,20
238,10,1,4
238,10,2,20
238,11,1,4
238,11,2,20
238,12,1,4
238,12,2,20
238,13,1,4
238,13,2,20
238,14,1,4
238,14,2,20
238,15,1,3
238,15,2,20
238,16,1,3
238,16,2,20
238,17,1,3
238,17,2,20
238,18,1,3
238,18,2,20
238,19,1,3
238,19,2,20
238,20,1,3
238,20,2,20
238,21,1,3
238,21,2,20
238,22,1,5
238,22,2,20
238,23,1,3
238,23,2,20
238,24,1,3
238,24,2,20
238,25,1,3
238,25,2,20
238,26,1,3
238,26,2,20
238,27,1,3
238,27,2,20
238,28,1,3
238,28,2,20
238,29,1,3
238,29,2,20
238,30,1,3
238,30,2,20
238,31,1,2
238,31,2,20
238,32,1,2
238,32,2,20
238,33,1,2
238,33,2,20
238,34,1,2
238,34,2,20
238,35,1,2
238,35,2,20
238,36,1,3
238,36,2,20
238,37,1,5
238,37,2,20
238,38,1,3
238,38,2,20
238,39,1,2
238,39,2,20
238,40,1,2
238,40,2,20
238,41,1,2
238,41,2,20
238,42,1,2
238,42,2,20
238,43,1,2
238,43,2,20
238,44,1,3
238,44,2,20
238,45,1,3
238,45,2,20
238,46,1,2
238,46,2,20
238,47,1,1
238,47,2,20
238,48,1,1
238,48,2,20
238,49,1,1
238,49,2,20
238,50,1,2
238,50,2,20
238,51,1,3
238,51,2,20
238,52,1,5
238,52,2,20
238,53,1,3
238,53,2,20
238,54,1,2
238,54,2,20
238,55,1,1
238,55,2,20
238,56,1,1
238,56,2,20
238,57,1,1
238,57,2,20
238,58,1,2
238,58,2,20
238,59,1,3
238,59,2,20
238,60,1,3
238,60,2,20
238,61,1,2
238,61,2,20
238,62,1,1
238,62,2,20
238,63,1,0
238,63,2,20
238,64,1,1
238,64,2,20
238,65,1,2
238,65,2,20
238,66,1,3
238,66,2,20
238,67,1,5
238,67,2,20
238,68,1,3
238,68,2,20
238,69,1,2
238,69,2,20
238,70,1,1
238,70,2,20
238,71,1,0
238,71,2,20
238,72,1,1
238,72,2,20
238,73,1,2
238,73,2,20
238,74,1,3
238,74,2,20
238,75,1,3
238,75,2,20
238,76,1,2
238,76,2,20
238,77,1,1
238,77,2,20
238,78,1,1
238,78,2,20
238,79,1,1
238,79,2,20
238,80,1,2
238,80,2,20
238,81,1,3
238,81,2,20
238,82,1,5
238,82,2,20
238,83,1,3
238,83,2,20
238,84,1,2
238,84,2,20
238,85,1,1
238,85,2,20
238,86,1,1
238,86,2,20
238,87,1,1
238,87,2,20
238,88,1,2
238,88,2,20
238,89,1,3
238,89,2,20
238,90,1,3
238,90,2,20
238,91,1,2
238,91,2,20
238,92,1,2
238,92,2,20
238,93,1,2
238,93,2,20
238,94,1,2
238,94,2,20
238,95,1,2
238,95,2,20
238,96,1,3
238,96,2,20
238,97,1,5
238,97,2,20
238,98,1,3
238,98,2,20
238,99,1,2
238,99,2,20
238,100,1,2
238,100,2,20
238,101,1,2
238,101,2,20
238,102,1,2
238,102,2,20
238,103,1,2
238,103,2,20
238,104,1,3
238,104,2,20
238,105,1,3
238,105,2,20
238,106,1,3
238,106,2,20
238,107,1,3
238,107,2,20
238,108,1,3
238,108,2,20
238,109,1,3
238,109,2,20
238,110,1,3
238,110,2,20
238,111,1,3
238,111,2,20
238,112,1,5
238,112,2,20
238,113,1,3
238,113,2,20
238,114,1,3
238,114,2,20
238,115,1,3
238,115,2,20
238,116,1,3
238,116,2,20
238,117,1,3
238,117,2,20
238,118,1,3
238,118,2,20
238,119,1,3
238,119,2,20
238,120,1,4
238,120,2,20
238,121,1,4
238,121,2,20
238,122,1,4
238,122,2,20
238,123,1,4
238,123,2,20
238,124,1,4
238,124,2,20
238,125,1,4
238,125,2,20
238,126,1,4
238,126,2,20
238,127,1,5
238,127,2,20
238,128,1,4
238,128,2,20
238,129,1,4
238,129,2,20
238,130,1,4
238,130,2,20
238,131,1,4
238,131,2,20
238,132,1,4
238,132,2,20
238,133,1,4
238,133,2,20
238,134,1,4
238,134,2,20
239,0,1,4
239,0,2,20
239,1,1,4
239,1,2,20
239,2,1,4
239,2,2,20
239,3,1,4
239,3,2,20
239,4,1,4
239,4,2,20
239,5,1,4
239,5,2,20
239,6,1,4
239,6,2,20
239,7,1,5
239,7,2,20
239,8,1,4
239,8,2,20
239,9,1,4
239,9,2,20
239,10,1,4
239,10,2,20
239,11,1,4
239,11,2,20
239,12,1,4
239,12,2,20
239,13,1,4
239,13,2,20
239,14,1,4
239,14,2,20
239,15,1,3
239,15,2,20
239,16,1,3
239,16,2,20
239,17,1,3
239,17,2,20
239,18,1,3
239,18,2,20
239,19,1,3
239,19,2,20
239,20,1,3
239,20,2,20
239,21,1,3
239,21,2,20
239,22,1,5
239,22,2,20
239,23,1,3
239,23,2,20
239,24,1,3
239,24,2,20
239,25,1,3
239,25,2,20
239,26,1,3
239,26,2,20
239,27,1,3
239,27,2,20
239,28,1,3
239,28,2,20
239,29,1,3
239,29,2,20
239,30,1,3
239,30,2,20
239,31,1,2
239,31,2,20
239,32,1,2
239,32,2,20
239,33,1,2
239,33,2,20
239,34,1,2
239,34,2,20
239,35,1,2
239,35,2,20
239,36,1,3
239,36,2,20
239,37,1,5
239,37,2,20
239,38,1,3
239,38,2,20
239,39,1,2
239,39,2,20
239,40,1,2
239,40,2,20
239,41,1,2
239,41,2,20
239,42,1,2
239,42,2,20
239,43,1,2
239,43,2,20
239,44,1,3
239,44,2,20
239,45,1,3
239,45,2,20
239,46,1,2
239,46,2,20
239,47,1,1
239,47,2,20
239,48,1,1
239,48,2,20
239,49,1,1
239,49,2,20
239,50,1,2
239,50,2,20
239,51,1,3
239,51,2,20
239,52,1,5
239,52,2,20
239,53,1,3
239,53,2,20
239,54,1,2
239,54,2,20
239,55,1,1
239,55,2,20
239,56,1,1
239,56,2,20
239,57,1,1
239,57,2,20
239,58,1,2
239,58,2,20
239,59,1,3
239,59,2,20
239,60,1,3
239,60,2,20
239,61,1,2
239,61,2,20
239,62,1,1
239,62,2,20
239,63,1,0
239,63,2,20
239,64,1,1
239,64,2,20
239,65,1,2
239,65,2,20
239,66,1,3
239,66,2,20
239,67,1,5
239,67,2,20
239,68,1,3
239,68,2,20
239,69,1,2
239,69,2,20
239,70,1,1
239,70,2,20
239,71,1,0
239,71,2,20
239,72,1,1
239,72,2,20
239,73,1,2
239,73,2,20
239,74,1,3
239,74,2,20
239,75,1,3
239,75,2,20
239,76,1,2
239,76,2,20
239,77,1,1
239,77,2,20
239,78,1,1
239,78,2,20
239,79,1,1
239,79,2,20
239,80,1,2
239,80,2,20
239,81,1,3
239,81,2,20
239,82,1,5
239,82,2,20
239,83,1,3
239,83,2,20
239,84,1,2
239,84,2,20
239,85,1,1
239,85,2,20
239,86,1,1
239,86,2,20
239,87,1,1
239,87,2,20
239,88,1,2
239,88,2,20
239,89,1,3
239,89,2,20
239,90,1,3
239,90,2,20
239,91,1,2
239,91,2,20
239,92,1,2
239,92,2,20
239,93,1,2
239,93,2,20
239,94,1,2
239,94,2,20
239,95,1,2
239,95,2,20
239,96,1,3
239,96,2,20
239,97,1,5
239,97,2,20
239,98,1,3
239,98,2,20
239,99,1,2
239,99,2,20
239,100,1,2
239,100,2,20
239,101,1,2
239,101,2,20
239,102,1,2
239,102,2,20
239,103,1,2
239,103,2,20
239,104,1,3
239,104,2,20
239,105,1,3
239,105,2,20
239,106,1,3
239,106,2,20
239,107,1,3
239,107,2,20
239,108,1,3
239,108,2,20
239,109,1,3
239,109,2,20
239,110,1,3
239,110,2,20
239,111,1,3
239,111,2,20
239,112,1,5
239,112,2,20
239,113,1,3
239,113,2,20
239,114,1,3
239,114,2,20
239,115,1,3
239,115,2,20
239,116,1,3
239,116,2,20
239,117,1,3
239,117,2,20
239,118,1,3
239,118,2,20
239,119,1,3
239,119,2,20
239,120,1,4
239,120,2,20
239,121,1,4
239,121,2,20
239,122,1,4
239,122,2,20
239,123,1,4
239,123,2,20
239,124,1,4
239,124,2,20
239,125,1,4
239,125,2,20
239,126,1,4
239,126,2,20
239,127,1,5
239,127,2,20
239,128,1,4
239,128,2,20
239,129,1,4
239,129,2,20
239,130,1,4
239,130,2,20
239,131,1,4
239,131,2,20
239,132,1,4
239,132,2,20
239,133,1,4
239,133,2,20
239,134,1,4
239,134,2,20
240,0,1,4
240,0,2,20
240,1,1,4
240,1,2,20
240,2,1,4
240,2,2,20
240,3,1,4
240,3,2,20
240,4,1,4
240,4,2,20
240,5,1,4
240,5,2,20
240,6,1,4
240,6,2,20
240,7,1,5
240,7,2,20
240,8,1,4
240,8,2,20
240,9,1,4
240,9,2,20
240,10,1,4
240,10,2,20
240,11,1,4
240,11,2,20
240,12,1,4
240,12,2,20
240,13,1,4
240,13,2,20
240,14,1,4
240,14,2,20
240,15,1,3
240,15,2,20
240,16,1,3
240,16,2,20
240,17,1,3
240,17,2,20
240,18,1,3
240,18,2,20
240,19,1,3
240,19,2,20
240,20,1,3
240,20,2,20
240,21,1,3
240,21,2,20
240,22,1,5
240,22,2,20
240,23,1,3
240,23,2,20
240,24,1,3
240,24,2,20
240,25,1,3
240,25,2,20
240,26,1,3
240,26,2,20
240,27,1,3
240,27,2,20
240,28,1,3
240,28,2,20
240,29,1,3
240,29,2,20
240,30,1,3
240,30,2,20
240,31,1,2
240,31,2,20
240,32,1,2
240,32,2,20
240,33,1,2
240,33,2,20
240,34,1,2
240,34,2,20
240,35,1,2
240,35,2,20
240,36,1,3
240,36,2,20
240,37,1,5
240,37,2,20
240,38,1,3
240,38,2,20
240,39,1,2
240,39,2,20
240,40,1,2
240,40,2,20
240,41,1,2
240,41,2,20
240,42,1,2
240,42,2,20
240,43,1,2
240,43,2,20
240,44,1,3
240,44,2,20
240,45,1,3
240,45,2,20
240,46,1,2
240,46,2,20
240,47,1,1
240,47,2,20
240,48,1,1
240,48,2,20
240,49,1,1
240,49,2,20
240,50,1,2
240,50,2,20
240,51,1,3
240,51,2,20
240,52,1,5
240,52,2,20
240,53,1,3
240,53,2,20
240,54,1,2
240,54,2,20
240,55,1,1
240,55,2,20
240,56,1,1
240,56,2,20
240,57,1,1
240,57,2,20
240,58,1,2
240,58,2,20
240,59,1,3
240,59,2,20
240,60,1,3
240,60,2,20
240,61,1,2
240,61,2,20
240,62,1,1
240,62,2,20
240,63,1,0
240,63,2,20
240,64,1,1
240,64,2,20
240,65,1,2
240,65,2,20
240,66,1,3
240,66,2,20
240,67,1,5
240,67,2,20
240,68,1,3
240,68,2,20
240,69,1,2
240,69,2,20
240,70,1,1
240,70,2,20
240,71,1,0
240,71,2,20
240,72,1,1
240,72,2,20
240,73,1,2
240,73,2,20
240,74,1,3
240,74,2,20
240,75,1,3
240,75,2,20
240,76,1,2
240,76,2,20
240,77,1,1
240,77,2,20
240,78,1,1
240,78,2,20
240,79,1,1
240,79,2,20
240,80,1,2
240,80,2,20
240,81,1,3
240,81,2,20
240,82,1,5
240,82,2,20
240,83,1,3
240,83,2,20
240,84,1,2
240,84,2,20
240,85,1,1
240,85,2,20
240,86,1,1
240,86,2,20
240,87,1,1
240,87,2,20
240,88,1,2
240,88,2,20
240,89,1,3
240,89,2,20
240,90,1,3
240,90,2,20
240,91,1,2
240,91,2,20
240,92,1,2
240,92,2,20
240,93,1,2
240,93,2,20
240,94,1,2
240,94,2,20
240,95,1,2
240,95,2,20
240,96,1,3
240,96,2,20
240,97,1,5
240,97,2,20
240,98,1,3
240,98,2,20
240,99,1,2
240,99,2,20
240,100,1,2
240,100,2,20
240,101,1,2
240,101,2,20
240,102,1,2
240,102,2,20
240,103,1,2
240,103,2,20
240,104,1,3
240,104,2,20
240,105,1,3
240,105,2,20
240,106,1,3
240,106,2,20
240,107,1,3
240,107,2,20
240,108,1,3
240,108,2,20
240,109,1,3
240,109,2,20
240,110,1,3
240,110,2,20
240,111,1,3
240,111,2,20
240,112,1,5
240,112,2,20
240,113,1,3
240,113,2,20
240,114,1,3
240,114,2,20
240,115,1,3
240,115,2,20
240,116,1,3
240,116,2,20
240,117,1,3
240,117,2,20
240,118,1,3
240,118,2,20
240,119,1,3
240,119,2,20
240,120,1,4
240,120,2,20
240,121,1,4
240,121,2,20
240,122,1,4
240,122,2,20
240,123,1,4
240,123,2,20
240,124,1,4
240,124,2,20
240,125,1,4
240,125,2,20
240,126,1,4
240,126,2,20
240,127,1,5
240,127,2,20
240,128,1,4
240,128,2,20
240,129,1,4
240,129,2,20
240,130,1,4
240,130,2,20
240,131,1,4
240,131,2,20
240,132,1,4
240,132,2,20
240,133,1,4
240,133,2,20
240,134,1,4
240,134,2,20
241,0,1,4
241,0,2,20
241,1,1,4
241,1,2,20
241,2,1,4
241,2,2,20
241,3,1,4
241,3,2,20
241,4,1,4
241,4,2,20
241,5,1,4
241,5,2,20
241,6,1,4
241,6,2,20
241,7,1,5
241,7,2,20
241,8,1,4
241,8,2,20
241,9,1,4
241,9,2,20
241,10,1,4
241,10,2,20
241,11,1,4
241,11,2,20
241,12,1,4
241,12,2,20
241,13,1,4
241,13,2,20
241,14,1,4
241,14,2,20
241,15,1,3
241,15,2,20
241,16,1,3
241,16,2,20
241,17,1,3
241,17,2,20
241,18,1,3
241,18,2,20
241,19,1,3
241,19,2,20
241,20,1,3
241,20,2,20
241,21,1,3
241,21,2,20
241,22,1,5
241,22,2,20
241,23,1,3
241,23,2,20
241,24,1,3
241,24,2,20
241,25,1,3
241,25,2,20
241,26,1,3
241,26,2,20
241,27,1,3
241,27,2,20
241,28,1,3
241,28,2,20
241,29,1,3
241,29,2,20
241,30,1,3
241,30,2,20
241,31,1,2
241,31,2,20
241,32,1,2
241,32,2,20
241,33,1,2
241,33,2,20
241,34,1,2
241,34,2,20
241,35,1,2
241,35,2,20
241,36,1,3
241,36,2,20
241,37,1,5
241,37,2,20
241,38,1,3
241,38,2,20
241,39,1,2
241,39,2,20
241,40,1,2
241,40,2,20
241,41,1,2
241,41,2,20
241,42,1,2
241,42,2,20
241,43,1,2
241,43,2,20
241,44,1,3
241,44,2,20
241,45,1,3
241,45,2,20
241,46,1,2
241,46,2,20
241,47,1,1
241,47,2,20
241,48,1,1
241,48,2,20
241,49,1,1
241,49,2,20
241,50,1,2
241,50,2,20
241,51,1,3
241,51,2,20
241,52,1,5
241,52,2,20
241,53,1,3
241,53,2,20
241,54,1,2
241,54,2,20
241,55,1,1
241,55,2,20
241,56,1,1
241,56,2,20
241,57,1,1
241,57,2,20
241,58,1,2
241,58,2,20
241,59,1,3
241,59,2,20
241,60,1,3
241,60,2,20
241,61,1,2
241,61,2,20
241,62,1,1
241,62,2,20
241,63,1,0
241,63,2,20
241,64,1,1
241,64,2,20
241,65,1,2
241,65,2,20
241,66,1,3
241,66,2,20
241,67,1,5
241,67,2,20
241,68,1,3
241,68,2,20
241,69,1,2
241,69,2,20
241,70,1,1
241,70,2,20
241,71,1,0
241,71,2,20
241,72,1,1
241,72,2,20
241,73,1,2
241,73,2,20
241,74,1,3
241,74,2,20
241,75,1,3
241,75,2,20
241,76,1,2
241,76,2,20
241,77,1,1
241,77,2,20
241,78,1,1
241,78,2,20
241,79,1,1
241,79,2,20
241,80,1,2
241,80,2,20
241,81,1,3
241,81,2,20
241,82,1,5
241,82,2,20
241,83,1,3
241,83,2,20
241,84,1,2
241,84,2,20
241,85,1,1
241,85,2,20
241,86,1,1
241,86,2,20
241,87,1,1
241,87,2,20
241,88,1,2
241,88,2,20
241,89,1,3
241,89,2,20
241,90,1,3
241,90,2,20
241,91,1,2
241,91,2,20
241,92,1,2
241,92,2,20
241,93,1,2
241,93,2,20
241,94,1,2
241,94,2,20
241,95,1,2
241,95,2,20
241,96,1,3
241,96,2,20
241,97,1,5
241,97,2,20
241,98,1,3
241,98,2,20
241,99,1,2
241,99,2,20
241,100,1,2
241,100,2,20
241,101,1,2
241,101,2,20
241,102,1,2
241,102,2,20
241,103,1,2
241,103,2,20
241,104,1,3
241,104,2,20
241,105,1,3
241,105,2,20
241,106,1,3
241,106,2,20
241,107,1,3
241,107,2,20
241,108,1,3
241,108,2,20
241,109,1,3
241,109,2,20
241,110,1,3
241,110,2,20
241,111,1,3
241,111,2,20
241,112,1,5
241,112,2,20
241,113,1,3
241,113,2,20
241,114,1,3
241,114,2,20
241,115,1,3
241,115,2,20
241,116,1,3
241,116,2,20
241,117,1,3
241,117,2,20
241,118,1,3
241,118,2,20
241,119,1,3
241,119,2,20
241,120,1,4
241,120,2,20
241,121,1,4
241,121,2,20
241,122,1,4
241,122,2,20
241,123,1,4
241,123,2,20
241,124,1,4
241,124,2,20
241,125,1,4
241,125,2,20
241,126,1,4
241,126,2,20
241,127,1,5
241,127,2,20
241,128,1,4
241,128,2,20
241,129,1,4
241,129,2,20
241,130,1,4
241,130,2,20
241,131,1,4
241,131,2,20
241,132,1,4
241,132,2,20
241,133,1,4
241,133,2,20
241,134,1,4
241,134,2,20
242,0,1,4
242,0,2,20
242,1,1,4
242,1,2,20
242,2,1,4
242,2,2,20
242,3,1,4
242,3,2,20
242,4,1,4
242,4,2,20
242,5,1,4
242,5,2,20
242,6,1,4
242,6,2,20
242,7,1,5
242,7,2,20
242,8,1,4
242,8,2,20
242,9,1,4
242,9,2,20
242,10,1,4
242,10,2,20
242,11,1,4
242,11,2,20
242,12,1,4
242,12,2,20
242,13,1,4
242,13,2,20
242,14,1,4
242,14,2,20
242,15,1,3
242,15,2,20
242,16,1,3
242,16,2,20
242,17,1,3
242,17,2,20
242,18,1,3
242,18,2,20
242,19,1,3
242,19,2,20
242,20,1,3
242,20,2,20
242,21,1,3
242,21,2,20
242,22,1,5
242,22,2,20
242,23,1,3
242,23,2,20
242,24,1,3
242,24,2,20
242,25,1,3
242,25,2,20
242,26,1,3
242,26,2,20
242,27,1,3
242,27,2,20
242,28,1,3
242,28,2,20
242,29,1,3
242,29,2,20
242,30,1,3
242,30,2,20
242,31,1,2
242,31,2,20
242,32,1,2
242,32,2,20
242,33,1,2
242,33,2,20
242,34,1,2
242,34,2,20
242,35,1,2
242,35,2,20
242,36,1,3
242,36,2,20
242,37,1,5
242,37,2,20
242,38,1,3
242,38,2,20
242,39,1,2
242,39,2,20
242,40,1,2
242,40,2,20
242,41,1,2
242,41,2,20
242,42,1,2
242,42,2,20
242,43,1,2
242,43,2,20
242,44,1,3
242,44,2,20
242,45,1,3
242,45,2,20
242,46,1,2
242,46,2,20
242,47,1,1
242,47,2,20
242,48,1,1
242,48,2,20
242,49,1,1
242,49,2,20
242,50,1,2
242,50,2,20
242,51,1,3
242,51,2,20
242,52,1,5
242,52,2,20
242,53,1,3
242,53,2,20
242,54,1,2
242,54,2,20
242,55,1,1
242,55,2,20
242,56,1,1
242,56,2,20
242,57,1,1
242,57,2,20
242,58,1,2
242,58,2,20
242,59,1,3
242,59,2,20
242,60,1,3
242,60,2,20
242,61,1,2
242,61,2,20
242,62,1,1
242,62,2,20
242,63,1,0
242,63,2,20
242,64,1,1
242,64,2,20
242,65,1,2
242,65,2,20
242,66,1,3
242,66,2,20
242,67,1,5
242,67,2,20
242,68,1,3
242,68,2,20
242,69,1,2
242,69,2,20
242,70,1,1
242,70,2,20
242,71,1,0
242,71,2,20
242,72,1,1
242,72,2,20
242,73,1,2
242,73,2,20
242,74,1,3
242,74,2,20
242,75,1,3
242,75,2,20
242,76,1,2
242,76,2,20
242,77,1,1
242,77,2,20
242,78,1,1
242,78,2,20
242,79,1,1
242,79,2,20
242,80,1,2
242,80,2,20
242,81,1,3
242,81,2,20
242,82,1,5
242,82,2,20
242,83,1,3
242,83,2,20
242,84,1,2
242,84,2,20
242,85,1,1
242,85,2,20
242,86,1,1
242,86,2,20
242,87,1,1
242,87,2,20
242,88,1,2
242,88,2,20
242,89,1,3
242,89,2,20
242,90,1,3
242,90,2,20
242,91,1,2
242,91,2,20
242,92,1,2
242,92,2,20
242,93,1,2
242,93,2,20
242,94,1,2
242,94,2,20
242,95,1,2
242,95,2,20
242,96,1,3
242,96,2,20
242,97,1,5
242,97,2,20
242,98,1,3
242,98,2,20
242,99,1,2
242,99,2,20
242,100,1,2
242,100,2,20
242,101,1,2
242,101,2,20
242,102,1,2
242,102,2,20
242,103,1,2
242,103,2,20
242,104,1,3
242,104,2,20
242,105,1,3
242,105,2,20
242,106,1,3
242,106,2,20
242,107,1,3
242,107,2,20
242,108,1,3
242,108,2,20
242,109,1,3
242,109,2,20
242,110,1,3
242,110,2,20
242,111,1,3
242,111,2,20
242,112,1,5
242,112,2,20
242,113,1,3
242,113,2,20
242,114,1,3
242,114,2,20
242,115,1,3
242,115,2,20
242,116,1,3
242,116,2,20
242,117,1,3
242,117,2,20
242,118,1,3
242,118,2,20
242,119,1,3
242,119,2,20
242,120,1,4
242,120,2,20
242,121,1,4
242,121,2,20
242,122,1,4
242,122,2,20
242,123,1,4
242,123,2,20
242,124,1,4
242,124,2,20
242,125,1,4
242,125,2,20
242,126,1,4
242,126,2,20
242,127,1,5
242,127,2,20
242,128,1,4
242,128,2,20
242,129,1,4
242,129,2,20
242,130,1,4
242,130,2,20
242,131,1,4
242,131,2,20
242,132,1,4
242,132,2,20
242,133,1,4
242,133,2,20
242,134,1,4
242,134,2,20
243,0,1,4
243,0,2,20
243,1,1,4
243,1,2,20
243,2,1,4
243,2,2,20
243,3,1,4
243,3,2,20
243,4,1,4
243,4,2,20
243,5,1,4
243,5,2,20
243,6,1,4
243,6,2,20
243,7,1,5
243,7,2,20
243,8,1,4
243,8,2,20
243,9,1,4
243,9,2,20
243,10,1,4
243,10,2,20
243,11,1,4
243,11,2,20
243,12,1,4
243,12,2,20
243,13,1,4
243,13,2,20
243,14,1,4
243,14,2,20
243,15,1,3
243,15,2,20
243,16,1,3
243,16,2,20
243,17,1,3
243,17,2,20
243,18,1,3
243,18,2,20
243,19,1,3
243,19,2,20
243,20,1,3
243,20,2,20
243,21,1,3
243,21,2,20
243,22,1,5
243,22,2,20
243,23,1,3
243,23,2,20
243,24,1,3
243,24,2,20
243,25,1,3
243,25,2,20
243,26,1,3
243,26,2,20
243,27,1,3
243,27,2,20
243,28,1,3
243,28,2,20
243,29,1,3
243,29,2,20
243,30,1,3
243,30,2,20
243,31,1,2
243,31,2,20
243,32,1,2
243,32,2,20
243,33,1,2
243,33,2,20
243,34,1,2
243,34,2,20
243,35,1,2
243,35,2,20
243,36,1,3
243,36,2,20
243,37,1,5
243,37,2,20
243,38,1,3
243,38,2,20
243,39,1,2
243,39,2,20
243,40,1,2
243,40,2,20
243,41,1,2
243,41,2,20
243,42,1,2
243,42,2,20
243,43,1,2
243,43,2,20
243,44,1,3
243,44,2,20
243,45,1,3
243,45,2,20
243,46,1,2
243,46,2,20
243,47,1,1
243,47,2,20
243,48,1,1
243,48,2,20
243,49,1,1
243,49,2,20
243,50,1,2
243,50,2,20
243,51,1,3
243,51,2,20
243,52,1,5
243,52,2,20
243,53,1,3
243,53,2,20
243,54,1,2
243,54,2,20
243,55,1,1
243,55,2,20
243,56,1,1
243,56,2,20
243,57,1,1
243,57,2,20
243,58,1,2
243,58,2,20
243,59,1,3
243,59,2,20
243,60,1,3
243,60,2,20
243,61,1,2
243,61,2,20
243,62,1,1
243,62,2,20
243,63,1,0
243,63,2,20
243,64,1,1
243,64,2,20
243,65,1,2
243,65,2,20
243,66,1,3
243,66,2,20
243,67,1,5
243,67,2,20
243,68,1,3
243,68,2,20
243,69,1,2
243,69,2,20
243,70,1,1
243,70,2,20
243,71,1,0
243,71,2,20
243,72,1,1
243,72,2,20
243,73,1,2
243,73,2,20
243,74,1,3
243,74,2,20
243,75,1,3
243,75,2,20
243,76,1,2
243,76,2,20
243,77,1,1
243,77,2,20
243,78,1,1
243,78,2,20
243,79,1,1
243,79,2,20
243,80,1,2
243,80,2,20
243,81,1,3
243,81,2,20
243,82,1,5
243,82,2,20
243,83,1,3
243,83,2,20
243,84,1,2
243,84,2,20
243,85,1,1
243,85,2,20
243,86,1,1
243,86,2,20
243,87,1,1
243,87,2,20
243,88,1,2
243,88,2,20
243,89,1,3
243,89,2,20
243,90,1,3
243,90,2,20
243,91,1,2
243,91,2,20
243,92,1,2
243,92,2,20
243,93,1,2
243,93,2,20
243,94,1,2
243,94,2,20
243,95,1,2
243,95,2,20
243,96,1,3
243,96,2,20
243,97,1,5
243,97,2,20
243,98,1,3
243,98,2,20
243,99,1,2
243,99,2,20
243,100,1,2
243,100,2,20
243,101,1,2
243,101,2,20
243,102,1,2
243,102,2,20
243,103,1,2
243,103,2,20
243,104,1,3
243,104,2,20
243,105,1,3
243,105,2,20
243,106,1,3
243,106,2,20
243,107,1,3
243,107,2,20
243,108,1,3
243,108,2,20
243,109,1,3
243,109,2,20
243,110,1,3
243,110,2,20
243,111,1,3
243,111,2,20
243,112,1,5
243,112,2,20
243,113,1,3
243,113,2,20
243,114,1,3
243,114,2,20
243,115,1,3
243,115,2,20
243,116,1,3
243,116,2,20
243,117,1,3
243,117,2,20
243,118,1,3
243,118,2,20
243,119,1,3
243,119,2,20
243,120,1,4
243,120,2,20
243,121,1,4
243,121,2,20
243,122,1,4
243,122,2,20
243,123,1,4
243,123,2,20
243,124,1,4
243,124,2,20
243,125,1,4
243,125,2,20
243,126,1,4
243,126,2,20
243,127,1,5
243,127,2,20
243,128,1,4
243,128,2,20
243,129,1,4
243,129,2,20
243,130,1,4
243,130,2,20
243,131,1,4
243,131,2,20
243,132,1,4
243,132,2,20
243,133,1,4
243,133,2,20
243,134,1,4
243,134,2,20
244,0,1,4
244,0,2,20
244,1,1,4
244,1,2,20
244,2,1,4
244,2,2,20
244,3,1,4
244,3,2,20
244,4,1,4
244,4,2,20
244,5,1,4
244,5,2,20
244,6,1,4
244,6,2,20
244,7,1,5
244,7,2,20
244,8,1,4
244,8,2,20
244,9,1,4
244,9,2,20
244,10,1,4
244,10,2,20
244,11,1,4
244,11,2,20
244,12,1,4
244,12,2,20
244,13,1,4
244,13,2,20
244,14,1,4
244,14,2,20
244,15,1,3
244,15,2,20
244,16,1,3
244,16,2,20
244,17,1,3
244,17,2,20
244,18,1,3
244,18,2,20
244,19,1,3
244,19,2,20
244,20,1,3
244,20,2,20
244,21,1,3
244,21,2,20
244,22,1,5
244,22,2,20
244,23,1,3
244,23,2,20
244,24,1,3
244,24,2,20
244,25,1,3
244,25,2,20
244,26,1,3
244,26,2,20
244,27,1,3
244,27,2,20
244,28,1,3
244,28,2,20
244,29,1,3
244,29,2,20
244,30,1,3
244,30,2,20
244,31,1,2
244,31,2,20
244,32,1,2
244,32,2,20
244,33,1,2
244,33,2,20
244,34,1,2
244,34,2,20
244,35,1,2
244,35,2,20
244,36,1,3
244,36,2,20
244,37,1,5
244,37,2,20
244,38,1,3
244,38,2,20
244,39,1,2
244,39,2,20
244,40,1,2
244,40,2,20
244,41,1,2
244,41,2,20
244,42,1,2
244,42,2,20
244,43,1,2
244,43,2,20
244,44,1,3
244,44,2,20
244,45,1,3
244,45,2,20
244,46,1,2
244,46,2,20
244,47,1,1
244,47,2,20
244,48,1,1
244,48,2,20
244,49,1,1
244,49,2,20
244,50,1,2
244,50,2,20
244,51,1,3
244,51,2,20
244,52,1,5
244,52,2,20
244,53,1,3
244,53,2,20
244,54,1,2
244,54,2,20
244,55,1,1
244,55,2,20
244,56,1,1
244,56,2,20
244,57,1,1
244,57,2,20
244,58,1,2
244,58,2,20
244,59,1,3
244,59,2,20
244,60,1,3
244,60,2,20
244,61,1,2
244,61,2,20
244,62,1,1
244,62,2,20
244,63,1,0
244,63,2,20
244,64,1,1
244,64,2,20
244,65,1,2
244,65,2,20
244,66,1,3
244,66,2,20
244,67,1,5
244,67,2,20
244,68,1,3
244,68,2,20
244,69,1,2
244,69,2,20
244,70,1,1
244,70,2,20
244,71,1,0
244,71,2,20
244,72,1,1
244,72,2,20
244,73,1,2
244,73,2,20
244,74,1,3
244,74,2,20
244,75,1,3
244,75,2,20
244,76,1,2
244,76,2,20
244,77,1,1
244,77,2,20
244,78,1,1
244,78,2,20
244,79,1,1
244,79,2,20
244,80,1,2
244,80,2,20
244,81,1,3
244,81,2,20
244,82,1,5
244,82,2,20
244,83,1,3
244,83,2,20
244,84,1,2
244,84,2,20
244,85,1,1
244,85,2,20
244,86,1,1
244,86,2,20
244,87,1,1
244,87,2,20
244,88,1,2
244,88,2,20
244,89,1,3
244,89,2,20
244,90,1,3
244,90,2,20
244,91,1,2
244,91,2,20
244,92,1,2
244,92,2,20
244,93,1,2
244,93,2,20
244,94,1,2
244,94,2,20
244,95,1,2
244,95,2,20
244,96,1,3
244,96,2,20
244,97,1,5
244,97,2,20
244,98,1,3
244,98,2,20
244,99,1,2
244,99,2,20
244,100,1,2
244,100,2,20
244,101,1,2
244,101,2,20
244,102,1,2
244,102,2,20
244,103,1,2
244,103,2,20
244,104,1,3
244,104,2,20
244,105,1,3
244,105,2,20
244,106,1,3
244,106,2,20
244,107,1,3
244,107,2,20
244,108,1,3
244,108,2,20
244,109,1,3
244,109,2,20
244,110,1,3
244,110,2,20
244,111,1,3
244,111,2,20
244,112,1,5
244,112,2,20
244,113,1,3
244,113,2,20
244,114,1,3
244,114,2,20
244,115,1,3
244,115,2,20
244,116,1,3
244,116,2,20
244,117,1,3
244,117,2,20
244,118,1,3
244,118,2,20
244,119,1,3
244,119,2,20
244,120,1,4
244,120,2,20
244,121,1,4
244,121,2,20
244,122,1,4
244,122,2,20
244,123,1,4
244,123,2,20
244,124,1,4
244,124,2,20
244,125,1,4
244,125,2,20
244,126,1,4
244,126,2,20
244,127,1,5
244,127,2,20
244,128,1,4
244,128,2,20
244,129,1,4
244,129,2,20
244,130,1,4
244,130,2,20
244,131,1,4
244,131,2,20
244,132,1,4
244,132,2,20
244,133,1,4
244,133,2,20
244,134,1,4
244,134,2,20
245,0,1,4
245,0,2,20
245,1,1,4
245,1,2,20
245,2,1,4
245,2,2,20
245,3,1,4
245,3,2,20
245,4,1,4
245,4,2,20
245,5,1,4
245,5,2,20
245,6,1,4
245,6,2,20
245,7,1,5
245,7,2,20
245,8,1,4
245,8,2,20
245,9,1,4
245,9,2,20
245,10,1,4
245,10,2,20
245,11,1,4
245,11,2,20
245,12,1,4
245,12,2,20
245,13,1,4
245,13,2,20
245,14,1,4
245,14,2,20
245,15,1,3
245,15,2,20
245,16,1,3
245,16,2,20
245,17,1,3
245,17,2,20
245,18,1,3
245,18,2,20
245,19,1,3
245,19,2,20
245,20,1,3
245,20,2,20
245,21,1,3
245,21,2,20
245,22,1,5
245,22,2,20
245,23,1,3
245,23,2,20
245,24,1,3
245,24,2,20
245,25,1,3
245,25,2,20
245,26,1,3
245,26,2,20
245,27,1,3
245,27,2,20
245,28,1,3
245,28,2,20
245,29,1,3
245,29,2,20
245,30,1,3
245,30,2,20
245,31,1,2
245,31,2,20
245,32,1,2
245,32,2,20
245,33,1,2
245,33,2,20
245,34,1,2
245,34,2,20
245,35,1,2
245,35,2,20
245,36,1,3
245,36,2,20
245,37,1,5
245,37,2,20
245,38,1,3
245,38,2,20
245,39,1,2
245,39,2,20
245,40,1,2
245,40,2,20
245,41,1,2
245,41,2,20
245,42,1,2
245,42,2,20
245,43,1,2
245,43,2,20
245,44,1,3
245,44,2,20
245,45,1,3
245,45,2,20
245,46,1,2
245,46,2,20
245,47,1,1
245,47,2,20
245,48,1,1
245,48,2,20
245,49,1,1
245,49,2,20
245,50,1,2
245,50,2,20
245,51,1,3
245,51,2,20
245,52,1,5
245,52,2,20
245,53,1,3
245,53,2,20
245,54,1,2
245,54,2,20
245,55,1,1
245,55,2,20
245,56,1,1
245,56,2,20
245,57,1,1
245,57,2,20
245,58,1,2
245,58,2,20
245,59,1,3
245,59,2,20
245,60,1,3
245,60,2,20
245,61,1,2
245,61,2,20
245,62,1,1
245,62,2,20
245,63,1,0
245,63,2,20
245,64,1,1
245,64,2,20
245,65,1,2
245,65,2,20
245,66,1,3
245,66,2,20
245,67,1,5
245,67,2,20
245,68,1,3
245,68,2,20
245,69,1,2
245,69,2,20
245,70,1,1
245,70,2,20
245,71,1,0
245,71,2,20
245,72,1,1
245,72,2,20
245,73,1,2
245,73,2,20
245,74,1,3
245,74,2,20
245,75,1,3
245,75,2,20
245,76,1,2
245,76,2,20
245,77,1,1
245,77,2,20
245,78,1,1
245,78,2,20
245,79,1,1
245,79,2,20
245,80,1,2
245,80,2,20
245,81,1,3
245,81,2,20
245,82,1,5
245,82,2,20
245,83,1,3
245,83,2,20
245,84,1,2
245,84,2,20
245,85,1,1
245,85,2,20
245,86,1,1
245,86,2,20
245,87,1,1
245,87,2,20
245,88,1,2
245,88,2,20
245,89,1,3
245,89,2,20
245,90,1,3
245,90,2,20
245,91,1,2
245,91,2,20
245,92,1,2
245,92,2,20
245,93,1,2
245,93,2,20
245,94,1,2
245,94,2,20
245,95,1,2
245,95,2,20
245,96,1,3
245,96,2,20
245,97,1,5
245,97,2,20
245,98,1,3
245,98,2,20
245,99,1,2
245,99,2,20
245,100,1,2
245,100,2,20
245,101,1,2
245,101,2,20
245,102,1,2
245,102,2,20
245,103,1,2
245,103,2,20
245,104,1,3
245,104,2,20
245,105,1,3
245,105,2,20
245,106,1,3
245,106,2,20
245,107,1,3
245,107,2,20
245,108,1,3
245,108,2,20
245,109,1,3
245,109,2,20
245,110,1,3
245,110,2,20
245,111,1,3
245,111,2,20
245,112,1,5
245,112,2,20
245,113,1,3
245,113,2,20
245,114,1,3
245,114,2,20
245,115,1,3
245,115,2,20
245,116,1,3
245,116,2,20
245,117,1,3
245,117,2,20
245,118,1,3
245,118,2,20
245,119,1,3
245,119,2,20
245,120,1,4
245,120,2,20
245,121,1,4
245,121,2,20
245,122,1,4
245,122,2,20
245,123,1,4
245,123,2,20
245,124,1,4
245,124,2,20
245,125,1,4
245,125,2,20
245,126,1,4
245,126,2,20
245,127,1,5
245,127,2,20
245,128,1,4
245,128,2,20
245,129,1,4
245,129,2,20
245,130,1,4
245,130,2,20
245,131,1,4
245,131,2,20
245,132,1,4
245,132,2,20
245,133,1,4
245,133,2,20
245,134,1,4
245,134,2,20
246,0,1,4
246,0,2,20
246,1,1,4
246,1,2,20
246,2,1,4
246,2,2,20
246,3,1,4
246,3,2,20
246,4,1,4
246,4,2,20
246,5,1,4
246,5,2,20
246,6,1,4
246,6,2,20
246,7,1,5
246,7,2,20
246,8,1,4
246,8,2,20
246,9,1,4
246,9,2,20
246,10,1,4
246,10,2,20
246,11,1,4
246,11,2,20
246,12,1,4
246,12,2,20
246,13,1,4
246,13,2,20
246,14,1,4
246,14,2,20
246,15,1,3
246,15,2,20
246,16,1,3
246,16,2,20
246,17,1,3
246,17,2,20
246,18,1,3
246,18,2,20
246,19,1,3
246,19,2,20
246,20,1,3
246,20,2,20
246,21,1,3
246,21,2,20
246,22,1,5
246,22,2,20
246,23,1,3
246,23,2,20
246,24,1,3
246,24,2,20
246,25,1,3
246,25,2,20
246,26,1,3
246,26,2,20
246,27,1,3
246,27,2,20
246,28,1,3
246,28,2,20
246,29,1,3
246,29,2,20
246,30,1,3
246,30,2,20
246,31,1,2
246,31,2,20
246,32,1,2
246,32,2,20
246,33,1,2
246,33,2,20
246,34,1,2
246,34,2,20
246,35,1,2
246,35,2,20
246,36,1,3
246,36,2,20
246,37,1,5
246,37,2,20
246,38,1,3
246,38,2,20
246,39,1,2
246,39,2,20
246,40,1,2
246,40,2,20
246,41,1,2
246,41,2,20
246,42,1,2
246,42,2,20
246,43,1,2
246,43,2,20
246,44,1,3
246,44,2,20
246,45,1,3
246,45,2,20
246,46,1,2
246,46,2,20
246,47,1,1
246,47,2,20
246,48,1,1
246,48,2,20
246,49,1,1
246,49,2,20
246,50,1,2
246,50,2,20
246,51,1,3
246,51,2,20
246,52,1,5
246,52,2,20
246,53,1,3
246,53,2,20
246,54,1,2
246,54,2,20
246,55,1,1
246,55,2,20
246,56,1,1
246,56,2,20
246,57,1,1
246,57,2,20
246,58,1,2
246,58,2,20
246,59,1,3
246,59,2,20
246,60,1,3
246,60,2,20
246,61,1,2
246,61,2,20
246,62,1,1
246,62,2,20
246,63,1,0
246,63,2,20
246,64,1,1
246,64,2,20
246,65,1,2
246,65,2,20
246,66,1,3
246,66,2,20
246,67,1,5
246,67,2,20
246,68,1,3
246,68,2,20
246,69,1,2
246,69,2,20
246,70,1,1
246,70,2,20
246,71,1,0
246,71,2,20
246,72,1,1
246,72,2,20
246,73,1,2
246,73,2,20
246,74,1,3
246,74,2,20
246,75,1,3
246,75,2,20
246,76,1,2
246,76,2,20
246,77,1,1
246,77,2,20
246,78,1,1
246,78,2,20
246,79,1,1
246,79,2,20
246,80,1,2
246,80,2,20
246,81,1,3
246,81,2,20
246,82,1,5
246,82,2,20
246,83,1,3
246,83,2,20
246,84,1,2
246,84,2,20
246,85,1,1
246,85,2,20
246,86,1,1
246,86,2,20
246,87,1,1
246,87,2,20
246,88,1,2
246,88,2,20
246,89,1,3
246,89,2,20
246,90,1,3
246,90,2,20
246,91,1,2
246,91,2,20
246,92,1,2
246,92,2,20
246,93,1,2
246,93,2,20
246,94,1,2
246,94,2,20
246,95,1,2
246,95,2,20
246,96,1,3
246,96,2,20
246,97,1,5
246,97,2,20
246,98,1,3
246,98,2,20
246,99,1,2
246,99,2,20
246,100,1,2
246,100,2,20
246,101,1,2
246,101,2,20
246,102,1,2
246,102,2,20
246,103,1,2
246,103,2,20
246,104,1,3
246,104,2,20
246,105,1,3
246,105,2,20
246,106,1,3
246,106,2,20
246,107,1,3
246,107,2,20
246,108,1,3
246,108,2,20
246,109,1,3
246,109,2,20
246,110,1,3
246,110,2,20
246,111,1,3
246,111,2,20
246,112,1,5
246,112,2,20
246,113,1,3
246,113,2,20
246,114,1,3
246,114,2,20
246,115,1,3
246,115,2,20
246,116,1,3
246,116,2,20
246,117,1,3
246,117,2,20
246,118,1,3
246,118,2,20
246,119,1,3
246,119,2,20
246,120,1,4
246,120,2,20
246,121,1,4
246,121,2,20
246,122,1,4
246,122,2,20
246,123,1,4
246,123,2,20
246,124,1,4
246,124,2,20
246,125,1,4
246,125,2,20
246,126,1,4
246,126,2,20
246,127,1,5
246,127,2,20
246,128,1,4
246,128,2,20
246,129,1,4
246,129,2,20
246,130,1,4
246,130,2,20
246,131,1,4
246,131,2,20
246,132,1,4
246,132,2,20
246,133,1,4
246,133,2,20
246,134,1,4
246,134,2,20
247,0,1,4
247,0,2,20
247,1,1,4
247,1,2,20
247,2,1,4
247,2,2,20
247,3,1,4
247,3,2,20
247,4,1,4
247,4,2,20
247,5,1,4
247,5,2,20
247,6,1,4
247,6,2,20
247,7,1,5
247,7,2,20
247,8,1,4
247,8,2,20
247,9,1,4
247,9,2,20
247,10,1,4
247,10,2,20
247,11,1,4
247,11,2,20
247,12,1,4
247,12,2,20
247,13,1,4
247,13,2,20
247,14,1,4
247,14,2,20
247,15,1,3
247,15,2,20
247,16,1,3
247,16,2,20
247,17,1,3
247,17,2,20
247,18,1,3
247,18,2,20
247,19,1,3
247,19,2,20
247,20,1,3
247,20,2,20
247,21,1,3
247,21,2,20
247,22,1,5
247,22,2,20
247,23,1,3
247,23,2,20
247,24,1,3
247,24,2,20
247,25,1,3
247,25,2,20
247,26,1,3
247,26,2,20
247,27,1,3
247,27,2,20
247,28,1,3
247,28,2,20
247,29,1,3
247,29,2,20
247,30,1,3
247,30,2,20
247,31,1,2
247,31,2,20
247,32,1,2
247,32,2,20
247,33,1,2
247,33,2,20
247,34,1,2
247,34,2,20
247,35,1,2
247,35,2,20
247,36,1,3
247,36,2,20
247,37,1,5
247,37,2,20
247,38,1,3
247,38,2,20
247,39,1,2
247,39,2,20
247,40,1,2
247,40,2,20
247,41,1,2
247,41,2,20
247,42,1,2
247,42,2,20
247,43,1,2
247,43,2,20
247,44,1,3
247,44,2,20
247,45,1,3
247,45,2,20
247,46,1,2
247,46,2,20
247,47,1,1
247,47,2,20
247,48,1,1
247,48,2,20
247,49,1,1
247,49,2,20
247,50,1,2
247,50,2,20
247,51,1,3
247,51,2,20
247,52,1,5
247,52,2,20
247,53,1,3
247,53,2,20
247,54,1,2
247,54,2,20
247,55,1,1
247,55,2,20
247,56,1,1
247,56,2,20
247,57,1,1
247,57,2,20
247,58,1,2
247,58,2,20
247,59,1,3
247,59,2,20
247,60,1,3
247,60,2,20
247,61,1,2
247,61,2,20
247,62,1,1
247,62,2,20
247,63,1,0
247,63,2,20
247,64,1,1
247,64,2,20
247,65,1,2
247,65,2,20
247,66,1,3
247,66,2,20
247,67,1,5
247,67,2,20
247,68,1,3
247,68,2,20
247,69,1,2
247,69,2,20
247,70,1,1
247,70,2,20
247,71,1,0
247,71,2,20
247,72,1,1
247,72,2,20
247,73,1,2
247,73,2,20
247,74,1,3
247,74,2,20
247,75,1,3
247,75,2,20
247,76,1,2
247,76,2,20
247,77,1,1
247,77,2,20
247,78,1,1
247,78,2,20
247,79,1,1
247,79,2,20
247,80,1,2
247,80,2,20
247,81,1,3
247,81,2,20
247,82,1,5
247,82,2,20
247,83,1,3
247,83,2,20
247,84,1,2
247,84,2,20
247,85,1,1
247,85,2,20
247,86,1,1
247,86,2,20
247,87,1,1
247,87,2,20
247,88,1,2
247,88,2,20
247,89,1,3
247,89,2,20
247,90,1,3
247,90,2,20
247,91,1,2
247,91,2,20
247,92,1,2
247,92,2,20
247,93,1,2
247,93,2,20
247,94,1,2
247,94,2,20
247,95,1,2
247,95,2,20
247,96,1,3
247,96,2,20
247,97,1,5
247,97,2,20
247,98,1,3
247,98,2,20
247,99,1,2
247,99,2,20
247,100,1,2
247,100,2,20
247,101,1,2
247,101,2,20
247,102,1,2
247,102,2,20
247,103,1,2
247,103,2,20
247,104,1,3
247,104,2,20
247,105,1,3
247,105,2,20
247,106,1,3
247,106,2,20
247,107,1,3
247,107,2,20
247,108,1,3
247,108,2,20
247,109,1,3
247,109,2,20
247,110,1,3
247,110,2,20
247,111,1,3
247,111,2,20
247,112,1,5
247,112,2,20
247,113,1,3
247,113,2,20
247,114,1,3
247,114,2,20
247,115,1,3
247,115,2,20
247,116,1,3
247,116,2,20
247,117,1,3
247,117,2,20
247,118,1,3
247,118,2,20
247,119,1,3
247,119,2,20
247,120,1,4
247,120,2,20
247,121,1,4
247,121,2,20
247,122,1,4
247,122,2,20
247,123,1,4
247,123,2,20
247,124,1,4
247,124,2,20
247,125,1,4
247,125,2,20
247,126,1,4
247,126,2,20
247,127,1,5
247,127,2,20
247,128,1,4
247,128,2,20
247,129,1,4
247,129,2,20
247,130,1,4
247,130,2,20
247,131,1,4
247,131,2,20
247,132,1,4
247,132,2,20
247,133,1,4
247,133,2,20
247,134,1,4
247,134,2,20
248,0,1,4
248,0,2,20
248,1,1,4
248,1,2,20
248,2,1,4
248,2,2,20
248,3,1,4
248,3,2,20
248,4,1,4
248,4,2,20
248,5,1,4
248,5,2,20
248,6,1,4
248,6,2,20
248,7,1,5
248,7,2,20
248,8,1,4
248,8,2,20
248,9,1,4
248,9,2,20
248,10,1,4
248,10,2,20
248,11,1,4
248,11,2,20
248,12,1,4
248,12,2,20
248,13,1,4
248,13,2,20
248,14,1,4
248,14,2,20
248,15,1,3
248,15,2,20
248,16,1,3
248,16,2,20
248,17,1,3
248,17,2,20
248,18,1,3
248,18,2,20
248,19,1,3
248,19,2,20
248,20,1,3
248,20,2,20
248,21,1,3
248,21,2,20
248,22,1,5
248,22,2,20
248,23,1,3
248,23,2,20
248,24,1,3
248,24,2,20
248,25,1,3
248,25,2,20
248,26,1,3
248,26,2,20
248,27,1,3
248,27,2,20
248,28,1,3
248,28,2,20
248,29,1,3
248,29,2,20
248,30,1,3
248,30,2,20
248,31,1,2
248,31,2,20
248,32,1,2
248,32,2,20
248,33,1,2
248,33,2,20
248,34,1,2
248,34,2,20
248,35,1,2
248,35,2,20
248,36,1,3
248,36,2,20
248,37,1,5
248,37,2,20
248,38,1,3
248,38,2,20
248,39,1,2
248,39,2,20
248,40,1,2
248,40,2,20
248,41,1,2
248,41,2,20
248,42,1,2
248,42,2,20
248,43,1,2
248,43,2,20
248,44,1,3
248,44,2,20
248,45,1,3
248,45,2,20
248,46,1,2
248,46,2,20
248,47,1,1
248,47,2,20
248,48,1,1
248,48,2,20
248,49,1,1
248,49,2,20
248,50,1,2
248,50,2,20
248,51,1,3
248,51,2,20
248,52,1,5
248,52,2,20
248,53,1,3
248,53,2,20
248,54,1,2
248,54,2,20
248,55,1,1
248,55,2,20
248,56,1,1
248,56,2,20
248,57,1,1
248,57,2,20
248,58,1,2
248,58,2,20
248,59,1,3
248,59,2,20
248,60,1,3
248,60,2,20
248,61,1,2
248,61,2,20
248,62,1,1
248,62,2,20
248,63,1,0
248,63,2,20
248,64,1,1
248,64,2,20
248,65,1,2
248,65,2,20
248,66,1,3
248,66,2,20
248,67,1,5
248,67,2,20
248,68,1,3
248,68,2,20
248,69,1,2
248,69,2,20
248,70,1,1
248,70,2,20
248,71,1,0
248,71,2,20
248,72,1,1
248,72,2,20
248,73,1,2
248,73,2,20
248,74,1,3
248,74,2,20
248,75,1,3
248,75,2,20
248,76,1,2
248,76,2,20
248,77,1,1
248,77,2,20
248,78,1,1
248,78,2,20
248,79,1,1
248,79,2,20
248,80,1,2
248,80,2,20
248,81,1,3
248,81,2,20
248,82,1,5
248,82,2,20
248,83,1,3
248,83,2,20
248,84,1,2
248,84,2,20
248,85,1,1
248,85,2,20
248,86,1,1
248,86,2,20
248,87,1,1
248,87,2,20
248,88,1,2
248,88,2,20
248,89,1,3
248,89,2,20
248,90,1,3
248,90,2,20
248,91,1,2
248,91,2,20
248,92,1,2
248,92,2,20
248,93,1,2
248,93,2,20
248,94,1,2
248,94,2,20
248,95,1,2
248,95,2,20
248,96,1,3
248,96,2,20
248,97,1,5
248,97,2,20
248,98,1,3
248,98,2,20
248,99,1,2
248,99,2,20
248,100,1,2
248,100,2,20
248,101,1,2
248,101,2,20
248,102,1,2
248,102,2,20
248,103,1,2
248,103,2,20
248,104,1,3
248,104,2,20
248,105,1,3
248,105,2,20
248,106,1,3
248,106,2,20
248,107,1,3
248,107,2,20
248,108,1,3
248,108,2,20
248,109,1,3
248,109,2,20
248,110,1,3
248,110,2,20
248,111,1,3
248,111,2,20
248,112,1,5
248,112,2,20
248,113,1,3
248,113,2,20
248,114,1,3
248,114,2,20
248,115,1,3
248,115,2,20
248,116,1,3
248,116,2,20
248,117,1,3
248,117,2,20
248,118,1,3
248,118,2,20
248,119,1,3
248,119,2,20
248,120,1,4
248,120,2,20
248,121,1,4
248,121,2,20
248,122,1,4
248,122,2,20
248,123,1,4
248,123,2,20
248,124,1,4
248,124,2,20
248,125,1,4
248,125,2,20
248,126,1,4
248,126,2,20
248,127,1,5
248,127,2,20
248,128,1,4
248,128,2,20
248,129,1,4
248,129,2,20
248,130,1,4
248,130,2,20
248,131,1,4
248,131,2,20
248,132,1,4
248,132,2,20
248,133,1,4
248,133,2,20
248,134,1,4
248,134,2,20
249,0,1,4
249,0,2,20
249,1,1,4
249,1,2,20
249,2,1,4
249,2,2,20
249,3,1,4
249,3,2,20
249,4,1,4
249,4,2,20
249,5,1,4
249,5,2,20
249,6,1,4
249,6,2,20
249,7,1,5
249,7,2,20
249,8,1,4
249,8,2,20
249,9,1,4
249,9,2,20
249,10,1,4
249,10,2,20
249,11,1,4
249,11,2,20
249,12,1,4
249,12,2,20
249,13,1,4
249,13,2,20
249,14,1,4
249,14,2,20
249,15,1,3
249,15,2,20
249,16,1,3
249,16,2,20
249,17,1,3
249,17,2,20
249,18,1,3
249,18,2,20
249,19,1,3
249,19,2,20
249,20,1,3
249,20,2,20
249,21,1,3
249,21,2,20
249,22,1,5
249,22,2,20
249,23,1,3
249,23,2,20
249,24,1,3
249,24,2,20
249,25,1,3
249,25,2,20
249,26,1,3
249,26,2,20
249,27,1,3
249,27,2,20
249,28,1,3
249,28,2,20
249,29,1,3
249,29,2,20
249,30,1,3
249,30,2,20
249,31,1,2
249,31,2,20
249,32,1,2
249,32,2,20
249,33,1,2
249,33,2,20
249,34,1,2
249,34,2,20
249,35,1,2
249,35,2,20
249,36,1,3
249,36,2,20
249,37,1,5
249,37,2,20
249,38,1,3
249,38,2,20
249,39,1,2
249,39,2,20
249,40,1,2
249,40,2,20
249,41,1,2
249,41,2,20
249,42,1,2
249,42,2,20
249,43,1,2
249,43,2,20
249,44,1,3
249,44,2,20
249,45,1,3
249,45,2,20
249,46,1,2
249,46,2,20
249,47,1,1
249,47,2,20
249,48,1,1
249,48,2,20
249,49,1,1
249,49,2,20
249,50,1,2
249,50,2,20
249,51,1,3
249,51,2,20
249,52,1,5
249,52,2,20
249,53,1,3
249,53,2,20
249,54,1,2
249,54,2,20
249,55,1,1
249,55,2,20
249,56,1,1
249,56,2,20
249,57,1,1
249,57,2,20
249,58,1,2
249,58,2,20
249,59,1,3
249,59,2,20
249,60,1,3
249,60,2,20
249,61,1,2
249,61,2,20
249,62,1,1
249,62,2,20
249,63,1,0
249,63,2,20
249,64,1,1
249,64,2,20
249,65,1,2
249,65,2,20
249,66,1,3
249,66,2,20
249,67,1,5
249,67,2,20
249,68,1,3
249,68,2,20
249,69,1,2
249,69,2,20
249,70,1,1
249,70,2,20
249,71,1,0
249,71,2,20
249,72,1,1
249,72,2,20
249,73,1,2
249,73,2,20
249,74,1,3
249,74,2,20
249,75,1,3
249,75,2,20
249,76,1,2
249,76,2,20
249,77,1,1
249,77,2,20
249,78,1,1
249,78,2,20
249,79,1,1
249,79,2,20
249,80,1,2
249,80,2,20
249,81,1,3
249,81,2,20
249,82,1,5
249,82,2,20
249,83,1,3
249,83,2,20
249,84,1,2
249,84,2,20
249,85,1,1
249,85,2,20
249,86,1,1
249,86,2,20
249,87,1,1
249,87,2,20
249,88,1,2
249,88,2,20
249,89,1,3
249,89,2,20
249,90,1,3
249,90,2,20
249,91,1,2
249,91,2,20
249,92,1,2
249,92,2,20
249,93,1,2
249,93,2,20
249,94,1,2
249,94,2,20
249,95,1,2
249,95,2,20
249,96,1,3
249,96,2,20
249,97,1,5
249,97,2,20
249,98,1,3
249,98,2,20
249,99,1,2
249,99,2,20
249,100,1,2
249,100,2,20
249,101,1,2
249,101,2,20
249,102,1,2
249,102,2,20
249,103,1,2
249,103,2,20
249,104,1,3
249,104,2,20
249,105,1,3
249,105,2,20
249,106,1,3
249,106,2,20
249,107,1,3
249,107,2,20
249,108,1,3
249,108,2,20
249,109,1,3
249,109,2,20
249,110,1,3
249,110,2,20
249,111,1,3
249,111,2,20
249,112,1,5
249,112,2,20
249,113,1,3
249,113,2,20
249,114,1,3
249,114,2,20
249,115,1,3
249,115,2,20
249,116,1,3
249,116,2,20
249,117,1,3
249,117,2,20
249,118,1,3
249,118,2,20
249,119,1,3
249,119,2,20
249,120,1,4
249,120,2,20
249,121,1,4
249,121,2,20
249,122,1,4
249,122,2,20
249,123,1,4
249,123,2,20
249,124,1,4
249,124,2,20
249,125,1,4
249,125,2,20
249,126,1,4
249,126,2,20
249,127,1,5
249,127,2,20
249,128,1,4
249,128,2,20
249,129,1,4
249,129,2,20
249,130,1,4
249,130,2,20
249,131,1,4
249,131,2,20
249,132,1,4
249,132,2,20
249,133,1,4
249,133,2,20
249,134,1,4
249,134,2,20
250,0,1,4
250,0,2,20
250,1,1,4
250,1,2,20
250,2,1,4
250,2,2,20
250,3,1,4
250,3,2,20
250,4,1,4
250,4,2,20
250,5,1,4
250,5,2,20
250,6,1,4
250,6,2,20
250,7,1,5
250,7,2,20
250,8,1,4
250,8,2,20
250,9,1,4
250,9,2,20
250,10,1,4
250,10,2,20
250,11,1,4
250,11,2,20
250,12,1,4
250,12,2,20
250,13,1,4
250,13,2,20
250,14,1,4
250,14,2,20
250,15,1,3
250,15,2,20
250,16,1,3
250,16,2,20
250,17,1,3
250,17,2,20
250,18,1,3
250,18,2,20
250,19,1,3
250,19,2,20
250,20,1,3
250,20,2,20
250,21,1,3
250,21,2,20
250,22,1,5
250,22,2,20
250,23,1,3
250,23,2,20
250,24,1,3
250,24,2,20
250,25,1,3
250,25,2,20
250,26,1,3
250,26,2,20
250,27,1,3
250,27,2,20
250,28,1,3
250,28,2,20
250,29,1,3
250,29,2,20
250,30,1,3
250,30,2,20
250,31,1,2
250,31,2,20
250,32,1,2
250,32,2,20
250,33,1,2
250,33,2,20
250,34,1,2
250,34,2,20
250,35,1,2
250,35,2,20
250,36,1,3
250,36,2,20
250,37,1,5
250,37,2,20
250,38,1,3
250,38,2,20
250,39,1,2
250,39,2,20
250,40,1,2
250,40,2,20
250,41,1,2
250,41,2,20
250,42,1,2
250,42,2,20
250,43,1,2
250,43,2,20
250,44,1,3
250,44,2,20
250,45,1,3
250,45,2,20
250,46,1,2
250,46,2,20
250,47,1,1
250,47,2,20
250,48,1,1
250,48,2,20
250,49,1,1
250,49,2,20
250,50,1,2
250,50,2,20
250,51,1,3
250,51,2,20
250,52,1,5
250,52,2,20
250,53,1,3
250,53,2,20
250,54,1,2
250,54,2,20
250,55,1,1
250,55,2,20
250,56,1,1
250,56,2,20
250,57,1,1
250,57,2,20
250,58,1,2
250,58,2,20
250,59,1,3
250,59,2,20
250,60,1,3
250,60,2,20
250,61,1,2
250,61,2,20
250,62,1,1
250,62,2,20
250,63,1,0
250,63,2,20
250,64,1,1
250,64,2,20
250,65,1,2
250,65,2,20
250,66,1,3
250,66,2,20
250,67,1,5
250,67,2,20
250,68,1,3
250,68,2,20
250,69,1,2
250,69,2,20
250,70,1,1
250,70,2,20
250,71,1,0
250,71,2,20
250,72,1,1
250,72,2,20
250,73,1,2
250,73,2,20
250,74,1,3
250,74,2,20
250,75,1,3
250,75,2,20
250,76,1,2
250,76,2,20
250,77,1,1
250,77,2,20
250,78,1,1
250,78,2,20
250,79,1,1
250,79,2,20
250,80,1,2
250,80,2,20
250,81,1,3
250,81,2,20
250,82,1,5
250,82,2,20
250,83,1,3
250,83,2,20
250,84,1,2
250,84,2,20
250,85,1,1
250,85,2,20
250,86,1,1
250,86,2,20
250,87,1,1
250,87,2,20
250,88,1,2
250,88,2,20
250,89,1,3
250,89,2,20
250,90,1,3
250,90,2,20
250,91,1,2
250,91,2,20
250,92,1,2
250,92,2,20
250,93,1,2
250,93,2,20
250,94,1,2
250,94,2,20
250,95,1,2
250,95,2,20
250,96,1,3
250,96,2,20
250,97,1,5
250,97,2,20
250,98,1,3
250,98,2,20
250,99,1,2
250,99,2,20
250,100,1,2
250,100,2,20
250,101,1,2
250,101,2,20
250,102,1,2
250,102,2,20
250,103,1,2
250,103,2,20
250,104,1,3
250,104,2,20
250,105,1,3
250,105,2,20
250,106,1,3
250,106,2,20
250,107,1,3
250,107,2,20
250,108,1,3
250,108,2,20
250,109,1,3
250,109,2,20
250,110,1,3
250,110,2,20
250,111,1,3
250,111,2,20
250,112,1,5
250,112,2,20
250,113,1,3
250,113,2,20
250,114,1,3
250,114,2,20
250,115,1,3
250,115,2,20
250,116,1,3
250,116,2,20
250,117,1,3
250,117,2,20
250,118,1,3
250,118,2,20
250,119,1,3
250,119,2,20
250,120,1,4
250,120,2,20
250,121,1,4
250,121,2,20
250,122,1,4
250,122,2,20
250,123,1,4
250,123,2,20
250,124,1,4
250,124,2,20
250,125,1,4
250,125,2,20
250,126,1,4
250,126,2,20
250,127,1,5
250,127,2,20
250,128,1,4
250,128,2,20
250,129,1,4
250,129,2,20
250,130,1,4
250,130,2,20
250,131,1,4
250,131,2,20
250,132,1,4
250,132,2,20
250,133,1,4
250,133,2,20
250,134,1,4
250,134,2,20
251,0,1,4
251,0,2,20
251,1,1,4
251,1,2,20
251,2,1,4
251,2,2,20
251,3,1,4
251,3,2,20
251,4,1,4
251,4,2,20
251,5,1,4
251,5,2,20
251,6,1,4
251,6,2,20
251,7,1,5
251,7,2,20
251,8,1,4
251,8,2,20
251,9,1,4
251,9,2,20
251,10,1,4
251,10,2,20
251,11,1,4
251,11,2,20
251,12,1,4
251,12,2,20
251,13,1,4
251,13,2,20
251,14,1,4
251,14,2,20
251,15,1,3
251,15,2,20
251,16,1,3
251,16,2,20
251,17,1,3
251,17,2,20
251,18,1,3
251,18,2,20
251,19,1,3
251,19,2,20
251,20,1,3
251,20,2,20
251,21,1,3
251,21,2,20
251,22,1,5
251,22,2,20
251,23,1,3
251,23,2,20
251,24,1,3
251,24,2,20
251,25,1,3
251,25,2,20
251,26,1,3
251,26,2,20
251,27,1,3
251,27,2,20
251,28,1,3
251,28,2,20
251,29,1,3
251,29,2,20
251,30,1,3
251,30,2,20
251,31,1,2
251,31,2,20
251,32,1,2
251,32,2,20
251,33,1,2
251,33,2,20
251,34,1,2
251,34,2,20
251,35,1,2
251,35,2,20
251,36,1,3
251,36,2,20
251,37,1,5
251,37,2,20
251,38,1,3
251,38,2,20
251,39,1,2
251,39,2,20
251,40,1,2
251,40,2,20
251,41,1,2
251,41,2,20
251,42,1,2
251,42,2,20
251,43,1,2
251,43,2,20
251,44,1,3
251,44,2,20
251,45,1,3
251,45,2,20
251,46,1,2
251,46,2,20
251,47,1,1
251,47,2,20
251,48,1,1
251,48,2,20
251,49,1,1
251,49,2,20
251,50,1,2
251,50,2,20
251,51,1,3
251,51,2,20
251,52,1,5
251,52,2,20
251,53,1,3
251,53,2,20
251,54,1,2
251,54,2,20
251,55,1,1
251,55,2,20
251,56,1,1
251,56,2,20
251,57,1,1
251,57,2,20
251,58,1,2
251,58,2,20
251,59,1,3
251,59,2,20
251,60,1,3
251,60,2,20
251,61,1,2
251,61,2,20
251,62,1,1
251,62,2,20
251,63,1,0
251,63,2,20
251,64,1,1
251,64,2,20
251,65,1,2
251,65,2,20
251,66,1,3
251,66,2,20
251,67,1,5
251,67,2,20
251,68,1,3
251,68,2,20
251,69,1,2
251,69,2,20
251,70,1,1
251,70,2,20
251,71,1,0
251,71,2,20
251,72,1,1
251,72,2,20
251,73,1,2
251,73,2,20
251,74,1,3
251,74,2,20
251,75,1,3
251,75,2,20
251,76,1,2
251,76,2,20
251,77,1,1
251,77,2,20
251,78,1,1
251,78,2,20
251,79,1,1
251,79,2,20
251,80,1,2
251,80,2,20
251,81,1,3
251,81,2,20
251,82,1,5
251,82,2,20
251,83,1,3
251,83,2,20
251,84,1,2
251,84,2,20
251,85,1,1
251,85,2,20
251,86,1,1
251,86,2,20
251,87,1,1
251,87,2,20
251,88,1,2
251,88,2,20
251,89,1,3
251,89,2,20
251,90,1,3
251,90,2,20
251,91,1,2
251,91,2,20
251,92,1,2
251,92,2,20
251,93,1,2
251,93,2,20
251,94,1,2
251,94,2,20
251,95,1,2
251,95,2,20
251,96,1,3
251,96,2,20
251,97,1,5
251,97,2,20
251,98,1,3
251,98,2,20
251,99,1,2
251,99,2,20
251,100,1,2
251,100,2,20
251,101,1,2
251,101,2,20
251,102,1,2
251,102,2,20
251,103,1,2
251,103,2,20
251,104,1,3
251,104,2,20
251,105,1,3
251,105,2,20
251,106,1,3
251,106,2,20
251,107,1,3
251,107,2,20
251,108,1,3
251,108,2,20
251,109,1,3
251,109,2,20
251,110,1,3
251,110,2,20
251,111,1,3
251,111,2,20
251,112,1,5
251,112,2,20
251,113,1,3
251,113,2,20
251,114,1,3
251,114,2,20
251,115,1,3
251,115,2,20
251,116,1,3
251,116,2,20
251,117,1,3
251,117,2,20
251,118,1,3
251,118,2,20
251,119,1,3
251,119,2,20
251,120,1,4
251,120,2,20
251,121,1,4
251,121,2,20
251,122,1,4
251,122,2,20
251,123,1,4
251,123,2,20
251,124,1,4
251,124,2,20
251,125,1,4
251,125,2,20
251,126,1,4
251,126,2,20
251,127,1,5
251,127,2,20
251,128,1,4
251,128,2,20
251,129,1,4
251,129,2,20
251,130,1,4
251,130,2,20
251,131,1,4
251,131,2,20
251,132,1,4
251,132,2,20
251,133,1,4
251,133,2,20
251,134,1,4
251,134,2,20
252,0,1,4
252,0,2,20
252,1,1,4
252,1,2,20
252,2,1,4
252,2,2,20
252,3,1,4
252,3,2,20
252,4,1,4
252,4,2,20
252,5,1,4
252,5,2,20
252,6,1,4
252,6,2,20
252,7,1,5
252,7,2,20
252,8,1,4
252,8,2,20
252,9,1,4
252,9,2,20
252,10,1,4
252,10,2,20
252,11,1,4
252,11,2,20
252,12,1,4
252,12,2,20
252,13,1,4
252,13,2,20
252,14,1,4
252,14,2,20
252,15,1,3
252,15,2,20
252,16,1,3
252,16,2,20
252,17,1,3
252,17,2,20
252,18,1,3
252,18,2,20
252,19,1,3
252,19,2,20
252,20,1,3
252,20,2,20
252,21,1,3
252,21,2,20
252,22,1,5
252,22,2,20
252,23,1,3
252,23,2,20
252,24,1,3
252,24,2,20
252,25,1,3
252,25,2,20
252,26,1,3
252,26,2,20
252,27,1,3
252,27,2,20
252,28,1,3
252,28,2,20
252,29,1,3
252,29,2,20
252,30,1,3
252,30,2,20
252,31,1,2
252,31,2,20
252,32,1,2
252,32,2,20
252,33,1,2
252,33,2,20
252,34,1,2
252,34,2,20
252,35,1,2
252,35,2,20
252,36,1,3
252,36,2,20
252,37,1,5
252,37,2,20
252,38,1,3
252,38,2,20
252,39,1,2
252,39,2,20
252,40,1,2
252,40,2,20
252,41,1,2
252,41,2,20
252,42,1,2
252,42,2,20
252,43,1,2
252,43,2,20
252,44,1,3
252,44,2,20
252,45,1,3
252,45,2,20
252,46,1,2
252,46,2,20
252,47,1,1
252,47,2,20
252,48,1,1
252,48,2,20
252,49,1,1
252,49,2,20
252,50,1,2
252,50,2,20
252,51,1,3
252,51,2,20
252,52,1,5
252,52,2,20
252,53,1,3
252,53,2,20
252,54,1,2
252,54,2,20
252,55,1,1
252,55,2,20
252,56,1,1
252,56,2,20
252,57,1,1
252,57,2,20
252,58,1,2
252,58,2,20
252,59,1,3
252,59,2,20
252,60,1,3
252,60,2,20
252,61,1,2
252,61,2,20
252,62,1,1
252,62,2,20
252,63,1,0
252,63,2,20
252,64,1,1
252,64,2,20
252,65,1,2
252,65,2,20
252,66,1,3
252,66,2,20
252,67,1,5
252,67,2,20
252,68,1,3
252,68,2,20
252,69,1,2
252,69,2,20
252,70,1,1
252,70,2,20
252,71,1,0
252,71,2,20
252,72,1,1
252,72,2,20
252,73,1,2
252,73,2,20
252,74,1,3
252,74,2,20
252,75,1,3
252,75,2,20
252,76,1,2
252,76,2,20
252,77,1,1
252,77,2,20
252,78,1,1
252,78,2,20
252,79,1,1
252,79,2,20
252,80,1,2
252,80,2,20
252,81,1,3
252,81,2,20
252,82,1,5
252,82,2,20
252,83,1,3
252,83,2,20
252,84,1,2
252,84,2,20
252,85,1,1
252,85,2,20
252,86,1,1
252,86,2,20
252,87,1,1
252,87,2,20
252,88,1,2
252,88,2,20
252,89,1,3
252,89,2,20
252,90,1,3
252,90,2,20
252,91,1,2
252,91,2,20
252,92,1,2
252,92,2,20
252,93,1,2
252,93,2,20
252,94,1,2
252,94,2,20
252,95,1,2
252,95,2,20
252,96,1,3
252,96,2,20
252,97,1,5
252,97,2,20
252,98,1,3
252,98,2,20
252,99,1,2
252,99,2,20
252,100,1,2
252,100,2,20
252,101,1,2
252,101,2,20
252,102,1,2
252,102,2,20
252,103,1,2
252,103,2,20
252,104,1,3
252,104,2,20
252,105,1,3
252,105,2,20
252,106,1,3
252,106,2,20
252,107,1,3
252,107,2,20
252,108,1,3
252,108,2,20
252,109,1,3
252,109,2,20
252,110,1,3
252,110,2,20
252,111,1,3
252,111,2,20
252,112,1,5
252,112,2,20
252,113,1,3
252,113,2,20
252,114,1,3
252,114,2,20
252,115,1,3
252,115,2,20
252,116,1,3
252,116,2,20
252,117,1,3
252,117,2,20
252,118,1,3
252,118,2,20
252,119,1,3
252,119,2,20
252,120,1,4
252,120,2,20
252,121,1,4
252,121,2,20
252,122,1,4
252,122,2,20
252,123,1,4
252,123,2,20
252,124,1,4
252,124,2,20
252,125,1,4
252,125,2,20
252,126,1,4
252,126,2,20
252,127,1,5
252,127,2,20
252,128,1,4
252,128,2,20
252,129,1,4
252,129,2,20
252,130,1,4
252,130,2,20
252,131,1,4
252,131,2,20
252,132,1,4
252,132,2,20
252,133,1,4
252,133,2,20
252,134,1,4
252,134,2,20
253,0,1,4
253,0,2,20
253,1,1,4
253,1,2,20
253,2,1,4
253,2,2,20
253,3,1,4
253,3,2,20
253,4,1,4
253,4,2,20
253,5,1,4
253,5,2,20
253,6,1,4
253,6,2,20
253,7,1,5
253,7,2,20
253,8,1,4
253,8,2,20
253,9,1,4
253,9,2,20
253,10,1,4
253,10,2,20
253,11,1,4
253,11,2,20
253,12,1,4
253,12,2,20
253,13,1,4
253,13,2,20
253,14,1,4
253,14,2,20
253,15,1,3
253,15,2,20
253,16,1,3
253,16,2,20
253,17,1,3
253,17,2,20
253,18,1,3
253,18,2,20
253,19,1,3
253,19,2,20
253,20,1,3
253,20,2,20
253,21,1,3
253,21,2,20
253,22,1,5
253,22,2,20
253,23,1,3
253,23,2,20
253,24,1,3
253,24,2,20
253,25,1,3
253,25,2,20
253,26,1,3
253,26,2,20
253,27,1,3
253,27,2,20
253,28,1,3
253,28,2,20
253,29,1,3
253,29,2,20
253,30,1,3
253,30,2,20
253,31,1,2
253,31,2,20
253,32,1,2
253,32,2,20
253,33,1,2
253,33,2,20
253,34,1,2
253,34,2,20
253,35,1,2
253,35,2,20
253,36,1,3
253,36,2,20
253,37,1,5
253,37,2,20
253,38,1,3
253,38,2,20
253,39,1,2
253,39,2,20
253,40,1,2
253,40,2,20
253,41,1,2
253,41,2,20
253,42,1,2
253,42,2,20
253,43,1,2
253,43,2,20
253,44,1,3
253,44,2,20
253,45,1,3
253,45,2,20
253,46,1,2
253,46,2,20
253,47,1,1
253,47,2,20
253,48,1,1
253,48,2,20
253,49,1,1
253,49,2,20
253,50,1,2
253,50,2,20
253,51,1,3
253,51,2,20
253,52,1,5
253,52,2,20
253,53,1,3
253,53,2,20
253,54,1,2
253,54,2,20
253,55,1,1
253,55,2,20
253,56,1,1
253,56,2,20
253,57,1,1
253,57,2,20
253,58,1,2
253,58,2,20
253,59,1,3
253,59,2,20
253,60,1,3
253,60,2,20
253,61,1,2
253,61,2,20
253,62,1,1
253,62,2,20
253,63,1,0
253,63,2,20
253,64,1,1
253,64,2,20
253,65,1,2
253,65,2,20
253,66,1,3
253,66,2,20
253,67,1,5
253,67,2,20
253,68,1,3
253,68,2,20
253,69,1,2
253,69,2,20
253,70,1,1
253,70,2,20
253,71,1,0
253,71,2,20
253,72,1,1
253,72,2,20
253,73,1,2
253,73,2,20
253,74,1,3
253,74,2,20
253,75,1,3
253,75,2,20
253,76,1,2
253,76,2,20
253,77,1,1
253,77,2,20
253,78,1,1
253,78,2,20
253,79,1,1
253,79,2,20
253,80,1,2
253,80,2,20
253,81,1,3
253,81,2,20
253,82,1,5
253,82,2,20
253,83,1,3
253,83,2,20
253,84,1,2
253,84,2,20
253,85,1,1
253,85,2,20
253,86,1,1
253,86,2,20
253,87,1,1
253,87,2,20
253,88,1,2
253,88,2,20
253,89,1,3
253,89,2,20
253,90,1,3
253,90,2,20
253,91,1,2
253,91,2,20
253,92,1,2
253,92,2,20
253,93,1,2
253,93,2,20
253,94,1,2
253,94,2,20
253,95,1,2
253,95,2,20
253,96,1,3
253,96,2,20
253,97,1,5
253,97,2,20
253,98,1,3
253,98,2,20
253,99,1,2
253,99,2,20
253,100,1,2
253,100,2,20
253,101,1,2
253,101,2,20
253,102,1,2
253,102,2,20
253,103,1,2
253,103,2,20
253,104,1,3
253,104,2,20
253,105,1,3
253,105,2,20
253,106,1,3
253,106,2,20
253,107,1,3
253,107,2,20
253,108,1,3
253,108,2,20
253,109,1,3
253,109,2,20
253,110,1,3
253,110,2,20
253,111,1,3
253,111,2,20
253,112,1,5
253,112,2,20
253,113,1,3
253,113,2,20
253,114,1,3
253,114,2,20
253,115,1,3
253,115,2,20
253,116,1,3
253,116,2,20
253,117,1,3
253,117,2,20
253,118,1,3
253,118,2,20
253,119,1,3
253,119,2,20
253,120,1,4
253,120,2,20
253,121,1,4
253,121,2,20
253,122,1,4
253,122,2,20
253,123,1,4
253,123,2,20
253,124,1,4
253,124,2,20
253,125,1,4
253,125,2,20
253,126,1,4
253,126,2,20
253,127,1,5
253,127,2,20
253,128,1,4
253,128,2,20
253,129,1,4
253,129,2,20
253,130,1,4
253,130,2,20
253,131,1,4
253,131,2,20
253,132,1,4
253,132,2,20
253,133,1,4
253,133,2,20
253,134,1,4
253,134,2,20
254,0,1,4
254,0,2,20
254,1,1,4
254,1,2,20
254,2,1,4
254,2,2,20
254,3,1,4
254,3,2,20
254,4,1,4
254,4,2,20
254,5,1,4
254,5,2,20
254,6,1,4
254,6,2,20
254,7,1,5
254,7,2,20
254,8,1,4
254,8,2,20
254,9,1,4
254,9,2,20
254,10,1,4
254,10,2,20
254,11,1,4
254,11,2,20
254,12,1,4
254,12,2,20
254,13,1,4
254,13,2,20
254,14,1,4
254,14,2,20
254,15,1,3
254,15,2,20
254,16,1,3
254,16,2,20
254,17,1,3
254,17,2,20
254,18,1,3
254,18,2,20
254,19,1,3
254,19,2,20
254,20,1,3
254,20,2,20
254,21,1,3
254,21,2,20
254,22,1,5
254,22,2,20
254,23,1,3
254,23,2,20
254,24,1,3
254,24,2,20
254,25,1,3
254,25,2,20
254,26,1,3
254,26,2,20
254,27,1,3
254,27,2,20
254,28,1,3
254,28,2,20
254,29,1,3
254,29,2,20
254,30,1,3
254,30,2,20
254,31,1,2
254,31,2,20
254,32,1,2
254,32,2,20
254,33,1,2
254,33,2,20
254,34,1,2
254,34,2,20
254,35,1,2
254,35,2,20
254,36,1,3
254,36,2,20
254,37,1,5
254,37,2,20
254,38,1,3
254,38,2,20
254,39,1,2
254,39,2,20
254,40,1,2
254,40,2,20
254,41,1,2
254,41,2,20
254,42,1,2
254,42,2,20
254,43,1,2
254,43,2,20
254,44,1,3
254,44,2,20
254,45,1,3
254,45,2,20
254,46,1,2
254,46,2,20
254,47,1,1
254,47,2,20
254,48,1,1
254,48,2,20
254,49,1,1
254,49,2,20
254,50,1,2
254,50,2,20
254,51,1,3
254,51,2,20
254,52,1,5
254,52,2,20
254,53,1,3
254,53,2,20
254,54,1,2
254,54,2,20
254,55,1,1
254,55,2,20
254,56,1,1
254,56,2,20
254,57,1,1
254,57,2,20
254,58,1,2
254,58,2,20
254,59,1,3
254,59,2,20
254,60,1,3
254,60,2,20
254,61,1,2
254,61,2,20
254,62,1,1
254,62,2,20
254,63,1,0
254,63,2,20
254,64,1,1
254,64,2,20
254,65,1,2
254,65,2,20
254,66,1,3
254,66,2,20
254,67,1,5
254,67,2,20
254,68,1,3
254,68,2,20
254,69,1,2
254,69,2,20
254,70,1,1
254,70,2,20
254,71,1,0
254,71,2,20
254,72,1,1
254,72,2,20
254,73,1,2
254,73,2,20
254,74,1,3
254,74,2,20
254,75,1,3
254,75,2,20
254,76,1,2
254,76,2,20
254,77,1,1
254,77,2,20
254,78,1,1
254,78,2,20
254,79,1,1
254,79,2,20
254,80,1,2
254,80,2,20
254,81,1,3
254,81,2,20
254,82,1,5
254,82,2,20
254,83,1,3
254,83,2,20
254,84,1,2
254,84,2,20
254,85,1,1
254,85,2,20
254,86,1,1
254,86,2,20
254,87,1,1
254,87,2,20
254,88,1,2
254,88,2,20
254,89,1,3
254,89,2,20
254,90,1,3
254,90,2,20
254,91,1,2
254,91,2,20
254,92,1,2
254,92,2,20
254,93,1,2
254,93,2,20
254,94,1,2
254,94,2,20
254,95,1,2
254,95,2,20
254,96,1,3
254,96,2,20
254,97,1,5
254,97,2,20
254,98,1,3
254,98,2,20
254,99,1,2
254,99,2,20
254,100,1,2
254,100,2,20
254,101,1,2
254,101,2,20
254,102,1,2
254,102,2,20
254,103,1,2
254,103,2,20
254,104,1,3
254,104,2,20
254,105,1,3
254,105,2,20
254,106,1,3
254,106,2,20
254,107,1,3
254,107,2,20
254,108,1,3
254,108,2,20
254,109,1,3
254,109,2,20
254,110,1,3
254,110,2,20
254,111,1,3
254,111,2,20
254,112,1,5
254,112,2,20
254,113,1,3
254,113,2,20
254,114,1,3
254,114,2,20
254,115,1,3
254,115,2,20
254,116,1,3
254,116,2,20
254,117,1,3
254,117,2,20
254,118,1,3
254,118,2,20
254,119,1,3
254,119,2,20
254,120,1,4
254,120,2,20
254,121,1,4
254,121,2,20
254,122,1,4
254,122,2,20
254,123,1,4
254,123,2,20
254,124,1,4
254,124,2,20
254,125,1,4
254,125,2,20
254,126,1,4
254,126,2,20
254,127,1,5
254,127,2,20
254,128,1,4
254,128,2,20
254,129,1,4
254,129,2,20
254,130,1,4
254,130,2,20
254,131,1,4
254,131,2,20
254,132,1,4
254,132,2,20
254,133,1,4
254,133,2,20
254,134,1,4
254,134,2,20
255,0,1,4
255,0,2,20
255,1,1,4
255,1,2,20
255,2,1,4
255,2,2,20
255,3,1,4
255,3,2,20
255,4,1,4
255,4,2,20
255,5,1,4
255,5,2,20
255,6,1,4
255,6,2,20
255,7,1,5
255,7,2,20
255,8,1,4
255,8,2,20
255,9,1,4
255,9,2,20
255,10,1,4
255,10,2,20
255,11,1,4
255,11,2,20
255,12,1,4
255,12,2,20
255,13,1,4
255,13,2,20
255,14,1,4
255,14,2,20
255,15,1,3
255,15,2,20
255,16,1,3
255,16,2,20
255,17,1,3
255,17,2,20
255,18,1,3
255,18,2,20
255,19,1,3
255,19,2,20
255,20,1,3
255,20,2,20
255,21,1,3
255,21,2,20
255,22,1,5
255,22,2,20
255,23,1,3
255,23,2,20
255,24,1,3
255,24,2,20
255,25,1,3
255,25,2,20
255,26,1,3
255,26,2,20
255,27,1,3
255,27,2,20
255,28,1,3
255,28,2,20
255,29,1,3
255,29,2,20
255,30,1,3
255,30,2,20
255,31,1,2
255,31,2,20
255,32,1,2
255,32,2,20
255,33,1,2
255,33,2,20
255,34,1,2
255,34,2,20
255,35,1,2
255,35,2,20
255,36,1,3
255,36,2,20
255,37,1,5
255,37,2,20
255,38,1,3
255,38,2,20
255,39,1,2
255,39,2,20
255,40,1,2
255,40,2,20
255,41,1,2
255,41,2,20
255,42,1,2
255,42,2,20
255,43,1,2
255,43,2,20
255,44,1,3
255,44,2,20
255,45,1,3
255,45,2,20
255,46,1,2
255,46,2,20
255,47,1,1
255,47,2,20
255,48,1,1
255,48,2,20
255,49,1,1
255,49,2,20
255,50,1,2
255,50,2,20
255,51,1,3
255,51,2,20
255,52,1,5
255,52,2,20
255,53,1,3
255,53,2,20
255,54,1,2
255,54,2,20
255,55,1,1
255,55,2,20
255,56,1,1
255,56,2,20
255,57,1,1
255,57,2,20
255,58,1,2
255,58,2,20
255,59,1,3
255,59,2,20
255,60,1,3
255,60,2,20
255,61,1,2
255,61,2,20
255,62,1,1
255,62,2,20
255,63,1,0
255,63,2,20
255,64,1,1
255,64,2,20
255,65,1,2
255,65,2,20
255,66,1,3
255,66,2,20
255,67,1,5
255,67,2,20
255,68,1,3
255,68,2,20
255,69,1,2
255,69,2,20
255,70,1,1
255,70,2,20
255,71,1,0
255,71,2,20
255,72,1,1
255,72,2,20
255,73,1,2
255,73,2,20
255,74,1,3
255,74,2,20
255,75,1,3
255,75,2,20
255,76,1,2
255,76,2,20
255,77,1,1
255,77,2,20
255,78,1,1
255,78,2,20
255,79,1,1
255,79,2,20
255,80,1,2
255,80,2,20
255,81,1,3
255,81,2,20
255,82,1,5
255,82,2,20
255,83,1,3
255,83,2,20
255,84,1,2
255,84,2,20
255,85,1,1
255,85,2,20
255,86,1,1
255,86,2,20
255,87,1,1
255,87,2,20
255,88,1,2
255,88,2,20
255,89,1,3
255,89,2,20
255,90,1,3
255,90,2,20
255,91,1,2
255,91,2,20
255,92,1,2
255,92,2,20
255,93,1,2
255,93,2,20
255,94,1,2
255,94,2,20
255,95,1,2
255,95,2,20
255,96,1,3
255,96,2,20
255,97,1,5
255,97,2,20
255,98,1,3
255,98,2,20
255,99,1,2
255,99,2,20
255,100,1,2
255,100,2,20
255,101,1,2
255,101,2,20
255,102,1,2
255,102,2,20
255,103,1,2
255,103,2,20
255,104,1,3
255,104,2,20
255,105,1,3
255,105,2,20
255,106,1,3
255,106,2,20
255,107,1,3
255,107,2,20
255,108,1,3
255,108,2,20
255,109,1,3
255,109,2,20
255,110,1,3
255,110,2,20
255,111,1,3
255,111,2,20
255,112,1,5
255,112,2,20
255,113,1,3
255,113,2,20
255,114,1,3
255,114,2,20
255,115,1,3
255,115,2,20
255,116,1,3
255,116,2,20
255,117,1,3
255,117,2,20
255,118,1,3
255,118,2,20
255,119,1,3
255,119,2,20
255,120,1,4
255,120,2,20
255,121,1,4
255,121,2,20
255,122,1,4
255,122,2,20
255,123,1,4
255,123,2,20
255,124,1,4
255,124,2,20
255,125,1,4
255,125,2,20
255,126,1,4
255,126,2,20
255,127,1,5
255,127,2,20
255,128,1,4
255,128,2,20
255,129,1,4
255,129,2,20
255,130,1,4
255,130,2,20
255,131,1,4
255,131,2,20
255,132,1,4
255,132,2,20
255,133,1,4
255,133,2,20
255,134,1,4
255,134,2,20
256,0,1,4
256,0,2,20
256,1,1,4
256,1,2,20
256,2,1,4
256,2,2,20
256,3,1,4
256,3,2,20
256,4,1,4
256,4,2,20
256,5,1,4
256,5,2,20
256,6,1,4
256,6,2,20
256,7,1,5
256,7,2,20
256,8,1,4
256,8,2,20
256,9,1,4
256,9,2,20
256,10,1,4
256,10,2,20
256,11,1,4
256,11,2,20
256,12,1,4
256,12,2,20
256,13,1,4
256,13,2,20
256,14,1,4
256,14,2,20
256,15,1,3
256,15,2,20
256,16,1,3
256,16,2,20
256,17,1,3
256,17,2,20
256,18,1,3
256,18,2,20
256,19,1,3
256,19,2,20
256,20,1,3
256,20,2,20
256,21,1,3
256,21,2,20
256,22,1,5
256,22,2,20
256,23,1,3
256,23,2,20
256,24,1,3
256,24,2,20
256,25,1,3
256,25,2,20
256,26,1,3
256,26,2,20
256,27,1,3
256,27,2,20
256,28,1,3
256,28,2,20
256,29,1,3
256,29,2,20
256,30,1,3
256,30,2,20
256,31,1,2
256,31,2,20
256,32,1,2
256,32,2,20
256,33,1,2
256,33,2,20
256,34,1,2
256,34,2,20
256,35,1,2
256,35,2,20
256,36,1,3
256,36,2,20
256,37,1,5
256,37,2,20
256,38,1,3
256,38,2,20
256,39,1,2
256,39,2,20
256,40,1,2
256,40,2,20
256,41,1,2
256,41,2,20
256,42,1,2
256,42,2,20
256,43,1,2
256,43,2,20
256,44,1,3
256,44,2,20
256,45,1,3
256,45,2,20
256,46,1,2
256,46,2,20
256,47,1,1
256,47,2,20
256,48,1,1
256,48,2,20
256,49,1,1
256,49,2,20
256,50,1,2
256,50,2,20
256,51,1,3
256,51,2,20
256,52,1,5
256,52,2,20
256,53,1,3
256,53,2,20
256,54,1,2
256,54,2,20
256,55,1,1
256,55,2,20
256,56,1,1
256,56,2,20
256,57,1,1
256,57,2,20
256,58,1,2
256,58,2,20
256,59,1,3
256,59,2,20
256,60,1,3
256,60,2,20
256,61,1,2
256,61,2,20
256,62,1,1
256,62,2,20
256,63,1,0
256,63,2,20
256,64,1,1
256,64,2,20
256,65,1,2
256,65,2,20
256,66,1,3
256,66,2,20
256,67,1,5
256,67,2,20
256,68,1,3
256,68,2,20
256,69,1,2
256,69,2,20
256,70,1,1
256,70,2,20
256,71,1,0
256,71,2,20
256,72,1,1
256,72,2,20
256,73,1,2
256,73,2,20
256,74,1,3
256,74,2,20
256,75,1,3
256,75,2,20
256,76,1,2
256,76,2,20
256,77,1,1
256,77,2,20
256,78,1,1
256,78,2,20
256,79,1,1
256,79,2,20
256,80,1,2
256,80,2,20
256,81,1,3
256,81,2,20
256,82,1,5
256,82,2,20
256,83,1,3
256,83,2,20
256,84,1,2
256,84,2,20
256,85,1,1
256,85,2,20
256,86,1,1
256,86,2,20
256,87,1,1
256,87,2,20
256,88,1,2
256,88,2,20
256,89,1,3
256,89,2,20
256,90,1,3
256,90,2,20
256,91,1,2
256,91,2,20
256,92,1,2
256,92,2,20
256,93,1,2
256,93,2,20
256,94,1,2
256,94,2,20
256,95,1,2
256,95,2,20
256,96,1,3
256,96,2,20
256,97,1,5
256,97,2,20
256,98,1,3
256,98,2,20
256,99,1,2
256,99,2,20
256,100,1,2
256,100,2,20
256,101,1,2
256,101,2,20
256,102,1,2
256,102,2,20
256,103,1,2
256,103,2,20
256,104,1,3
256,104,2,20
256,105,1,3
256,105,2,20
256,106,1,3
256,106,2,20
256,107,1,3
256,107,2,20
256,108,1,3
256,108,2,20
256,109,1,3
256,109,2,20
256,110,1,3
256,110,2,20
256,111,1,3
256,111,2,20
256,112,1,5
256,112,2,20
256,113,1,3
256,113,2,20
256,114,1,3
256,114,2,20
256,115,1,3
256,115,2,20
256,116,1,3
256,116,2,20
256,117,1,3
256,117,2,20
256,118,1,3
256,118,2,20
256,119,1,3
256,119,2,20
256,120,1,4
256,120,2,20
256,121,1,4
256,121,2,20
256,122,1,4
256,122,2,20
256,123,1,4
256,123,2,20
256,124,1,4
256,124,2,20
256,125,1,4
256,125,2,20
256,126,1,4
256,126,2,20
256,127,1,5
256,127,2,20
256,128,1,4
256,128,2,20
256,129,1,4
256,129,2,20
256,130,1,4
256,130,2,20
256,131,1,4
256,131,2,20
256,132,1,4
256,132,2,20
256,133,1,4
256,133,2,20
256,134,1,4
256,134,2,20
257,0,1,4
257,0,2,20
257,1,1,4
257,1,2,20
257,2,1,4
257,2,2,20
257,3,1,4
257,3,2,20
257,4,1,4
257,4,2,20
257,5,1,4
257,5,2,20
257,6,1,4
257,6,2,20
257,7,1,5
257,7,2,20
257,8,1,4
257,8,2,20
257,9,1,4
257,9,2,20
257,10,1,4
257,10,2,20
257,11,1,4
257,11,2,20
257,12,1,4
257,12,2,20
257,13,1,4
257,13,2,20
257,14,1,4
257,14,2,20
257,15,1,3
257,15,2,20
257,16,1,3
257,16,2,20
257,17,1,3
257,17,2,20
257,18,1,3
257,18,2,20
257,19,1,3
257,19,2,20
257,20,1,3
257,20,2,20
257,21,1,3
257,21,2,20
257,22,1,5
257,22,2,20
257,23,1,3
257,23,2,20
257,24,1,3
257,24,2,20
257,25,1,3
257,25,2,20
257,26,1,3
257,26,2,20
257,27,1,3
257,27,2,20
257,28,1,3
257,28,2,20
257,29,1,3
257,29,2,20
257,30,1,3
257,30,2,20
257,31,1,2
257,31,2,20
257,32,1,2
257,32,2,20
257,33,1,2
257,33,2,20
257,34,1,2
257,34,2,20
257,35,1,2
257,35,2,20
257,36,1,3
257,36,2,20
257,37,1,5
257,37,2,20
257,38,1,3
257,38,2,20
257,39,1,2
257,39,2,20
257,40,1,2
257,40,2,20
257,41,1,2
257,41,2,20
257,42,1,2
257,42,2,20
257,43,1,2
257,43,2,20
257,44,1,3
257,44,2,20
257,45,1,3
257,45,2,20
257,46,1,2
257,46,2,20
257,47,1,1
257,47,2,20
257,48,1,1
257,48,2,20
257,49,1,1
257,49,2,20
257,50,1,2
257,50,2,20
257,51,1,3
257,51,2,20
257,52,1,5
257,52,2,20
257,53,1,3
257,53,2,20
257,54,1,2
257,54,2,20
257,55,1,1
257,55,2,20
257,56,1,1
257,56,2,20
257,57,1,1
257,57,2,20
257,58,1,2
257,58,2,20
257,59,1,3
257,59,2,20
257,60,1,3
257,60,2,20
257,61,1,2
257,61,2,20
257,62,1,1
257,62,2,20
257,63,1,0
257,63,2,20
257,64,1,1
257,64,2,20
257,65,1,2
257,65,2,20
257,66,1,3
257,66,2,20
257,67,1,5
257,67,2,20
257,68,1,3
257,68,2,20
257,69,1,2
257,69,2,20
257,70,1,1
257,70,2,20
257,71,1,0
257,71,2,20
257,72,1,1
257,72,2,20
257,73,1,2
257,73,2,20
257,74,1,3
257,74,2,20
257,75,1,3
257,75,2,20
257,76,1,2
257,76,2,20
257,77,1,1
257,77,2,20
257,78,1,1
257,78,2,20
257,79,1,1
257,79,2,20
257,80,1,2
257,80,2,20
257,81,1,3
257,81,2,20
257,82,1,5
257,82,2,20
257,83,1,3
257,83,2,20
257,84,1,2
257,84,2,20
257,85,1,1
257,85,2,20
257,86,1,1
257,86,2,20
257,87,1,1
257,87,2,20
257,88,1,2
257,88,2,20
257,89,1,3
257,89,2,20
257,90,1,3
257,90,2,20
257,91,1,2
257,91,2,20
257,92,1,2
257,92,2,20
257,93,1,2
257,93,2,20
257,94,1,2
257,94,2,20
257,95,1,2
257,95,2,20
257,96,1,3
257,96,2,20
257,97,1,5
257,97,2,20
257,98,1,3
257,98,2,20
257,99,1,2
257,99,2,20
257,100,1,2
257,100,2,20
257,101,1,2
257,101,2,20
257,102,1,2
257,102,2,20
257,103,1,2
257,103,2,20
257,104,1,3
257,104,2,20
257,105,1,3
257,105,2,20
257,106,1,3
257,106,2,20
257,107,1,3
257,107,2,20
257,108,1,3
257,108,2,20
257,109,1,3
257,109,2,20
257,110,1,3
257,110,2,20
257,111,1,3
257,111,2,20
257,112,1,5
257,112,2,20
257,113,1,3
257,113,2,20
257,114,1,3
257,114,2,20
257,115,1,3
257,115,2,20
257,116,1,3
257,116,2,20
257,117,1,3
257,117,2,20
257,118,1,3
257,118,2,20
257,119,1,3
257,119,2,20
257,120,1,4
257,120,2,20
257,121,1,4
257,121,2,20
257,122,1,4
257,122,2,20
257,123,1,4
257,123,2,20
257,124,1,4
257,124,2,20
257,125,1,4
257,125,2,20
257,126,1,4
257,126,2,20
257,127,1,5
257,127,2,20
257,128,1,4
257,128,2,20
257,129,1,4
257,129,2,20
257,130,1,4
257,130,2,20
257,131,1,4
257,131,2,20
257,132,1,4
257,132,2,20
257,133,1,4
257,133,2,20
257,134,1,4
257,134,2,20
258,0,1,4
258,0,2,20
258,1,1,4
258,1,2,20
258,2,1,4
258,2,2,20
258,3,1,4
258,3,2,20
258,4,1,4
258,4,2,20
258,5,1,4
258,5,2,20
258,6,1,4
258,6,2,20
258,7,1,5
258,7,2,20
258,8,1,4
258,8,2,20
258,9,1,4
258,9,2,20
258,10,1,4
258,10,2,20
258,11,1,4
258,11,2,20
258,12,1,4
258,12,2,20
258,13,1,4
258,13,2,20
258,14,1,4
258,14,2,20
258,15,1,3
258,15,2,20
258,16,1,3
258,16,2,20
258,17,1,3
258,17,2,20
258,18,1,3
258,18,2,20
258,19,1,3
258,19,2,20
258,20,1,3
258,20,2,20
258,21,1,3
258,21,2,20
258,22,1,5
258,22,2,20
258,23,1,3
258,23,2,20
258,24,1,3
258,24,2,20
258,25,1,3
258,25,2,20
258,26,1,3
258,26,2,20
258,27,1,3
258,27,2,20
258,28,1,3
258,28,2,20
258,29,1,3
258,29,2,20
258,30,1,3
258,30,2,20
258,31,1,2
258,31,2,20
258,32,1,2
258,32,2,20
258,33,1,2
258,33,2,20
258,34,1,2
258,34,2,20
258,35,1,2
258,35,2,20
258,36,1,3
258,36,2,20
258,37,1,5
258,37,2,20
258,38,1,3
258,38,2,20
258,39,1,2
258,39,2,20
258,40,1,2
258,40,2,20
258,41,1,2
258,41,2,20
258,42,1,2
258,42,2,20
258,43,1,2
258,43,2,20
258,44,1,3
258,44,2,20
258,45,1,3
258,45,2,20
258,46,1,2
258,46,2,20
258,47,1,1
258,47,2,20
258,48,1,1
258,48,2,20
258,49,1,1
258,49,2,20
258,50,1,2
258,50,2,20
258,51,1,3
258,51,2,20
258,52,1,5
258,52,2,20
258,53,1,3
258,53,2,20
258,54,1,2
258,54,2,20
258,55,1,1
258,55,2,20
258,56,1,1
258,56,2,20
258,57,1,1
258,57,2,20
258,58,1,2
258,58,2,20
258,59,1,3
258,59,2,20
258,60,1,3
258,60,2,20
258,61,1,2
258,61,2,20
258,62,1,1
258,62,2,20
258,63,1,0
258,63,2,20
258,64,1,1
258,64,2,20
258,65,1,2
258,65,2,20
258,66,1,3
258,66,2,20
258,67,1,5
258,67,2,20
258,68,1,3
258,68,2,20
258,69,1,2
258,69,2,20
258,70,1,1
258,70,2,20
258,71,1,0
258,71,2,20
258,72,1,1
258,72,2,20
258,73,1,2
258,73,2,20
258,74,1,3
258,74,2,20
258,75,1,3
258,75,2,20
258,76,1,2
258,76,2,20
258,77,1,1
258,77,2,20
258,78,1,1
258,78,2,20
258,79,1,1
258,79,2,20
258,80,1,2
258,80,2,20
258,81,1,3
258,81,2,20
258,82,1,5
258,82,2,20
258,83,1,3
258,83,2,20
258,84,1,2
258,84,2,20
258,85,1,1
258,85,2,20
258,86,1,1
258,86,2,20
258,87,1,1
258,87,2,20
258,88,1,2
258,88,2,20
258,89,1,3
258,89,2,20
258,90,1,3
258,90,2,20
258,91,1,2
258,91,2,20
258,92,1,2
258,92,2,20
258,93,1,2
258,93,2,20
258,94,1,2
258,94,2,20
258,95,1,2
258,95,2,20
258,96,1,3
258,96,2,20
258,97,1,5
258,97,2,20
258,98,1,3
258,98,2,20
258,99,1,2
258,99,2,20
258,100,1,2
258,100,2,20
258,101,1,2
258,101,2,20
258,102,1,2
258,102,2,20
258,103,1,2
258,103,2,20
258,104,1,3
258,104,2,20
258,105,1,3
258,105,2,20
258,106,1,3
258,106,2,20
258,107,1,3
258,107,2,20
258,108,1,3
258,108,2,20
258,109,1,3
258,109,2,20
258,110,1,3
258,110,2,20
258,111,1,3
258,111,2,20
258,112,1,5
258,112,2,20
258,113,1,3
258,113,2,20
258,114,1,3
258,114,2,20
258,115,1,3
258,115,2,20
258,116,1,3
258,116,2,20
258,117,1,3
258,117,2,20
258,118,1,3
258,118,2,20
258,119,1,3
258,119,2,20
258,120,1,4
258,120,2,20
258,121,1,4
258,121,2,20
258,122,1,4
258,122,2,20
258,123,1,4
258,123,2,20
258,124,1,4
258,124,2,20
258,125,1,4
258,125,2,20
258,126,1,4
258,126,2,20
258,127,1,5
258,127,2,20
258,128,1,4
258,128,2,20
258,129,1,4
258,129,2,20
258,130,1,4
258,130,2,20
258,131,1,4
258,131,2,20
258,132,1,4
258,132,2,20
258,133,1,4
258,133,2,20
258,134,1,4
258,134,2,20
259,0,1,4
259,0,2,20
259,1,1,4
259,1,2,20
259,2,1,4
259,2,2,20
259,3,1,4
259,3,2,20
259,4,1,4
259,4,2,20
259,5,1,4
259,5,2,20
259,6,1,4
259,6,2,20
259,7,1,5
259,7,2,20
259,8,1,4
259,8,2,20
259,9,1,4
259,9,2,20
259,10,1,4
259,10,2,20
259,11,1,4
259,11,2,20
259,12,1,4
259,12,2,20
259,13,1,4
259,13,2,20
259,14,1,4
259,14,2,20
259,15,1,3
259,15,2,20
259,16,1,3
259,16,2,20
259,17,1,3
259,17,2,20
259,18,1,3
259,18,2,20
259,19,1,3
259,19,2,20
259,20,1,3
259,20,2,20
259,21,1,3
259,21,2,20
259,22,1,5
259,22,2,20
259,23,1,3
259,23,2,20
259,24,1,3
259,24,2,20
259,25,1,3
259,25,2,20
259,26,1,3
259,26,2,20
259,27,1,3
259,27,2,20
259,28,1,3
259,28,2,20
259,29,1,3
259,29,2,20
259,30,1,3
259,30,2,20
259,31,1,2
259,31,2,20
259,32,1,2
259,32,2,20
259,33,1,2
259,33,2,20
259,34,1,2
259,34,2,20
259,35,1,2
259,35,2,20
259,36,1,3
259,36,2,20
259,37,1,5
259,37,2,20
259,38,1,3
259,38,2,20
259,39,1,2
259,39,2,20
259,40,1,2
259,40,2,20
259,41,1,2
259,41,2,20
259,42,1,2
259,42,2,20
259,43,1,2
259,43,2,20
259,44,1,3
259,44,2,20
259,45,1,3
259,45,2,20
259,46,1,2
259,46,2,20
259,47,1,1
259,47,2,20
259,48,1,1
259,48,2,20
259,49,1,1
259,49,2,20
259,50,1,2
259,50,2,20
259,51,1,3
259,51,2,20
259,52,1,5
259,52,2,20
259,53,1,3
259,53,2,20
259,54,1,2
259,54,2,20
259,55,1,1
259,55,2,20
259,56,1,1
259,56,2,20
259,57,1,1
259,57,2,20
259,58,1,2
259,58,2,20
259,59,1,3
259,59,2,20
259,60,1,3
259,60,2,20
259,61,1,2
259,61,2,20
259,62,1,1
259,62,2,20
259,63,1,0
259,63,2,20
259,64,1,1
259,64,2,20
259,65,1,2
259,65,2,20
259,66,1,3
259,66,2,20
259,67,1,5
259,67,2,20
259,68,1,3
259,68,2,20
259,69,1,2
259,69,2,20
259,70,1,1
259,70,2,20
259,71,1,0
259,71,2,20
259,72,1,1
259,72,2,20
259,73,1,2
259,73,2,20
259,74,1,3
259,74,2,20
259,75,1,3
259,75,2,20
259,76,1,2
259,76,2,20
259,77,1,1
259,77,2,20
259,78,1,1
259,78,2,20
259,79,1,1
259,79,2,20
259,80,1,2
259,80,2,20
259,81,1,3
259,81,2,20
259,82,1,5
259,82,2,20
259,83,1,3
259,83,2,20
259,84,1,2
259,84,2,20
259,85,1,1
259,85,2,20
259,86,1,1
259,86,2,20
259,87,1,1
259,87,2,20
259,88,1,2
259,88,2,20
259,89,1,3
259,89,2,20
259,90,1,3
259,90,2,20
259,91,1,2
259,91,2,20
259,92,1,2
259,92,2,20
259,93,1,2
259,93,2,20
259,94,1,2
259,94,2,20
259,95,1,2
259,95,2,20
259,96,1,3
259,96,2,20
259,97,1,5
259,97,2,20
259,98,1,3
259,98,2,20
259,99,1,2
259,99,2,20
259,100,1,2
259,100,2,20
259,101,1,2
259,101,2,20
259,102,1,2
259,102,2,20
259,103,1,2
259,103,2,20
259,104,1,3
259,104,2,20
259,105,1,3
259,105,2,20
259,106,1,3
259,106,2,20
259,107,1,3
259,107,2,20
259,108,1,3
259,108,2,20
259,109,1,3
259,109,2,20
259,110,1,3
259,110,2,20
259,111,1,3
259,111,2,20
259,112,1,5
259,112,2,20
259,113,1,3
259,113,2,20
259,114,1,3
259,114,2,20
259,115,1,3
259,115,2,20
259,116,1,3
259,116,2,20
259,117,1,3
259,117,2,20
259,118,1,3
259,118,2,20
259,119,1,3
259,119,2,20
259,120,1,4
259,120,2,20
259,121,1,4
259,121,2,20
259,122,1,4
259,122,2,20
259,123,1,4
259,123,2,20
259,124,1,4
259,124,2,20
259,125,1,4
259,125,2,20
259,126,1,4
259,126,2,20
259,127,1,5
259,127,2,20
259,128,1,4
259,128,2,20
259,129,1,4
259,129,2,20
259,130,1,4
259,130,2,20
259,131,1,4
259,131,2,20
259,132,1,4
259,132,2,20
259,133,1,4
259,133,2,20
259,134,1,4
259,134,2,20
260,0,1,4
260,0,2,20
260,1,1,4
260,1,2,20
260,2,1,4
260,2,2,20
260,3,1,4
260,3,2,20
260,4,1,4
260,4,2,20
260,5,1,4
260,5,2,20
260,6,1,4
260,6,2,20
260,7,1,5
260,7,2,20
260,8,1,4
260,8,2,20
260,9,1,4
260,9,2,20
260,10,1,4
260,10,2,20
260,11,1,4
260,11,2,20
260,12,1,4
260,12,2,20
260,13,1,4
260,13,2,20
260,14,1,4
260,14,2,20
260,15,1,3
260,15,2,20
260,16,1,3
260,16,2,20
260,17,1,3
260,17,2,20
260,18,1,3
260,18,2,20
260,19,1,3
260,19,2,20
260,20,1,3
260,20,2,20
260,21,1,3
260,21,2,20
260,22,1,5
260,22,2,20
260,23,1,3
260,23,2,20
260,24,1,3
260,24,2,20
260,25,1,3
260,25,2,20
260,26,1,3
260,26,2,20
260,27,1,3
260,27,2,20
260,28,1,3
260,28,2,20
260,29,1,3
260,29,2,20
260,30,1,3
260,30,2,20
260,31,1,2
260,31,2,20
260,32,1,2
260,32,2,20
260,33,1,2
260,33,2,20
260,34,1,2
260,34,2,20
260,35,1,2
260,35,2,20
260,36,1,3
260,36,2,20
260,37,1,5
260,37,2,20
260,38,1,3
260,38,2,20
260,39,1,2
260,39,2,20
260,40,1,2
260,40,2,20
260,41,1,2
260,41,2,20
260,42,1,2
260,42,2,20
260,43,1,2
260,43,2,20
260,44,1,3
260,44,2,20
260,45,1,3
260,45,2,20
260,46,1,2
260,46,2,20
260,47,1,1
260,47,2,20
260,48,1,1
260,48,2,20
260,49,1,1
260,49,2,20
260,50,1,2
260,50,2,20
260,51,1,3
260,51,2,20
260,52,1,5
260,52,2,20
260,53,1,3
260,53,2,20
260,54,1,2
260,54,2,20
260,55,1,1
260,55,2,20
260,56,1,1
260,56,2,20
260,57,1,1
260,57,2,20
260,58,1,2
260,58,2,20
260,59,1,3
260,59,2,20
260,60,1,3
260,60,2,20
260,61,1,2
260,61,2,20
260,62,1,1
260,62,2,20
260,63,1,0
260,63,2,20
260,64,1,1
260,64,2,20
260,65,1,2
260,65,2,20
260,66,1,3
260,66,2,20
260,67,1,5
260,67,2,20
260,68,1,3
260,68,2,20
260,69,1,2
260,69,2,20
260,70,1,1
260,70,2,20
260,71,1,0
260,71,2,20
260,72,1,1
260,72,2,20
260,73,1,2
260,73,2,20
260,74,1,3
260,74,2,20
260,75,1,3
260,75,2,20
260,76,1,2
260,76,2,20
260,77,1,1
260,77,2,20
260,78,1,1
260,78,2,20
260,79,1,1
260,79,2,20
260,80,1,2
260,80,2,20
260,81,1,3
260,81,2,20
260,82,1,5
260,82,2,20
260,83,1,3
260,83,2,20
260,84,1,2
260,84,2,20
260,85,1,1
260,85,2,20
260,86,1,1
260,86,2,20
260,87,1,1
260,87,2,20
260,88,1,2
260,88,2,20
260,89,1,3
260,89,2,20
260,90,1,3
260,90,2,20
260,91,1,2
260,91,2,20
260,92,1,2
260,92,2,20
260,93,1,2
260,93,2,20
260,94,1,2
260,94,2,20
260,95,1,2
260,95,2,20
260,96,1,3
260,96,2,20
260,97,1,5
260,97,2,20
260,98,1,3
260,98,2,20
260,99,1,2
260,99,2,20
260,100,1,2
260,100,2,20
260,101,1,2
260,101,2,20
260,102,1,2
260,102,2,20
260,103,1,2
260,103,2,20
260,104,1,3
260,104,2,20
260,105,1,3
260,105,2,20
260,106,1,3
260,106,2,20
260,107,1,3
260,107,2,20
260,108,1,3
260,108,2,20
260,109,1,3
260,109,2,20
260,110,1,3
260,110,2,20
260,111,1,3
260,111,2,20
260,112,1,5
260,112,2,20
260,113,1,3
260,113,2,20
260,114,1,3
260,114,2,20
260,115,1,3
260,115,2,20
260,116,1,3
260,116,2,20
260,117,1,3
260,117,2,20
260,118,1,3
260,118,2,20
260,119,1,3
260,119,2,20
260,120,1,4
260,120,2,20
260,121,1,4
260,121,2,20
260,122,1,4
260,122,2,20
260,123,1,4
260,123,2,20
260,124,1,4
260,124,2,20
260,125,1,4
260,125,2,20
260,126,1,4
260,126,2,20
260,127,1,5
260,127,2,20
260,128,1,4
260,128,2,20
260,129,1,4
260,129,2,20
260,130,1,4
260,130,2,20
260,131,1,4
260,131,2,20
260,132,1,4
260,132,2,20
260,133,1,4
260,133,2,20
260,134,1,4
260,134,2,20
261,0,1,4
261,0,2,20
261,1,1,4
261,1,2,20
261,2,1,4
261,2,2,20
261,3,1,4
261,3,2,20
261,4,1,4
261,4,2,20
261,5,1,4
261,5,2,20
261,6,1,4
261,6,2,20
261,7,1,5
261,7,2,20
261,8,1,4
261,8,2,20
261,9,1,4
261,9,2,20
261,10,1,4
261,10,2,20
261,11,1,4
261,11,2,20
261,12,1,4
261,12,2,20
261,13,1,4
261,13,2,20
261,14,1,4
261,14,2,20
261,15,1,3
261,15,2,20
261,16,1,3
261,16,2,20
261,17,1,3
261,17,2,20
261,18,1,3
261,18,2,20
261,19,1,3
261,19,2,20
261,20,1,3
261,20,2,20
261,21,1,3
261,21,2,20
261,22,1,5
261,22,2,20
261,23,1,3
261,23,2,20
261,24,1,3
261,24,2,20
261,25,1,3
261,25,2,20
261,26,1,3
261,26,2,20
261,27,1,3
261,27,2,20
261,28,1,3
261,28,2,20
261,29,1,3
261,29,2,20
261,30,1,3
261,30,2,20
261,31,1,2
261,31,2,20
261,32,1,2
261,32,2,20
261,33,1,2
261,33,2,20
261,34,1,2
261,34,2,20
261,35,1,2
261,35,2,20
261,36,1,3
261,36,2,20
261,37,1,5
261,37,2,20
261,38,1,3
261,38,2,20
261,39,1,2
261,39,2,20
261,40,1,2
261,40,2,20
261,41,1,2
261,41,2,20
261,42,1,2
261,42,2,20
261,43,1,2
261,43,2,20
261,44,1,3
261,44,2,20
261,45,1,3
261,45,2,20
261,46,1,2
261,46,2,20
261,47,1,1
261,47,2,20
261,48,1,1
261,48,2,20
261,49,1,1
261,49,2,20
261,50,1,2
261,50,2,20
261,51,1,3
261,51,2,20
261,52,1,5
261,52,2,20
261,53,1,3
261,53,2,20
261,54,1,2
261,54,2,20
261,55,1,1
261,55,2,20
261,56,1,1
261,56,2,20
261,57,1,1
261,57,2,20
261,58,1,2
261,58,2,20
261,59,1,3
261,59,2,20
261,60,1,3
261,60,2,20
261,61,1,2
261,61,2,20
261,62,1,1
261,62,2,20
261,63,1,0
261,63,2,20
261,64,1,1
261,64,2,20
261,65,1,2
261,65,2,20
261,66,1,3
261,66,2,20
261,67,1,5
261,67,2,20
261,68,1,3
261,68,2,20
261,69,1,2
261,69,2,20
261,70,1,1
261,70,2,20
261,71,1,0
261,71,2,20
261,72,1,1
261,72,2,20
261,73,1,2
261,73,2,20
261,74,1,3
261,74,2,20
261,75,1,3
261,75,2,20
261,76,1,2
261,76,2,20
261,77,1,1
261,77,2,20
261,78,1,1
261,78,2,20
261,79,1,1
261,79,2,20
261,80,1,2
261,80,2,20
261,81,1,3
261,81,2,20
261,82,1,5
261,82,2,20
261,83,1,3
261,83,2,20
261,84,1,2
261,84,2,20
261,85,1,1
261,85,2,20
261,86,1,1
261,86,2,20
261,87,1,1
261,87,2,20
261,88,1,2
261,88,2,20
261,89,1,3
261,89,2,20
261,90,1,3
261,90,2,20
261,91,1,2
261,91,2,20
261,92,1,2
261,92,2,20
261,93,1,2
261,93,2,20
261,94,1,2
261,94,2,20
261,95,1,2
261,95,2,20
261,96,1,3
261,96,2,20
261,97,1,5
261,97,2,20
261,98,1,3
261,98,2,20
261,99,1,2
261,99,2,20
261,100,1,2
261,100,2,20
261,101,1,2
261,101,2,20
261,102,1,2
261,102,2,20
261,103,1,2
261,103,2,20
261,104,1,3
261,104,2,20
261,105,1,3
261,105,2,20
261,106,1,3
261,106,2,20
261,107,1,3
261,107,2,20
261,108,1,3
261,108,2,20
261,109,1,3
261,109,2,20
261,110,1,3
261,110,2,20
261,111,1,3
261,111,2,20
261,112,1,5
261,112,2,20
261,113,1,3
261,113,2,20
261,114,1,3
261,114,2,20
261,115,1,3
261,115,2,20
261,116,1,3
261,116,2,20
261,117,1,3
261,117,2,20
261,118,1,3
261,118,2,20
261,119,1,3
261,119,2,20
261,120,1,4
261,120,2,20
261,121,1,4
261,121,2,20
261,122,1,4
261,122,2,20
261,123,1,4
261,123,2,20
261,124,1,4
261,124,2,20
261,125,1,4
261,125,2,20
261,126,1,4
261,126,2,20
261,127,1,5
261,127,2,20
261,128,1,4
261,128,2,20
261,129,1,4
261,129,2,20
261,130,1,4
261,130,2,20
261,131,1,4
261,131,2,20
261,132,1,4
261,132,2,20
261,133,1,4
261,133,2,20
261,134,1,4
261,134,2,20
262,0,1,4
262,0,2,20
262,1,1,4
262,1,2,20
262,2,1,4
262,2,2,20
262,3,1,4
262,3,2,20
262,4,1,4
262,4,2,20
262,5,1,4
262,5,2,20
262,6,1,4
262,6,2,20
262,7,1,5
262,7,2,20
262,8,1,4
262,8,2,20
262,9,1,4
262,9,2,20
262,10,1,4
262,10,2,20
262,11,1,4
262,11,2,20
262,12,1,4
262,12,2,20
262,13,1,4
262,13,2,20
262,14,1,4
262,14,2,20
262,15,1,3
262,15,2,20
262,16,1,3
262,16,2,20
262,17,1,3
262,17,2,20
262,18,1,3
262,18,2,20
262,19,1,3
262,19,2,20
262,20,1,3
262,20,2,20
262,21,1,3
262,21,2,20
262,22,1,5
262,22,2,20
262,23,1,3
262,23,2,20
262,24,1,3
262,24,2,20
262,25,1,3
262,25,2,20
262,26,1,3
262,26,2,20
262,27,1,3
262,27,2,20
262,28,1,3
262,28,2,20
262,29,1,3
262,29,2,20
262,30,1,3
262,30,2,20
262,31,1,2
262,31,2,20
262,32,1,2
262,32,2,20
262,33,1,2
262,33,2,20
262,34,1,2
262,34,2,20
262,35,1,2
262,35,2,20
262,36,1,3
262,36,2,20
262,37,1,5
262,37,2,20
262,38,1,3
262,38,2,20
262,39,1,2
262,39,2,20
262,40,1,2
262,40,2,20
262,41,1,2
262,41,2,20
262,42,1,2
262,42,2,20
262,43,1,2
262,43,2,20
262,44,1,3
262,44,2,20
262,45,1,3
262,45,2,20
262,46,1,2
262,46,2,20
262,47,1,1
262,47,2,20
262,48,1,1
262,48,2,20
262,49,1,1
262,49,2,20
262,50,1,2
262,50,2,20
262,51,1,3
262,51,2,20
262,52,1,5
262,52,2,20
262,53,1,3
262,53,2,20
262,54,1,2
262,54,2,20
262,55,1,1
262,55,2,20
262,56,1,1
262,56,2,20
262,57,1,1
262,57,2,20
262,58,1,2
262,58,2,20
262,59,1,3
262,59,2,20
262,60,1,3
262,60,2,20
262,61,1,2
262,61,2,20
262,62,1,1
262,62,2,20
262,63,1,0
262,63,2,20
262,64,1,1
262,64,2,20
262,65,1,2
262,65,2,20
262,66,1,3
262,66,2,20
262,67,1,5
262,67,2,20
262,68,1,3
262,68,2,20
262,69,1,2
262,69,2,20
262,70,1,1
262,70,2,20
262,71,1,0
262,71,2,20
262,72,1,1
262,72,2,20
262,73,1,2
262,73,2,20
262,74,1,3
262,74,2,20
262,75,1,3
262,75,2,20
262,76,1,2
262,76,2,20
262,77,1,1
262,77,2,20
262,78,1,1
262,78,2,20
262,79,1,1
262,79,2,20
262,80,1,2
262,80,2,20
262,81,1,3
262,81,2,20
262,82,1,5
262,82,2,20
262,83,1,3
262,83,2,20
262,84,1,2
262,84,2,20
262,85,1,1
262,85,2,20
262,86,1,1
262,86,2,20
262,87,1,1
262,87,2,20
262,88,1,2
262,88,2,20
262,89,1,3
262,89,2,20
262,90,1,3
262,90,2,20
262,91,1,2
262,91,2,20
262,92,1,2
262,92,2,20
262,93,1,2
262,93,2,20
262,94,1,2
262,94,2,20
262,95,1,2
262,95,2,20
262,96,1,3
262,96,2,20
262,97,1,5
262,97,2,20
262,98,1,3
262,98,2,20
262,99,1,2
262,99,2,20
262,100,1,2
262,100,2,20
262,101,1,2
262,101,2,20
262,102,1,2
262,102,2,20
262,103,1,2
262,103,2,20
262,104,1,3
262,104,2,20
262,105,1,3
262,105,2,20
262,106,1,3
262,106,2,20
262,107,1,3
262,107,2,20
262,108,1,3
262,108,2,20
262,109,1,3
262,109,2,20
262,110,1,3
262,110,2,20
262,111,1,3
262,111,2,20
262,112,1,5
262,112,2,20
262,113,1,3
262,113,2,20
262,114,1,3
262,114,2,20
262,115,1,3
262,115,2,20
262,116,1,3
262,116,2,20
262,117,1,3
262,117,2,20
262,118,1,3
262,118,2,20
262,119,1,3
262,119,2,20
262,120,1,4
262,120,2,20
262,121,1,4
262,121,2,20
262,122,1,4
262,122,2,20
262,123,1,4
262,123,2,20
262,124,1,4
262,124,2,20
262,125,1,4
262,125,2,20
262,126,1,4
262,126,2,20
262,127,1,5
262,127,2,20
262,128,1,4
262,128,2,20
262,129,1,4
262,129,2,20
262,130,1,4
262,130,2,20
262,131,1,4
262,131,2,20
262,132,1,4
262,132,2,20
262,133,1,4
262,133,2,20
262,134,1,4
262,134,2,20
263,0,1,4
263,0,2,20
263,1,1,4
263,1,2,20
263,2,1,4
263,2,2,20
263,3,1,4
263,3,2,20
263,4,1,4
263,4,2,20
263,5,1,4
263,5,2,20
263,6,1,4
263,6,2,20
263,7,1,5
263,7,2,20
263,8,1,4
263,8,2,20
263,9,1,4
263,9,2,20
263,10,1,4
263,10,2,20
263,11,1,4
263,11,2,20
263,12,1,4
263,12,2,20
263,13,1,4
263,13,2,20
263,14,1,4
263,14,2,20
263,15,1,3
263,15,2,20
263,16,1,3
263,16,2,20
263,17,1,3
263,17,2,20
263,18,1,3
263,18,2,20
263,19,1,3
263,19,2,20
263,20,1,3
263,20,2,20
263,21,1,3
263,21,2,20
263,22,1,5
263,22,2,20
263,23,1,3
263,23,2,20
263,24,1,3
263,24,2,20
263,25,1,3
263,25,2,20
263,26,1,3
263,26,2,20
263,27,1,3
263,27,2,20
263,28,1,3
263,28,2,20
263,29,1,3
263,29,2,20
263,30,1,3
263,30,2,20
263,31,1,2
263,31,2,20
263,32,1,2
263,32,2,20
263,33,1,2
263,33,2,20
263,34,1,2
263,34,2,20
263,35,1,2
263,35,2,20
263,36,1,3
263,36,2,20
263,37,1,5
263,37,2,20
263,38,1,3
263,38,2,20
263,39,1,2
263,39,2,20
263,40,1,2
263,40,2,20
263,41,1,2
263,41,2,20
263,42,1,2
263,42,2,20
263,43,1,2
263,43,2,20
263,44,1,3
263,44,2,20
263,45,1,3
263,45,2,20
263,46,1,2
263,46,2,20
263,47,1,1
263,47,2,20
263,48,1,1
263,48,2,20
263,49,1,1
263,49,2,20
263,50,1,2
263,50,2,20
263,51,1,3
263,51,2,20
263,52,1,5
263,52,2,20
263,53,1,3
263,53,2,20
263,54,1,2
263,54,2,20
263,55,1,1
263,55,2,20
263,56,1,1
263,56,2,20
263,57,1,1
263,57,2,20
263,58,1,2
263,58,2,20
263,59,1,3
263,59,2,20
263,60,1,3
263,60,2,20
263,61,1,2
263,61,2,20
263,62,1,1
263,62,2,20
263,63,1,0
263,63,2,20
263,64,1,1
263,64,2,20
263,65,1,2
263,65,2,20
263,66,1,3
263,66,2,20
263,67,1,5
263,67,2,20
263,68,1,3
263,68,2,20
263,69,1,2
263,69,2,20
263,70,1,1
263,70,2,20
263,71,1,0
263,71,2,20
263,72,1,1
263,72,2,20
263,73,1,2
263,73,2,20
263,74,1,3
263,74,2,20
263,75,1,3
263,75,2,20
263,76,1,2
263,76,2,20
263,77,1,1
263,77,2,20
263,78,1,1
263,78,2,20
263,79,1,1
263,79,2,20
263,80,1,2
263,80,2,20
263,81,1,3
263,81,2,20
263,82,1,5
263,82,2,20
263,83,1,3
263,83,2,20
263,84,1,2
263,84,2,20
263,85,1,1
263,85,2,20
263,86,1,1
263,86,2,20
263,87,1,1
263,87,2,20
263,88,1,2
263,88,2,20
263,89,1,3
263,89,2,20
263,90,1,3
263,90,2,20
263,91,1,2
263,91,2,20
263,92,1,2
263,92,2,20
263,93,1,2
263,93,2,20
263,94,1,2
263,94,2,20
263,95,1,2
263,95,2,20
263,96,1,3
263,96,2,20
263,97,1,5
263,97,2,20
263,98,1,3
263,98,2,20
263,99,1,2
263,99,2,20
263,100,1,2
263,100,2,20
263,101,1,2
263,101,2,20
263,102,1,2
263,102,2,20
263,103,1,2
263,103,2,20
263,104,1,3
263,104,2,20
263,105,1,3
263,105,2,20
263,106,1,3
263,106,2,20
263,107,1,3
263,107,2,20
263,108,1,3
263,108,2,20
263,109,1,3
263,109,2,20
263,110,1,3
263,110,2,20
263,111,1,3
263,111,2,20
263,112,1,5
263,112,2,20
263,113,1,3
263,113,2,20
263,114,1,3
263,114,2,20
263,115,1,3
263,115,2,20
263,116,1,3
263,116,2,20
263,117,1,3
263,117,2,20
263,118,1,3
263,118,2,20
263,119,1,3
263,119,2,20
263,120,1,4
263,120,2,20
263,121,1,4
263,121,2,20
263,122,1,4
263,122,2,20
263,123,1,4
263,123,2,20
263,124,1,4
263,124,2,20
263,125,1,4
263,125,2,20
263,126,1,4
263,126,2,20
263,127,1,5
263,127,2,20
263,128,1,4
263,128,2,20
263,129,1,4
263,129,2,20
263,130,1,4
263,130,2,20
263,131,1,4
263,131,2,20
263,132,1,4
263,132,2,20
263,133,1,4
263,133,2,20
263,134,1,4
263,134,2,20
264,0,1,4
264,0,2,20
264,1,1,4
264,1,2,20
264,2,1,4
264,2,2,20
264,3,1,4
264,3,2,20
264,4,1,4
264,4,2,20
264,5,1,4
264,5,2,20
264,6,1,4
264,6,2,20
264,7,1,5
264,7,2,20
264,8,1,4
264,8,2,20
264,9,1,4
264,9,2,20
264,10,1,4
264,10,2,20
264,11,1,4
264,11,2,20
264,12,1,4
264,12,2,20
264,13,1,4
264,13,2,20
264,14,1,4
264,14,2,20
264,15,1,3
264,15,2,20
264,16,1,3
264,16,2,20
264,17,1,3
264,17,2,20
264,18,1,3
264,18,2,20
264,19,1,3
264,19,2,20
264,20,1,3
264,20,2,20
264,21,1,3
264,21,2,20
264,22,1,5
264,22,2,20
264,23,1,3
264,23,2,20
264,24,1,3
264,24,2,20
264,25,1,3
264,25,2,20
264,26,1,3
264,26,2,20
264,27,1,3
264,27,2,20
264,28,1,3
264,28,2,20
264,29,1,3
264,29,2,20
264,30,1,3
264,30,2,20
264,31,1,2
264,31,2,20
264,32,1,2
264,32,2,20
264,33,1,2
264,33,2,20
264,34,1,2
264,34,2,20
264,35,1,2
264,35,2,20
264,36,1,3
264,36,2,20
264,37,1,5
264,37,2,20
264,38,1,3
264,38,2,20
264,39,1,2
264,39,2,20
264,40,1,2
264,40,2,20
264,41,1,2
264,41,2,20
264,42,1,2
264,42,2,20
264,43,1,2
264,43,2,20
264,44,1,3
264,44,2,20
264,45,1,3
264,45,2,20
264,46,1,2
264,46,2,20
264,47,1,1
264,47,2,20
264,48,1,1
264,48,2,20
264,49,1,1
264,49,2,20
264,50,1,2
264,50,2,20
264,51,1,3
264,51,2,20
264,52,1,5
264,52,2,20
264,53,1,3
264,53,2,20
264,54,1,2
264,54,2,20
264,55,1,1
264,55,2,20
264,56,1,1
264,56,2,20
264,57,1,1
264,57,2,20
264,58,1,2
264,58,2,20
264,59,1,3
264,59,2,20
264,60,1,3
264,60,2,20
264,61,1,2
264,61,2,20
264,62,1,1
264,62,2,20
264,63,1,0
264,63,2,20
264,64,1,1
264,64,2,20
264,65,1,2
264,65,2,20
264,66,1,3
264,66,2,20
264,67,1,5
264,67,2,20
264,68,1,3
264,68,2,20
264,69,1,2
264,69,2,20
264,70,1,1
264,70,2,20
264,71,1,0
264,71,2,20
264,72,1,1
264,72,2,20
264,73,1,2
264,73,2,20
264,74,1,3
264,74,2,20
264,75,1,3
264,75,2,20
264,76,1,2
264,76,2,20
264,77,1,1
264,77,2,20
264,78,1,1
264,78,2,20
264,79,1,1
264,79,2,20
264,80,1,2
264,80,2,20
264,81,1,3
264,81,2,20
264,82,1,5
264,82,2,20
264,83,1,3
264,83,2,20
264,84,1,2
264,84,2,20
264,85,1,1
264,85,2,20
264,86,1,1
264,86,2,20
264,87,1,1
264,87,2,20
264,88,1,2
264,88,2,20
264,89,1,3
264,89,2,20
264,90,1,3
264,90,2,20
264,91,1,2
264,91,2,20
264,92,1,2
264,92,2,20
264,93,1,2
264,93,2,20
264,94,1,2
264,94,2,20
264,95,1,2
264,95,2,20
264,96,1,3
264,96,2,20
264,97,1,5
264,97,2,20
264,98,1,3
264,98,2,20
264,99,1,2
264,99,2,20
264,100,1,2
264,100,2,20
264,101,1,2
264,101,2,20
264,102,1,2
264,102,2,20
264,103,1,2
264,103,2,20
264,104,1,3
264,104,2,20
264,105,1,3
264,105,2,20
264,106,1,3
264,106,2,20
264,107,1,3
264,107,2,20
264,108,1,3
264,108,2,20
264,109,1,3
264,109,2,20
264,110,1,3
264,110,2,20
264,111,1,3
264,111,2,20
264,112,1,5
264,112,2,20
264,113,1,3
264,113,2,20
264,114,1,3
264,114,2,20
264,115,1,3
264,115,2,20
264,116,1,3
264,116,2,20
264,117,1,3
264,117,2,20
264,118,1,3
264,118,2,20
264,119,1,3
264,119,2,20
264,120,1,4
264,120,2,20
264,121,1,4
264,121,2,20
264,122,1,4
264,122,2,20
264,123,1,4
264,123,2,20
264,124,1,4
264,124,2,20
264,125,1,4
264,125,2,20
264,126,1,4
264,126,2,20
264,127,1,5
264,127,2,20
264,128,1,4
264,128,2,20
264,129,1,4
264,129,2,20
264,130,1,4
264,130,2,20
264,131,1,4
264,131,2,20
264,132,1,4
264,132,2,20
264,133,1,4
264,133,2,20
264,134,1,4
264,134,2,20
265,0,1,4
265,0,2,20
265,1,1,4
265,1,2,20
265,2,1,4
265,2,2,20
265,3,1,4
265,3,2,20
265,4,1,4
265,4,2,20
265,5,1,4
265,5,2,20
265,6,1,4
265,6,2,20
265,7,1,5
265,7,2,20
265,8,1,4
265,8,2,20
265,9,1,4
265,9,2,20
265,10,1,4
265,10,2,20
265,11,1,4
265,11,2,20
265,12,1,4
265,12,2,20
265,13,1,4
265,13,2,20
265,14,1,4
265,14,2,20
265,15,1,3
265,15,2,20
265,16,1,3
265,16,2,20
265,17,1,3
265,17,2,20
265,18,1,3
265,18,2,20
265,19,1,3
265,19,2,20
265,20,1,3
265,20,2,20
265,21,1,3
265,21,2,20
265,22,1,5
265,22,2,20
265,23,1,3
265,23,2,20
265,24,1,3
265,24,2,20
265,25,1,3
265,25,2,20
265,26,1,3
265,26,2,20
265,27,1,3
265,27,2,20
265,28,1,3
265,28,2,20
265,29,1,3
265,29,2,20
265,30,1,3
265,30,2,20
265,31,1,2
265,31,2,20
265,32,1,2
265,32,2,20
265,33,1,2
265,33,2,20
265,34,1,2
265,34,2,20
265,35,1,2
265,35,2,20
265,36,1,3
265,36,2,20
265,37,1,5
265,37,2,20
265,38,1,3
265,38,2,20
265,39,1,2
265,39,2,20
265,40,1,2
265,40,2,20
265,41,1,2
265,41,2,20
265,42,1,2
265,42,2,20
265,43,1,2
265,43,2,20
265,44,1,3
265,44,2,20
265,45,1,3
265,45,2,20
265,46,1,2
265,46,2,20
265,47,1,1
265,47,2,20
265,48,1,1
265,48,2,20
265,49,1,1
265,49,2,20
265,50,1,2
265,50,2,20
265,51,1,3
265,51,2,20
265,52,1,5
265,52,2,20
265,53,1,3
265,53,2,20
265,54,1,2
265,54,2,20
265,55,1,1
265,55,2,20
265,56,1,1
265,56,2,20
265,57,1,1
265,57,2,20
265,58,1,2
265,58,2,20
265,59,1,3
265,59,2,20
265,60,1,3
265,60,2,20
265,61,1,2
265,61,2,20
265,62,1,1
265,62,2,20
265,63,1,0
265,63,2,20
265,64,1,1
265,64,2,20
265,65,1,2
265,65,2,20
265,66,1,3
265,66,2,20
265,67,1,5
265,67,2,20
265,68,1,3
265,68,2,20
265,69,1,2
265,69,2,20
265,70,1,1
265,70,2,20
265,71,1,0
265,71,2,20
265,72,1,1
265,72,2,20
265,73,1,2
265,73,2,20
265,74,1,3
265,74,2,20
265,75,1,3
265,75,2,20
265,76,1,2
265,76,2,20
265,77,1,1
265,77,2,20
265,78,1,1
265,78,2,20
265,79,1,1
265,79,2,20
265,80,1,2
265,80,2,20
265,81,1,3
265,81,2,20
265,82,1,5
265,82,2,20
265,83,1,3
265,83,2,20
265,84,1,2
265,84,2,20
265,85,1,1
265,85,2,20
265,86,1,1
265,86,2,20
265,87,1,1
265,87,2,20
265,88,1,2
265,88,2,20
265,89,1,3
265,89,2,20
265,90,1,3
265,90,2,20
265,91,1,2
265,91,2,20
265,92,1,2
265,92,2,20
265,93,1,2
265,93,2,20
265,94,1,2
265,94,2,20
265,95,1,2
265,95,2,20
265,96,1,3
265,96,2,20
265,97,1,5
265,97,2,20
265,98,1,3
265,98,2,20
265,99,1,2
265,99,2,20
265,100,1,2
265,100,2,20
265,101,1,2
265,101,2,20
265,102,1,2
265,102,2,20
265,103,1,2
265,103,2,20
265,104,1,3
265,104,2,20
265,105,1,3
265,105,2,20
265,106,1,3
265,106,2,20
265,107,1,3
265,107,2,20
265,108,1,3
265,108,2,20
265,109,1,3
265,109,2,20
265,110,1,3
265,110,2,20
265,111,1,3
265,111,2,20
265,112,1,5
265,112,2,20
265,113,1,3
265,113,2,20
265,114,1,3
265,114,2,20
265,115,1,3
265,115,2,20
265,116,1,3
265,116,2,20
265,117,1,3
265,117,2,20
265,118,1,3
265,118,2,20
265,119,1,3
265,119,2,20
265,120,1,4
265,120,2,20
265,121,1,4
265,121,2,20
265,122,1,4
265,122,2,20
265,123,1,4
265,123,2,20
265,124,1,4
265,124,2,20
265,125,1,4
265,125,2,20
265,126,1,4
265,126,2,20
265,127,1,5
265,127,2,20
265,128,1,4
265,128,2,20
265,129,1,4
265,129,2,20
265,130,1,4
265,130,2,20
265,131,1,4
265,131,2,20
265,132,1,4
265,132,2,20
265,133,1,4
265,133,2,20
265,134,1,4
265,134,2,20
266,0,1,4
266,0,2,20
266,1,1,4
266,1,2,20
266,2,1,4
266,2,2,20
266,3,1,4
266,3,2,20
266,4,1,4
266,4,2,20
266,5,1,4
266,5,2,20
266,6,1,4
266,6,2,20
266,7,1,5
266,7,2,20
266,8,1,4
266,8,2,20
266,9,1,4
266,9,2,20
266,10,1,4
266,10,2,20
266,11,1,4
266,11,2,20
266,12,1,4
266,12,2,20
266,13,1,4
266,13,2,20
266,14,1,4
266,14,2,20
266,15,1,3
266,15,2,20
266,16,1,3
266,16,2,20
266,17,1,3
266,17,2,20
266,18,1,3
266,18,2,20
266,19,1,3
266,19,2,20
266,20,1,3
266,20,2,20
266,21,1,3
266,21,2,20
266,22,1,5
266,22,2,20
266,23,1,3
266,23,2,20
266,24,1,3
266,24,2,20
266,25,1,3
266,25,2,20
266,26,1,3
266,26,2,20
266,27,1,3
266,27,2,20
266,28,1,3
266,28,2,20
266,29,1,3
266,29,2,20
266,30,1,3
266,30,2,20
266,31,1,2
266,31,2,20
266,32,1,2
266,32,2,20
266,33,1,2
266,33,2,20
266,34,1,2
266,34,2,20
266,35,1,2
266,35,2,20
266,36,1,3
266,36,2,20
266,37,1,5
266,37,2,20
266,38,1,3
266,38,2,20
266,39,1,2
266,39,2,20
266,40,1,2
266,40,2,20
266,41,1,2
266,41,2,20
266,42,1,2
266,42,2,20
266,43,1,2
266,43,2,20
266,44,1,3
266,44,2,20
266,45,1,3
266,45,2,20
266,46,1,2
266,46,2,20
266,47,1,1
266,47,2,20
266,48,1,1
266,48,2,20
266,49,1,1
266,49,2,20
266,50,1,2
266,50,2,20
266,51,1,3
266,51,2,20
266,52,1,5
266,52,2,20
266,53,1,3
266,53,2,20
266,54,1,2
266,54,2,20
266,55,1,1
266,55,2,20
266,56,1,1
266,56,2,20
266,57,1,1
266,57,2,20
266,58,1,2
266,58,2,20
266,59,1,3
266,59,2,20
266,60,1,3
266,60,2,20
266,61,1,2
266,61,2,20
266,62,1,1
266,62,2,20
266,63,1,0
266,63,2,20
266,64,1,1
266,64,2,20
266,65,1,2
266,65,2,20
266,66,1,3
266,66,2,20
266,67,1,5
266,67,2,20
266,68,1,3
266,68,2,20
266,69,1,2
266,69,2,20
266,70,1,1
266,70,2,20
266,71,1,0
266,71,2,20
266,72,1,1
266,72,2,20
266,73,1,2
266,73,2,20
266,74,1,3
266,74,2,20
266,75,1,3
266,75,2,20
266,76,1,2
266,76,2,20
266,77,1,1
266,77,2,20
266,78,1,1
266,78,2,20
266,79,1,1
266,79,2,20
266,80,1,2
266,80,2,20
266,81,1,3
266,81,2,20
266,82,1,5
266,82,2,20
266,83,1,3
266,83,2,20
266,84,1,2
266,84,2,20
266,85,1,1
266,85,2,20
266,86,1,1
266,86,2,20
266,87,1,1
266,87,2,20
266,88,1,2
266,88,2,20
266,89,1,3
266,89,2,20
266,90,1,3
266,90,2,20
266,91,1,2
266,91,2,20
266,92,1,2
266,92,2,20
266,93,1,2
266,93,2,20
266,94,1,2
266,94,2,20
266,95,1,2
266,95,2,20
266,96,1,3
266,96,2,20
266,97,1,5
266,97,2,20
266,98,1,3
266,98,2,20
266,99,1,2
266,99,2,20
266,100,1,2
266,100,2,20
266,101,1,2
266,101,2,20
266,102,1,2
266,102,2,20
266,103,1,2
266,103,2,20
266,104,1,3
266,104,2,20
266,105,1,3
266,105,2,20
266,106,1,3
266,106,2,20
266,107,1,3
266,107,2,20
266,108,1,3
266,108,2,20
266,109,1,3
266,109,2,20
266,110,1,3
266,110,2,20
266,111,1,3
266,111,2,20
266,112,1,5
266,112,2,20
266,113,1,3
266,113,2,20
266,114,1,3
266,114,2,20
266,115,1,3
266,115,2,20
266,116,1,3
266,116,2,20
266,117,1,3
266,117,2,20
266,118,1,3
266,118,2,20
266,119,1,3
266,119,2,20
266,120,1,4
266,120,2,20
266,121,1,4
266,121,2,20
266,122,1,4
266,122,2,20
266,123,1,4
266,123,2,20
266,124,1,4
266,124,2,20
266,125,1,4
266,125,2,20
266,126,1,4
266,126,2,20
266,127,1,5
266,127,2,20
266,128,1,4
266,128,2,20
266,129,1,4
266,129,2,20
266,130,1,4
266,130,2,20
266,131,1,4
266,131,2,20
266,132,1,4
266,132,2,20
266,133,1,4
266,133,2,20
266,134,1,4
266,134,2,20
267,0,1,4
267,0,2,20
267,1,1,4
267,1,2,20
267,2,1,4
267,2,2,20
267,3,1,4
267,3,2,20
267,4,1,4
267,4,2,20
267,5,1,4
267,5,2,20
267,6,1,4
267,6,2,20
267,7,1,5
267,7,2,20
267,8,1,4
267,8,2,20
267,9,1,4
267,9,2,20
267,10,1,4
267,10,2,20
267,11,1,4
267,11,2,20
267,12,1,4
267,12,2,20
267,13,1,4
267,13,2,20
267,14,1,4
267,14,2,20
267,15,1,3
267,15,2,20
267,16,1,3
267,16,2,20
267,17,1,3
267,17,2,20
267,18,1,3
267,18,2,20
267,19,1,3
267,19,2,20
267,20,1,3
267,20,2,20
267,21,1,3
267,21,2,20
267,22,1,5
267,22,2,20
267,23,1,3
267,23,2,20
267,24,1,3
267,24,2,20
267,25,1,3
267,25,2,20
267,26,1,3
267,26,2,20
267,27,1,3
267,27,2,20
267,28,1,3
267,28,2,20
267,29,1,3
267,29,2,20
267,30,1,3
267,30,2,20
267,31,1,2
267,31,2,20
267,32,1,2
267,32,2,20
267,33,1,2
267,33,2,20
267,34,1,2
267,34,2,20
267,35,1,2
267,35,2,20
267,36,1,3
267,36,2,20
267,37,1,5
267,37,2,20
267,38,1,3
267,38,2,20
267,39,1,2
267,39,2,20
267,40,1,2
267,40,2,20
267,41,1,2
267,41,2,20
267,42,1,2
267,42,2,20
267,43,1,2
267,43,2,20
267,44,1,3
267,44,2,20
267,45,1,3
267,45,2,20
267,46,1,2
267,46,2,20
267,47,1,1
267,47,2,20
267,48,1,1
267,48,2,20
267,49,1,1
267,49,2,20
267,50,1,2
267,50,2,20
267,51,1,3
267,51,2,20
267,52,1,5
267,52,2,20
267,53,1,3
267,53,2,20
267,54,1,2
267,54,2,20
267,55,1,1
267,55,2,20
267,56,1,1
267,56,2,20
267,57,1,1
267,57,2,20
267,58,1,2
267,58,2,20
267,59,1,3
267,59,2,20
267,60,1,3
267,60,2,20
267,61,1,2
267,61,2,20
267,62,1,1
267,62,2,20
267,63,1,0
267,63,2,20
267,64,1,1
267,64,2,20
267,65,1,2
267,65,2,20
267,66,1,3
267,66,2,20
267,67,1,5
267,67,2,20
267,68,1,3
267,68,2,20
267,69,1,2
267,69,2,20
267,70,1,1
267,70,2,20
267,71,1,0
267,71,2,20
267,72,1,1
267,72,2,20
267,73,1,2
267,73,2,20
267,74,1,3
267,74,2,20
267,75,1,3
267,75,2,20
267,76,1,2
267,76,2,20
267,77,1,1
267,77,2,20
267,78,1,1
267,78,2,20
267,79,1,1
267,79,2,20
267,80,1,2
267,80,2,20
267,81,1,3
267,81,2,20
267,82,1,5
267,82,2,20
267,83,1,3
267,83,2,20
267,84,1,2
267,84,2,20
267,85,1,1
267,85,2,20
267,86,1,1
267,86,2,20
267,87,1,1
267,87,2,20
267,88,1,2
267,88,2,20
267,89,1,3
267,89,2,20
267,90,1,3
267,90,2,20
267,91,1,2
267,91,2,20
267,92,1,2
267,92,2,20
267,93,1,2
267,93,2,20
267,94,1,2
267,94,2,20
267,95,1,2
267,95,2,20
267,96,1,3
267,96,2,20
267,97,1,5
267,97,2,20
267,98,1,3
267,98,2,20
267,99,1,2
267,99,2,20
267,100,1,2
267,100,2,20
267,101,1,2
267,101,2,20
267,102,1,2
267,102,2,20
267,103,1,2
267,103,2,20
267,104,1,3
267,104,2,20
267,105,1,3
267,105,2,20
267,106,1,3
267,106,2,20
267,107,1,3
267,107,2,20
267,108,1,3
267,108,2,20
267,109,1,3
267,109,2,20
267,110,1,3
267,110,2,20
267,111,1,3
267,111,2,20
267,112,1,5
267,112,2,20
267,113,1,3
267,113,2,20
267,114,1,3
267,114,2,20
267,115,1,3
267,115,2,20
267,116,1,3
267,116,2,20
267,117,1,3
267,117,2,20
267,118,1,3
267,118,2,20
267,119,1,3
267,119,2,20
267,120,1,4
267,120,2,20
267,121,1,4
267,121,2,20
267,122,1,4
267,122,2,20
267,123,1,4
267,123,2,20
267,124,1,4
267,124,2,20
267,125,1,4
267,125,2,20
267,126,1,4
267,126,2,20
267,127,1,5
267,127,2,20
267,128,1,4
267,128,2,20
267,129,1,4
267,129,2,20
267,130,1,4
267,130,2,20
267,131,1,4
267,131,2,20
267,132,1,4
267,132,2,20
267,133,1,4
267,133,2,20
267,134,1,4
267,134,2,20
268,0,1,4
268,0,2,20
268,1,1,4
268,1,2,20
268,2,1,4
268,2,2,20
268,3,1,4
268,3,2,20
268,4,1,4
268,4,2,20
268,5,1,4
268,5,2,20
268,6,1,4
268,6,2,20
268,7,1,5
268,7,2,20
268,8,1,4
268,8,2,20
268,9,1,4
268,9,2,20
268,10,1,4
268,10,2,20
268,11,1,4
268,11,2,20
268,12,1,4
268,12,2,20
268,13,1,4
268,13,2,20
268,14,1,4
268,14,2,20
268,15,1,3
268,15,2,20
268,16,1,3
268,16,2,20
268,17,1,3
268,17,2,20
268,18,1,3
268,18,2,20
268,19,1,3
268,19,2,20
268,20,1,3
268,20,2,20
268,21,1,3
268,21,2,20
268,22,1,5
268,22,2,20
268,23,1,3
268,23,2,20
268,24,1,3
268,24,2,20
268,25,1,3
268,25,2,20
268,26,1,3
268,26,2,20
268,27,1,3
268,27,2,20
268,28,1,3
268,28,2,20
268,29,1,3
268,29,2,20
268,30,1,3
268,30,2,20
268,31,1,2
268,31,2,20
268,32,1,2
268,32,2,20
268,33,1,2
268,33,2,20
268,34,1,2
268,34,2,20
268,35,1,2
268,35,2,20
268,36,1,3
268,36,2,20
268,37,1,5
268,37,2,20
268,38,1,3
268,38,2,20
268,39,1,2
268,39,2,20
268,40,1,2
268,40,2,20
268,41,1,2
268,41,2,20
268,42,1,2
268,42,2,20
268,43,1,2
268,43,2,20
268,44,1,3
268,44,2,20
268,45,1,3
268,45,2,20
268,46,1,2
268,46,2,20
268,47,1,1
268,47,2,20
268,48,1,1
268,48,2,20
268,49,1,1
268,49,2,20
268,50,1,2
268,50,2,20
268,51,1,3
268,51,2,20
268,52,1,5
268,52,2,20
268,53,1,3
268,53,2,20
268,54,1,2
268,54,2,20
268,55,1,1
268,55,2,20
268,56,1,1
268,56,2,20
268,57,1,1
268,57,2,20
268,58,1,2
268,58,2,20
268,59,1,3
268,59,2,20
268,60,1,3
268,60,2,20
268,61,1,2
268,61,2,20
268,62,1,1
268,62,2,20
268,63,1,0
268,63,2,20
268,64,1,1
268,64,2,20
268,65,1,2
268,65,2,20
268,66,1,3
268,66,2,20
268,67,1,5
268,67,2,20
268,68,1,3
268,68,2,20
268,69,1,2
268,69,2,20
268,70,1,1
268,70,2,20
268,71,1,0
268,71,2,20
268,72,1,1
268,72,2,20
268,73,1,2
268,73,2,20
268,74,1,3
268,74,2,20
268,75,1,3
268,75,2,20
268,76,1,2
268,76,2,20
268,77,1,1
268,77,2,20
268,78,1,1
268,78,2,20
268,79,1,1
268,79,2,20
268,80,1,2
268,80,2,20
268,81,1,3
268,81,2,20
268,82,1,5
268,82,2,20
268,83,1,3
268,83,2,20
268,84,1,2
268,84,2,20
268,85,1,1
268,85,2,20
268,86,1,1
268,86,2,20
268,87,1,1
268,87,2,20
268,88,1,2
268,88,2,20
268,89,1,3
268,89,2,20
268,90,1,3
268,90,2,20
268,91,1,2
268,91,2,20
268,92,1,2
268,92,2,20
268,93,1,2
268,93,2,20
268,94,1,2
268,94,2,20
268,95,1,2
268,95,2,20
268,96,1,3
268,96,2,20
268,97,1,5
268,97,2,20
268,98,1,3
268,98,2,20
268,99,1,2
268,99,2,20
268,100,1,2
268,100,2,20
268,101,1,2
268,101,2,20
268,102,1,2
268,102,2,20
268,103,1,2
268,103,2,20
268,104,1,3
268,104,2,20
268,105,1,3
268,105,2,20
268,106,1,3
268,106,2,20
268,107,1,3
268,107,2,20
268,108,1,3
268,108,2,20
268,109,1,3
268,109,2,20
268,110,1,3
268,110,2,20
268,111,1,3
268,111,2,20
268,112,1,5
268,112,2,20
268,113,1,3
268,113,2,20
268,114,1,3
268,114,2,20
268,115,1,3
268,115,2,20
268,116,1,3
268,116,2,20
268,117,1,3
268,117,2,20
268,118,1,3
268,118,2,20
268,119,1,3
268,119,2,20
268,120,1,4
268,120,2,20
268,121,1,4
268,121,2,20
268,122,1,4
268,122,2,20
268,123,1,4
268,123,2,20
268,124,1,4
268,124,2,20
268,125,1,4
268,125,2,20
268,126,1,4
268,126,2,20
268,127,1,5
268,127,2,20
268,128,1,4
268,128,2,20
268,129,1,4
268,129,2,20
268,130,1,4
268,130,2,20
268,131,1,4
268,131,2,20
268,132,1,4
268,132,2,20
268,133,1,4
268,133,2,20
268,134,1,4
268,134,2,20
269,0,1,4
269,0,2,20
269,1,1,4
269,1,2,20
269,2,1,4
269,2,2,20
269,3,1,4
269,3,2,20
269,4,1,4
269,4,2,20
269,5,1,4
269,5,2,20
269,6,1,4
269,6,2,20
269,7,1,5
269,7,2,20
269,8,1,4
269,8,2,20
269,9,1,4
269,9,2,20
269,10,1,4
269,10,2,20
269,11,1,4
269,11,2,20
269,12,1,4
269,12,2,20
269,13,1,4
269,13,2,20
269,14,1,4
269,14,2,20
269,15,1,3
269,15,2,20
269,16,1,3
269,16,2,20
269,17,1,3
269,17,2,20
269,18,1,3
269,18,2,20
269,19,1,3
269,19,2,20
269,20,1,3
269,20,2,20
269,21,1,3
269,21,2,20
269,22,1,5
269,22,2,20
269,23,1,3
269,23,2,20
269,24,1,3
269,24,2,20
269,25,1,3
269,25,2,20
269,26,1,3
269,26,2,20
269,27,1,3
269,27,2,20
269,28,1,3
269,28,2,20
269,29,1,3
269,29,2,20
269,30,1,3
269,30,2,20
269,31,1,2
269,31,2,20
269,32,1,2
269,32,2,20
269,33,1,2
269,33,2,20
269,34,1,2
269,34,2,20
269,35,1,2
269,35,2,20
269,36,1,3
269,36,2,20
269,37,1,5
269,37,2,20
269,38,1,3
269,38,2,20
269,39,1,2
269,39,2,20
269,40,1,2
269,40,2,20
269,41,1,2
269,41,2,20
269,42,1,2
269,42,2,20
269,43,1,2
269,43,2,20
269,44,1,3
269,44,2,20
269,45,1,3
269,45,2,20
269,46,1,2
269,46,2,20
269,47,1,1
269,47,2,20
269,48,1,1
269,48,2,20
269,49,1,1
269,49,2,20
269,50,1,2
269,50,2,20
269,51,1,3
269,51,2,20
269,52,1,5
269,52,2,20
269,53,1,3
269,53,2,20
269,54,1,2
269,54,2,20
269,55,1,1
269,55,2,20
269,56,1,1
269,56,2,20
269,57,1,1
269,57,2,20
269,58,1,2
269,58,2,20
269,59,1,3
269,59,2,20
269,60,1,3
269,60,2,20
269,61,1,2
269,61,2,20
269,62,1,1
269,62,2,20
269,63,1,0
269,63,2,20
269,64,1,1
269,64,2,20
269,65,1,2
269,65,2,20
269,66,1,3
269,66,2,20
269,67,1,5
269,67,2,20
269,68,1,3
269,68,2,20
269,69,1,2
269,69,2,20
269,70,1,1
269,70,2,20
269,71,1,0
269,71,2,20
269,72,1,1
269,72,2,20
269,73,1,2
269,73,2,20
269,74,1,3
269,74,2,20
269,75,1,3
269,75,2,20
269,76,1,2
269,76,2,20
269,77,1,1
269,77,2,20
269,78,1,1
269,78,2,20
269,79,1,1
269,79,2,20
269,80,1,2
269,80,2,20
269,81,1,3
269,81,2,20
269,82,1,5
269,82,2,20
269,83,1,3
269,83,2,20
269,84,1,2
269,84,2,20
269,85,1,1
269,85,2,20
269,86,1,1
269,86,2,20
269,87,1,1
269,87,2,20
269,88,1,2
269,88,2,20
269,89,1,3
269,89,2,20
269,90,1,3
269,90,2,20
269,91,1,2
269,91,2,20
269,92,1,2
269,92,2,20
269,93,1,2
269,93,2,20
269,94,1,2
269,94,2,20
269,95,1,2
269,95,2,20
269,96,1,3
269,96,2,20
269,97,1,5
269,97,2,20
269,98,1,3
269,98,2,20
269,99,1,2
269,99,2,20
269,100,1,2
269,100,2,20
269,101,1,2
269,101,2,20
269,102,1,2
269,102,2,20
269,103,1,2
269,103,2,20
269,104,1,3
269,104,2,20
269,105,1,3
269,105,2,20
269,106,1,3
269,106,2,20
269,107,1,3
269,107,2,20
269,108,1,3
269,108,2,20
269,109,1,3
269,109,2,20
269,110,1,3
269,110,2,20
269,111,1,3
269,111,2,20
269,112,1,5
269,112,2,20
269,113,1,3
269,113,2,20
269,114,1,3
269,114,2,20
269,115,1,3
269,115,2,20
269,116,1,3
269,116,2,20
269,117,1,3
269,117,2,20
269,118,1,3
269,118,2,20
269,119,1,3
269,119,2,20
269,120,1,4
269,120,2,20
269,121,1,4
269,121,2,20
269,122,1,4
269,122,2,20
269,123,1,4
269,123,2,20
269,124,1,4
269,124,2,20
269,125,1,4
269,125,2,20
269,126,1,4
269,126,2,20
269,127,1,5
269,127,2,20
269,128,1,4
269,128,2,20
269,129,1,4
269,129,2,20
269,130,1,4
269,130,2,20
269,131,1,4
269,131,2,20
269,132,1,4
269,132,2,20
269,133,1,4
269,133,2,20
269,134,1,4
269,134,2,20
270,0,1,4
270,0,2,20
270,1,1,4
270,1,2,20
270,2,1,4
270,2,2,20
270,3,1,4
270,3,2,20
270,4,1,4
270,4,2,20
270,5,1,4
270,5,2,20
270,6,1,4
270,6,2,20
270,7,1,5
270,7,2,20
270,8,1,4
270,8,2,20
270,9,1,4
270,9,2,20
270,10,1,4
270,10,2,20
270,11,1,4
270,11,2,20
270,12,1,4
270,12,2,20
270,13,1,4
270,13,2,20
270,14,1,4
270,14,2,20
270,15,1,3
270,15,2,20
270,16,1,3
270,16,2,20
270,17,1,3
270,17,2,20
270,18,1,3
270,18,2,20
270,19,1,3
270,19,2,20
270,20,1,3
270,20,2,20
270,21,1,3
270,21,2,20
270,22,1,5
270,22,2,20
270,23,1,3
270,23,2,20
270,24,1,3
270,24,2,20
270,25,1,3
270,25,2,20
270,26,1,3
270,26,2,20
270,27,1,3
270,27,2,20
270,28,1,3
270,28,2,20
270,29,1,3
270,29,2,20
270,30,1,3
270,30,2,20
270,31,1,2
270,31,2,20
270,32,1,2
270,32,2,20
270,33,1,2
270,33,2,20
270,34,1,2
270,34,2,20
270,35,1,2
270,35,2,20
270,36,1,3
270,36,2,20
270,37,1,5
270,37,2,20
270,38,1,3
270,38,2,20
270,39,1,2
270,39,2,20
270,40,1,2
270,40,2,20
270,41,1,2
270,41,2,20
270,42,1,2
270,42,2,20
270,43,1,2
270,43,2,20
270,44,1,3
270,44,2,20
270,45,1,3
270,45,2,20
270,46,1,2
270,46,2,20
270,47,1,1
270,47,2,20
270,48,1,1
270,48,2,20
270,49,1,1
270,49,2,20
270,50,1,2
270,50,2,20
270,51,1,3
270,51,2,20
270,52,1,5
270,52,2,20
270,53,1,3
270,53,2,20
270,54,1,2
270,54,2,20
270,55,1,1
270,55,2,20
270,56,1,1
270,56,2,20
270,57,1,1
270,57,2,20
270,58,1,2
270,58,2,20
270,59,1,3
270,59,2,20
270,60,1,3
270,60,2,20
270,61,1,2
270,61,2,20
270,62,1,1
270,62,2,20
270,63,1,0
270,63,2,20
270,64,1,1
270,64,2,20
270,65,1,2
270,65,2,20
270,66,1,3
270,66,2,20
270,67,1,5
270,67,2,20
270,68,1,3
270,68,2,20
270,69,1,2
270,69,2,20
270,70,1,1
270,70,2,20
270,71,1,0
270,71,2,20
270,72,1,1
270,72,2,20
270,73,1,2
270,73,2,20
270,74,1,3
270,74,2,20
270,75,1,3
270,75,2,20
270,76,1,2
270,76,2,20
270,77,1,1
270,77,2,20
270,78,1,1
270,78,2,20
270,79,1,1
270,79,2,20
270,80,1,2
270,80,2,20
270,81,1,3
270,81,2,20
270,82,1,5
270,82,2,20
270,83,1,3
270,83,2,20
270,84,1,2
270,84,2,20
270,85,1,1
270,85,2,20
270,86,1,1
270,86,2,20
270,87,1,1
270,87,2,20
270,88,1,2
270,88,2,20
270,89,1,3
270,89,2,20
270,90,1,3
270,90,2,20
270,91,1,2
270,91,2,20
270,92,1,2
270,92,2,20
270,93,1,2
270,93,2,20
270,94,1,2
270,94,2,20
270,95,1,2
270,95,2,20
270,96,1,3
270,96,2,20
270,97,1,5
270,97,2,20
270,98,1,3
270,98,2,20
270,99,1,2
270,99,2,20
270,100,1,2
270,100,2,20
270,101,1,2
270,101,2,20
270,102,1,2
270,102,2,20
270,103,1,2
270,103,2,20
270,104,1,3
270,104,2,20
270,105,1,3
270,105,2,20
270,106,1,3
270,106,2,20
270,107,1,3
270,107,2,20
270,108,1,3
270,108,2,20
270,109,1,3
270,109,2,20
270,110,1,3
270,110,2,20
270,111,1,3
270,111,2,20
270,112,1,5
270,112,2,20
270,113,1,3
270,113,2,20
270,114,1,3
270,114,2,20
270,115,1,3
270,115,2,20
270,116,1,3
270,116,2,20
270,117,1,3
270,117,2,20
270,118,1,3
270,118,2,20
270,119,1,3
270,119,2,20
270,120,1,4
270,120,2,20
270,121,1,4
270,121,2,20
270,122,1,4
270,122,2,20
270,123,1,4
270,123,2,20
270,124,1,4
270,124,2,20
270,125,1,4
270,125,2,20
270,126,1,4
270,126,2,20
270,127,1,5
270,127,2,20
270,128,1,4
270,128,2,20
270,129,1,4
270,129,2,20
270,130,1,4
270,130,2,20
270,131,1,4
270,131,2,20
270,132,1,4
270,132,2,20
270,133,1,4
270,133,2,20
270,134,1,4
270,134,2,20
271,0,1,4
271,0,2,20
271,1,1,4
271,1,2,20
271,2,1,4
271,2,2,20
271,3,1,4
271,3,2,20
271,4,1,4
271,4,2,20
271,5,1,4
271,5,2,20
271,6,1,4
271,6,2,20
271,7,1,5
271,7,2,20
271,8,1,4
271,8,2,20
271,9,1,4
271,9,2,20
271,10,1,4
271,10,2,20
271,11,1,4
271,11,2,20
271,12,1,4
271,12,2,20
271,13,1,4
271,13,2,20
271,14,1,4
271,14,2,20
271,15,1,3
271,15,2,20
271,16,1,3
271,16,2,20
271,17,1,3
271,17,2,20
271,18,1,3
271,18,2,20
271,19,1,3
271,19,2,20
271,20,1,3
271,20,2,20
271,21,1,3
271,21,2,20
271,22,1,5
271,22,2,20
271,23,1,3
271,23,2,20
271,24,1,3
271,24,2,20
271,25,1,3
271,25,2,20
271,26,1,3
271,26,2,20
271,27,1,3
271,27,2,20
271,28,1,3
271,28,2,20
271,29,1,3
271,29,2,20
271,30,1,3
271,30,2,20
271,31,1,2
271,31,2,20
271,32,1,2
271,32,2,20
271,33,1,2
271,33,2,20
271,34,1,2
271,34,2,20
271,35,1,2
271,35,2,20
271,36,1,3
271,36,2,20
271,37,1,5
271,37,2,20
271,38,1,3
271,38,2,20
271,39,1,2
271,39,2,20
271,40,1,2
271,40,2,20
271,41,1,2
271,41,2,20
271,42,1,2
271,42,2,20
271,43,1,2
271,43,2,20
271,44,1,3
271,44,2,20
271,45,1,3
271,45,2,20
271,46,1,2
271,46,2,20
271,47,1,1
271,47,2,20
271,48,1,1
271,48,2,20
271,49,1,1
271,49,2,20
271,50,1,2
271,50,2,20
271,51,1,3
271,51,2,20
271,52,1,5
271,52,2,20
271,53,1,3
271,53,2,20
271,54,1,2
271,54,2,20
271,55,1,1
271,55,2,20
271,56,1,1
271,56,2,20
271,57,1,1
271,57,2,20
271,58,1,2
271,58,2,20
271,59,1,3
271,59,2,20
271,60,1,3
271,60,2,20
271,61,1,2
271,61,2,20
271,62,1,1
271,62,2,20
271,63,1,0
271,63,2,20
271,64,1,1
271,64,2,20
271,65,1,2
271,65,2,20
271,66,1,3
271,66,2,20
271,67,1,5
271,67,2,20
271,68,1,3
271,68,2,20
271,69,1,2
271,69,2,20
271,70,1,1
271,70,2,20
271,71,1,0
271,71,2,20
271,72,1,1
271,72,2,20
271,73,1,2
271,73,2,20
271,74,1,3
271,74,2,20
271,75,1,3
271,75,2,20
271,76,1,2
271,76,2,20
271,77,1,1
271,77,2,20
271,78,1,1
271,78,2,20
271,79,1,1
271,79,2,20
271,80,1,2
271,80,2,20
271,81,1,3
271,81,2,20
271,82,1,5
271,82,2,20
271,83,1,3
271,83,2,20
271,84,1,2
271,84,2,20
271,85,1,1
271,85,2,20
271,86,1,1
271,86,2,20
271,87,1,1
271,87,2,20
271,88,1,2
271,88,2,20
271,89,1,3
271,89,2,20
271,90,1,3
271,90,2,20
271,91,1,2
271,91,2,20
271,92,1,2
271,92,2,20
271,93,1,2
271,93,2,20
271,94,1,2
271,94,2,20
271,95,1,2
271,95,2,20
271,96,1,3
271,96,2,20
271,97,1,5
271,97,2,20
271,98,1,3
271,98,2,20
271,99,1,2
271,99,2,20
271,100,1,2
271,100,2,20
271,101,1,2
271,101,2,20
271,102,1,2
271,102,2,20
271,103,1,2
271,103,2,20
271,104,1,3
271,104,2,20
271,105,1,3
271,105,2,20
271,106,1,3
271,106,2,20
271,107,1,3
271,107,2,20
271,108,1,3
271,108,2,20
271,109,1,3
271,109,2,20
271,110,1,3
271,110,2,20
271,111,1,3
271,111,2,20
271,112,1,5
271,112,2,20
271,113,1,3
271,113,2,20
271,114,1,3
271,114,2,20
271,115,1,3
271,115,2,20
271,116,1,3
271,116,2,20
271,117,1,3
271,117,2,20
271,118,1,3
271,118,2,20
271,119,1,3
271,119,2,20
271,120,1,4
271,120,2,20
271,121,1,4
271,121,2,20
271,122,1,4
271,122,2,20
271,123,1,4
271,123,2,20
271,124,1,4
271,124,2,20
271,125,1,4
271,125,2,20
271,126,1,4
271,126,2,20
271,127,1,5
271,127,2,20
271,128,1,4
271,128,2,20
271,129,1,4
271,129,2,20
271,130,1,4
271,130,2,20
271,131,1,4
271,131,2,20
271,132,1,4
271,132,2,20
271,133,1,4
271,133,2,20
271,134,1,4
271,134,2,20
272,0,1,4
272,0,2,20
272,1,1,4
272,1,2,20
272,2,1,4
272,2,2,20
272,3,1,4
272,3,2,20
272,4,1,4
272,4,2,20
272,5,1,4
272,5,2,20
272,6,1,4
272,6,2,20
272,7,1,5
272,7,2,20
272,8,1,4
272,8,2,20
272,9,1,4
272,9,2,20
272,10,1,4
272,10,2,20
272,11,1,4
272,11,2,20
272,12,1,4
272,12,2,20
272,13,1,4
272,13,2,20
272,14,1,4
272,14,2,20
272,15,1,3
272,15,2,20
272,16,1,3
272,16,2,20
272,17,1,3
272,17,2,20
272,18,1,3
272,18,2,20
272,19,1,3
272,19,2,20
272,20,1,3
272,20,2,20
272,21,1,3
272,21,2,20
272,22,1,5
272,22,2,20
272,23,1,3
272,23,2,20
272,24,1,3
272,24,2,20
272,25,1,3
272,25,2,20
272,26,1,3
272,26,2,20
272,27,1,3
272,27,2,20
272,28,1,3
272,28,2,20
272,29,1,3
272,29,2,20
272,30,1,3
272,30,2,20
272,31,1,2
272,31,2,20
272,32,1,2
272,32,2,20
272,33,1,2
272,33,2,20
272,34,1,2
272,34,2,20
272,35,1,2
272,35,2,20
272,36,1,3
272,36,2,20
272,37,1,5
272,37,2,20
272,38,1,3
272,38,2,20
272,39,1,2
272,39,2,20
272,40,1,2
272,40,2,20
272,41,1,2
272,41,2,20
272,42,1,2
272,42,2,20
272,43,1,2
272,43,2,20
272,44,1,3
272,44,2,20
272,45,1,3
272,45,2,20
272,46,1,2
272,46,2,20
272,47,1,1
272,47,2,20
272,48,1,1
272,48,2,20
272,49,1,1
272,49,2,20
272,50,1,2
272,50,2,20
272,51,1,3
272,51,2,20
272,52,1,5
272,52,2,20
272,53,1,3
272,53,2,20
272,54,1,2
272,54,2,20
272,55,1,1
272,55,2,20
272,56,1,1
272,56,2,20
272,57,1,1
272,57,2,20
272,58,1,2
272,58,2,20
272,59,1,3
272,59,2,20
272,60,1,3
272,60,2,20
272,61,1,2
272,61,2,20
272,62,1,1
272,62,2,20
272,63,1,0
272,63,2,20
272,64,1,1
272,64,2,20
272,65,1,2
272,65,2,20
272,66,1,3
272,66,2,20
272,67,1,5
272,67,2,20
272,68,1,3
272,68,2,20
272,69,1,2
272,69,2,20
272,70,1,1
272,70,2,20
272,71,1,0
272,71,2,20
272,72,1,1
272,72,2,20
272,73,1,2
272,73,2,20
272,74,1,3
272,74,2,20
272,75,1,3
272,75,2,20
272,76,1,2
272,76,2,20
272,77,1,1
272,77,2,20
272,78,1,1
272,78,2,20
272,79,1,1
272,79,2,20
272,80,1,2
272,80,2,20
272,81,1,3
272,81,2,20
272,82,1,5
272,82,2,20
272,83,1,3
272,83,2,20
272,84,1,2
272,84,2,20
272,85,1,1
272,85,2,20
272,86,1,1
272,86,2,20
272,87,1,1
272,87,2,20
272,88,1,2
272,88,2,20
272,89,1,3
272,89,2,20
272,90,1,3
272,90,2,20
272,91,1,2
272,91,2,20
272,92,1,2
272,92,2,20
272,93,1,2
272,93,2,20
272,94,1,2
272,94,2,20
272,95,1,2
272,95,2,20
272,96,1,3
272,96,2,20
272,97,1,5
272,97,2,20
272,98,1,3
272,98,2,20
272,99,1,2
272,99,2,20
272,100,1,2
272,100,2,20
272,101,1,2
272,101,2,20
272,102,1,2
272,102,2,20
272,103,1,2
272,103,2,20
272,104,1,3
272,104,2,20
272,105,1,3
272,105,2,20
272,106,1,3
272,106,2,20
272,107,1,3
272,107,2,20
272,108,1,3
272,108,2,20
272,109,1,3
272,109,2,20
272,110,1,3
272,110,2,20
272,111,1,3
272,111,2,20
272,112,1,5
272,112,2,20
272,113,1,3
272,113,2,20
272,114,1,3
272,114,2,20
272,115,1,3
272,115,2,20
272,116,1,3
272,116,2,20
272,117,1,3
272,117,2,20
272,118,1,3
272,118,2,20
272,119,1,3
272,119,2,20
272,120,1,4
272,120,2,20
272,121,1,4
272,121,2,20
272,122,1,4
272,122,2,20
272,123,1,4
272,123,2,20
272,124,1,4
272,124,2,20
272,125,1,4
272,125,2,20
272,126,1,4
272,126,2,20
272,127,1,5
272,127,2,20
272,128,1,4
272,128,2,20
272,129,1,4
272,129,2,20
272,130,1,4
272,130,2,20
272,131,1,4
272,131,2,20
272,132,1,4
272,132,2,20
272,133,1,4
272,133,2,20
272,134,1,4
272,134,2,20
273,0,1,4
273,0,2,20
273,1,1,4
273,1,2,20
273,2,1,4
273,2,2,20
273,3,1,4
273,3,2,20
273,4,1,4
273,4,2,20
273,5,1,4
273,5,2,20
273,6,1,4
273,6,2,20
273,7,1,5
273,7,2,20
273,8,1,4
273,8,2,20
273,9,1,4
273,9,2,20
273,10,1,4
273,10,2,20
273,11,1,4
273,11,2,20
273,12,1,4
273,12,2,20
273,13,1,4
273,13,2,20
273,14,1,4
273,14,2,20
273,15,1,3
273,15,2,20
273,16,1,3
273,16,2,20
273,17,1,3
273,17,2,20
273,18,1,3
273,18,2,20
273,19,1,3
273,19,2,20
273,20,1,3
273,20,2,20
273,21,1,3
273,21,2,20
273,22,1,5
273,22,2,20
273,23,1,3
273,23,2,20
273,24,1,3
273,24,2,20
273,25,1,3
273,25,2,20
273,26,1,3
273,26,2,20
273,27,1,3
273,27,2,20
273,28,1,3
273,28,2,20
273,29,1,3
273,29,2,20
273,30,1,3
273,30,2,20
273,31,1,2
273,31,2,20
273,32,1,2
273,32,2,20
273,33,1,2
273,33,2,20
273,34,1,2
273,34,2,20
273,35,1,2
273,35,2,20
273,36,1,3
273,36,2,20
273,37,1,5
273,37,2,20
273,38,1,3
273,38,2,20
273,39,1,2
273,39,2,20
273,40,1,2
273,40,2,20
273,41,1,2
273,41,2,20
273,42,1,2
273,42,2,20
273,43,1,2
273,43,2,20
273,44,1,3
273,44,2,20
273,45,1,3
273,45,2,20
273,46,1,2
273,46,2,20
273,47,1,1
273,47,2,20
273,48,1,1
273,48,2,20
273,49,1,1
273,49,2,20
273,50,1,2
273,50,2,20
273,51,1,3
273,51,2,20
273,52,1,5
273,52,2,20
273,53,1,3
273,53,2,20
273,54,1,2
273,54,2,20
273,55,1,1
273,55,2,20
273,56,1,1
273,56,2,20
273,57,1,1
273,57,2,20
273,58,1,2
273,58,2,20
273,59,1,3
273,59,2,20
273,60,1,3
273,60,2,20
273,61,1,2
273,61,2,20
273,62,1,1
273,62,2,20
273,63,1,0
273,63,2,20
273,64,1,1
273,64,2,20
273,65,1,2
273,65,2,20
273,66,1,3
273,66,2,20
273,67,1,5
273,67,2,20
273,68,1,3
273,68,2,20
273,69,1,2
273,69,2,20
273,70,1,1
273,70,2,20
273,71,1,0
273,71,2,20
273,72,1,1
273,72,2,20
273,73,1,2
273,73,2,20
273,74,1,3
273,74,2,20
273,75,1,3
273,75,2,20
273,76,1,2
273,76,2,20
273,77,1,1
273,77,2,20
273,78,1,1
273,78,2,20
273,79,1,1
273,79,2,20
273,80,1,2
273,80,2,20
273,81,1,3
273,81,2,20
273,82,1,5
273,82,2,20
273,83,1,3
273,83,2,20
273,84,1,2
273,84,2,20
273,85,1,1
273,85,2,20
273,86,1,1
273,86,2,20
273,87,1,1
273,87,2,20
273,88,1,2
273,88,2,20
273,89,1,3
273,89,2,20
273,90,1,3
273,90,2,20
273,91,1,2
273,91,2,20
273,92,1,2
273,92,2,20
273,93,1,2
273,93,2,20
273,94,1,2
273,94,2,20
273,95,1,2
273,95,2,20
273,96,1,3
273,96,2,20
273,97,1,5
273,97,2,20
273,98,1,3
273,98,2,20
273,99,1,2
273,99,2,20
273,100,1,2
273,100,2,20
273,101,1,2
273,101,2,20
273,102,1,2
273,102,2,20
273,103,1,2
273,103,2,20
273,104,1,3
273,104,2,20
273,105,1,3
273,105,2,20
273,106,1,3
273,106,2,20
273,107,1,3
273,107,2,20
273,108,1,3
273,108,2,20
273,109,1,3
273,109,2,20
273,110,1,3
273,110,2,20
273,111,1,3
273,111,2,20
273,112,1,5
273,112,2,20
273,113,1,3
273,113,2,20
273,114,1,3
273,114,2,20
273,115,1,3
273,115,2,20
273,116,1,3
273,116,2,20
273,117,1,3
273,117,2,20
273,118,1,3
273,118,2,20
273,119,1,3
273,119,2,20
273,120,1,4
273,120,2,20
273,121,1,4
273,121,2,20
273,122,1,4
273,122,2,20
273,123,1,4
273,123,2,20
273,124,1,4
273,124,2,20
273,125,1,4
273,125,2,20
273,126,1,4
273,126,2,20
273,127,1,5
273,127,2,20
273,128,1,4
273,128,2,20
273,129,1,4
273,129,2,20
273,130,1,4
273,130,2,20
273,131,1,4
273,131,2,20
273,132,1,4
273,132,2,20
273,133,1,4
273,133,2,20
273,134,1,4
273,134,2,20
274,0,1,4
274,0,2,20
274,1,1,4
274,1,2,20
274,2,1,4
274,2,2,20
274,3,1,4
274,3,2,20
274,4,1,4
274,4,2,20
274,5,1,4
274,5,2,20
274,6,1,4
274,6,2,20
274,7,1,5
274,7,2,20
274,8,1,4
274,8,2,20
274,9,1,4
274,9,2,20
274,10,1,4
274,10,2,20
274,11,1,4
274,11,2,20
274,12,1,4
274,12,2,20
274,13,1,4
274,13,2,20
274,14,1,4
274,14,2,20
274,15,1,3
274,15,2,20
274,16,1,3
274,16,2,20
274,17,1,3
274,17,2,20
274,18,1,3
274,18,2,20
274,19,1,3
274,19,2,20
274,20,1,3
274,20,2,20
274,21,1,3
274,21,2,20
274,22,1,5
274,22,2,20
274,23,1,3
274,23,2,20
274,24,1,3
274,24,2,20
274,25,1,3
274,25,2,20
274,26,1,3
274,26,2,20
274,27,1,3
274,27,2,20
274,28,1,3
274,28,2,20
274,29,1,3
274,29,2,20
274,30,1,3
274,30,2,20
274,31,1,2
274,31,2,20
274,32,1,2
274,32,2,20
274,33,1,2
274,33,2,20
274,34,1,2
274,34,2,20
274,35,1,2
274,35,2,20
274,36,1,3
274,36,2,20
274,37,1,5
274,37,2,20
274,38,1,3
274,38,2,20
274,39,1,2
274,39,2,20
274,40,1,2
274,40,2,20
274,41,1,2
274,41,2,20
274,42,1,2
274,42,2,20
274,43,1,2
274,43,2,20
274,44,1,3
274,44,2,20
274,45,1,3
274,45,2,20
274,46,1,2
274,46,2,20
274,47,1,1
274,47,2,20
274,48,1,1
274,48,2,20
274,49,1,1
274,49,2,20
274,50,1,2
274,50,2,20
274,51,1,3
274,51,2,20
274,52,1,5
274,52,2,20
274,53,1,3
274,53,2,20
274,54,1,2
274,54,2,20
274,55,1,1
274,55,2,20
274,56,1,1
274,56,2,20
274,57,1,1
274,57,2,20
274,58,1,2
274,58,2,20
274,59,1,3
274,59,2,20
274,60,1,3
274,60,2,20
274,61,1,2
274,61,2,20
274,62,1,1
274,62,2,20
274,63,1,0
274,63,2,20
274,64,1,1
274,64,2,20
274,65,1,2
274,65,2,20
274,66,1,3
274,66,2,20
274,67,1,5
274,67,2,20
274,68,1,3
274,68,2,20
274,69,1,2
274,69,2,20
274,70,1,1
274,70,2,20
274,71,1,0
274,71,2,20
274,72,1,1
274,72,2,20
274,73,1,2
274,73,2,20
274,74,1,3
274,74,2,20
274,75,1,3
274,75,2,20
274,76,1,2
274,76,2,20
274,77,1,1
274,77,2,20
274,78,1,1
274,78,2,20
274,79,1,1
274,79,2,20
274,80,1,2
274,80,2,20
274,81,1,3
274,81,2,20
274,82,1,5
274,82,2,20
274,83,1,3
274,83,2,20
274,84,1,2
274,84,2,20
274,85,1,1
274,85,2,20
274,86,1,1
274,86,2,20
274,87,1,1
274,87,2,20
274,88,1,2
274,88,2,20
274,89,1,3
274,89,2,20
274,90,1,3
274,90,2,20
274,91,1,2
274,91,2,20
274,92,1,2
274,92,2,20
274,93,1,2
274,93,2,20
274,94,1,2
274,94,2,20
274,95,1,2
274,95,2,20
274,96,1,3
274,96,2,20
274,97,1,5
274,97,2,20
274,98,1,3
274,98,2,20
274,99,1,2
274,99,2,20
274,100,1,2
274,100,2,20
274,101,1,2
274,101,2,20
274,102,1,2
274,102,2,20
274,103,1,2
274,103,2,20
274,104,1,3
274,104,2,20
274,105,1,3
274,105,2,20
274,106,1,3
274,106,2,20
274,107,1,3
274,107,2,20
274,108,1,3
274,108,2,20
274,109,1,3
274,109,2,20
274,110,1,3
274,110,2,20
274,111,1,3
274,111,2,20
274,112,1,5
274,112,2,20
274,113,1,3
274,113,2,20
274,114,1,3
274,114,2,20
274,115,1,3
274,115,2,20
274,116,1,3
274,116,2,20
274,117,1,3
274,117,2,20
274,118,1,3
274,118,2,20
274,119,1,3
274,119,2,20
274,120,1,4
274,120,2,20
274,121,1,4
274,121,2,20
274,122,1,4
274,122,2,20
274,123,1,4
274,123,2,20
274,124,1,4
274,124,2,20
274,125,1,4
274,125,2,20
274,126,1,4
274,126,2,20
274,127,1,5
274,127,2,20
274,128,1,4
274,128,2,20
274,129,1,4
274,129,2,20
274,130,1,4
274,130,2,20
274,131,1,4
274,131,2,20
274,132,1,4
274,132,2,20
274,133,1,4
274,133,2,20
274,134,1,4
274,134,2,20
275,0,1,4
275,0,2,20
275,1,1,4
275,1,2,20
275,2,1,4
275,2,2,20
275,3,1,4
275,3,2,20
275,4,1,4
275,4,2,20
275,5,1,4
275,5,2,20
275,6,1,4
275,6,2,20
275,7,1,5
275,7,2,20
275,8,1,4
275,8,2,20
275,9,1,4
275,9,2,20
275,10,1,4
275,10,2,20
275,11,1,4
275,11,2,20
275,12,1,4
275,12,2,20
275,13,1,4
275,13,2,20
275,14,1,4
275,14,2,20
275,15,1,3
275,15,2,20
275,16,1,3
275,16,2,20
275,17,1,3
275,17,2,20
275,18,1,3
275,18,2,20
275,19,1,3
275,19,2,20
275,20,1,3
275,20,2,20
275,21,1,3
275,21,2,20
275,22,1,5
275,22,2,20
275,23,1,3
275,23,2,20
275,24,1,3
275,24,2,20
275,25,1,3
275,25,2,20
275,26,1,3
275,26,2,20
275,27,1,3
275,27,2,20
275,28,1,3
275,28,2,20
275,29,1,3
275,29,2,20
275,30,1,3
275,30,2,20
275,31,1,2
275,31,2,20
275,32,1,2
275,32,2,20
275,33,1,2
275,33,2,20
275,34,1,2
275,34,2,20
275,35,1,2
275,35,2,20
275,36,1,3
275,36,2,20
275,37,1,5
275,37,2,20
275,38,1,3
275,38,2,20
275,39,1,2
275,39,2,20
275,40,1,2
275,40,2,20
275,41,1,2
275,41,2,20
275,42,1,2
275,42,2,20
275,43,1,2
275,43,2,20
275,44,1,3
275,44,2,20
275,45,1,3
275,45,2,20
275,46,1,2
275,46,2,20
275,47,1,1
275,47,2,20
275,48,1,1
275,48,2,20
275,49,1,1
275,49,2,20
275,50,1,2
275,50,2,20
275,51,1,3
275,51,2,20
275,52,1,5
275,52,2,20
275,53,1,3
275,53,2,20
275,54,1,2
275,54,2,20
275,55,1,1
275,55,2,20
275,56,1,1
275,56,2,20
275,57,1,1
275,57,2,20
275,58,1,2
275,58,2,20
275,59,1,3
275,59,2,20
275,60,1,3
275,60,2,20
275,61,1,2
275,61,2,20
275,62,1,1
275,62,2,20
275,63,1,0
275,63,2,20
275,64,1,1
275,64,2,20
275,65,1,2
275,65,2,20
275,66,1,3
275,66,2,20
275,67,1,5
275,67,2,20
275,68,1,3
275,68,2,20
275,69,1,2
275,69,2,20
275,70,1,1
275,70,2,20
275,71,1,0
275,71,2,20
275,72,1,1
275,72,2,20
275,73,1,2
275,73,2,20
275,74,1,3
275,74,2,20
275,75,1,3
275,75,2,20
275,76,1,2
275,76,2,20
275,77,1,1
275,77,2,20
275,78,1,1
275,78,2,20
275,79,1,1
275,79,2,20
275,80,1,2
275,80,2,20
275,81,1,3
275,81,2,20
275,82,1,5
275,82,2,20
275,83,1,3
275,83,2,20
275,84,1,2
275,84,2,20
275,85,1,1
275,85,2,20
275,86,1,1
275,86,2,20
275,87,1,1
275,87,2,20
275,88,1,2
275,88,2,20
275,89,1,3
275,89,2,20
275,90,1,3
275,90,2,20
275,91,1,2
275,91,2,20
275,92,1,2
275,92,2,20
275,93,1,2
275,93,2,20
275,94,1,2
275,94,2,20
275,95,1,2
275,95,2,20
275,96,1,3
275,96,2,20
275,97,1,5
275,97,2,20
275,98,1,3
275,98,2,20
275,99,1,2
275,99,2,20
275,100,1,2
275,100,2,20
275,101,1,2
275,101,2,20
275,102,1,2
275,102,2,20
275,103,1,2
275,103,2,20
275,104,1,3
275,104,2,20
275,105,1,3
275,105,2,20
275,106,1,3
275,106,2,20
275,107,1,3
275,107,2,20
275,108,1,3
275,108,2,20
275,109,1,3
275,109,2,20
275,110,1,3
275,110,2,20
275,111,1,3
275,111,2,20
275,112,1,5
275,112,2,20
275,113,1,3
275,113,2,20
275,114,1,3
275,114,2,20
275,115,1,3
275,115,2,20
275,116,1,3
275,116,2,20
275,117,1,3
275,117,2,20
275,118,1,3
275,118,2,20
275,119,1,3
275,119,2,20
275,120,1,4
275,120,2,20
275,121,1,4
275,121,2,20
275,122,1,4
275,122,2,20
275,123,1,4
275,123,2,20
275,124,1,4
275,124,2,20
275,125,1,4
275,125,2,20
275,126,1,4
275,126,2,20
275,127,1,5
275,127,2,20
275,128,1,4
275,128,2,20
275,129,1,4
275,129,2,20
275,130,1,4
275,130,2,20
275,131,1,4
275,131,2,20
275,132,1,4
275,132,2,20
275,133,1,4
275,133,2,20
275,134,1,4
275,134,2,20
276,0,1,4
276,0,2,20
276,1,1,4
276,1,2,20
276,2,1,4
276,2,2,20
276,3,1,4
276,3,2,20
276,4,1,4
276,4,2,20
276,5,1,4
276,5,2,20
276,6,1,4
276,6,2,20
276,7,1,5
276,7,2,20
276,8,1,4
276,8,2,20
276,9,1,4
276,9,2,20
276,10,1,4
276,10,2,20
276,11,1,4
276,11,2,20
276,12,1,4
276,12,2,20
276,13,1,4
276,13,2,20
276,14,1,4
276,14,2,20
276,15,1,3
276,15,2,20
276,16,1,3
276,16,2,20
276,17,1,3
276,17,2,20
276,18,1,3
276,18,2,20
276,19,1,3
276,19,2,20
276,20,1,3
276,20,2,20
276,21,1,3
276,21,2,20
276,22,1,5
276,22,2,20
276,23,1,3
276,23,2,20
276,24,1,3
276,24,2,20
276,25,1,3
276,25,2,20
276,26,1,3
276,26,2,20
276,27,1,3
276,27,2,20
276,28,1,3
276,28,2,20
276,29,1,3
276,29,2,20
276,30,1,3
276,30,2,20
276,31,1,2
276,31,2,20
276,32,1,2
276,32,2,20
276,33,1,2
276,33,2,20
276,34,1,2
276,34,2,20
276,35,1,2
276,35,2,20
276,36,1,3
276,36,2,20
276,37,1,5
276,37,2,20
276,38,1,3
276,38,2,20
276,39,1,2
276,39,2,20
276,40,1,2
276,40,2,20
276,41,1,2
276,41,2,20
276,42,1,2
276,42,2,20
276,43,1,2
276,43,2,20
276,44,1,3
276,44,2,20
276,45,1,3
276,45,2,20
276,46,1,2
276,46,2,20
276,47,1,1
276,47,2,20
276,48,1,1
276,48,2,20
276,49,1,1
276,49,2,20
276,50,1,2
276,50,2,20
276,51,1,3
276,51,2,20
276,52,1,5
276,52,2,20
276,53,1,3
276,53,2,20
276,54,1,2
276,54,2,20
276,55,1,1
276,55,2,20
276,56,1,1
276,56,2,20
276,57,1,1
276,57,2,20
276,58,1,2
276,58,2,20
276,59,1,3
276,59,2,20
276,60,1,3
276,60,2,20
276,61,1,2
276,61,2,20
276,62,1,1
276,62,2,20
276,63,1,0
276,63,2,20
276,64,1,1
276,64,2,20
276,65,1,2
276,65,2,20
276,66,1,3
276,66,2,20
276,67,1,5
276,67,2,20
276,68,1,3
276,68,2,20
276,69,1,2
276,69,2,20
276,70,1,1
276,70,2,20
276,71,1,0
276,71,2,20
276,72,1,1
276,72,2,20
276,73,1,2
276,73,2,20
276,74,1,3
276,74,2,20
276,75,1,3
276,75,2,20
276,76,1,2
276,76,2,20
276,77,1,1
276,77,2,20
276,78,1,1
276,78,2,20
276,79,1,1
276,79,2,20
276,80,1,2
276,80,2,20
276,81,1,3
276,81,2,20
276,82,1,5
276,82,2,20
276,83,1,3
276,83,2,20
276,84,1,2
276,84,2,20
276,85,1,1
276,85,2,20
276,86,1,1
276,86,2,20
276,87,1,1
276,87,2,20
276,88,1,2
276,88,2,20
276,89,1,3
276,89,2,20
276,90,1,3
276,90,2,20
276,91,1,2
276,91,2,20
276,92,1,2
276,92,2,20
276,93,1,2
276,93,2,20
276,94,1,2
276,94,2,20
276,95,1,2
276,95,2,20
276,96,1,3
276,96,2,20
276,97,1,5
276,97,2,20
276,98,1,3
276,98,2,20
276,99,1,2
276,99,2,20
276,100,1,2
276,100,2,20
276,101,1,2
276,101,2,20
276,102,1,2
276,102,2,20
276,103,1,2
276,103,2,20
276,104,1,3
276,104,2,20
276,105,1,3
276,105,2,20
276,106,1,3
276,106,2,20
276,107,1,3
276,107,2,20
276,108,1,3
276,108,2,20
276,109,1,3
276,109,2,20
276,110,1,3
276,110,2,20
276,111,1,3
276,111,2,20
276,112,1,5
276,112,2,20
276,113,1,3
276,113,2,20
276,114,1,3
276,114,2,20
276,115,1,3
276,115,2,20
276,116,1,3
276,116,2,20
276,117,1,3
276,117,2,20
276,118,1,3
276,118,2,20
276,119,1,3
276,119,2,20
276,120,1,4
276,120,2,20
276,121,1,4
276,121,2,20
276,122,1,4
276,122,2,20
276,123,1,4
276,123,2,20
276,124,1,4
276,124,2,20
276,125,1,4
276,125,2,20
276,126,1,4
276,126,2,20
276,127,1,5
276,127,2,20
276,128,1,4
276,128,2,20
276,129,1,4
276,129,2,20
276,130,1,4
276,130,2,20
276,131,1,4
276,131,2,20
276,132,1,4
276,132,2,20
276,133,1,4
276,133,2,20
276,134,1,4
276,134,2,20
277,0,1,4
277,0,2,20
277,1,1,4
277,1,2,20
277,2,1,4
277,2,2,20
277,3,1,4
277,3,2,20
277,4,1,4
277,4,2,20
277,5,1,4
277,5,2,20
277,6,1,4
277,6,2,20
277,7,1,5
277,7,2,20
277,8,1,4
277,8,2,20
277,9,1,4
277,9,2,20
277,10,1,4
277,10,2,20
277,11,1,4
277,11,2,20
277,12,1,4
277,12,2,20
277,13,1,4
277,13,2,20
277,14,1,4
277,14,2,20
277,15,1,3
277,15,2,20
277,16,1,3
277,16,2,20
277,17,1,3
277,17,2,20
277,18,1,3
277,18,2,20
277,19,1,3
277,19,2,20
277,20,1,3
277,20,2,20
277,21,1,3
277,21,2,20
277,22,1,5
277,22,2,20
277,23,1,3
277,23,2,20
277,24,1,3
277,24,2,20
277,25,1,3
277,25,2,20
277,26,1,3
277,26,2,20
277,27,1,3
277,27,2,20
277,28,1,3
277,28,2,20
277,29,1,3
277,29,2,20
277,30,1,3
277,30,2,20
277,31,1,2
277,31,2,20
277,32,1,2
277,32,2,20
277,33,1,2
277,33,2,20
277,34,1,2
277,34,2,20
277,35,1,2
277,35,2,20
277,36,1,3
277,36,2,20
277,37,1,5
277,37,2,20
277,38,1,3
277,38,2,20
277,39,1,2
277,39,2,20
277,40,1,2
277,40,2,20
277,41,1,2
277,41,2,20
277,42,1,2
277,42,2,20
277,43,1,2
277,43,2,20
277,44,1,3
277,44,2,20
277,45,1,3
277,45,2,20
277,46,1,2
277,46,2,20
277,47,1,1
277,47,2,20
277,48,1,1
277,48,2,20
277,49,1,1
277,49,2,20
277,50,1,2
277,50,2,20
277,51,1,3
277,51,2,20
277,52,1,5
277,52,2,20
277,53,1,3
277,53,2,20
277,54,1,2
277,54,2,20
277,55,1,1
277,55,2,20
277,56,1,1
277,56,2,20
277,57,1,1
277,57,2,20
277,58,1,2
277,58,2,20
277,59,1,3
277,59,2,20
277,60,1,3
277,60,2,20
277,61,1,2
277,61,2,20
277,62,1,1
277,62,2,20
277,63,1,0
277,63,2,20
277,64,1,1
277,64,2,20
277,65,1,2
277,65,2,20
277,66,1,3
277,66,2,20
277,67,1,5
277,67,2,20
277,68,1,3
277,68,2,20
277,69,1,2
277,69,2,20
277,70,1,1
277,70,2,20
277,71,1,0
277,71,2,20
277,72,1,1
277,72,2,20
277,73,1,2
277,73,2,20
277,74,1,3
277,74,2,20
277,75,1,3
277,75,2,20
277,76,1,2
277,76,2,20
277,77,1,1
277,77,2,20
277,78,1,1
277,78,2,20
277,79,1,1
277,79,2,20
277,80,1,2
277,80,2,20
277,81,1,3
277,81,2,20
277,82,1,5
277,82,2,20
277,83,1,3
277,83,2,20
277,84,1,2
277,84,2,20
277,85,1,1
277,85,2,20
277,86,1,1
277,86,2,20
277,87,1,1
277,87,2,20
277,88,1,2
277,88,2,20
277,89,1,3
277,89,2,20
277,90,1,3
277,90,2,20
277,91,1,2
277,91,2,20
277,92,1,2
277,92,2,20
277,93,1,2
277,93,2,20
277,94,1,2
277,94,2,20
277,95,1,2
277,95,2,20
277,96,1,3
277,96,2,20
277,97,1,5
277,97,2,20
277,98,1,3
277,98,2,20
277,99,1,2
277,99,2,20
277,100,1,2
277,100,2,20
277,101,1,2
277,101,2,20
277,102,1,2
277,102,2,20
277,103,1,2
277,103,2,20
277,104,1,3
277,104,2,20
277,105,1,3
277,105,2,20
277,106,1,3
277,106,2,20
277,107,1,3
277,107,2,20
277,108,1,3
277,108,2,20
277,109,1,3
277,109,2,20
277,110,1,3
277,110,2,20
277,111,1,3
277,111,2,20
277,112,1,5
277,112,2,20
277,113,1,3
277,113,2,20
277,114,1,3
277,114,2,20
277,115,1,3
277,115,2,20
277,116,1,3
277,116,2,20
277,117,1,3
277,117,2,20
277,118,1,3
277,118,2,20
277,119,1,3
277,119,2,20
277,120,1,4
277,120,2,20
277,121,1,4
277,121,2,20
277,122,1,4
277,122,2,20
277,123,1,4
277,123,2,20
277,124,1,4
277,124,2,20
277,125,1,4
277,125,2,20
277,126,1,4
277,126,2,20
277,127,1,5
277,127,2,20
277,128,1,4
277,128,2,20
277,129,1,4
277,129,2,20
277,130,1,4
277,130,2,20
277,131,1,4
277,131,2,20
277,132,1,4
277,132,2,20
277,133,1,4
277,133,2,20
277,134,1,4
277,134,2,20
278,0,1,4
278,0,2,20
278,1,1,4
278,1,2,20
278,2,1,4
278,2,2,20
278,3,1,4
278,3,2,20
278,4,1,4
278,4,2,20
278,5,1,4
278,5,2,20
278,6,1,4
278,6,2,20
278,7,1,5
278,7,2,20
278,8,1,4
278,8,2,20
278,9,1,4
278,9,2,20
278,10,1,4
278,10,2,20
278,11,1,4
278,11,2,20
278,12,1,4
278,12,2,20
278,13,1,4
278,13,2,20
278,14,1,4
278,14,2,20
278,15,1,3
278,15,2,20
278,16,1,3
278,16,2,20
278,17,1,3
278,17,2,20
278,18,1,3
278,18,2,20
278,19,1,3
278,19,2,20
278,20,1,3
278,20,2,20
278,21,1,3
278,21,2,20
278,22,1,5
278,22,2,20
278,23,1,3
278,23,2,20
278,24,1,3
278,24,2,20
278,25,1,3
278,25,2,20
278,26,1,3
278,26,2,20
278,27,1,3
278,27,2,20
278,28,1,3
278,28,2,20
278,29,1,3
278,29,2,20
278,30,1,3
278,30,2,20
278,31,1,2
278,31,2,20
278,32,1,2
278,32,2,20
278,33,1,2
278,33,2,20
278,34,1,2
278,34,2,20
278,35,1,2
278,35,2,20
278,36,1,3
278,36,2,20
278,37,1,5
278,37,2,20
278,38,1,3
278,38,2,20
278,39,1,2
278,39,2,20
278,40,1,2
278,40,2,20
278,41,1,2
278,41,2,20
278,42,1,2
278,42,2,20
278,43,1,2
278,43,2,20
278,44,1,3
278,44,2,20
278,45,1,3
278,45,2,20
278,46,1,2
278,46,2,20
278,47,1,1
278,47,2,20
278,48,1,1
278,48,2,20
278,49,1,1
278,49,2,20
278,50,1,2
278,50,2,20
278,51,1,3
278,51,2,20
278,52,1,5
278,52,2,20
278,53,1,3
278,53,2,20
278,54,1,2
278,54,2,20
278,55,1,1
278,55,2,20
278,56,1,1
278,56,2,20
278,57,1,1
278,57,2,20
278,58,1,2
278,58,2,20
278,59,1,3
278,59,2,20
278,60,1,3
278,60,2,20
278,61,1,2
278,61,2,20
278,62,1,1
278,62,2,20
278,63,1,0
278,63,2,20
278,64,1,1
278,64,2,20
278,65,1,2
278,65,2,20
278,66,1,3
278,66,2,20
278,67,1,5
278,67,2,20
278,68,1,3
278,68,2,20
278,69,1,2
278,69,2,20
278,70,1,1
278,70,2,20
278,71,1,0
278,71,2,20
278,72,1,1
278,72,2,20
278,73,1,2
278,73,2,20
278,74,1,3
278,74,2,20
278,75,1,3
278,75,2,20
278,76,1,2
278,76,2,20
278,77,1,1
278,77,2,20
278,78,1,1
278,78,2,20
278,79,1,1
278,79,2,20
278,80,1,2
278,80,2,20
278,81,1,3
278,81,2,20
278,82,1,5
278,82,2,20
278,83,1,3
278,83,2,20
278,84,1,2
278,84,2,20
278,85,1,1
278,85,2,20
278,86,1,1
278,86,2,20
278,87,1,1
278,87,2,20
278,88,1,2
278,88,2,20
278,89,1,3
278,89,2,20
278,90,1,3
278,90,2,20
278,91,1,2
278,91,2,20
278,92,1,2
278,92,2,20
278,93,1,2
278,93,2,20
278,94,1,2
278,94,2,20
278,95,1,2
278,95,2,20
278,96,1,3
278,96,2,20
278,97,1,5
278,97,2,20
278,98,1,3
278,98,2,20
278,99,1,2
278,99,2,20
278,100,1,2
278,100,2,20
278,101,1,2
278,101,2,20
278,102,1,2
278,102,2,20
278,103,1,2
278,103,2,20
278,104,1,3
278,104,2,20
278,105,1,3
278,105,2,20
278,106,1,3
278,106,2,20
278,107,1,3
278,107,2,20
278,108,1,3
278,108,2,20
278,109,1,3
278,109,2,20
278,110,1,3
278,110,2,20
278,111,1,3
278,111,2,20
278,112,1,5
278,112,2,20
278,113,1,3
278,113,2,20
278,114,1,3
278,114,2,20
278,115,1,3
278,115,2,20
278,116,1,3
278,116,2,20
278,117,1,3
278,117,2,20
278,118,1,3
278,118,2,20
278,119,1,3
278,119,2,20
278,120,1,4
278,120,2,20
278,121,1,4
278,121,2,20
278,122,1,4
278,122,2,20
278,123,1,4
278,123,2,20
278,124,1,4
278,124,2,20
278,125,1,4
278,125,2,20
278,126,1,4
278,126,2,20
278,127,1,5
278,127,2,20
278,128,1,4
278,128,2,20
278,129,1,4
278,129,2,20
278,130,1,4
278,130,2,20
278,131,1,4
278,131,2,20
278,132,1,4
278,132,2,20
278,133,1,4
278,133,2,20
278,134,1,4
278,134,2,20
279,0,1,4
279,0,2,20
279,1,1,4
279,1,2,20
279,2,1,4
279,2,2,20
279,3,1,4
279,3,2,20
279,4,1,4
279,4,2,20
279,5,1,4
279,5,2,20
279,6,1,4
279,6,2,20
279,7,1,5
279,7,2,20
279,8,1,4
279,8,2,20
279,9,1,4
279,9,2,20
279,10,1,4
279,10,2,20
279,11,1,4
279,11,2,20
279,12,1,4
279,12,2,20
279,13,1,4
279,13,2,20
279,14,1,4
279,14,2,20
279,15,1,3
279,15,2,20
279,16,1,3
279,16,2,20
279,17,1,3
279,17,2,20
279,18,1,3
279,18,2,20
279,19,1,3
279,19,2,20
279,20,1,3
279,20,2,20
279,21,1,3
279,21,2,20
279,22,1,5
279,22,2,20
279,23,1,3
279,23,2,20
279,24,1,3
279,24,2,20
279,25,1,3
279,25,2,20
279,26,1,3
279,26,2,20
279,27,1,3
279,27,2,20
279,28,1,3
279,28,2,20
279,29,1,3
279,29,2,20
279,30,1,3
279,30,2,20
279,31,1,2
279,31,2,20
279,32,1,2
279,32,2,20
279,33,1,2
279,33,2,20
279,34,1,2
279,34,2,20
279,35,1,2
279,35,2,20
279,36,1,3
279,36,2,20
279,37,1,5
279,37,2,20
279,38,1,3
279,38,2,20
279,39,1,2
279,39,2,20
279,40,1,2
279,40,2,20
279,41,1,2
279,41,2,20
279,42,1,2
279,42,2,20
279,43,1,2
279,43,2,20
279,44,1,3
279,44,2,20
279,45,1,3
279,45,2,20
279,46,1,2
279,46,2,20
279,47,1,1
279,47,2,20
279,48,1,1
279,48,2,20
279,49,1,1
279,49,2,20
279,50,1,2
279,50,2,20
279,51,1,3
279,51,2,20
279,52,1,5
279,52,2,20
279,53,1,3
279,53,2,20
279,54,1,2
279,54,2,20
279,55,1,1
279,55,2,20
279,56,1,1
279,56,2,20
279,57,1,1
279,57,2,20
279,58,1,2
279,58,2,20
279,59,1,3
279,59,2,20
279,60,1,3
279,60,2,20
279,61,1,2
279,61,2,20
279,62,1,1
279,62,2,20
279,63,1,0
279,63,2,20
279,64,1,1
279,64,2,20
279,65,1,2
279,65,2,20
279,66,1,3
279,66,2,20
279,67,1,5
279,67,2,20
279,68,1,3
279,68,2,20
279,69,1,2
279,69,2,20
279,70,1,1
279,70,2,20
279,71,1,0
279,71,2,20
279,72,1,1
279,72,2,20
279,73,1,2
279,73,2,20
279,74,1,3
279,74,2,20
279,75,1,3
279,75,2,20
279,76,1,2
279,76,2,20
279,77,1,1
279,77,2,20
279,78,1,1
279,78,2,20
279,79,1,1
279,79,2,20
279,80,1,2
279,80,2,20
279,81,1,3
279,81,2,20
279,82,1,5
279,82,2,20
279,83,1,3
279,83,2,20
279,84,1,2
279,84,2,20
279,85,1,1
279,85,2,20
279,86,1,1
279,86,2,20
279,87,1,1
279,87,2,20
279,88,1,2
279,88,2,20
279,89,1,3
279,89,2,20
279,90,1,3
279,90,2,20
279,91,1,2
279,91,2,20
279,92,1,2
279,92,2,20
279,93,1,2
279,93,2,20
279,94,1,2
279,94,2,20
279,95,1,2
279,95,2,20
279,96,1,3
279,96,2,20
279,97,1,5
279,97,2,20
279,98,1,3
279,98,2,20
279,99,1,2
279,99,2,20
279,100,1,2
279,100,2,20
279,101,1,2
279,101,2,20
279,102,1,2
279,102,2,20
279,103,1,2
279,103,2,20
279,104,1,3
279,104,2,20
279,105,1,3
279,105,2,20
279,106,1,3
279,106,2,20
279,107,1,3
279,107,2,20
279,108,1,3
279,108,2,20
279,109,1,3
279,109,2,20
279,110,1,3
279,110,2,20
279,111,1,3
279,111,2,20
279,112,1,5
279,112,2,20
279,113,1,3
279,113,2,20
279,114,1,3
279,114,2,20
279,115,1,3
279,115,2,20
279,116,1,3
279,116,2,20
279,117,1,3
279,117,2,20
279,118,1,3
279,118,2,20
279,119,1,3
279,119,2,20
279,120,1,4
279,120,2,20
279,121,1,4
279,121,2,20
279,122,1,4
279,122,2,20
279,123,1,4
279,123,2,20
279,124,1,4
279,124,2,20
279,125,1,4
279,125,2,20
279,126,1,4
279,126,2,20
279,127,1,5
279,127,2,20
279,128,1,4
279,128,2,20
279,129,1,4
279,129,2,20
279,130,1,4
279,130,2,20
279,131,1,4
279,131,2,20
279,132,1,4
279,132,2,20
279,133,1,4
279,133,2,20
279,134,1,4
279,134,2,20
280,0,1,4
280,0,2,20
280,1,1,4
280,1,2,20
280,2,1,4
280,2,2,20
280,3,1,4
280,3,2,20
280,4,1,4
280,4,2,20
280,5,1,4
280,5,2,20
280,6,1,4
280,6,2,20
280,7,1,5
280,7,2,20
280,8,1,4
280,8,2,20
280,9,1,4
280,9,2,20
280,10,1,4
280,10,2,20
280,11,1,4
280,11,2,20
280,12,1,4
280,12,2,20
280,13,1,4
280,13,2,20
280,14,1,4
280,14,2,20
280,15,1,3
280,15,2,20
280,16,1,3
280,16,2,20
280,17,1,3
280,17,2,20
280,18,1,3
280,18,2,20
280,19,1,3
280,19,2,20
280,20,1,3
280,20,2,20
280,21,1,3
280,21,2,20
280,22,1,5
280,22,2,20
280,23,1,3
280,23,2,20
280,24,1,3
280,24,2,20
280,25,1,3
280,25,2,20
280,26,1,3
280,26,2,20
280,27,1,3
280,27,2,20
280,28,1,3
280,28,2,20
280,29,1,3
280,29,2,20
280,30,1,3
280,30,2,20
280,31,1,2
280,31,2,20
280,32,1,2
280,32,2,20
280,33,1,2
280,33,2,20
280,34,1,2
280,34,2,20
280,35,1,2
280,35,2,20
280,36,1,3
280,36,2,20
280,37,1,5
280,37,2,20
280,38,1,3
280,38,2,20
280,39,1,2
280,39,2,20
280,40,1,2
280,40,2,20
280,41,1,2
280,41,2,20
280,42,1,2
280,42,2,20
280,43,1,2
280,43,2,20
280,44,1,3
280,44,2,20
280,45,1,3
280,45,2,20
280,46,1,2
280,46,2,20
280,47,1,1
280,47,2,20
280,48,1,1
280,48,2,20
280,49,1,1
280,49,2,20
280,50,1,2
280,50,2,20
280,51,1,3
280,51,2,20
280,52,1,5
280,52,2,20
280,53,1,3
280,53,2,20
280,54,1,2
280,54,2,20
280,55,1,1
280,55,2,20
280,56,1,1
280,56,2,20
280,57,1,1
280,57,2,20
280,58,1,2
280,58,2,20
280,59,1,3
280,59,2,20
280,60,1,3
280,60,2,20
280,61,1,2
280,61,2,20
280,62,1,1
280,62,2,20
280,63,1,0
280,63,2,20
280,64,1,1
280,64,2,20
280,65,1,2
280,65,2,20
280,66,1,3
280,66,2,20
280,67,1,5
280,67,2,20
280,68,1,3
280,68,2,20
280,69,1,2
280,69,2,20
280,70,1,1
280,70,2,20
280,71,1,0
280,71,2,20
280,72,1,1
280,72,2,20
280,73,1,2
280,73,2,20
280,74,1,3
280,74,2,20
280,75,1,3
280,75,2,20
280,76,1,2
280,76,2,20
280,77,1,1
280,77,2,20
280,78,1,1
280,78,2,20
280,79,1,1
280,79,2,20
280,80,1,2
280,80,2,20
280,81,1,3
280,81,2,20
280,82,1,5
280,82,2,20
280,83,1,3
280,83,2,20
280,84,1,2
280,84,2,20
280,85,1,1
280,85,2,20
280,86,1,1
280,86,2,20
280,87,1,1
280,87,2,20
280,88,1,2
280,88,2,20
280,89,1,3
280,89,2,20
280,90,1,3
280,90,2,20
280,91,1,2
280,91,2,20
280,92,1,2
280,92,2,20
280,93,1,2
280,93,2,20
280,94,1,2
280,94,2,20
280,95,1,2
280,95,2,20
280,96,1,3
280,96,2,20
280,97,1,5
280,97,2,20
280,98,1,3
280,98,2,20
280,99,1,2
280,99,2,20
280,100,1,2
280,100,2,20
280,101,1,2
280,101,2,20
280,102,1,2
280,102,2,20
280,103,1,2
280,103,2,20
280,104,1,3
280,104,2,20
280,105,1,3
280,105,2,20
280,106,1,3
280,106,2,20
280,107,1,3
280,107,2,20
280,108,1,3
280,108,2,20
280,109,1,3
280,109,2,20
280,110,1,3
280,110,2,20
280,111,1,3
280,111,2,20
280,112,1,5
280,112,2,20
280,113,1,3
280,113,2,20
280,114,1,3
280,114,2,20
280,115,1,3
280,115,2,20
280,116,1,3
280,116,2,20
280,117,1,3
280,117,2,20
280,118,1,3
280,118,2,20
280,119,1,3
280,119,2,20
280,120,1,4
280,120,2,20
280,121,1,4
280,121,2,20
280,122,1,4
280,122,2,20
280,123,1,4
280,123,2,20
280,124,1,4
280,124,2,20
280,125,1,4
280,125,2,20
280,126,1,4
280,126,2,20
280,127,1,5
280,127,2,20
280,128,1,4
280,128,2,20
280,129,1,4
280,129,2,20
280,130,1,4
280,130,2,20
280,131,1,4
280,131,2,20
280,132,1,4
280,132,2,20
280,133,1,4
280,133,2,20
280,134,1,4
280,134,2,20
281,0,1,4
281,0,2,20
281,1,1,4
281,1,2,20
281,2,1,4
281,2,2,20
281,3,1,4
281,3,2,20
281,4,1,4
281,4,2,20
281,5,1,4
281,5,2,20
281,6,1,4
281,6,2,20
281,7,1,5
281,7,2,20
281,8,1,4
281,8,2,20
281,9,1,4
281,9,2,20
281,10,1,4
281,10,2,20
281,11,1,4
281,11,2,20
281,12,1,4
281,12,2,20
281,13,1,4
281,13,2,20
281,14,1,4
281,14,2,20
281,15,1,3
281,15,2,20
281,16,1,3
281,16,2,20
281,17,1,3
281,17,2,20
281,18,1,3
281,18,2,20
281,19,1,3
281,19,2,20
281,20,1,3
281,20,2,20
281,21,1,3
281,21,2,20
281,22,1,5
281,22,2,20
281,23,1,3
281,23,2,20
281,24,1,3
281,24,2,20
281,25,1,3
281,25,2,20
281,26,1,3
281,26,2,20
281,27,1,3
281,27,2,20
281,28,1,3
281,28,2,20
281,29,1,3
281,29,2,20
281,30,1,3
281,30,2,20
281,31,1,2
281,31,2,20
281,32,1,2
281,32,2,20
281,33,1,2
281,33,2,20
281,34,1,2
281,34,2,20
281,35,1,2
281,35,2,20
281,36,1,3
281,36,2,20
281,37,1,5
281,37,2,20
281,38,1,3
281,38,2,20
281,39,1,2
281,39,2,20
281,40,1,2
281,40,2,20
281,41,1,2
281,41,2,20
281,42,1,2
281,42,2,20
281,43,1,2
281,43,2,20
281,44,1,3
281,44,2,20
281,45,1,3
281,45,2,20
281,46,1,2
281,46,2,20
281,47,1,1
281,47,2,20
281,48,1,1
281,48,2,20
281,49,1,1
281,49,2,20
281,50,1,2
281,50,2,20
281,51,1,3
281,51,2,20
281,52,1,5
281,52,2,20
281,53,1,3
281,53,2,20
281,54,1,2
281,54,2,20
281,55,1,1
281,55,2,20
281,56,1,1
281,56,2,20
281,57,1,1
281,57,2,20
281,58,1,2
281,58,2,20
281,59,1,3
281,59,2,20
281,60,1,3
281,60,2,20
281,61,1,2
281,61,2,20
281,62,1,1
281,62,2,20
281,63,1,0
281,63,2,20
281,64,1,1
281,64,2,20
281,65,1,2
281,65,2,20
281,66,1,3
281,66,2,20
281,67,1,5
281,67,2,20
281,68,1,3
281,68,2,20
281,69,1,2
281,69,2,20
281,70,1,1
281,70,2,20
281,71,1,0
281,71,2,20
281,72,1,1
281,72,2,20
281,73,1,2
281,73,2,20
281,74,1,3
281,74,2,20
281,75,1,3
281,75,2,20
281,76,1,2
281,76,2,20
281,77,1,1
281,77,2,20
281,78,1,1
281,78,2,20
281,79,1,1
281,79,2,20
281,80,1,2
281,80,2,20
281,81,1,3
281,81,2,20
281,82,1,5
281,82,2,20
281,83,1,3
281,83,2,20
281,84,1,2
281,84,2,20
281,85,1,1
281,85,2,20
281,86,1,1
281,86,2,20
281,87,1,1
281,87,2,20
281,88,1,2
281,88,2,20
281,89,1,3
281,89,2,20
281,90,1,3
281,90,2,20
281,91,1,2
281,91,2,20
281,92,1,2
281,92,2,20
281,93,1,2
281,93,2,20
281,94,1,2
281,94,2,20
281,95,1,2
281,95,2,20
281,96,1,3
281,96,2,20
281,97,1,5
281,97,2,20
281,98,1,3
281,98,2,20
281,99,1,2
281,99,2,20
281,100,1,2
281,100,2,20
281,101,1,2
281,101,2,20
281,102,1,2
281,102,2,20
281,103,1,2
281,103,2,20
281,104,1,3
281,104,2,20
281,105,1,3
281,105,2,20
281,106,1,3
281,106,2,20
281,107,1,3
281,107,2,20
281,108,1,3
281,108,2,20
281,109,1,3
281,109,2,20
281,110,1,3
281,110,2,20
281,111,1,3
281,111,2,20
281,112,1,5
281,112,2,20
281,113,1,3
281,113,2,20
281,114,1,3
281,114,2,20
281,115,1,3
281,115,2,20
281,116,1,3
281,116,2,20
281,117,1,3
281,117,2,20
281,118,1,3
281,118,2,20
281,119,1,3
281,119,2,20
281,120,1,4
281,120,2,20
281,121,1,4
281,121,2,20
281,122,1,4
281,122,2,20
281,123,1,4
281,123,2,20
281,124,1,4
281,124,2,20
281,125,1,4
281,125,2,20
281,126,1,4
281,126,2,20
281,127,1,5
281,127,2,20
281,128,1,4
281,128,2,20
281,129,1,4
281,129,2,20
281,130,1,4
281,130,2,20
281,131,1,4
281,131,2,20
281,132,1,4
281,132,2,20
281,133,1,4
281,133,2,20
281,134,1,4
281,134,2,20
282,0,1,4
282,0,2,20
282,1,1,4
282,1,2,20
282,2,1,4
282,2,2,20
282,3,1,4
282,3,2,20
282,4,1,4
282,4,2,20
282,5,1,4
282,5,2,20
282,6,1,4
282,6,2,20
282,7,1,5
282,7,2,20
282,8,1,4
282,8,2,20
282,9,1,4
282,9,2,20
282,10,1,4
282,10,2,20
282,11,1,4
282,11,2,20
282,12,1,4
282,12,2,20
282,13,1,4
282,13,2,20
282,14,1,4
282,14,2,20
282,15,1,3
282,15,2,20
282,16,1,3
282,16,2,20
282,17,1,3
282,17,2,20
282,18,1,3
282,18,2,20
282,19,1,3
282,19,2,20
282,20,1,3
282,20,2,20
282,21,1,3
282,21,2,20
282,22,1,5
282,22,2,20
282,23,1,3
282,23,2,20
282,24,1,3
282,24,2,20
282,25,1,3
282,25,2,20
282,26,1,3
282,26,2,20
282,27,1,3
282,27,2,20
282,28,1,3
282,28,2,20
282,29,1,3
282,29,2,20
282,30,1,3
282,30,2,20
282,31,1,2
282,31,2,20
282,32,1,2
282,32,2,20
282,33,1,2
282,33,2,20
282,34,1,2
282,34,2,20
282,35,1,2
282,35,2,20
282,36,1,3
282,36,2,20
282,37,1,5
282,37,2,20
282,38,1,3
282,38,2,20
282,39,1,2
282,39,2,20
282,40,1,2
282,40,2,20
282,41,1,2
282,41,2,20
282,42,1,2
282,42,2,20
282,43,1,2
282,43,2,20
282,44,1,3
282,44,2,20
282,45,1,3
282,45,2,20
282,46,1,2
282,46,2,20
282,47,1,1
282,47,2,20
282,48,1,1
282,48,2,20
282,49,1,1
282,49,2,20
282,50,1,2
282,50,2,20
282,51,1,3
282,51,2,20
282,52,1,5
282,52,2,20
282,53,1,3
282,53,2,20
282,54,1,2
282,54,2,20
282,55,1,1
282,55,2,20
282,56,1,1
282,56,2,20
282,57,1,1
282,57,2,20
282,58,1,2
282,58,2,20
282,59,1,3
282,59,2,20
282,60,1,3
282,60,2,20
282,61,1,2
282,61,2,20
282,62,1,1
282,62,2,20
282,63,1,0
282,63,2,20
282,64,1,1
282,64,2,20
282,65,1,2
282,65,2,20
282,66,1,3
282,66,2,20
282,67,1,5
282,67,2,20
282,68,1,3
282,68,2,20
282,69,1,2
282,69,2,20
282,70,1,1
282,70,2,20
282,71,1,0
282,71,2,20
282,72,1,1
282,72,2,20
282,73,1,2
282,73,2,20
282,74,1,3
282,74,2,20
282,75,1,3
282,75,2,20
282,76,1,2
282,76,2,20
282,77,1,1
282,77,2,20
282,78,1,1
282,78,2,20
282,79,1,1
282,79,2,20
282,80,1,2
282,80,2,20
282,81,1,3
282,81,2,20
282,82,1,5
282,82,2,20
282,83,1,3
282,83,2,20
282,84,1,2
282,84,2,20
282,85,1,1
282,85,2,20
282,86,1,1
282,86,2,20
282,87,1,1
282,87,2,20
282,88,1,2
282,88,2,20
282,89,1,3
282,89,2,20
282,90,1,3
282,90,2,20
282,91,1,2
282,91,2,20
282,92,1,2
282,92,2,20
282,93,1,2
282,93,2,20
282,94,1,2
282,94,2,20
282,95,1,2
282,95,2,20
282,96,1,3
282,96,2,20
282,97,1,5
282,97,2,20
282,98,1,3
282,98,2,20
282,99,1,2
282,99,2,20
282,100,1,2
282,100,2,20
282,101,1,2
282,101,2,20
282,102,1,2
282,102,2,20
282,103,1,2
282,103,2,20
282,104,1,3
282,104,2,20
282,105,1,3
282,105,2,20
282,106,1,3
282,106,2,20
282,107,1,3
282,107,2,20
282,108,1,3
282,108,2,20
282,109,1,3
282,109,2,20
282,110,1,3
282,110,2,20
282,111,1,3
282,111,2,20
282,112,1,5
282,112,2,20
282,113,1,3
282,113,2,20
282,114,1,3
282,114,2,20
282,115,1,3
282,115,2,20
282,116,1,3
282,116,2,20
282,117,1,3
282,117,2,20
282,118,1,3
282,118,2,20
282,119,1,3
282,119,2,20
282,120,1,4
282,120,2,20
282,121,1,4
282,121,2,20
282,122,1,4
282,122,2,20
282,123,1,4
282,123,2,20
282,124,1,4
282,124,2,20
282,125,1,4
282,125,2,20
282,126,1,4
282,126,2,20
282,127,1,5
282,127,2,20
282,128,1,4
282,128,2,20
282,129,1,4
282,129,2,20
282,130,1,4
282,130,2,20
282,131,1,4
282,131,2,20
282,132,1,4
282,132,2,20
282,133,1,4
282,133,2,20
282,134,1,4
282,134,2,20
283,0,1,4
283,0,2,20
283,1,1,4
283,1,2,20
283,2,1,4
283,2,2,20
283,3,1,4
283,3,2,20
283,4,1,4
283,4,2,20
283,5,1,4
283,5,2,20
283,6,1,4
283,6,2,20
283,7,1,5
283,7,2,20
283,8,1,4
283,8,2,20
283,9,1,4
283,9,2,20
283,10,1,4
283,10,2,20
283,11,1,4
283,11,2,20
283,12,1,4
283,12,2,20
283,13,1,4
283,13,2,20
283,14,1,4
283,14,2,20
283,15,1,3
283,15,2,20
283,16,1,3
283,16,2,20
283,17,1,3
283,17,2,20
283,18,1,3
283,18,2,20
283,19,1,3
283,19,2,20
283,20,1,3
283,20,2,20
283,21,1,3
283,21,2,20
283,22,1,5
283,22,2,20
283,23,1,3
283,23,2,20
283,24,1,3
283,24,2,20
283,25,1,3
283,25,2,20
283,26,1,3
283,26,2,20
283,27,1,3
283,27,2,20
283,28,1,3
283,28,2,20
283,29,1,3
283,29,2,20
283,30,1,3
283,30,2,20
283,31,1,2
283,31,2,20
283,32,1,2
283,32,2,20
283,33,1,2
283,33,2,20
283,34,1,2
283,34,2,20
283,35,1,2
283,35,2,20
283,36,1,3
283,36,2,20
283,37,1,5
283,37,2,20
283,38,1,3
283,38,2,20
283,39,1,2
283,39,2,20
283,40,1,2
283,40,2,20
283,41,1,2
283,41,2,20
283,42,1,2
283,42,2,20
283,43,1,2
283,43,2,20
283,44,1,3
283,44,2,20
283,45,1,3
283,45,2,20
283,46,1,2
283,46,2,20
283,47,1,1
283,47,2,20
283,48,1,1
283,48,2,20
283,49,1,1
283,49,2,20
283,50,1,2
283,50,2,20
283,51,1,3
283,51,2,20
283,52,1,5
283,52,2,20
283,53,1,3
283,53,2,20
283,54,1,2
283,54,2,20
283,55,1,1
283,55,2,20
283,56,1,1
283,56,2,20
283,57,1,1
283,57,2,20
283,58,1,2
283,58,2,20
283,59,1,3
283,59,2,20
283,60,1,3
283,60,2,20
283,61,1,2
283,61,2,20
283,62,1,1
283,62,2,20
283,63,1,0
283,63,2,20
283,64,1,1
283,64,2,20
283,65,1,2
283,65,2,20
283,66,1,3
283,66,2,20
283,67,1,5
283,67,2,20
283,68,1,3
283,68,2,20
283,69,1,2
283,69,2,20
283,70,1,1
283,70,2,20
283,71,1,0
283,71,2,20
283,72,1,1
283,72,2,20
283,73,1,2
283,73,2,20
283,74,1,3
283,74,2,20
283,75,1,3
283,75,2,20
283,76,1,2
283,76,2,20
283,77,1,1
283,77,2,20
283,78,1,1
283,78,2,20
283,79,1,1
283,79,2,20
283,80,1,2
283,80,2,20
283,81,1,3
283,81,2,20
283,82,1,5
283,82,2,20
283,83,1,3
283,83,2,20
283,84,1,2
283,84,2,20
283,85,1,1
283,85,2,20
283,86,1,1
283,86,2,20
283,87,1,1
283,87,2,20
283,88,1,2
283,88,2,20
283,89,1,3
283,89,2,20
283,90,1,3
283,90,2,20
283,91,1,2
283,91,2,20
283,92,1,2
283,92,2,20
283,93,1,2
283,93,2,20
283,94,1,2
283,94,2,20
283,95,1,2
283,95,2,20
283,96,1,3
283,96,2,20
283,97,1,5
283,97,2,20
283,98,1,3
283,98,2,20
283,99,1,2
283,99,2,20
283,100,1,2
283,100,2,20
283,101,1,2
283,101,2,20
283,102,1,2
283,102,2,20
283,103,1,2
283,103,2,20
283,104,1,3
283,104,2,20
283,105,1,3
283,105,2,20
283,106,1,3
283,106,2,20
283,107,1,3
283,107,2,20
283,108,1,3
283,108,2,20
283,109,1,3
283,109,2,20
283,110,1,3
283,110,2,20
283,111,1,3
283,111,2,20
283,112,1,5
283,112,2,20
283,113,1,3
283,113,2,20
283,114,1,3
283,114,2,20
283,115,1,3
283,115,2,20
283,116,1,3
283,116,2,20
283,117,1,3
283,117,2,20
283,118,1,3
283,118,2,20
283,119,1,3
283,119,2,20
283,120,1,4
283,120,2,20
283,121,1,4
283,121,2,20
283,122,1,4
283,122,2,20
283,123,1,4
283,123,2,20
283,124,1,4
283,124,2,20
283,125,1,4
283,125,2,20
283,126,1,4
283,126,2,20
283,127,1,5
283,127,2,20
283,128,1,4
283,128,2,20
283,129,1,4
283,129,2,20
283,130,1,4
283,130,2,20
283,131,1,4
283,131,2,20
283,132,1,4
283,132,2,20
283,133,1,4
283,133,2,20
283,134,1,4
283,134,2,20
284,0,1,4
284,0,2,20
284,1,1,4
284,1,2,20
284,2,1,4
284,2,2,20
284,3,1,4
284,3,2,20
284,4,1,4
284,4,2,20
284,5,1,4
284,5,2,20
284,6,1,4
284,6,2,20
284,7,1,5
284,7,2,20
284,8,1,4
284,8,2,20
284,9,1,4
284,9,2,20
284,10,1,4
284,10,2,20
284,11,1,4
284,11,2,20
284,12,1,4
284,12,2,20
284,13,1,4
284,13,2,20
284,14,1,4
284,14,2,20
284,15,1,3
284,15,2,20
284,16,1,3
284,16,2,20
284,17,1,3
284,17,2,20
284,18,1,3
284,18,2,20
284,19,1,3
284,19,2,20
284,20,1,3
284,20,2,20
284,21,1,3
284,21,2,20
284,22,1,5
284,22,2,20
284,23,1,3
284,23,2,20
284,24,1,3
284,24,2,20
284,25,1,3
284,25,2,20
284,26,1,3
284,26,2,20
284,27,1,3
284,27,2,20
284,28,1,3
284,28,2,20
284,29,1,3
284,29,2,20
284,30,1,3
284,30,2,20
284,31,1,2
284,31,2,20
284,32,1,2
284,32,2,20
284,33,1,2
284,33,2,20
284,34,1,2
284,34,2,20
284,35,1,2
284,35,2,20
284,36,1,3
284,36,2,20
284,37,1,5
284,37,2,20
284,38,1,3
284,38,2,20
284,39,1,2
284,39,2,20
284,40,1,2
284,40,2,20
284,41,1,2
284,41,2,20
284,42,1,2
284,42,2,20
284,43,1,2
284,43,2,20
284,44,1,3
284,44,2,20
284,45,1,3
284,45,2,20
284,46,1,2
284,46,2,20
284,47,1,1
284,47,2,20
284,48,1,1
284,48,2,20
284,49,1,1
284,49,2,20
284,50,1,2
284,50,2,20
284,51,1,3
284,51,2,20
284,52,1,5
284,52,2,20
284,53,1,3
284,53,2,20
284,54,1,2
284,54,2,20
284,55,1,1
284,55,2,20
284,56,1,1
284,56,2,20
284,57,1,1
284,57,2,20
284,58,1,2
284,58,2,20
284,59,1,3
284,59,2,20
284,60,1,3
284,60,2,20
284,61,1,2
284,61,2,20
284,62,1,1
284,62,2,20
284,63,1,0
284,63,2,20
284,64,1,1
284,64,2,20
284,65,1,2
284,65,2,20
284,66,1,3
284,66,2,20
284,67,1,5
284,67,2,20
284,68,1,3
284,68,2,20
284,69,1,2
284,69,2,20
284,70,1,1
284,70,2,20
284,71,1,0
284,71,2,20
284,72,1,1
284,72,2,20
284,73,1,2
284,73,2,20
284,74,1,3
284,74,2,20
284,75,1,3
284,75,2,20
284,76,1,2
284,76,2,20
284,77,1,1
284,77,2,20
284,78,1,1
284,78,2,20
284,79,1,1
284,79,2,20
284,80,1,2
284,80,2,20
284,81,1,3
284,81,2,20
284,82,1,5
284,82,2,20
284,83,1,3
284,83,2,20
284,84,1,2
284,84,2,20
284,85,1,1
284,85,2,20
284,86,1,1
284,86,2,20
284,87,1,1
284,87,2,20
284,88,1,2
284,88,2,20
284,89,1,3
284,89,2,20
284,90,1,3
284,90,2,20
284,91,1,2
284,91,2,20
284,92,1,2
284,92,2,20
284,93,1,2
284,93,2,20
284,94,1,2
284,94,2,20
284,95,1,2
284,95,2,20
284,96,1,3
284,96,2,20
284,97,1,5
284,97,2,20
284,98,1,3
284,98,2,20
284,99,1,2
284,99,2,20
284,100,1,2
284,100,2,20
284,101,1,2
284,101,2,20
284,102,1,2
284,102,2,20
284,103,1,2
284,103,2,20
284,104,1,3
284,104,2,20
284,105,1,3
284,105,2,20
284,106,1,3
284,106,2,20
284,107,1,3
284,107,2,20
284,108,1,3
284,108,2,20
284,109,1,3
284,109,2,20
284,110,1,3
284,110,2,20
284,111,1,3
284,111,2,20
284,112,1,5
284,112,2,20
284,113,1,3
284,113,2,20
284,114,1,3
284,114,2,20
284,115,1,3
284,115,2,20
284,116,1,3
284,116,2,20
284,117,1,3
284,117,2,20
284,118,1,3
284,118,2,20
284,119,1,3
284,119,2,20
284,120,1,4
284,120,2,20
284,121,1,4
284,121,2,20
284,122,1,4
284,122,2,20
284,123,1,4
284,123,2,20
284,124,1,4
284,124,2,20
284,125,1,4
284,125,2,20
284,126,1,4
284,126,2,20
284,127,1,5
284,127,2,20
284,128,1,4
284,128,2,20
284,129,1,4
284,129,2,20
284,130,1,4
284,130,2,20
284,131,1,4
284,131,2,20
284,132,1,4
284,132,2,20
284,133,1,4
284,133,2,20
284,134,1,4
284,134,2,20
285,0,1,4
285,0,2,20
285,1,1,4
285,1,2,20
285,2,1,4
285,2,2,20
285,3,1,4
285,3,2,20
285,4,1,4
285,4,2,20
285,5,1,4
285,5,2,20
285,6,1,4
285,6,2,20
285,7,1,5
285,7,2,20
285,8,1,4
285,8,2,20
285,9,1,4
285,9,2,20
285,10,1,4
285,10,2,20
285,11,1,4
285,11,2,20
285,12,1,4
285,12,2,20
285,13,1,4
285,13,2,20
285,14,1,4
285,14,2,20
285,15,1,3
285,15,2,20
285,16,1,3
285,16,2,20
285,17,1,3
285,17,2,20
285,18,1,3
285,18,2,20
285,19,1,3
285,19,2,20
285,20,1,3
285,20,2,20
285,21,1,3
285,21,2,20
285,22,1,5
285,22,2,20
285,23,1,3
285,23,2,20
285,24,1,3
285,24,2,20
285,25,1,3
285,25,2,20
285,26,1,3
285,26,2,20
285,27,1,3
285,27,2,20
285,28,1,3
285,28,2,20
285,29,1,3
285,29,2,20
285,30,1,3
285,30,2,20
285,31,1,2
285,31,2,20
285,32,1,2
285,32,2,20
285,33,1,2
285,33,2,20
285,34,1,2
285,34,2,20
285,35,1,2
285,35,2,20
285,36,1,3
285,36,2,20
285,37,1,5
285,37,2,20
285,38,1,3
285,38,2,20
285,39,1,2
285,39,2,20
285,40,1,2
285,40,2,20
285,41,1,2
285,41,2,20
285,42,1,2
285,42,2,20
285,43,1,2
285,43,2,20
285,44,1,3
285,44,2,20
285,45,1,3
285,45,2,20
285,46,1,2
285,46,2,20
285,47,1,1
285,47,2,20
285,48,1,1
285,48,2,20
285,49,1,1
285,49,2,20
285,50,1,2
285,50,2,20
285,51,1,3
285,51,2,20
285,52,1,5
285,52,2,20
285,53,1,3
285,53,2,20
285,54,1,2
285,54,2,20
285,55,1,1
285,55,2,20
285,56,1,1
285,56,2,20
285,57,1,1
285,57,2,20
285,58,1,2
285,58,2,20
285,59,1,3
285,59,2,20
285,60,1,3
285,60,2,20
285,61,1,2
285,61,2,20
285,62,1,1
285,62,2,20
285,63,1,0
285,63,2,20
285,64,1,1
285,64,2,20
285,65,1,2
285,65,2,20
285,66,1,3
285,66,2,20
285,67,1,5
285,67,2,20
285,68,1,3
285,68,2,20
285,69,1,2
285,69,2,20
285,70,1,1
285,70,2,20
285,71,1,0
285,71,2,20
285,72,1,1
285,72,2,20
285,73,1,2
285,73,2,20
285,74,1,3
285,74,2,20
285,75,1,3
285,75,2,20
285,76,1,2
285,76,2,20
285,77,1,1
285,77,2,20
285,78,1,1
285,78,2,20
285,79,1,1
285,79,2,20
285,80,1,2
285,80,2,20
285,81,1,3
285,81,2,20
285,82,1,5
285,82,2,20
285,83,1,3
285,83,2,20
285,84,1,2
285,84,2,20
285,85,1,1
285,85,2,20
285,86,1,1
285,86,2,20
285,87,1,1
285,87,2,20
285,88,1,2
285,88,2,20
285,89,1,3
285,89,2,20
285,90,1,3
285,90,2,20
285,91,1,2
285,91,2,20
285,92,1,2
285,92,2,20
285,93,1,2
285,93,2,20
285,94,1,2
285,94,2,20
285,95,1,2
285,95,2,20
285,96,1,3
285,96,2,20
285,97,1,5
285,97,2,20
285,98,1,3
285,98,2,20
285,99,1,2
285,99,2,20
285,100,1,2
285,100,2,20
285,101,1,2
285,101,2,20
285,102,1,2
285,102,2,20
285,103,1,2
285,103,2,20
285,104,1,3
285,104,2,20
285,105,1,3
285,105,2,20
285,106,1,3
285,106,2,20
285,107,1,3
285,107,2,20
285,108,1,3
285,108,2,20
285,109,1,3
285,109,2,20
285,110,1,3
285,110,2,20
285,111,1,3
285,111,2,20
285,112,1,5
285,112,2,20
285,113,1,3
285,113,2,20
285,114,1,3
285,114,2,20
285,115,1,3
285,115,2,20
285,116,1,3
285,116,2,20
285,117,1,3
285,117,2,20
285,118,1,3
285,118,2,20
285,119,1,3
285,119,2,20
285,120,1,4
285,120,2,20
285,121,1,4
285,121,2,20
285,122,1,4
285,122,2,20
285,123,1,4
285,123,2,20
285,124,1,4
285,124,2,20
285,125,1,4
285,125,2,20
285,126,1,4
285,126,2,20
285,127,1,5
285,127,2,20
285,128,1,4
285,128,2,20
285,129,1,4
285,129,2,20
285,130,1,4
285,130,2,20
285,131,1,4
285,131,2,20
285,132,1,4
285,132,2,20
285,133,1,4
285,133,2,20
285,134,1,4
285,134,2,20
286,0,1,4
286,0,2,20
286,1,1,4
286,1,2,20
286,2,1,4
286,2,2,20
286,3,1,4
286,3,2,20
286,4,1,4
286,4,2,20
286,5,1,4
286,5,2,20
286,6,1,4
286,6,2,20
286,7,1,5
286,7,2,20
286,8,1,4
286,8,2,20
286,9,1,4
286,9,2,20
286,10,1,4
286,10,2,20
286,11,1,4
286,11,2,20
286,12,1,4
286,12,2,20
286,13,1,4
286,13,2,20
286,14,1,4
286,14,2,20
286,15,1,3
286,15,2,20
286,16,1,3
286,16,2,20
286,17,1,3
286,17,2,20
286,18,1,3
286,18,2,20
286,19,1,3
286,19,2,20
286,20,1,3
286,20,2,20
286,21,1,3
286,21,2,20
286,22,1,5
286,22,2,20
286,23,1,3
286,23,2,20
286,24,1,3
286,24,2,20
286,25,1,3
286,25,2,20
286,26,1,3
286,26,2,20
286,27,1,3
286,27,2,20
286,28,1,3
286,28,2,20
286,29,1,3
286,29,2,20
286,30,1,3
286,30,2,20
286,31,1,2
286,31,2,20
286,32,1,2
286,32,2,20
286,33,1,2
286,33,2,20
286,34,1,2
286,34,2,20
286,35,1,2
286,35,2,20
286,36,1,3
286,36,2,20
286,37,1,5
286,37,2,20
286,38,1,3
286,38,2,20
286,39,1,2
286,39,2,20
286,40,1,2
286,40,2,20
286,41,1,2
286,41,2,20
286,42,1,2
286,42,2,20
286,43,1,2
286,43,2,20
286,44,1,3
286,44,2,20
286,45,1,3
286,45,2,20
286,46,1,2
286,46,2,20
286,47,1,1
286,47,2,20
286,48,1,1
286,48,2,20
286,49,1,1
286,49,2,20
286,50,1,2
286,50,2,20
286,51,1,3
286,51,2,20
286,52,1,5
286,52,2,20
286,53,1,3
286,53,2,20
286,54,1,2
286,54,2,20
286,55,1,1
286,55,2,20
286,56,1,1
286,56,2,20
286,57,1,1
286,57,2,20
286,58,1,2
286,58,2,20
286,59,1,3
286,59,2,20
286,60,1,3
286,60,2,20
286,61,1,2
286,61,2,20
286,62,1,1
286,62,2,20
286,63,1,0
286,63,2,20
286,64,1,1
286,64,2,20
286,65,1,2
286,65,2,20
286,66,1,3
286,66,2,20
286,67,1,5
286,67,2,20
286,68,1,3
286,68,2,20
286,69,1,2
286,69,2,20
286,70,1,1
286,70,2,20
286,71,1,0
286,71,2,20
286,72,1,1
286,72,2,20
286,73,1,2
286,73,2,20
286,74,1,3
286,74,2,20
286,75,1,3
286,75,2,20
286,76,1,2
286,76,2,20
286,77,1,1
286,77,2,20
286,78,1,1
286,78,2,20
286,79,1,1
286,79,2,20
286,80,1,2
286,80,2,20
286,81,1,3
286,81,2,20
286,82,1,5
286,82,2,20
286,83,1,3
286,83,2,20
286,84,1,2
286,84,2,20
286,85,1,1
286,85,2,20
286,86,1,1
286,86,2,20
286,87,1,1
286,87,2,20
286,88,1,2
286,88,2,20
286,89,1,3
286,89,2,20
286,90,1,3
286,90,2,20
286,91,1,2
286,91,2,20
286,92,1,2
286,92,2,20
286,93,1,2
286,93,2,20
286,94,1,2
286,94,2,20
286,95,1,2
286,95,2,20
286,96,1,3
286,96,2,20
286,97,1,5
286,97,2,20
286,98,1,3
286,98,2,20
286,99,1,2
286,99,2,20
286,100,1,2
286,100,2,20
286,101,1,2
286,101,2,20
286,102,1,2
286,102,2,20
286,103,1,2
286,103,2,20
286,104,1,3
286,104,2,20
286,105,1,3
286,105,2,20
286,106,1,3
286,106,2,20
286,107,1,3
286,107,2,20
286,108,1,3
286,108,2,20
286,109,1,3
286,109,2,20
286,110,1,3
286,110,2,20
286,111,1,3
286,111,2,20
286,112,1,5
286,112,2,20
286,113,1,3
286,113,2,20
286,114,1,3
286,114,2,20
286,115,1,3
286,115,2,20
286,116,1,3
286,116,2,20
286,117,1,3
286,117,2,20
286,118,1,3
286,118,2,20
286,119,1,3
286,119,2,20
286,120,1,4
286,120,2,20
286,121,1,4
286,121,2,20
286,122,1,4
286,122,2,20
286,123,1,4
286,123,2,20
286,124,1,4
286,124,2,20
286,125,1,4
286,125,2,20
286,126,1,4
286,126,2,20
286,127,1,5
286,127,2,20
286,128,1,4
286,128,2,20
286,129,1,4
286,129,2,20
286,130,1,4
286,130,2,20
286,131,1,4
286,131,2,20
286,132,1,4
286,132,2,20
286,133,1,4
286,133,2,20
286,134,1,4
286,134,2,20
287,0,1,4
287,0,2,20
287,1,1,4
287,1,2,20
287,2,1,4
287,2,2,20
287,3,1,4
287,3,2,20
287,4,1,4
287,4,2,20
287,5,1,4
287,5,2,20
287,6,1,4
287,6,2,20
287,7,1,5
287,7,2,20
287,8,1,4
287,8,2,20
287,9,1,4
287,9,2,20
287,10,1,4
287,10,2,20
287,11,1,4
287,11,2,20
287,12,1,4
287,12,2,20
287,13,1,4
287,13,2,20
287,14,1,4
287,14,2,20
287,15,1,3
287,15,2,20
287,16,1,3
287,16,2,20
287,17,1,3
287,17,2,20
287,18,1,3
287,18,2,20
287,19,1,3
287,19,2,20
287,20,1,3
287,20,2,20
287,21,1,3
287,21,2,20
287,22,1,5
287,22,2,20
287,23,1,3
287,23,2,20
287,24,1,3
287,24,2,20
287,25,1,3
287,25,2,20
287,26,1,3
287,26,2,20
287,27,1,3
287,27,2,20
287,28,1,3
287,28,2,20
287,29,1,3
287,29,2,20
287,30,1,3
287,30,2,20
287,31,1,2
287,31,2,20
287,32,1,2
287,32,2,20
287,33,1,2
287,33,2,20
287,34,1,2
287,34,2,20
287,35,1,2
287,35,2,20
287,36,1,3
287,36,2,20
287,37,1,5
287,37,2,20
287,38,1,3
287,38,2,20
287,39,1,2
287,39,2,20
287,40,1,2
287,40,2,20
287,41,1,2
287,41,2,20
287,42,1,2
287,42,2,20
287,43,1,2
287,43,2,20
287,44,1,3
287,44,2,20
287,45,1,3
287,45,2,20
287,46,1,2
287,46,2,20
287,47,1,1
287,47,2,20
287,48,1,1
287,48,2,20
287,49,1,1
287,49,2,20
287,50,1,2
287,50,2,20
287,51,1,3
287,51,2,20
287,52,1,5
287,52,2,20
287,53,1,3
287,53,2,20
287,54,1,2
287,54,2,20
287,55,1,1
287,55,2,20
287,56,1,1
287,56,2,20
287,57,1,1
287,57,2,20
287,58,1,2
287,58,2,20
287,59,1,3
287,59,2,20
287,60,1,3
287,60,2,20
287,61,1,2
287,61,2,20
287,62,1,1
287,62,2,20
287,63,1,0
287,63,2,20
287,64,1,1
287,64,2,20
287,65,1,2
287,65,2,20
287,66,1,3
287,66,2,20
287,67,1,5
287,67,2,20
287,68,1,3
287,68,2,20
287,69,1,2
287,69,2,20
287,70,1,1
287,70,2,20
287,71,1,0
287,71,2,20
287,72,1,1
287,72,2,20
287,73,1,2
287,73,2,20
287,74,1,3
287,74,2,20
287,75,1,3
287,75,2,20
287,76,1,2
287,76,2,20
287,77,1,1
287,77,2,20
287,78,1,1
287,78,2,20
287,79,1,1
287,79,2,20
287,80,1,2
287,80,2,20
287,81,1,3
287,81,2,20
287,82,1,5
287,82,2,20
287,83,1,3
287,83,2,20
287,84,1,2
287,84,2,20
287,85,1,1
287,85,2,20
287,86,1,1
287,86,2,20
287,87,1,1
287,87,2,20
287,88,1,2
287,88,2,20
287,89,1,3
287,89,2,20
287,90,1,3
287,90,2,20
287,91,1,2
287,91,2,20
287,92,1,2
287,92,2,20
287,93,1,2
287,93,2,20
287,94,1,2
287,94,2,20
287,95,1,2
287,95,2,20
287,96,1,3
287,96,2,20
287,97,1,5
287,97,2,20
287,98,1,3
287,98,2,20
287,99,1,2
287,99,2,20
287,100,1,2
287,100,2,20
287,101,1,2
287,101,2,20
287,102,1,2
287,102,2,20
287,103,1,2
287,103,2,20
287,104,1,3
287,104,2,20
287,105,1,3
287,105,2,20
287,106,1,3
287,106,2,20
287,107,1,3
287,107,2,20
287,108,1,3
287,108,2,20
287,109,1,3
287,109,2,20
287,110,1,3
287,110,2,20
287,111,1,3
287,111,2,20
287,112,1,5
287,112,2,20
287,113,1,3
287,113,2,20
287,114,1,3
287,114,2,20
287,115,1,3
287,115,2,20
287,116,1,3
287,116,2,20
287,117,1,3
287,117,2,20
287,118,1,3
287,118,2,20
287,119,1,3
287,119,2,20
287,120,1,4
287,120,2,20
287,121,1,4
287,121,2,20
287,122,1,4
287,122,2,20
287,123,1,4
287,123,2,20
287,124,1,4
287,124,2,20
287,125,1,4
287,125,2,20
287,126,1,4
287,126,2,20
287,127,1,5
287,127,2,20
287,128,1,4
287,128,2,20
287,129,1,4
287,129,2,20
287,130,1,4
287,130,2,20
287,131,1,4
287,131,2,20
287,132,1,4
287,132,2,20
287,133,1,4
287,133,2,20
287,134,1,4
287,134,2,20
288,0,1,4
288,0,2,20
288,1,1,4
288,1,2,20
288,2,1,4
288,2,2,20
288,3,1,4
288,3,2,20
288,4,1,4
288,4,2,20
288,5,1,4
288,5,2,20
288,6,1,4
288,6,2,20
288,7,1,5
288,7,2,20
288,8,1,4
288,8,2,20
288,9,1,4
288,9,2,20
288,10,1,4
288,10,2,20
288,11,1,4
288,11,2,20
288,12,1,4
288,12,2,20
288,13,1,4
288,13,2,20
288,14,1,4
288,14,2,20
288,15,1,3
288,15,2,20
288,16,1,3
288,16,2,20
288,17,1,3
288,17,2,20
288,18,1,3
288,18,2,20
288,19,1,3
288,19,2,20
288,20,1,3
288,20,2,20
288,21,1,3
288,21,2,20
288,22,1,5
288,22,2,20
288,23,1,3
288,23,2,20
288,24,1,3
288,24,2,20
288,25,1,3
288,25,2,20
288,26,1,3
288,26,2,20
288,27,1,3
288,27,2,20
288,28,1,3
288,28,2,20
288,29,1,3
288,29,2,20
288,30,1,3
288,30,2,20
288,31,1,2
288,31,2,20
288,32,1,2
288,32,2,20
288,33,1,2
288,33,2,20
288,34,1,2
288,34,2,20
288,35,1,2
288,35,2,20
288,36,1,3
288,36,2,20
288,37,1,5
288,37,2,20
288,38,1,3
288,38,2,20
288,39,1,2
288,39,2,20
288,40,1,2
288,40,2,20
288,41,1,2
288,41,2,20
288,42,1,2
288,42,2,20
288,43,1,2
288,43,2,20
288,44,1,3
288,44,2,20
288,45,1,3
288,45,2,20
288,46,1,2
288,46,2,20
288,47,1,1
288,47,2,20
288,48,1,1
288,48,2,20
288,49,1,1
288,49,2,20
288,50,1,2
288,50,2,20
288,51,1,3
288,51,2,20
288,52,1,5
288,52,2,20
288,53,1,3
288,53,2,20
288,54,1,2
288,54,2,20
288,55,1,1
288,55,2,20
288,56,1,1
288,56,2,20
288,57,1,1
288,57,2,20
288,58,1,2
288,58,2,20
288,59,1,3
288,59,2,20
288,60,1,3
288,60,2,20
288,61,1,2
288,61,2,20
288,62,1,1
288,62,2,20
288,63,1,0
288,63,2,20
288,64,1,1
288,64,2,20
288,65,1,2
288,65,2,20
288,66,1,3
288,66,2,20
288,67,1,5
288,67,2,20
288,68,1,3
288,68,2,20
288,69,1,2
288,69,2,20
288,70,1,1
288,70,2,20
288,71,1,0
288,71,2,20
288,72,1,1
288,72,2,20
288,73,1,2
288,73,2,20
288,74,1,3
288,74,2,20
288,75,1,3
288,75,2,20
288,76,1,2
288,76,2,20
288,77,1,1
288,77,2,20
288,78,1,1
288,78,2,20
288,79,1,1
288,79,2,20
288,80,1,2
288,80,2,20
288,81,1,3
288,81,2,20
288,82,1,5
288,82,2,20
288,83,1,3
288,83,2,20
288,84,1,2
288,84,2,20
288,85,1,1
288,85,2,20
288,86,1,1
288,86,2,20
288,87,1,1
288,87,2,20
288,88,1,2
288,88,2,20
288,89,1,3
288,89,2,20
288,90,1,3
288,90,2,20
288,91,1,2
288,91,2,20
288,92,1,2
288,92,2,20
288,93,1,2
288,93,2,20
288,94,1,2
288,94,2,20
288,95,1,2
288,95,2,20
288,96,1,3
288,96,2,20
288,97,1,5
288,97,2,20
288,98,1,3
288,98,2,20
288,99,1,2
288,99,2,20
288,100,1,2
288,100,2,20
288,101,1,2
288,101,2,20
288,102,1,2
288,102,2,20
288,103,1,2
288,103,2,20
288,104,1,3
288,104,2,20
288,105,1,3
288,105,2,20
288,106,1,3
288,106,2,20
288,107,1,3
288,107,2,20
288,108,1,3
288,108,2,20
288,109,1,3
288,109,2,20
288,110,1,3
288,110,2,20
288,111,1,3
288,111,2,20
288,112,1,5
288,112,2,20
288,113,1,3
288,113,2,20
288,114,1,3
288,114,2,20
288,115,1,3
288,115,2,20
288,116,1,3
288,116,2,20
288,117,1,3
288,117,2,20
288,118,1,3
288,118,2,20
288,119,1,3
288,119,2,20
288,120,1,4
288,120,2,20
288,121,1,4
288,121,2,20
288,122,1,4
288,122,2,20
288,123,1,4
288,123,2,20
288,124,1,4
288,124,2,20
288,125,1,4
288,125,2,20
288,126,1,4
288,126,2,20
288,127,1,5
288,127,2,20
288,128,1,4
288,128,2,20
288,129,1,4
288,129,2,20
288,130,1,4
288,130,2,20
288,131,1,4
288,131,2,20
288,132,1,4
288,132,2,20
288,133,1,4
288,133,2,20
288,134,1,4
288,134,2,20
289,0,1,4
289,0,2,20
289,1,1,4
289,1,2,20
289,2,1,4
289,2,2,20
289,3,1,4
289,3,2,20
289,4,1,4
289,4,2,20
289,5,1,4
289,5,2,20
289,6,1,4
289,6,2,20
289,7,1,5
289,7,2,20
289,8,1,4
289,8,2,20
289,9,1,4
289,9,2,20
289,10,1,4
289,10,2,20
289,11,1,4
289,11,2,20
289,12,1,4
289,12,2,20
289,13,1,4
289,13,2,20
289,14,1,4
289,14,2,20
289,15,1,3
289,15,2,20
289,16,1,3
289,16,2,20
289,17,1,3
289,17,2,20
289,18,1,3
289,18,2,20
289,19,1,3
289,19,2,20
289,20,1,3
289,20,2,20
289,21,1,3
289,21,2,20
289,22,1,5
289,22,2,20
289,23,1,3
289,23,2,20
289,24,1,3
289,24,2,20
289,25,1,3
289,25,2,20
289,26,1,3
289,26,2,20
289,27,1,3
289,27,2,20
289,28,1,3
289,28,2,20
289,29,1,3
289,29,2,20
289,30,1,3
289,30,2,20
289,31,1,2
289,31,2,20
289,32,1,2
289,32,2,20
289,33,1,2
289,33,2,20
289,34,1,2
289,34,2,20
289,35,1,2
289,35,2,20
289,36,1,3
289,36,2,20
289,37,1,5
289,37,2,20
289,38,1,3
289,38,2,20
289,39,1,2
289,39,2,20
289,40,1,2
289,40,2,20
289,41,1,2
289,41,2,20
289,42,1,2
289,42,2,20
289,43,1,2
289,43,2,20
289,44,1,3
289,44,2,20
289,45,1,3
289,45,2,20
289,46,1,2
289,46,2,20
289,47,1,1
289,47,2,20
289,48,1,1
289,48,2,20
289,49,1,1
289,49,2,20
289,50,1,2
289,50,2,20
289,51,1,3
289,51,2,20
289,52,1,5
289,52,2,20
289,53,1,3
289,53,2,20
289,54,1,2
289,54,2,20
289,55,1,1
289,55,2,20
289,56,1,1
289,56,2,20
289,57,1,1
289,57,2,20
289,58,1,2
289,58,2,20
289,59,1,3
289,59,2,20
289,60,1,3
289,60,2,20
289,61,1,2
289,61,2,20
289,62,1,1
289,62,2,20
289,63,1,0
289,63,2,20
289,64,1,1
289,64,2,20
289,65,1,2
289,65,2,20
289,66,1,3
289,66,2,20
289,67,1,5
289,67,2,20
289,68,1,3
289,68,2,20
289,69,1,2
289,69,2,20
289,70,1,1
289,70,2,20
289,71,1,0
289,71,2,20
289,72,1,1
289,72,2,20
289,73,1,2
289,73,2,20
289,74,1,3
289,74,2,20
289,75,1,3
289,75,2,20
289,76,1,2
289,76,2,20
289,77,1,1
289,77,2,20
289,78,1,1
289,78,2,20
289,79,1,1
289,79,2,20
289,80,1,2
289,80,2,20
289,81,1,3
289,81,2,20
289,82,1,5
289,82,2,20
289,83,1,3
289,83,2,20
289,84,1,2
289,84,2,20
289,85,1,1
289,85,2,20
289,86,1,1
289,86,2,20
289,87,1,1
289,87,2,20
289,88,1,2
289,88,2,20
289,89,1,3
289,89,2,20
289,90,1,3
289,90,2,20
289,91,1,2
289,91,2,20
289,92,1,2
289,92,2,20
289,93,1,2
289,93,2,20
289,94,1,2
289,94,2,20
289,95,1,2
289,95,2,20
289,96,1,3
289,96,2,20
289,97,1,5
289,97,2,20
289,98,1,3
289,98,2,20
289,99,1,2
289,99,2,20
289,100,1,2
289,100,2,20
289,101,1,2
289,101,2,20
289,102,1,2
289,102,2,20
289,103,1,2
289,103,2,20
289,104,1,3
289,104,2,20
289,105,1,3
289,105,2,20
289,106,1,3
289,106,2,20
289,107,1,3
289,107,2,20
289,108,1,3
289,108,2,20
289,109,1,3
289,109,2,20
289,110,1,3
289,110,2,20
289,111,1,3
289,111,2,20
289,112,1,5
289,112,2,20
289,113,1,3
289,113,2,20
289,114,1,3
289,114,2,20
289,115,1,3
289,115,2,20
289,116,1,3
289,116,2,20
289,117,1,3
289,117,2,20
289,118,1,3
289,118,2,20
289,119,1,3
289,119,2,20
289,120,1,4
289,120,2,20
289,121,1,4
289,121,2,20
289,122,1,4
289,122,2,20
289,123,1,4
289,123,2,20
289,124,1,4
289,124,2,20
289,125,1,4
289,125,2,20
289,126,1,4
289,126,2,20
289,127,1,5
289,127,2,20
289,128,1,4
289,128,2,20
289,129,1,4
289,129,2,20
289,130,1,4
289,130,2,20
289,131,1,4
289,131,2,20
289,132,1,4
289,132,2,20
289,133,1,4
289,133,2,20
289,134,1,4
289,134,2,20
290,0,1,4
290,0,2,20
290,1,1,4
290,1,2,20
290,2,1,4
290,2,2,20
290,3,1,4
290,3,2,20
290,4,1,4
290,4,2,20
290,5,1,4
290,5,2,20
290,6,1,4
290,6,2,20
290,7,1,5
290,7,2,20
290,8,1,4
290,8,2,20
290,9,1,4
290,9,2,20
290,10,1,4
290,10,2,20
290,11,1,4
290,11,2,20
290,12,1,4
290,12,2,20
290,13,1,4
290,13,2,20
290,14,1,4
290,14,2,20
290,15,1,3
290,15,2,20
290,16,1,3
290,16,2,20
290,17,1,3
290,17,2,20
290,18,1,3
290,18,2,20
290,19,1,3
290,19,2,20
290,20,1,3
290,20,2,20
290,21,1,3
290,21,2,20
290,22,1,5
290,22,2,20
290,23,1,3
290,23,2,20
290,24,1,3
290,24,2,20
290,25,1,3
290,25,2,20
290,26,1,3
290,26,2,20
290,27,1,3
290,27,2,20
290,28,1,3
290,28,2,20
290,29,1,3
290,29,2,20
290,30,1,3
290,30,2,20
290,31,1,2
290,31,2,20
290,32,1,2
290,32,2,20
290,33,1,2
290,33,2,20
290,34,1,2
290,34,2,20
290,35,1,2
290,35,2,20
290,36,1,3
290,36,2,20
290,37,1,5
290,37,2,20
290,38,1,3
290,38,2,20
290,39,1,2
290,39,2,20
290,40,1,2
290,40,2,20
290,41,1,2
290,41,2,20
290,42,1,2
290,42,2,20
290,43,1,2
290,43,2,20
290,44,1,3
290,44,2,20
290,45,1,3
290,45,2,20
290,46,1,2
290,46,2,20
290,47,1,1
290,47,2,20
290,48,1,1
290,48,2,20
290,49,1,1
290,49,2,20
290,50,1,2
290,50,2,20
290,51,1,3
290,51,2,20
290,52,1,5
290,52,2,20
290,53,1,3
290,53,2,20
290,54,1,2
290,54,2,20
290,55,1,1
290,55,2,20
290,56,1,1
290,56,2,20
290,57,1,1
290,57,2,20
290,58,1,2
290,58,2,20
290,59,1,3
290,59,2,20
290,60,1,3
290,60,2,20
290,61,1,2
290,61,2,20
290,62,1,1
290,62,2,20
290,63,1,0
290,63,2,20
290,64,1,1
290,64,2,20
290,65,1,2
290,65,2,20
290,66,1,3
290,66,2,20
290,67,1,5
290,67,2,20
290,68,1,3
290,68,2,20
290,69,1,2
290,69,2,20
290,70,1,1
290,70,2,20
290,71,1,0
290,71,2,20
290,72,1,1
290,72,2,20
290,73,1,2
290,73,2,20
290,74,1,3
290,74,2,20
290,75,1,3
290,75,2,20
290,76,1,2
290,76,2,20
290,77,1,1
290,77,2,20
290,78,1,1
290,78,2,20
290,79,1,1
290,79,2,20
290,80,1,2
290,80,2,20
290,81,1,3
290,81,2,20
290,82,1,5
290,82,2,20
290,83,1,3
290,83,2,20
290,84,1,2
290,84,2,20
290,85,1,1
290,85,2,20
290,86,1,1
290,86,2,20
290,87,1,1
290,87,2,20
290,88,1,2
290,88,2,20
290,89,1,3
290,89,2,20
290,90,1,3
290,90,2,20
290,91,1,2
290,91,2,20
290,92,1,2
290,92,2,20
290,93,1,2
290,93,2,20
290,94,1,2
290,94,2,20
290,95,1,2
290,95,2,20
290,96,1,3
290,96,2,20
290,97,1,5
290,97,2,20
290,98,1,3
290,98,2,20
290,99,1,2
290,99,2,20
290,100,1,2
290,100,2,20
290,101,1,2
290,101,2,20
290,102,1,2
290,102,2,20
290,103,1,2
290,103,2,20
290,104,1,3
290,104,2,20
290,105,1,3
290,105,2,20
290,106,1,3
290,106,2,20
290,107,1,3
290,107,2,20
290,108,1,3
290,108,2,20
290,109,1,3
290,109,2,20
290,110,1,3
290,110,2,20
290,111,1,3
290,111,2,20
290,112,1,5
290,112,2,20
290,113,1,3
290,113,2,20
290,114,1,3
290,114,2,20
290,115,1,3
290,115,2,20
290,116,1,3
290,116,2,20
290,117,1,3
290,117,2,20
290,118,1,3
290,118,2,20
290,119,1,3
290,119,2,20
290,120,1,4
290,120,2,20
290,121,1,4
290,121,2,20
290,122,1,4
290,122,2,20
290,123,1,4
290,123,2,20
290,124,1,4
290,124,2,20
290,125,1,4
290,125,2,20
290,126,1,4
290,126,2,20
290,127,1,5
290,127,2,20
290,128,1,4
290,128,2,20
290,129,1,4
290,129,2,20
290,130,1,4
290,130,2,20
290,131,1,4
290,131,2,20
290,132,1,4
290,132,2,20
290,133,1,4
290,133,2,20
290,134,1,4
290,134,2,20
291,0,1,4
291,0,2,20
291,1,1,4
291,1,2,20
291,2,1,4
291,2,2,20
291,3,1,4
291,3,2,20
291,4,1,4
291,4,2,20
291,5,1,4
291,5,2,20
291,6,1,4
291,6,2,20
291,7,1,5
291,7,2,20
291,8,1,4
291,8,2,20
291,9,1,4
291,9,2,20
291,10,1,4
291,10,2,20
291,11,1,4
291,11,2,20
291,12,1,4
291,12,2,20
291,13,1,4
291,13,2,20
291,14,1,4
291,14,2,20
291,15,1,3
291,15,2,20
291,16,1,3
291,16,2,20
291,17,1,3
291,17,2,20
291,18,1,3
291,18,2,20
291,19,1,3
291,19,2,20
291,20,1,3
291,20,2,20
291,21,1,3
291,21,2,20
291,22,1,5
291,22,2,20
291,23,1,3
291,23,2,20
291,24,1,3
291,24,2,20
291,25,1,3
291,25,2,20
291,26,1,3
291,26,2,20
291,27,1,3
291,27,2,20
291,28,1,3
291,28,2,20
291,29,1,3
291,29,2,20
291,30,1,3
291,30,2,20
291,31,1,2
291,31,2,20
291,32,1,2
291,32,2,20
291,33,1,2
291,33,2,20
291,34,1,2
291,34,2,20
291,35,1,2
291,35,2,20
291,36,1,3
291,36,2,20
291,37,1,5
291,37,2,20
291,38,1,3
291,38,2,20
291,39,1,2
291,39,2,20
291,40,1,2
291,40,2,20
291,41,1,2
291,41,2,20
291,42,1,2
291,42,2,20
291,43,1,2
291,43,2,20
291,44,1,3
291,44,2,20
291,45,1,3
291,45,2,20
291,46,1,2
291,46,2,20
291,47,1,1
291,47,2,20
291,48,1,1
291,48,2,20
291,49,1,1
291,49,2,20
291,50,1,2
291,50,2,20
291,51,1,3
291,51,2,20
291,52,1,5
291,52,2,20
291,53,1,3
291,53,2,20
291,54,1,2
291,54,2,20
291,55,1,1
291,55,2,20
291,56,1,1
291,56,2,20
291,57,1,1
291,57,2,20
291,58,1,2
291,58,2,20
291,59,1,3
291,59,2,20
291,60,1,3
291,60,2,20
291,61,1,2
291,61,2,20
291,62,1,1
291,62,2,20
291,63,1,0
291,63,2,20
291,64,1,1
291,64,2,20
291,65,1,2
291,65,2,20
291,66,1,3
291,66,2,20
291,67,1,5
291,67,2,20
291,68,1,3
291,68,2,20
291,69,1,2
291,69,2,20
291,70,1,1
291,70,2,20
291,71,1,0
291,71,2,20
291,72,1,1
291,72,2,20
291,73,1,2
291,73,2,20
291,74,1,3
291,74,2,20
291,75,1,3
291,75,2,20
291,76,1,2
291,76,2,20
291,77,1,1
291,77,2,20
291,78,1,1
291,78,2,20
291,79,1,1
291,79,2,20
291,80,1,2
291,80,2,20
291,81,1,3
291,81,2,20
291,82,1,5
291,82,2,20
291,83,1,3
291,83,2,20
291,84,1,2
291,84,2,20
291,85,1,1
291,85,2,20
291,86,1,1
291,86,2,20
291,87,1,1
291,87,2,20
291,88,1,2
291,88,2,20
291,89,1,3
291,89,2,20
291,90,1,3
291,90,2,20
291,91,1,2
291,91,2,20
291,92,1,2
291,92,2,20
291,93,1,2
291,93,2,20
291,94,1,2
291,94,2,20
291,95,1,2
291,95,2,20
291,96,1,3
291,96,2,20
291,97,1,5
291,97,2,20
291,98,1,3
291,98,2,20
291,99,1,2
291,99,2,20
291,100,1,2
291,100,2,20
291,101,1,2
291,101,2,20
291,102,1,2
291,102,2,20
291,103,1,2
291,103,2,20
291,104,1,3
291,104,2,20
291,105,1,3
291,105,2,20
291,106,1,3
291,106,2,20
291,107,1,3
291,107,2,20
291,108,1,3
291,108,2,20
291,109,1,3
291,109,2,20
291,110,1,3
291,110,2,20
291,111,1,3
291,111,2,20
291,112,1,5
291,112,2,20
291,113,1,3
291,113,2,20
291,114,1,3
291,114,2,20
291,115,1,3
291,115,2,20
291,116,1,3
291,116,2,20
291,117,1,3
291,117,2,20
291,118,1,3
291,118,2,20
291,119,1,3
291,119,2,20
291,120,1,4
291,120,2,20
291,121,1,4
291,121,2,20
291,122,1,4
291,122,2,20
291,123,1,4
291,123,2,20
291,124,1,4
291,124,2,20
291,125,1,4
291,125,2,20
291,126,1,4
291,126,2,20
291,127,1,5
291,127,2,20
291,128,1,4
291,128,2,20
291,129,1,4
291,129,2,20
291,130,1,4
291,130,2,20
291,131,1,4
291,131,2,20
291,132,1,4
291,132,2,20
291,133,1,4
291,133,2,20
291,134,1,4
291,134,2,20
292,0,1,4
292,0,2,20
292,1,1,4
292,1,2,20
292,2,1,4
292,2,2,20
292,3,1,4
292,3,2,20
292,4,1,4
292,4,2,20
292,5,1,4
292,5,2,20
292,6,1,4
292,6,2,20
292,7,1,5
292,7,2,20
292,8,1,4
292,8,2,20
292,9,1,4
292,9,2,20
292,10,1,4
292,10,2,20
292,11,1,4
292,11,2,20
292,12,1,4
292,12,2,20
292,13,1,4
292,13,2,20
292,14,1,4
292,14,2,20
292,15,1,3
292,15,2,20
292,16,1,3
292,16,2,20
292,17,1,3
292,17,2,20
292,18,1,3
292,18,2,20
292,19,1,3
292,19,2,20
292,20,1,3
292,20,2,20
292,21,1,3
292,21,2,20
292,22,1,5
292,22,2,20
292,23,1,3
292,23,2,20
292,24,1,3
292,24,2,20
292,25,1,3
292,25,2,20
292,26,1,3
292,26,2,20
292,27,1,3
292,27,2,20
292,28,1,3
292,28,2,20
292,29,1,3
292,29,2,20
292,30,1,3
292,30,2,20
292,31,1,2
292,31,2,20
292,32,1,2
292,32,2,20
292,33,1,2
292,33,2,20
292,34,1,2
292,34,2,20
292,35,1,2
292,35,2,20
292,36,1,3
292,36,2,20
292,37,1,5
292,37,2,20
292,38,1,3
292,38,2,20
292,39,1,2
292,39,2,20
292,40,1,2
292,40,2,20
292,41,1,2
292,41,2,20
292,42,1,2
292,42,2,20
292,43,1,2
292,43,2,20
292,44,1,3
292,44,2,20
292,45,1,3
292,45,2,20
292,46,1,2
292,46,2,20
292,47,1,1
292,47,2,20
292,48,1,1
292,48,2,20
292,49,1,1
292,49,2,20
292,50,1,2
292,50,2,20
292,51,1,3
292,51,2,20
292,52,1,5
292,52,2,20
292,53,1,3
292,53,2,20
292,54,1,2
292,54,2,20
292,55,1,1
292,55,2,20
292,56,1,1
292,56,2,20
292,57,1,1
292,57,2,20
292,58,1,2
292,58,2,20
292,59,1,3
292,59,2,20
292,60,1,3
292,60,2,20
292,61,1,2
292,61,2,20
292,62,1,1
292,62,2,20
292,63,1,0
292,63,2,20
292,64,1,1
292,64,2,20
292,65,1,2
292,65,2,20
292,66,1,3
292,66,2,20
292,67,1,5
292,67,2,20
292,68,1,3
292,68,2,20
292,69,1,2
292,69,2,20
292,70,1,1
292,70,2,20
292,71,1,0
292,71,2,20
292,72,1,1
292,72,2,20
292,73,1,2
292,73,2,20
292,74,1,3
292,74,2,20
292,75,1,3
292,75,2,20
292,76,1,2
292,76,2,20
292,77,1,1
292,77,2,20
292,78,1,1
292,78,2,20
292,79,1,1
292,79,2,20
292,80,1,2
292,80,2,20
292,81,1,3
292,81,2,20
292,82,1,5
292,82,2,20
292,83,1,3
292,83,2,20
292,84,1,2
292,84,2,20
292,85,1,1
292,85,2,20
292,86,1,1
292,86,2,20
292,87,1,1
292,87,2,20
292,88,1,2
292,88,2,20
292,89,1,3
292,89,2,20
292,90,1,3
292,90,2,20
292,91,1,2
292,91,2,20
292,92,1,2
292,92,2,20
292,93,1,2
292,93,2,20
292,94,1,2
292,94,2,20
292,95,1,2
292,95,2,20
292,96,1,3
292,96,2,20
292,97,1,5
292,97,2,20
292,98,1,3
292,98,2,20
292,99,1,2
292,99,2,20
292,100,1,2
292,100,2,20
292,101,1,2
292,101,2,20
292,102,1,2
292,102,2,20
292,103,1,2
292,103,2,20
292,104,1,3
292,104,2,20
292,105,1,3
292,105,2,20
292,106,1,3
292,106,2,20
292,107,1,3
292,107,2,20
292,108,1,3
292,108,2,20
292,109,1,3
292,109,2,20
292,110,1,3
292,110,2,20
292,111,1,3
292,111,2,20
292,112,1,5
292,112,2,20
292,113,1,3
292,113,2,20
292,114,1,3
292,114,2,20
292,115,1,3
292,115,2,20
292,116,1,3
292,116,2,20
292,117,1,3
292,117,2,20
292,118,1,3
292,118,2,20
292,119,1,3
292,119,2,20
292,120,1,4
292,120,2,20
292,121,1,4
292,121,2,20
292,122,1,4
292,122,2,20
292,123,1,4
292,123,2,20
292,124,1,4
292,124,2,20
292,125,1,4
292,125,2,20
292,126,1,4
292,126,2,20
292,127,1,5
292,127,2,20
292,128,1,4
292,128,2,20
292,129,1,4
292,129,2,20
292,130,1,4
292,130,2,20
292,131,1,4
292,131,2,20
292,132,1,4
292,132,2,20
292,133,1,4
292,133,2,20
292,134,1,4
292,134,2,20
293,0,1,4
293,0,2,20
293,1,1,4
293,1,2,20
293,2,1,4
293,2,2,20
293,3,1,4
293,3,2,20
293,4,1,4
293,4,2,20
293,5,1,4
293,5,2,20
293,6,1,4
293,6,2,20
293,7,1,5
293,7,2,20
293,8,1,4
293,8,2,20
293,9,1,4
293,9,2,20
293,10,1,4
293,10,2,20
293,11,1,4
293,11,2,20
293,12,1,4
293,12,2,20
293,13,1,4
293,13,2,20
293,14,1,4
293,14,2,20
293,15,1,3
293,15,2,20
293,16,1,3
293,16,2,20
293,17,1,3
293,17,2,20
293,18,1,3
293,18,2,20
293,19,1,3
293,19,2,20
293,20,1,3
293,20,2,20
293,21,1,3
293,21,2,20
293,22,1,5
293,22,2,20
293,23,1,3
293,23,2,20
293,24,1,3
293,24,2,20
293,25,1,3
293,25,2,20
293,26,1,3
293,26,2,20
293,27,1,3
293,27,2,20
293,28,1,3
293,28,2,20
293,29,1,3
293,29,2,20
293,30,1,3
293,30,2,20
293,31,1,2
293,31,2,20
293,32,1,2
293,32,2,20
293,33,1,2
293,33,2,20
293,34,1,2
293,34,2,20
293,35,1,2
293,35,2,20
293,36,1,3
293,36,2,20
293,37,1,5
293,37,2,20
293,38,1,3
293,38,2,20
293,39,1,2
293,39,2,20
293,40,1,2
293,40,2,20
293,41,1,2
293,41,2,20
293,42,1,2
293,42,2,20
293,43,1,2
293,43,2,20
293,44,1,3
293,44,2,20
293,45,1,3
293,45,2,20
293,46,1,2
293,46,2,20
293,47,1,1
293,47,2,20
293,48,1,1
293,48,2,20
293,49,1,1
293,49,2,20
293,50,1,2
293,50,2,20
293,51,1,3
293,51,2,20
293,52,1,5
293,52,2,20
293,53,1,3
293,53,2,20
293,54,1,2
293,54,2,20
293,55,1,1
293,55,2,20
293,56,1,1
293,56,2,20
293,57,1,1
293,57,2,20
293,58,1,2
293,58,2,20
293,59,1,3
293,59,2,20
293,60,1,3
293,60,2,20
293,61,1,2
293,61,2,20
293,62,1,1
293,62,2,20
293,63,1,0
293,63,2,20
293,64,1,1
293,64,2,20
293,65,1,2
293,65,2,20
293,66,1,3
293,66,2,20
293,67,1,5
293,67,2,20
293,68,1,3
293,68,2,20
293,69,1,2
293,69,2,20
293,70,1,1
293,70,2,20
293,71,1,0
293,71,2,20
293,72,1,1
293,72,2,20
293,73,1,2
293,73,2,20
293,74,1,3
293,74,2,20
293,75,1,3
293,75,2,20
293,76,1,2
293,76,2,20
293,77,1,1
293,77,2,20
293,78,1,1
293,78,2,20
293,79,1,1
293,79,2,20
293,80,1,2
293,80,2,20
293,81,1,3
293,81,2,20
293,82,1,5
293,82,2,20
293,83,1,3
293,83,2,20
293,84,1,2
293,84,2,20
293,85,1,1
293,85,2,20
293,86,1,1
293,86,2,20
293,87,1,1
293,87,2,20
293,88,1,2
293,88,2,20
293,89,1,3
293,89,2,20
293,90,1,3
293,90,2,20
293,91,1,2
293,91,2,20
293,92,1,2
293,92,2,20
293,93,1,2
293,93,2,20
293,94,1,2
293,94,2,20
293,95,1,2
293,95,2,20
293,96,1,3
293,96,2,20
293,97,1,5
293,97,2,20
293,98,1,3
293,98,2,20
293,99,1,2
293,99,2,20
293,100,1,2
293,100,2,20
293,101,1,2
293,101,2,20
293,102,1,2
293,102,2,20
293,103,1,2
293,103,2,20
293,104,1,3
293,104,2,20
293,105,1,3
293,105,2,20
293,106,1,3
293,106,2,20
293,107,1,3
293,107,2,20
293,108,1,3
293,108,2,20
293,109,1,3
293,109,2,20
293,110,1,3
293,110,2,20
293,111,1,3
293,111,2,20
293,112,1,5
293,112,2,20
293,113,1,3
293,113,2,20
293,114,1,3
293,114,2,20
293,115,1,3
293,115,2,20
293,116,1,3
293,116,2,20
293,117,1,3
293,117,2,20
293,118,1,3
293,118,2,20
293,119,1,3
293,119,2,20
293,120,1,4
293,120,2,20
293,121,1,4
293,121,2,20
293,122,1,4
293,122,2,20
293,123,1,4
293,123,2,20
293,124,1,4
293,124,2,20
293,125,1,4
293,125,2,20
293,126,1,4
293,126,2,20
293,127,1,5
293,127,2,20
293,128,1,4
293,128,2,20
293,129,1,4
293,129,2,20
293,130,1,4
293,130,2,20
293,131,1,4
293,131,2,20
293,132,1,4
293,132,2,20
293,133,1,4
293,133,2,20
293,134,1,4
293,134,2,20
294,0,1,4
294,0,2,20
294,1,1,4
294,1,2,20
294,2,1,4
294,2,2,20
294,3,1,4
294,3,2,20
294,4,1,4
294,4,2,20
294,5,1,4
294,5,2,20
294,6,1,4
294,6,2,20
294,7,1,5
294,7,2,20
294,8,1,4
294,8,2,20
294,9,1,4
294,9,2,20
294,10,1,4
294,10,2,20
294,11,1,4
294,11,2,20
294,12,1,4
294,12,2,20
294,13,1,4
294,13,2,20
294,14,1,4
294,14,2,20
294,15,1,3
294,15,2,20
294,16,1,3
294,16,2,20
294,17,1,3
294,17,2,20
294,18,1,3
294,18,2,20
294,19,1,3
294,19,2,20
294,20,1,3
294,20,2,20
294,21,1,3
294,21,2,20
294,22,1,5
294,22,2,20
294,23,1,3
294,23,2,20
294,24,1,3
294,24,2,20
294,25,1,3
294,25,2,20
294,26,1,3
294,26,2,20
294,27,1,3
294,27,2,20
294,28,1,3
294,28,2,20
294,29,1,3
294,29,2,20
294,30,1,3
294,30,2,20
294,31,1,2
294,31,2,20
294,32,1,2
294,32,2,20
294,33,1,2
294,33,2,20
294,34,1,2
294,34,2,20
294,35,1,2
294,35,2,20
294,36,1,3
294,36,2,20
294,37,1,5
294,37,2,20
294,38,1,3
294,38,2,20
294,39,1,2
294,39,2,20
294,40,1,2
294,40,2,20
294,41,1,2
294,41,2,20
294,42,1,2
294,42,2,20
294,43,1,2
294,43,2,20
294,44,1,3
294,44,2,20
294,45,1,3
294,45,2,20
294,46,1,2
294,46,2,20
294,47,1,1
294,47,2,20
294,48,1,1
294,48,2,20
294,49,1,1
294,49,2,20
294,50,1,2
294,50,2,20
294,51,1,3
294,51,2,20
294,52,1,5
294,52,2,20
294,53,1,3
294,53,2,20
294,54,1,2
294,54,2,20
294,55,1,1
294,55,2,20
294,56,1,1
294,56,2,20
294,57,1,1
294,57,2,20
294,58,1,2
294,58,2,20
294,59,1,3
294,59,2,20
294,60,1,3
294,60,2,20
294,61,1,2
294,61,2,20
294,62,1,1
294,62,2,20
294,63,1,0
294,63,2,20
294,64,1,1
294,64,2,20
294,65,1,2
294,65,2,20
294,66,1,3
294,66,2,20
294,67,1,5
294,67,2,20
294,68,1,3
294,68,2,20
294,69,1,2
294,69,2,20
294,70,1,1
294,70,2,20
294,71,1,0
294,71,2,20
294,72,1,1
294,72,2,20
294,73,1,2
294,73,2,20
294,74,1,3
294,74,2,20
294,75,1,3
294,75,2,20
294,76,1,2
294,76,2,20
294,77,1,1
294,77,2,20
294,78,1,1
294,78,2,20
294,79,1,1
294,79,2,20
294,80,1,2
294,80,2,20
294,81,1,3
294,81,2,20
294,82,1,5
294,82,2,20
294,83,1,3
294,83,2,20
294,84,1,2
294,84,2,20
294,85,1,1
294,85,2,20
294,86,1,1
294,86,2,20
294,87,1,1
294,87,2,20
294,88,1,2
294,88,2,20
294,89,1,3
294,89,2,20
294,90,1,3
294,90,2,20
294,91,1,2
294,91,2,20
294,92,1,2
294,92,2,20
294,93,1,2
294,93,2,20
294,94,1,2
294,94,2,20
294,95,1,2
294,95,2,20
294,96,1,3
294,96,2,20
294,97,1,5
294,97,2,20
294,98,1,3
294,98,2,20
294,99,1,2
294,99,2,20
294,100,1,2
294,100,2,20
294,101,1,2
294,101,2,20
294,102,1,2
294,102,2,20
294,103,1,2
294,103,2,20
294,104,1,3
294,104,2,20
294,105,1,3
294,105,2,20
294,106,1,3
294,106,2,20
294,107,1,3
294,107,2,20
294,108,1,3
294,108,2,20
294,109,1,3
294,109,2,20
294,110,1,3
294,110,2,20
294,111,1,3
294,111,2,20
294,112,1,5
294,112,2,20
294,113,1,3
294,113,2,20
294,114,1,3
294,114,2,20
294,115,1,3
294,115,2,20
294,116,1,3
294,116,2,20
294,117,1,3
294,117,2,20
294,118,1,3
294,118,2,20
294,119,1,3
294,119,2,20
294,120,1,4
294,120,2,20
294,121,1,4
294,121,2,20
294,122,1,4
294,122,2,20
294,123,1,4
294,123,2,20
294,124,1,4
294,124,2,20
294,125,1,4
294,125,2,20
294,126,1,4
294,126,2,20
294,127,1,5
294,127,2,20
294,128,1,4
294,128,2,20
294,129,1,4
294,129,2,20
294,130,1,4
294,130,2,20
294,131,1,4
294,131,2,20
294,132,1,4
294,132,2,20
294,133,1,4
294,133,2,20
294,134,1,4
294,134,2,20
295,0,1,4
295,0,2,20
295,1,1,4
295,1,2,20
295,2,1,4
295,2,2,20
295,3,1,4
295,3,2,20
295,4,1,4
295,4,2,20
295,5,1,4
295,5,2,20
295,6,1,4
295,6,2,20
295,7,1,5
295,7,2,20
295,8,1,4
295,8,2,20
295,9,1,4
295,9,2,20
295,10,1,4
295,10,2,20
295,11,1,4
295,11,2,20
295,12,1,4
295,12,2,20
295,13,1,4
295,13,2,20
295,14,1,4
295,14,2,20
295,15,1,3
295,15,2,20
295,16,1,3
295,16,2,20
295,17,1,3
295,17,2,20
295,18,1,3
295,18,2,20
295,19,1,3
295,19,2,20
295,20,1,3
295,20,2,20
295,21,1,3
295,21,2,20
295,22,1,5
295,22,2,20
295,23,1,3
295,23,2,20
295,24,1,3
295,24,2,20
295,25,1,3
295,25,2,20
295,26,1,3
295,26,2,20
295,27,1,3
295,27,2,20
295,28,1,3
295,28,2,20
295,29,1,3
295,29,2,20
295,30,1,3
295,30,2,20
295,31,1,2
295,31,2,20
295,32,1,2
295,32,2,20
295,33,1,2
295,33,2,20
295,34,1,2
295,34,2,20
295,35,1,2
295,35,2,20
295,36,1,3
295,36,2,20
295,37,1,5
295,37,2,20
295,38,1,3
295,38,2,20
295,39,1,2
295,39,2,20
295,40,1,2
295,40,2,20
295,41,1,2
295,41,2,20
295,42,1,2
295,42,2,20
295,43,1,2
295,43,2,20
295,44,1,3
295,44,2,20
295,45,1,3
295,45,2,20
295,46,1,2
295,46,2,20
295,47,1,1
295,47,2,20
295,48,1,1
295,48,2,20
295,49,1,1
295,49,2,20
295,50,1,2
295,50,2,20
295,51,1,3
295,51,2,20
295,52,1,5
295,52,2,20
295,53,1,3
295,53,2,20
295,54,1,2
295,54,2,20
295,55,1,1
295,55,2,20
295,56,1,1
295,56,2,20
295,57,1,1
295,57,2,20
295,58,1,2
295,58,2,20
295,59,1,3
295,59,2,20
295,60,1,3
295,60,2,20
295,61,1,2
295,61,2,20
295,62,1,1
295,62,2,20
295,63,1,0
295,63,2,20
295,64,1,1
295,64,2,20
295,65,1,2
295,65,2,20
295,66,1,3
295,66,2,20
295,67,1,5
295,67,2,20
295,68,1,3
295,68,2,20
295,69,1,2
295,69,2,20
295,70,1,1
295,70,2,20
295,71,1,0
295,71,2,20
295,72,1,1
295,72,2,20
295,73,1,2
295,73,2,20
295,74,1,3
295,74,2,20
295,75,1,3
295,75,2,20
295,76,1,2
295,76,2,20
295,77,1,1
295,77,2,20
295,78,1,1
295,78,2,20
295,79,1,1
295,79,2,20
295,80,1,2
295,80,2,20
295,81,1,3
295,81,2,20
295,82,1,5
295,82,2,20
295,83,1,3
295,83,2,20
295,84,1,2
295,84,2,20
295,85,1,1
295,85,2,20
295,86,1,1
295,86,2,20
295,87,1,1
295,87,2,20
295,88,1,2
295,88,2,20
295,89,1,3
295,89,2,20
295,90,1,3
295,90,2,20
295,91,1,2
295,91,2,20
295,92,1,2
295,92,2,20
295,93,1,2
295,93,2,20
295,94,1,2
295,94,2,20
295,95,1,2
295,95,2,20
295,96,1,3
295,96,2,20
295,97,1,5
295,97,2,20
295,98,1,3
295,98,2,20
295,99,1,2
295,99,2,20
295,100,1,2
295,100,2,20
295,101,1,2
295,101,2,20
295,102,1,2
295,102,2,20
295,103,1,2
295,103,2,20
295,104,1,3
295,104,2,20
295,105,1,3
295,105,2,20
295,106,1,3
295,106,2,20
295,107,1,3
295,107,2,20
295,108,1,3
295,108,2,20
295,109,1,3
295,109,2,20
295,110,1,3
295,110,2,20
295,111,1,3
295,111,2,20
295,112,1,5
295,112,2,20
295,113,1,3
295,113,2,20
295,114,1,3
295,114,2,20
295,115,1,3
295,115,2,20
295,116,1,3
295,116,2,20
295,117,1,3
295,117,2,20
295,118,1,3
295,118,2,20
295,119,1,3
295,119,2,20
295,120,1,4
295,120,2,20
295,121,1,4
295,121,2,20
295,122,1,4
295,122,2,20
295,123,1,4
295,123,2,20
295,124,1,4
295,124,2,20
295,125,1,4
295,125,2,20
295,126,1,4
295,126,2,20
295,127,1,5
295,127,2,20
295,128,1,4
295,128,2,20
295,129,1,4
295,129,2,20
295,130,1,4
295,130,2,20
295,131,1,4
295,131,2,20
295,132,1,4
295,132,2,20
295,133,1,4
295,133,2,20
295,134,1,4
295,134,2,20
296,0,1,4
296,0,2,20
296,1,1,4
296,1,2,20
296,2,1,4
296,2,2,20
296,3,1,4
296,3,2,20
296,4,1,4
296,4,2,20
296,5,1,4
296,5,2,20
296,6,1,4
296,6,2,20
296,7,1,5
296,7,2,20
296,8,1,4
296,8,2,20
296,9,1,4
296,9,2,20
296,10,1,4
296,10,2,20
296,11,1,4
296,11,2,20
296,12,1,4
296,12,2,20
296,13,1,4
296,13,2,20
296,14,1,4
296,14,2,20
296,15,1,3
296,15,2,20
296,16,1,3
296,16,2,20
296,17,1,3
296,17,2,20
296,18,1,3
296,18,2,20
296,19,1,3
296,19,2,20
296,20,1,3
296,20,2,20
296,21,1,3
296,21,2,20
296,22,1,5
296,22,2,20
296,23,1,3
296,23,2,20
296,24,1,3
296,24,2,20
296,25,1,3
296,25,2,20
296,26,1,3
296,26,2,20
296,27,1,3
296,27,2,20
296,28,1,3
296,28,2,20
296,29,1,3
296,29,2,20
296,30,1,3
296,30,2,20
296,31,1,2
296,31,2,20
296,32,1,2
296,32,2,20
296,33,1,2
296,33,2,20
296,34,1,2
296,34,2,20
296,35,1,2
296,35,2,20
296,36,1,3
296,36,2,20
296,37,1,5
296,37,2,20
296,38,1,3
296,38,2,20
296,39,1,2
296,39,2,20
296,40,1,2
296,40,2,20
296,41,1,2
296,41,2,20
296,42,1,2
296,42,2,20
296,43,1,2
296,43,2,20
296,44,1,3
296,44,2,20
296,45,1,3
296,45,2,20
296,46,1,2
296,46,2,20
296,47,1,1
296,47,2,20
296,48,1,1
296,48,2,20
296,49,1,1
296,49,2,20
296,50,1,2
296,50,2,20
296,51,1,3
296,51,2,20
296,52,1,5
296,52,2,20
296,53,1,3
296,53,2,20
296,54,1,2
296,54,2,20
296,55,1,1
296,55,2,20
296,56,1,1
296,56,2,20
296,57,1,1
296,57,2,20
296,58,1,2
296,58,2,20
296,59,1,3
296,59,2,20
296,60,1,3
296,60,2,20
296,61,1,2
296,61,2,20
296,62,1,1
296,62,2,20
296,63,1,0
296,63,2,20
296,64,1,1
296,64,2,20
296,65,1,2
296,65,2,20
296,66,1,3
296,66,2,20
296,67,1,5
296,67,2,20
296,68,1,3
296,68,2,20
296,69,1,2
296,69,2,20
296,70,1,1
296,70,2,20
296,71,1,0
296,71,2,20
296,72,1,1
296,72,2,20
296,73,1,2
296,73,2,20
296,74,1,3
296,74,2,20
296,75,1,3
296,75,2,20
296,76,1,2
296,76,2,20
296,77,1,1
296,77,2,20
296,78,1,1
296,78,2,20
296,79,1,1
296,79,2,20
296,80,1,2
296,80,2,20
296,81,1,3
296,81,2,20
296,82,1,5
296,82,2,20
296,83,1,3
296,83,2,20
296,84,1,2
296,84,2,20
296,85,1,1
296,85,2,20
296,86,1,1
296,86,2,20
296,87,1,1
296,87,2,20
296,88,1,2
296,88,2,20
296,89,1,3
296,89,2,20
296,90,1,3
296,90,2,20
296,91,1,2
296,91,2,20
296,92,1,2
296,92,2,20
296,93,1,2
296,93,2,20
296,94,1,2
296,94,2,20
296,95,1,2
296,95,2,20
296,96,1,3
296,96,2,20
296,97,1,5
296,97,2,20
296,98,1,3
296,98,2,20
296,99,1,2
296,99,2,20
296,100,1,2
296,100,2,20
296,101,1,2
296,101,2,20
296,102,1,2
296,102,2,20
296,103,1,2
296,103,2,20
296,104,1,3
296,104,2,20
296,105,1,3
296,105,2,20
296,106,1,3
296,106,2,20
296,107,1,3
296,107,2,20
296,108,1,3
296,108,2,20
296,109,1,3
296,109,2,20
296,110,1,3
296,110,2,20
296,111,1,3
296,111,2,20
296,112,1,5
296,112,2,20
296,113,1,3
296,113,2,20
296,114,1,3
296,114,2,20
296,115,1,3
296,115,2,20
296,116,1,3
296,116,2,20
296,117,1,3
296,117,2,20
296,118,1,3
296,118,2,20
296,119,1,3
296,119,2,20
296,120,1,4
296,120,2,20
296,121,1,4
296,121,2,20
296,122,1,4
296,122,2,20
296,123,1,4
296,123,2,20
296,124,1,4
296,124,2,20
296,125,1,4
296,125,2,20
296,126,1,4
296,126,2,20
296,127,1,5
296,127,2,20
296,128,1,4
296,128,2,20
296,129,1,4
296,129,2,20
296,130,1,4
296,130,2,20
296,131,1,4
296,131,2,20
296,132,1,4
296,132,2,20
296,133,1,4
296,133,2,20
296,134,1,4
296,134,2,20
297,0,1,4
297,0,2,20
297,1,1,4
297,1,2,20
297,2,1,4
297,2,2,20
297,3,1,4
297,3,2,20
297,4,1,4
297,4,2,20
297,5,1,4
297,5,2,20
297,6,1,4
297,6,2,20
297,7,1,5
297,7,2,20
297,8,1,4
297,8,2,20
297,9,1,4
297,9,2,20
297,10,1,4
297,10,2,20
297,11,1,4
297,11,2,20
297,12,1,4
297,12,2,20
297,13,1,4
297,13,2,20
297,14,1,4
297,14,2,20
297,15,1,3
297,15,2,20
297,16,1,3
297,16,2,20
297,17,1,3
297,17,2,20
297,18,1,3
297,18,2,20
297,19,1,3
297,19,2,20
297,20,1,3
297,20,2,20
297,21,1,3
297,21,2,20
297,22,1,5
297,22,2,20
297,23,1,3
297,23,2,20
297,24,1,3
297,24,2,20
297,25,1,3
297,25,2,20
297,26,1,3
297,26,2,20
297,27,1,3
297,27,2,20
297,28,1,3
297,28,2,20
297,29,1,3
297,29,2,20
297,30,1,3
297,30,2,20
297,31,1,2
297,31,2,20
297,32,1,2
297,32,2,20
297,33,1,2
297,33,2,20
297,34,1,2
297,34,2,20
297,35,1,2
297,35,2,20
297,36,1,3
297,36,2,20
297,37,1,5
297,37,2,20
297,38,1,3
297,38,2,20
297,39,1,2
297,39,2,20
297,40,1,2
297,40,2,20
297,41,1,2
297,41,2,20
297,42,1,2
297,42,2,20
297,43,1,2
297,43,2,20
297,44,1,3
297,44,2,20
297,45,1,3
297,45,2,20
297,46,1,2
297,46,2,20
297,47,1,1
297,47,2,20
297,48,1,1
297,48,2,20
297,49,1,1
297,49,2,20
297,50,1,2
297,50,2,20
297,51,1,3
297,51,2,20
297,52,1,5
297,52,2,20
297,53,1,3
297,53,2,20
297,54,1,2
297,54,2,20
297,55,1,1
297,55,2,20
297,56,1,1
297,56,2,20
297,57,1,1
297,57,2,20
297,58,1,2
297,58,2,20
297,59,1,3
297,59,2,20
297,60,1,3
297,60,2,20
297,61,1,2
297,61,2,20
297,62,1,1
297,62,2,20
297,63,1,0
297,63,2,20
297,64,1,1
297,64,2,20
297,65,1,2
297,65,2,20
297,66,1,3
297,66,2,20
297,67,1,5
297,67,2,20
297,68,1,3
297,68,2,20
297,69,1,2
297,69,2,20
297,70,1,1
297,70,2,20
297,71,1,0
297,71,2,20
297,72,1,1
297,72,2,20
297,73,1,2
297,73,2,20
297,74,1,3
297,74,2,20
297,75,1,3
297,75,2,20
297,76,1,2
297,76,2,20
297,77,1,1
297,77,2,20
297,78,1,1
297,78,2,20
297,79,1,1
297,79,2,20
297,80,1,2
297,80,2,20
297,81,1,3
297,81,2,20
297,82,1,5
297,82,2,20
297,83,1,3
297,83,2,20
297,84,1,2
297,84,2,20
297,85,1,1
297,85,2,20
297,86,1,1
297,86,2,20
297,87,1,1
297,87,2,20
297,88,1,2
297,88,2,20
297,89,1,3
297,89,2,20
297,90,1,3
297,90,2,20
297,91,1,2
297,91,2,20
297,92,1,2
297,92,2,20
297,93,1,2
297,93,2,20
297,94,1,2
297,94,2,20
297,95,1,2
297,95,2,20
297,96,1,3
297,96,2,20
297,97,1,5
297,97,2,20
297,98,1,3
297,98,2,20
297,99,1,2
297,99,2,20
297,100,1,2
297,100,2,20
297,101,1,2
297,101,2,20
297,102,1,2
297,102,2,20
297,103,1,2
297,103,2,20
297,104,1,3
297,104,2,20
297,105,1,3
297,105,2,20
297,106,1,3
297,106,2,20
297,107,1,3
297,107,2,20
297,108,1,3
297,108,2,20
297,109,1,3
297,109,2,20
297,110,1,3
297,110,2,20
297,111,1,3
297,111,2,20
297,112,1,5
297,112,2,20
297,113,1,3
297,113,2,20
297,114,1,3
297,114,2,20
297,115,1,3
297,115,2,20
297,116,1,3
297,116,2,20
297,117,1,3
297,117,2,20
297,118,1,3
297,118,2,20
297,119,1,3
297,119,2,20
297,120,1,4
297,120,2,20
297,121,1,4
297,121,2,20
297,122,1,4
297,122,2,20
297,123,1,4
297,123,2,20
297,124,1,4
297,124,2,20
297,125,1,4
297,125,2,20
297,126,1,4
297,126,2,20
297,127,1,5
297,127,2,20
297,128,1,4
297,128,2,20
297,129,1,4
297,129,2,20
297,130,1,4
297,130,2,20
297,131,1,4
297,131,2,20
297,132,1,4
297,132,2,20
297,133,1,4
297,133,2,20
297,134,1,4
297,134,2,20
298,0,1,4
298,0,2,20
298,1,1,4
298,1,2,20
298,2,1,4
298,2,2,20
298,3,1,4
298,3,2,20
298,4,1,4
298,4,2,20
298,5,1,4
298,5,2,20
298,6,1,4
298,6,2,20
298,7,1,5
298,7,2,20
298,8,1,4
298,8,2,20
298,9,1,4
298,9,2,20
298,10,1,4
298,10,2,20
298,11,1,4
298,11,2,20
298,12,1,4
298,12,2,20
298,13,1,4
298,13,2,20
298,14,1,4
298,14,2,20
298,15,1,3
298,15,2,20
298,16,1,3
298,16,2,20
298,17,1,3
298,17,2,20
298,18,1,3
298,18,2,20
298,19,1,3
298,19,2,20
298,20,1,3
298,20,2,20
298,21,1,3
298,21,2,20
298,22,1,5
298,22,2,20
298,23,1,3
298,23,2,20
298,24,1,3
298,24,2,20
298,25,1,3
298,25,2,20
298,26,1,3
298,26,2,20
298,27,1,3
298,27,2,20
298,28,1,3
298,28,2,20
298,29,1,3
298,29,2,20
298,30,1,3
298,30,2,20
298,31,1,2
298,31,2,20
298,32,1,2
298,32,2,20
298,33,1,2
298,33,2,20
298,34,1,2
298,34,2,20
298,35,1,2
298,35,2,20
298,36,1,3
298,36,2,20
298,37,1,5
298,37,2,20
298,38,1,3
298,38,2,20
298,39,1,2
298,39,2,20
298,40,1,2
298,40,2,20
298,41,1,2
298,41,2,20
298,42,1,2
298,42,2,20
298,43,1,2
298,43,2,20
298,44,1,3
298,44,2,20
298,45,1,3
298,45,2,20
298,46,1,2
298,46,2,20
298,47,1,1
298,47,2,20
298,48,1,1
298,48,2,20
298,49,1,1
298,49,2,20
298,50,1,2
298,50,2,20
298,51,1,3
298,51,2,20
298,52,1,5
298,52,2,20
298,53,1,3
298,53,2,20
298,54,1,2
298,54,2,20
298,55,1,1
298,55,2,20
298,56,1,1
298,56,2,20
298,57,1,1
298,57,2,20
298,58,1,2
298,58,2,20
298,59,1,3
298,59,2,20
298,60,1,3
298,60,2,20
298,61,1,2
298,61,2,20
298,62,1,1
298,62,2,20
298,63,1,0
298,63,2,20
298,64,1,1
298,64,2,20
298,65,1,2
298,65,2,20
298,66,1,3
298,66,2,20
298,67,1,5
298,67,2,20
298,68,1,3
298,68,2,20
298,69,1,2
298,69,2,20
298,70,1,1
298,70,2,20
298,71,1,0
298,71,2,20
298,72,1,1
298,72,2,20
298,73,1,2
298,73,2,20
298,74,1,3
298,74,2,20
298,75,1,3
298,75,2,20
298,76,1,2
298,76,2,20
298,77,1,1
298,77,2,20
298,78,1,1
298,78,2,20
298,79,1,1
298,79,2,20
298,80,1,2
298,80,2,20
298,81,1,3
298,81,2,20
298,82,1,5
298,82,2,20
298,83,1,3
298,83,2,20
298,84,1,2
298,84,2,20
298,85,1,1
298,85,2,20
298,86,1,1
298,86,2,20
298,87,1,1
298,87,2,20
298,88,1,2
298,88,2,20
298,89,1,3
298,89,2,20
298,90,1,3
298,90,2,20
298,91,1,2
298,91,2,20
298,92,1,2
298,92,2,20
298,93,1,2
298,93,2,20
298,94,1,2
298,94,2,20
298,95,1,2
298,95,2,20
298,96,1,3
298,96,2,20
298,97,1,5
298,97,2,20
298,98,1,3
298,98,2,20
298,99,1,2
298,99,2,20
298,100,1,2
298,100,2,20
298,101,1,2
298,101,2,20
298,102,1,2
298,102,2,20
298,103,1,2
298,103,2,20
298,104,1,3
298,104,2,20
298,105,1,3
298,105,2,20
298,106,1,3
298,106,2,20
298,107,1,3
298,107,2,20
298,108,1,3
298,108,2,20
298,109,1,3
298,109,2,20
298,110,1,3
298,110,2,20
298,111,1,3
298,111,2,20
298,112,1,5
298,112,2,20
298,113,1,3
298,113,2,20
298,114,1,3
298,114,2,20
298,115,1,3
298,115,2,20
298,116,1,3
298,116,2,20
298,117,1,3
298,117,2,20
298,118,1,3
298,118,2,20
298,119,1,3
298,119,2,20
298,120,1,4
298,120,2,20
298,121,1,4
298,121,2,20
298,122,1,4
298,122,2,20
298,123,1,4
298,123,2,20
298,124,1,4
298,124,2,20
298,125,1,4
298,125,2,20
298,126,1,4
298,126,2,20
298,127,1,5
298,127,2,20
298,128,1,4
298,128,2,20
298,129,1,4
298,129,2,20
298,130,1,4
298,130,2,20
298,131,1,4
298,131,2,20
298,132,1,4
298,132,2,20
298,133,1,4
298,133,2,20
298,134,1,4
298,134,2,20
299,0,1,4
299,0,2,20
299,1,1,4
299,1,2,20
299,2,1,4
299,2,2,20
299,3,1,4
299,3,2,20
299,4,1,4
299,4,2,20
299,5,1,4
299,5,2,20
299,6,1,4
299,6,2,20
299,7,1,5
299,7,2,20
299,8,1,4
299,8,2,20
299,9,1,4
299,9,2,20
299,10,1,4
299,10,2,20
299,11,1,4
299,11,2,20
299,12,1,4
299,12,2,20
299,13,1,4
299,13,2,20
299,14,1,4
299,14,2,20
299,15,1,3
299,15,2,20
299,16,1,3
299,16,2,20
299,17,1,3
299,17,2,20
299,18,1,3
299,18,2,20
299,19,1,3
299,19,2,20
299,20,1,3
299,20,2,20
299,21,1,3
299,21,2,20
299,22,1,5
299,22,2,20
299,23,1,3
299,23,2,20
299,24,1,3
299,24,2,20
299,25,1,3
299,25,2,20
299,26,1,3
299,26,2,20
299,27,1,3
299,27,2,20
299,28,1,3
299,28,2,20
299,29,1,3
299,29,2,20
299,30,1,3
299,30,2,20
299,31,1,2
299,31,2,20
299,32,1,2
299,32,2,20
299,33,1,2
299,33,2,20
299,34,1,2
299,34,2,20
299,35,1,2
299,35,2,20
299,36,1,3
299,36,2,20
299,37,1,5
299,37,2,20
299,38,1,3
299,38,2,20
299,39,1,2
299,39,2,20
299,40,1,2
299,40,2,20
299,41,1,2
299,41,2,20
299,42,1,2
299,42,2,20
299,43,1,2
299,43,2,20
299,44,1,3
299,44,2,20
299,45,1,3
299,45,2,20
299,46,1,2
299,46,2,20
299,47,1,1
299,47,2,20
299,48,1,1
299,48,2,20
299,49,1,1
299,49,2,20
299,50,1,2
299,50,2,20
299,51,1,3
299,51,2,20
299,52,1,5
299,52,2,20
299,53,1,3
299,53,2,20
299,54,1,2
299,54,2,20
299,55,1,1
299,55,2,20
299,56,1,1
299,56,2,20
299,57,1,1
299,57,2,20
299,58,1,2
299,58,2,20
299,59,1,3
299,59,2,20
299,60,1,3
299,60,2,20
299,61,1,2
299,61,2,20
299,62,1,1
299,62,2,20
299,63,1,0
299,63,2,20
299,64,1,1
299,64,2,20
299,65,1,2
299,65,2,20
299,66,1,3
299,66,2,20
299,67,1,5
299,67,2,20
299,68,1,3
299,68,2,20
299,69,1,2
299,69,2,20
299,70,1,1
299,70,2,20
299,71,1,0
299,71,2,20
299,72,1,1
299,72,2,20
299,73,1,2
299,73,2,20
299,74,1,3
299,74,2,20
299,75,1,3
299,75,2,20
299,76,1,2
299,76,2,20
299,77,1,1
299,77,2,20
299,78,1,1
299,78,2,20
299,79,1,1
299,79,2,20
299,80,1,2
299,80,2,20
299,81,1,3
299,81,2,20
299,82,1,5
299,82,2,20
299,83,1,3
299,83,2,20
299,84,1,2
299,84,2,20
299,85,1,1
299,85,2,20
299,86,1,1
299,86,2,20
299,87,1,1
299,87,2,20
299,88,1,2
299,88,2,20
299,89,1,3
299,89,2,20
299,90,1,3
299,90,2,20
299,91,1,2
299,91,2,20
299,92,1,2
299,92,2,20
299,93,1,2
299,93,2,20
299,94,1,2
299,94,2,20
299,95,1,2
299,95,2,20
299,96,1,3
299,96,2,20
299,97,1,5
299,97,2,20
299,98,1,3
299,98,2,20
299,99,1,2
299,99,2,20
299,100,1,2
299,100,2,20
299,101,1,2
299,101,2,20
299,102,1,2
299,102,2,20
299,103,1,2
299,103,2,20
299,104,1,3
299,104,2,20
299,105,1,3
299,105,2,20
299,106,1,3
299,106,2,20
299,107,1,3
299,107,2,20
299,108,1,3
299,108,2,20
299,109,1,3
299,109,2,20
299,110,1,3
299,110,2,20
299,111,1,3
299,111,2,20
299,112,1,5
299,112,2,20
299,113,1,3
299,113,2,20
299,114,1,3
299,114,2,20
299,115,1,3
299,115,2,20
299,116,1,3
299,116,2,20
299,117,1,3
299,117,2,20
299,118,1,3
299,118,2,20
299,119,1,3
299,119,2,20
299,120,1,4
299,120,2,20
299,121,1,4
299,121,2,20
299,122,1,4
299,122,2,20
299,123,1,4
299,123,2,20
299,124,1,4
299,124,2,20
299,125,1,4
299,125,2,20
299,126,1,4
299,126,2,20
299,127,1,5
299,127,2,20
299,128,1,4
299,128,2,20
299,129,1,4
299,129,2,20
299,130,1,4
299,130,2,20
299,131,1,4
299,131,2,20
299,132,1,4
299,132,2,20
299,133,1,4
299,133,2,20
299,134,1,4
299,134,2,20
300,0,1,4
300,0,2,20
300,1,1,4
300,1,2,20
300,2,1,4
300,2,2,20
300,3,1,4
300,3,2,20
300,4,1,4
300,4,2,20
300,5,1,4
300,5,2,20
300,6,1,4
300,6,2,20
300,7,1,5
300,7,2,20
300,8,1,4
300,8,2,20
300,9,1,4
300,9,2,20
300,10,1,4
300,10,2,20
300,11,1,4
300,11,2,20
300,12,1,4
300,12,2,20
300,13,1,4
300,13,2,20
300,14,1,4
300,14,2,20
300,15,1,3
300,15,2,20
300,16,1,3
300,16,2,20
300,17,1,3
300,17,2,20
300,18,1,3
300,18,2,20
300,19,1,3
300,19,2,20
300,20,1,3
300,20,2,20
300,21,1,3
300,21,2,20
300,22,1,5
300,22,2,20
300,23,1,3
300,23,2,20
300,24,1,3
300,24,2,20
300,25,1,3
300,25,2,20
300,26,1,3
300,26,2,20
300,27,1,3
300,27,2,20
300,28,1,3
300,28,2,20
300,29,1,3
300,29,2,20
300,30,1,3
300,30,2,20
300,31,1,2
300,31,2,20
300,32,1,2
300,32,2,20
300,33,1,2
300,33,2,20
300,34,1,2
300,34,2,20
300,35,1,2
300,35,2,20
300,36,1,3
300,36,2,20
300,37,1,5
300,37,2,20
300,38,1,3
300,38,2,20
300,39,1,2
300,39,2,20
300,40,1,2
300,40,2,20
300,41,1,2
300,41,2,20
300,42,1,2
300,42,2,20
300,43,1,2
300,43,2,20
300,44,1,3
300,44,2,20
300,45,1,3
300,45,2,20
300,46,1,2
300,46,2,20
300,47,1,1
300,47,2,20
300,48,1,1
300,48,2,20
300,49,1,1
300,49,2,20
300,50,1,2
300,50,2,20
300,51,1,3
300,51,2,20
300,52,1,5
300,52,2,20
300,53,1,3
300,53,2,20
300,54,1,2
300,54,2,20
300,55,1,1
300,55,2,20
300,56,1,1
300,56,2,20
300,57,1,1
300,57,2,20
300,58,1,2
300,58,2,20
300,59,1,3
300,59,2,20
300,60,1,3
300,60,2,20
300,61,1,2
300,61,2,20
300,62,1,1
300,62,2,20
300,63,1,0
300,63,2,20
300,64,1,1
300,64,2,20
300,65,1,2
300,65,2,20
300,66,1,3
300,66,2,20
300,67,1,5
300,67,2,20
300,68,1,3
300,68,2,20
300,69,1,2
300,69,2,20
300,70,1,1
300,70,2,20
300,71,1,0
300,71,2,20
300,72,1,1
300,72,2,20
300,73,1,2
300,73,2,20
300,74,1,3
300,74,2,20
300,75,1,3
300,75,2,20
300,76,1,2
300,76,2,20
300,77,1,1
300,77,2,20
300,78,1,1
300,78,2,20
300,79,1,1
300,79,2,20
300,80,1,2
300,80,2,20
300,81,1,3
300,81,2,20
300,82,1,5
300,82,2,20
300,83,1,3
300,83,2,20
300,84,1,2
300,84,2,20
300,85,1,1
300,85,2,20
300,86,1,1
300,86,2,20
300,87,1,1
300,87,2,20
300,88,1,2
300,88,2,20
300,89,1,3
300,89,2,20
300,90,1,3
300,90,2,20
300,91,1,2
300,91,2,20
300,92,1,2
300,92,2,20
300,93,1,2
300,93,2,20
300,94,1,2
300,94,2,20
300,95,1,2
300,95,2,20
300,96,1,3
300,96,2,20
300,97,1,5
300,97,2,20
300,98,1,3
300,98,2,20
300,99,1,2
300,99,2,20
300,100,1,2
300,100,2,20
300,101,1,2
300,101,2,20
300,102,1,2
300,102,2,20
300,103,1,2
300,103,2,20
300,104,1,3
300,104,2,20
300,105,1,3
300,105,2,20
300,106,1,3
300,106,2,20
300,107,1,3
300,107,2,20
300,108,1,3
300,108,2,20
300,109,1,3
300,109,2,20
300,110,1,3
300,110,2,20
300,111,1,3
300,111,2,20
300,112,1,5
300,112,2,20
300,113,1,3
300,113,2,20
300,114,1,3
300,114,2,20
300,115,1,3
300,115,2,20
300,116,1,3
300,116,2,20
300,117,1,3
300,117,2,20
300,118,1,3
300,118,2,20
300,119,1,3
300,119,2,20
300,120,1,4
300,120,2,20
300,121,1,4
300,121,2,20
300,122,1,4
300,122,2,20
300,123,1,4
300,123,2,20
300,124,1,4
300,124,2,20
300,125,1,4
300,125,2,20
300,126,1,4
300,126,2,20
300,127,1,5
300,127,2,20
300,128,1,4
300,128,2,20
300,129,1,4
300,129,2,20
300,130,1,4
300,130,2,20
300,131,1,4
300,131,2,20
300,132,1,4
300,132,2,20
300,133,1,4
300,133,2,20
300,134,1,4
300,134,2,20
