tick,place,kind,value
0,0,1,0
0,0,2,0
0,1,1,0
0,1,2,0
0,2,1,0
0,2,2,0
0,3,1,0
0,3,2,0
0,4,1,0
0,4,2,0
0,5,1,0
0,5,2,0
0,6,1,0
0,6,2,0
0,7,1,0
0,7,2,0
0,8,1,0
0,8,2,0
0,9,1,0
0,9,2,0
0,10,1,0
0,10,2,0
0,11,1,0
0,11,2,0
0,12,1,0
0,12,2,0
0,13,1,0
0,13,2,0
0,14,1,0
0,14,2,0
0,15,1,0
0,15,2,0
0,16,1,0
0,16,2,0
0,17,1,0
0,17,2,0
0,18,1,0
0,18,2,0
0,19,1,0
0,19,2,0
0,20,1,0
0,20,2,0
0,21,1,0
0,21,2,0
0,22,1,0
0,22,2,0
0,23,1,0
0,23,2,0
0,24,1,0
0,24,2,0
0,25,1,0
0,25,2,0
0,26,1,0
0,26,2,0
0,27,1,0
0,27,2,0
0,28,1,0
0,28,2,0
0,29,1,0
0,29,2,0
0,30,1,0
0,30,2,0
0,31,1,0
0,31,2,0
0,32,1,0
0,32,2,0
0,33,1,0
0,33,2,0
0,34,1,0
0,34,2,0
0,35,1,0
0,35,2,0
0,36,1,0
0,36,2,0
0,37,1,0
0,37,2,0
0,38,1,0
0,38,2,0
0,39,1,0
0,39,2,0
0,40,1,0
0,40,2,0
0,41,1,0
0,41,2,0
0,42,1,0
0,42,2,0
0,43,1,0
0,43,2,0
0,44,1,0
0,44,2,0
0,45,1,0
0,45,2,0
0,46,1,0
0,46,2,0
0,47,1,0
0,47,2,0
0,48,1,0
0,48,2,0
0,49,1,0
0,49,2,0
0,50,1,0
0,50,2,0
0,51,1,0
0,51,2,0
0,52,1,0
0,52,2,0
0,53,1,0
0,53,2,0
0,54,1,0
0,54,2,0
0,55,1,0
0,55,2,0
0,56,1,0
0,56,2,0
0,57,1,0
0,57,2,0
0,58,1,0
0,58,2,0
0,59,1,0
0,59,2,0
0,60,1,0
0,60,2,0
0,61,1,0
0,61,2,0
0,62,1,0
0,62,2,0
0,63,1,0
0,63,2,0
0,64,1,0
0,64,2,0
0,65,1,0
0,65,2,0
0,66,1,0
0,66,2,0
0,67,1,0
0,67,2,0
0,68,1,0
0,68,2,0
0,69,1,0
0,69,2,0
0,70,1,0
0,70,2,0
0,71,1,0
0,71,2,0
0,72,1,0
0,72,2,0
0,73,1,0
0,73,2,0
0,74,1,0
0,74,2,0
0,75,1,0
0,75,2,0
0,76,1,0
0,76,2,0
0,77,1,0
0,77,2,0
0,78,1,0
0,78,2,0
0,79,1,0
0,79,2,0
0,80,1,0
0,80,2,0
1,0,1,0
1,0,2,1
1,1,1,0
1,1,2,1
1,2,1,0
1,2,2,1
1,3,1,0
1,3,2,1
1,4,1,0
1,4,2,1
1,5,1,0
1,5,2,1
1,6,1,0
1,6,2,1
1,7,1,0
1,7,2,1
1,8,1,0
1,8,2,1
1,9,1,0
1,9,2,1
1,10,1,0
1,10,2,1
1,11,1,0
1,11,2,1
1,12,1,0
1,12,2,1
1,13,1,0
1,13,2,1
1,14,1,0
1,14,2,1
1,15,1,0
1,15,2,1
1,16,1,0
1,16,2,1
1,17,1,0
1,17,2,1
1,18,1,0
1,18,2,1
1,19,1,0
1,19,2,1
1,20,1,0
1,20,2,1
1,21,1,0
1,21,2,1
1,22,1,0
1,22,2,1
1,23,1,0
1,23,2,1
1,24,1,0
1,24,2,1
1,25,1,0
1,25,2,1
1,26,1,0
1,26,2,1
1,27,1,0
1,27,2,1
1,28,1,0
1,28,2,1
1,29,1,0
1,29,2,1
1,30,1,0
1,30,2,1
1,31,1,0
1,31,2,1
1,32,1,0
1,32,2,1
1,33,1,0
1,33,2,1
1,34,1,0
1,34,2,1
1,35,1,0
1,35,2,1
1,36,1,0
1,36,2,1
1,37,1,0
1,37,2,1
1,38,1,0
1,38,2,1
1,39,1,0
1,39,2,1
1,40,1,0
1,40,2,1
1,41,1,0
1,41,2,1
1,42,1,0
1,42,2,1
1,43,1,0
1,43,2,1
1,44,1,0
1,44,2,1
1,45,1,0
1,45,2,1
1,46,1,0
1,46,2,1
1,47,1,0
1,47,2,1
1,48,1,0
1,48,2,1
1,49,1,0
1,49,2,1
1,50,1,0
1,50,2,1
1,51,1,0
1,51,2,1
1,52,1,0
1,52,2,1
1,53,1,0
1,53,2,1
1,54,1,0
1,54,2,1
1,55,1,0
1,55,2,1
1,56,1,0
1,56,2,1
1,57,1,0
1,57,2,1
1,58,1,0
1,58,2,1
1,59,1,0
1,59,2,1
1,60,1,0
1,60,2,1
1,61,1,0
1,61,2,1
1,62,1,0
1,62,2,1
1,63,1,0
1,63,2,1
1,64,1,0
1,64,2,1
1,65,1,0
1,65,2,1
1,66,1,0
1,66,2,1
1,67,1,0
1,67,2,1
1,68,1,0
1,68,2,1
1,69,1,0
1,69,2,1
1,70,1,0
1,70,2,1
1,71,1,0
1,71,2,1
1,72,1,0
1,72,2,1
1,73,1,0
1,73,2,1
1,74,1,0
1,74,2,1
1,75,1,0
1,75,2,1
1,76,1,0
1,76,2,1
1,77,1,0
1,77,2,1
1,78,1,0
1,78,2,1
1,79,1,0
1,79,2,1
1,80,1,0
1,80,2,1
2,0,1,0
2,0,2,2
2,1,1,0
2,1,2,2
2,2,1,0
2,2,2,2
2,3,1,0
2,3,2,2
2,4,1,0
2,4,2,2
2,5,1,0
2,5,2,2
2,6,1,0
2,6,2,2
2,7,1,0
2,7,2,2
2,8,1,0
2,8,2,2
2,9,1,0
2,9,2,2
2,10,1,0
2,10,2,2
2,11,1,0
2,11,2,2
2,12,1,0
2,12,2,2
2,13,1,0
2,13,2,2
2,14,1,0
2,14,2,2
2,15,1,0
2,15,2,2
2,16,1,0
2,16,2,2
2,17,1,0
2,17,2,2
2,18,1,0
2,18,2,2
2,19,1,0
2,19,2,2
2,20,1,0
2,20,2,2
2,21,1,0
2,21,2,2
2,22,1,0
2,22,2,2
2,23,1,0
2,23,2,2
2,24,1,0
2,24,2,2
2,25,1,0
2,25,2,2
2,26,1,0
2,26,2,2
2,27,1,0
2,27,2,2
2,28,1,0
2,28,2,2
2,29,1,0
2,29,2,2
2,30,1,0
2,30,2,2
2,31,1,0
2,31,2,2
2,32,1,0
2,32,2,2
2,33,1,0
2,33,2,2
2,34,1,0
2,34,2,2
2,35,1,0
2,35,2,2
2,36,1,0
2,36,2,2
2,37,1,0
2,37,2,2
2,38,1,0
2,38,2,2
2,39,1,0
2,39,2,2
2,40,1,0
2,40,2,2
2,41,1,0
2,41,2,2
2,42,1,0
2,42,2,2
2,43,1,0
2,43,2,2
2,44,1,0
2,44,2,2
2,45,1,0
2,45,2,2
2,46,1,0
2,46,2,2
2,47,1,0
2,47,2,2
2,48,1,0
2,48,2,2
2,49,1,0
2,49,2,2
2,50,1,0
2,50,2,2
2,51,1,0
2,51,2,2
2,52,1,0
2,52,2,2
2,53,1,0
2,53,2,2
2,54,1,0
2,54,2,2
2,55,1,0
2,55,2,2
2,56,1,0
2,56,2,2
2,57,1,0
2,57,2,2
2,58,1,0
2,58,2,2
2,59,1,0
2,59,2,2
2,60,1,0
2,60,2,2
2,61,1,0
2,61,2,2
2,62,1,0
2,62,2,2
2,63,1,0
2,63,2,2
2,64,1,0
2,64,2,2
2,65,1,0
2,65,2,2
2,66,1,0
2,66,2,2
2,67,1,0
2,67,2,2
2,68,1,0
2,68,2,2
2,69,1,0
2,69,2,2
2,70,1,0
2,70,2,2
2,71,1,0
2,71,2,2
2,72,1,0
2,72,2,2
2,73,1,0
2,73,2,2
2,74,1,0
2,74,2,2
2,75,1,0
2,75,2,2
2,76,1,0
2,76,2,2
2,77,1,0
2,77,2,2
2,78,1,0
2,78,2,2
2,79,1,0
2,79,2,2
2,80,1,0
2,80,2,2
3,0,1,0
3,0,2,3
3,1,1,0
3,1,2,3
3,2,1,0
3,2,2,3
3,3,1,0
3,3,2,3
3,4,1,0
3,4,2,3
3,5,1,0
3,5,2,3
3,6,1,0
3,6,2,3
3,7,1,0
3,7,2,3
3,8,1,0
3,8,2,3
3,9,1,0
3,9,2,3
3,10,1,0
3,10,2,3
3,11,1,0
3,11,2,3
3,12,1,0
3,12,2,3
3,13,1,0
3,13,2,3
3,14,1,0
3,14,2,3
3,15,1,0
3,15,2,3
3,16,1,0
3,16,2,3
3,17,1,0
3,17,2,3
3,18,1,0
3,18,2,3
3,19,1,0
3,19,2,3
3,20,1,0
3,20,2,3
3,21,1,0
3,21,2,3
3,22,1,0
3,22,2,3
3,23,1,0
3,23,2,3
3,24,1,0
3,24,2,3
3,25,1,0
3,25,2,3
3,26,1,0
3,26,2,3
3,27,1,0
3,27,2,3
3,28,1,0
3,28,2,3
3,29,1,0
3,29,2,3
3,30,1,0
3,30,2,3
3,31,1,0
3,31,2,3
3,32,1,0
3,32,2,3
3,33,1,0
3,33,2,3
3,34,1,0
3,34,2,3
3,35,1,0
3,35,2,3
3,36,1,0
3,36,2,3
3,37,1,0
3,37,2,3
3,38,1,0
3,38,2,3
3,39,1,0
3,39,2,3
3,40,1,0
3,40,2,3
3,41,1,0
3,41,2,3
3,42,1,0
3,42,2,3
3,43,1,0
3,43,2,3
3,44,1,0
3,44,2,3
3,45,1,0
3,45,2,3
3,46,1,0
3,46,2,3
3,47,1,0
3,47,2,3
3,48,1,0
3,48,2,3
3,49,1,0
3,49,2,3
3,50,1,0
3,50,2,3
3,51,1,0
3,51,2,3
3,52,1,0
3,52,2,3
3,53,1,0
3,53,2,3
3,54,1,0
3,54,2,3
3,55,1,0
3,55,2,3
3,56,1,0
3,56,2,3
3,57,1,0
3,57,2,3
3,58,1,0
3,58,2,3
3,59,1,0
3,59,2,3
3,60,1,0
3,60,2,3
3,61,1,0
3,61,2,3
3,62,1,0
3,62,2,3
3,63,1,0
3,63,2,3
3,64,1,0
3,64,2,3
3,65,1,0
3,65,2,3
3,66,1,0
3,66,2,3
3,67,1,0
3,67,2,3
3,68,1,0
3,68,2,3
3,69,1,0
3,69,2,3
3,70,1,0
3,70,2,3
3,71,1,0
3,71,2,3
3,72,1,0
3,72,2,3
3,73,1,0
3,73,2,3
3,74,1,0
3,74,2,3
3,75,1,0
3,75,2,3
3,76,1,0
3,76,2,3
3,77,1,0
3,77,2,3
3,78,1,0
3,78,2,3
3,79,1,0
3,79,2,3
3,80,1,0
3,80,2,3
4,0,1,0
4,0,2,4
4,1,1,0
4,1,2,4
4,2,1,0
4,2,2,4
4,3,1,0
4,3,2,4
4,4,1,0
4,4,2,4
4,5,1,0
4,5,2,4
4,6,1,0
4,6,2,4
4,7,1,0
4,7,2,4
4,8,1,0
4,8,2,4
4,9,1,0
4,9,2,4
4,10,1,0
4,10,2,4
4,11,1,0
4,11,2,4
4,12,1,0
4,12,2,4
4,13,1,0
4,13,2,4
4,14,1,0
4,14,2,4
4,15,1,0
4,15,2,4
4,16,1,0
4,16,2,4
4,17,1,0
4,17,2,4
4,18,1,0
4,18,2,4
4,19,1,0
4,19,2,4
4,20,1,0
4,20,2,4
4,21,1,0
4,21,2,4
4,22,1,0
4,22,2,4
4,23,1,0
4,23,2,4
4,24,1,0
4,24,2,4
4,25,1,0
4,25,2,4
4,26,1,0
4,26,2,4
4,27,1,0
4,27,2,4
4,28,1,0
4,28,2,4
4,29,1,0
4,29,2,4
4,30,1,0
4,30,2,4
4,31,1,0
4,31,2,4
4,32,1,0
4,32,2,4
4,33,1,0
4,33,2,4
4,34,1,0
4,34,2,4
4,35,1,0
4,35,2,4
4,36,1,0
4,36,2,4
4,37,1,0
4,37,2,4
4,38,1,0
4,38,2,4
4,39,1,0
4,39,2,4
4,40,1,0
4,40,2,4
4,41,1,0
4,41,2,4
4,42,1,0
4,42,2,4
4,43,1,0
4,43,2,4
4,44,1,0
4,44,2,4
4,45,1,0
4,45,2,4
4,46,1,0
4,46,2,4
4,47,1,0
4,47,2,4
4,48,1,0
4,48,2,4
4,49,1,0
4,49,2,4
4,50,1,0
4,50,2,4
4,51,1,0
4,51,2,4
4,52,1,0
4,52,2,4
4,53,1,0
4,53,2,4
4,54,1,0
4,54,2,4
4,55,1,0
4,55,2,4
4,56,1,0
4,56,2,4
4,57,1,0
4,57,2,4
4,58,1,0
4,58,2,4
4,59,1,0
4,59,2,4
4,60,1,0
4,60,2,4
4,61,1,0
4,61,2,4
4,62,1,0
4,62,2,4
4,63,1,0
4,63,2,4
4,64,1,0
4,64,2,4
4,65,1,0
4,65,2,4
4,66,1,0
4,66,2,4
4,67,1,0
4,67,2,4
4,68,1,0
4,68,2,4
4,69,1,0
4,69,2,4
4,70,1,0
4,70,2,4
4,71,1,0
4,71,2,4
4,72,1,0
4,72,2,4
4,73,1,0
4,73,2,4
4,74,1,0
4,74,2,4
4,75,1,0
4,75,2,4
4,76,1,0
4,76,2,4
4,77,1,0
4,77,2,4
4,78,1,0
4,78,2,4
4,79,1,0
4,79,2,4
4,80,1,0
4,80,2,4
5,0,1,0
5,0,2,5
5,1,1,0
5,1,2,5
5,2,1,0
5,2,2,5
5,3,1,0
5,3,2,5
5,4,1,0
5,4,2,5
5,5,1,0
5,5,2,5
5,6,1,0
5,6,2,5
5,7,1,0
5,7,2,5
5,8,1,0
5,8,2,5
5,9,1,0
5,9,2,5
5,10,1,0
5,10,2,5
5,11,1,0
5,11,2,5
5,12,1,0
5,12,2,5
5,13,1,0
5,13,2,5
5,14,1,0
5,14,2,5
5,15,1,0
5,15,2,5
5,16,1,0
5,16,2,5
5,17,1,0
5,17,2,5
5,18,1,0
5,18,2,5
5,19,1,0
5,19,2,5
5,20,1,0
5,20,2,5
5,21,1,0
5,21,2,5
5,22,1,0
5,22,2,5
5,23,1,0
5,23,2,5
5,24,1,0
5,24,2,5
5,25,1,0
5,25,2,5
5,26,1,0
5,26,2,5
5,27,1,0
5,27,2,5
5,28,1,0
5,28,2,5
5,29,1,0
5,29,2,5
5,30,1,0
5,30,2,5
5,31,1,0
5,31,2,5
5,32,1,0
5,32,2,5
5,33,1,0
5,33,2,5
5,34,1,0
5,34,2,5
5,35,1,0
5,35,2,5
5,36,1,0
5,36,2,5
5,37,1,0
5,37,2,5
5,38,1,0
5,38,2,5
5,39,1,0
5,39,2,5
5,40,1,0
5,40,2,5
5,41,1,0
5,41,2,5
5,42,1,0
5,42,2,5
5,43,1,0
5,43,2,5
5,44,1,0
5,44,2,5
5,45,1,0
5,45,2,5
5,46,1,0
5,46,2,5
5,47,1,0
5,47,2,5
5,48,1,0
5,48,2,5
5,49,1,0
5,49,2,5
5,50,1,0
5,50,2,5
5,51,1,0
5,51,2,5
5,52,1,0
5,52,2,5
5,53,1,0
5,53,2,5
5,54,1,0
5,54,2,5
5,55,1,0
5,55,2,5
5,56,1,0
5,56,2,5
5,57,1,0
5,57,2,5
5,58,1,0
5,58,2,5
5,59,1,0
5,59,2,5
5,60,1,0
5,60,2,5
5,61,1,0
5,61,2,5
5,62,1,0
5,62,2,5
5,63,1,0
5,63,2,5
5,64,1,0
5,64,2,5
5,65,1,0
5,65,2,5
5,66,1,0
5,66,2,5
5,67,1,0
5,67,2,5
5,68,1,0
5,68,2,5
5,69,1,0
5,69,2,5
5,70,1,0
5,70,2,5
5,71,1,0
5,71,2,5
5,72,1,0
5,72,2,5
5,73,1,0
5,73,2,5
5,74,1,0
5,74,2,5
5,75,1,0
5,75,2,5
5,76,1,0
5,76,2,5
5,77,1,0
5,77,2,5
5,78,1,0
5,78,2,5
5,79,1,0
5,79,2,5
5,80,1,0
5,80,2,5
6,0,1,0
6,0,2,6
6,1,1,0
6,1,2,6
6,2,1,0
6,2,2,6
6,3,1,0
6,3,2,6
6,4,1,0
6,4,2,6
6,5,1,0
6,5,2,6
6,6,1,0
6,6,2,6
6,7,1,0
6,7,2,6
6,8,1,0
6,8,2,6
6,9,1,0
6,9,2,6
6,10,1,0
6,10,2,6
6,11,1,0
6,11,2,6
6,12,1,0
6,12,2,6
6,13,1,0
6,13,2,6
6,14,1,0
6,14,2,6
6,15,1,0
6,15,2,6
6,16,1,0
6,16,2,6
6,17,1,0
6,17,2,6
6,18,1,0
6,18,2,6
6,19,1,0
6,19,2,6
6,20,1,0
6,20,2,6
6,21,1,0
6,21,2,6
6,22,1,0
6,22,2,6
6,23,1,0
6,23,2,6
6,24,1,0
6,24,2,6
6,25,1,0
6,25,2,6
6,26,1,0
6,26,2,6
6,27,1,0
6,27,2,6
6,28,1,0
6,28,2,6
6,29,1,0
6,29,2,6
6,30,1,0
6,30,2,6
6,31,1,0
6,31,2,6
6,32,1,0
6,32,2,6
6,33,1,0
6,33,2,6
6,34,1,0
6,34,2,6
6,35,1,0
6,35,2,6
6,36,1,0
6,36,2,6
6,37,1,0
6,37,2,6
6,38,1,0
6,38,2,6
6,39,1,0
6,39,2,6
6,40,1,0
6,40,2,6
6,41,1,0
6,41,2,6
6,42,1,0
6,42,2,6
6,43,1,0
6,43,2,6
6,44,1,0
6,44,2,6
6,45,1,0
6,45,2,6
6,46,1,0
6,46,2,6
6,47,1,0
6,47,2,6
6,48,1,0
6,48,2,6
6,49,1,0
6,49,2,6
6,50,1,0
6,50,2,6
6,51,1,0
6,51,2,6
6,52,1,0
6,52,2,6
6,53,1,0
6,53,2,6
6,54,1,0
6,54,2,6
6,55,1,0
6,55,2,6
6,56,1,0
6,56,2,6
6,57,1,0
6,57,2,6
6,58,1,0
6,58,2,6
6,59,1,0
6,59,2,6
6,60,1,0
6,60,2,6
6,61,1,0
6,61,2,6
6,62,1,0
6,62,2,6
6,63,1,0
6,63,2,6
6,64,1,0
6,64,2,6
6,65,1,0
6,65,2,6
6,66,1,0
6,66,2,6
6,67,1,0
6,67,2,6
6,68,1,0
6,68,2,6
6,69,1,0
6,69,2,6
6,70,1,0
6,70,2,6
6,71,1,0
6,71,2,6
6,72,1,0
6,72,2,6
6,73,1,0
6,73,2,6
6,74,1,0
6,74,2,6
6,75,1,0
6,75,2,6
6,76,1,0
6,76,2,6
6,77,1,0
6,77,2,6
6,78,1,0
6,78,2,6
6,79,1,0
6,79,2,6
6,80,1,0
6,80,2,6
7,0,1,0
7,0,2,7
7,1,1,0
7,1,2,7
7,2,1,0
7,2,2,7
7,3,1,0
7,3,2,7
7,4,1,0
7,4,2,7
7,5,1,0
7,5,2,7
7,6,1,0
7,6,2,7
7,7,1,0
7,7,2,7
7,8,1,0
7,8,2,7
7,9,1,0
7,9,2,7
7,10,1,0
7,10,2,7
7,11,1,0
7,11,2,7
7,12,1,0
7,12,2,7
7,13,1,0
7,13,2,7
7,14,1,0
7,14,2,7
7,15,1,0
7,15,2,7
7,16,1,0
7,16,2,7
7,17,1,0
7,17,2,7
7,18,1,0
7,18,2,7
7,19,1,0
7,19,2,7
7,20,1,0
7,20,2,7
7,21,1,0
7,21,2,7
7,22,1,0
7,22,2,7
7,23,1,0
7,23,2,7
7,24,1,0
7,24,2,7
7,25,1,0
7,25,2,7
7,26,1,0
7,26,2,7
7,27,1,0
7,27,2,7
7,28,1,0
7,28,2,7
7,29,1,0
7,29,2,7
7,30,1,0
7,30,2,7
7,31,1,0
7,31,2,7
7,32,1,0
7,32,2,7
7,33,1,0
7,33,2,7
7,34,1,0
7,34,2,7
7,35,1,0
7,35,2,7
7,36,1,0
7,36,2,7
7,37,1,0
7,37,2,7
7,38,1,0
7,38,2,7
7,39,1,0
7,39,2,7
7,40,1,0
7,40,2,7
7,41,1,0
7,41,2,7
7,42,1,0
7,42,2,7
7,43,1,0
7,43,2,7
7,44,1,0
7,44,2,7
7,45,1,0
7,45,2,7
7,46,1,0
7,46,2,7
7,47,1,0
7,47,2,7
7,48,1,0
7,48,2,7
7,49,1,0
7,49,2,7
7,50,1,0
7,50,2,7
7,51,1,0
7,51,2,7
7,52,1,0
7,52,2,7
7,53,1,0
7,53,2,7
7,54,1,0
7,54,2,7
7,55,1,0
7,55,2,7
7,56,1,0
7,56,2,7
7,57,1,0
7,57,2,7
7,58,1,0
7,58,2,7
7,59,1,0
7,59,2,7
7,60,1,0
7,60,2,7
7,61,1,0
7,61,2,7
7,62,1,0
7,62,2,7
7,63,1,0
7,63,2,7
7,64,1,0
7,64,2,7
7,65,1,0
7,65,2,7
7,66,1,0
7,66,2,7
7,67,1,0
7,67,2,7
7,68,1,0
7,68,2,7
7,69,1,0
7,69,2,7
7,70,1,0
7,70,2,7
7,71,1,0
7,71,2,7
7,72,1,0
7,72,2,7
7,73,1,0
7,73,2,7
7,74,1,0
7,74,2,7
7,75,1,0
7,75,2,7
7,76,1,0
7,76,2,7
7,77,1,0
7,77,2,7
7,78,1,0
7,78,2,7
7,79,1,0
7,79,2,7
7,80,1,0
7,80,2,7
8,0,1,0
8,0,2,8
8,1,1,0
8,1,2,8
8,2,1,0
8,2,2,8
8,3,1,0
8,3,2,8
8,4,1,0
8,4,2,8
8,5,1,0
8,5,2,8
8,6,1,0
8,6,2,8
8,7,1,0
8,7,2,8
8,8,1,0
8,8,2,8
8,9,1,0
8,9,2,8
8,10,1,0
8,10,2,8
8,11,1,0
8,11,2,8
8,12,1,0
8,12,2,8
8,13,1,0
8,13,2,8
8,14,1,0
8,14,2,8
8,15,1,0
8,15,2,8
8,16,1,0
8,16,2,8
8,17,1,0
8,17,2,8
8,18,1,0
8,18,2,8
8,19,1,0
8,19,2,8
8,20,1,0
8,20,2,8
8,21,1,0
8,21,2,8
8,22,1,0
8,22,2,8
8,23,1,0
8,23,2,8
8,24,1,0
8,24,2,8
8,25,1,0
8,25,2,8
8,26,1,0
8,26,2,8
8,27,1,0
8,27,2,8
8,28,1,0
8,28,2,8
8,29,1,0
8,29,2,8
8,30,1,0
8,30,2,8
8,31,1,0
8,31,2,8
8,32,1,0
8,32,2,8
8,33,1,0
8,33,2,8
8,34,1,0
8,34,2,8
8,35,1,0
8,35,2,8
8,36,1,0
8,36,2,8
8,37,1,0
8,37,2,8
8,38,1,0
8,38,2,8
8,39,1,0
8,39,2,8
8,40,1,0
8,40,2,8
8,41,1,0
8,41,2,8
8,42,1,0
8,42,2,8
8,43,1,0
8,43,2,8
8,44,1,0
8,44,2,8
8,45,1,0
8,45,2,8
8,46,1,0
8,46,2,8
8,47,1,0
8,47,2,8
8,48,1,0
8,48,2,8
8,49,1,0
8,49,2,8
8,50,1,0
8,50,2,8
8,51,1,0
8,51,2,8
8,52,1,0
8,52,2,8
8,53,1,0
8,53,2,8
8,54,1,0
8,54,2,8
8,55,1,0
8,55,2,8
8,56,1,0
8,56,2,8
8,57,1,0
8,57,2,8
8,58,1,0
8,58,2,8
8,59,1,0
8,59,2,8
8,60,1,0
8,60,2,8
8,61,1,0
8,61,2,8
8,62,1,0
8,62,2,8
8,63,1,0
8,63,2,8
8,64,1,0
8,64,2,8
8,65,1,0
8,65,2,8
8,66,1,0
8,66,2,8
8,67,1,0
8,67,2,8
8,68,1,0
8,68,2,8
8,69,1,0
8,69,2,8
8,70,1,0
8,70,2,8
8,71,1,0
8,71,2,8
8,72,1,0
8,72,2,8
8,73,1,0
8,73,2,8
8,74,1,0
8,74,2,8
8,75,1,0
8,75,2,8
8,76,1,0
8,76,2,8
8,77,1,0
8,77,2,8
8,78,1,0
8,78,2,8
8,79,1,0
8,79,2,8
8,80,1,0
8,80,2,8
9,0,1,0
9,0,2,9
9,1,1,0
9,1,2,9
9,2,1,0
9,2,2,9
9,3,1,0
9,3,2,9
9,4,1,0
9,4,2,9
9,5,1,0
9,5,2,9
9,6,1,0
9,6,2,9
9,7,1,0
9,7,2,9
9,8,1,0
9,8,2,9
9,9,1,0
9,9,2,9
9,10,1,0
9,10,2,9
9,11,1,0
9,11,2,9
9,12,1,0
9,12,2,9
9,13,1,0
9,13,2,9
9,14,1,0
9,14,2,9
9,15,1,0
9,15,2,9
9,16,1,0
9,16,2,9
9,17,1,0
9,17,2,9
9,18,1,0
9,18,2,9
9,19,1,0
9,19,2,9
9,20,1,0
9,20,2,9
9,21,1,0
9,21,2,9
9,22,1,0
9,22,2,9
9,23,1,0
9,23,2,9
9,24,1,0
9,24,2,9
9,25,1,0
9,25,2,9
9,26,1,0
9,26,2,9
9,27,1,0
9,27,2,9
9,28,1,0
9,28,2,9
9,29,1,0
9,29,2,9
9,30,1,0
9,30,2,9
9,31,1,0
9,31,2,9
9,32,1,0
9,32,2,9
9,33,1,0
9,33,2,9
9,34,1,0
9,34,2,9
9,35,1,0
9,35,2,9
9,36,1,0
9,36,2,9
9,37,1,0
9,37,2,9
9,38,1,0
9,38,2,9
9,39,1,0
9,39,2,9
9,40,1,0
9,40,2,9
9,41,1,0
9,41,2,9
9,42,1,0
9,42,2,9
9,43,1,0
9,43,2,9
9,44,1,0
9,44,2,9
9,45,1,0
9,45,2,9
9,46,1,0
9,46,2,9
9,47,1,0
9,47,2,9
9,48,1,0
9,48,2,9
9,49,1,0
9,49,2,9
9,50,1,0
9,50,2,9
9,51,1,0
9,51,2,9
9,52,1,0
9,52,2,9
9,53,1,0
9,53,2,9
9,54,1,0
9,54,2,9
9,55,1,0
9,55,2,9
9,56,1,0
9,56,2,9
9,57,1,0
9,57,2,9
9,58,1,0
9,58,2,9
9,59,1,0
9,59,2,9
9,60,1,0
9,60,2,9
9,61,1,0
9,61,2,9
9,62,1,0
9,62,2,9
9,63,1,0
9,63,2,9
9,64,1,0
9,64,2,9
9,65,1,0
9,65,2,9
9,66,1,0
9,66,2,9
9,67,1,0
9,67,2,9
9,68,1,0
9,68,2,9
9,69,1,0
9,69,2,9
9,70,1,0
9,70,2,9
9,71,1,0
9,71,2,9
9,72,1,0
9,72,2,9
9,73,1,0
9,73,2,9
9,74,1,0
9,74,2,9
9,75,1,0
9,75,2,9
9,76,1,0
9,76,2,9
9,77,1,0
9,77,2,9
9,78,1,0
9,78,2,9
9,79,1,0
9,79,2,9
9,80,1,0
9,80,2,9
10,0,1,0
10,0,2,10
10,1,1,0
10,1,2,10
10,2,1,0
10,2,2,10
10,3,1,0
10,3,2,10
10,4,1,0
10,4,2,10
10,5,1,0
10,5,2,10
10,6,1,0
10,6,2,10
10,7,1,0
10,7,2,10
10,8,1,0
10,8,2,10
10,9,1,0
10,9,2,10
10,10,1,0
10,10,2,10
10,11,1,0
10,11,2,10
10,12,1,0
10,12,2,10
10,13,1,0
10,13,2,10
10,14,1,0
10,14,2,10
10,15,1,0
10,15,2,10
10,16,1,0
10,16,2,10
10,17,1,0
10,17,2,10
10,18,1,0
10,18,2,10
10,19,1,0
10,19,2,10
10,20,1,0
10,20,2,10
10,21,1,0
10,21,2,10
10,22,1,0
10,22,2,10
10,23,1,0
10,23,2,10
10,24,1,0
10,24,2,10
10,25,1,0
10,25,2,10
10,26,1,0
10,26,2,10
10,27,1,0
10,27,2,10
10,28,1,0
10,28,2,10
10,29,1,0
10,29,2,10
10,30,1,0
10,30,2,10
10,31,1,0
10,31,2,10
10,32,1,0
10,32,2,10
10,33,1,0
10,33,2,10
10,34,1,0
10,34,2,10
10,35,1,0
10,35,2,10
10,36,1,0
10,36,2,10
10,37,1,0
10,37,2,10
10,38,1,0
10,38,2,10
10,39,1,0
10,39,2,10
10,40,1,0
10,40,2,10
10,41,1,0
10,41,2,10
10,42,1,0
10,42,2,10
10,43,1,0
10,43,2,10
10,44,1,0
10,44,2,10
10,45,1,0
10,45,2,10
10,46,1,0
10,46,2,10
10,47,1,0
10,47,2,10
10,48,1,0
10,48,2,10
10,49,1,0
10,49,2,10
10,50,1,0
10,50,2,10
10,51,1,0
10,51,2,10
10,52,1,0
10,52,2,10
10,53,1,0
10,53,2,10
10,54,1,0
10,54,2,10
10,55,1,0
10,55,2,10
10,56,1,0
10,56,2,10
10,57,1,0
10,57,2,10
10,58,1,0
10,58,2,10
10,59,1,0
10,59,2,10
10,60,1,0
10,60,2,10
10,61,1,0
10,61,2,10
10,62,1,0
10,62,2,10
10,63,1,0
10,63,2,10
10,64,1,0
10,64,2,10
10,65,1,0
10,65,2,10
10,66,1,0
10,66,2,10
10,67,1,0
10,67,2,10
10,68,1,0
10,68,2,10
10,69,1,0
10,69,2,10
10,70,1,0
10,70,2,10
10,71,1,0
10,71,2,10
10,72,1,0
10,72,2,10
10,73,1,0
10,73,2,10
10,74,1,0
10,74,2,10
10,75,1,0
10,75,2,10
10,76,1,0
10,76,2,10
10,77,1,0
10,77,2,10
10,78,1,0
10,78,2,10
10,79,1,0
10,79,2,10
10,80,1,0
10,80,2,10
11,0,1,0
11,0,2,11
11,1,1,0
11,1,2,11
11,2,1,0
11,2,2,11
11,3,1,0
11,3,2,11
11,4,1,0
11,4,2,11
11,5,1,0
11,5,2,11
11,6,1,0
11,6,2,11
11,7,1,0
11,7,2,11
11,8,1,0
11,8,2,11
11,9,1,0
11,9,2,11
11,10,1,0
11,10,2,11
11,11,1,0
11,11,2,11
11,12,1,0
11,12,2,11
11,13,1,0
11,13,2,11
11,14,1,0
11,14,2,11
11,15,1,0
11,15,2,11
11,16,1,0
11,16,2,11
11,17,1,0
11,17,2,11
11,18,1,0
11,18,2,11
11,19,1,0
11,19,2,11
11,20,1,0
11,20,2,11
11,21,1,0
11,21,2,11
11,22,1,0
11,22,2,11
11,23,1,0
11,23,2,11
11,24,1,0
11,24,2,11
11,25,1,0
11,25,2,11
11,26,1,0
11,26,2,11
11,27,1,0
11,27,2,11
11,28,1,0
11,28,2,11
11,29,1,0
11,29,2,11
11,30,1,0
11,30,2,11
11,31,1,0
11,31,2,11
11,32,1,0
11,32,2,11
11,33,1,0
11,33,2,11
11,34,1,0
11,34,2,11
11,35,1,0
11,35,2,11
11,36,1,0
11,36,2,11
11,37,1,0
11,37,2,11
11,38,1,0
11,38,2,11
11,39,1,0
11,39,2,11
11,40,1,0
11,40,2,11
11,41,1,0
11,41,2,11
11,42,1,0
11,42,2,11
11,43,1,0
11,43,2,11
11,44,1,0
11,44,2,11
11,45,1,0
11,45,2,11
11,46,1,0
11,46,2,11
11,47,1,0
11,47,2,11
11,48,1,0
11,48,2,11
11,49,1,0
11,49,2,11
11,50,1,0
11,50,2,11
11,51,1,0
11,51,2,11
11,52,1,0
11,52,2,11
11,53,1,0
11,53,2,11
11,54,1,0
11,54,2,11
11,55,1,0
11,55,2,11
11,56,1,0
11,56,2,11
11,57,1,0
11,57,2,11
11,58,1,0
11,58,2,11
11,59,1,0
11,59,2,11
11,60,1,0
11,60,2,11
11,61,1,0
11,61,2,11
11,62,1,0
11,62,2,11
11,63,1,0
11,63,2,11
11,64,1,0
11,64,2,11
11,65,1,0
11,65,2,11
11,66,1,0
11,66,2,11
11,67,1,0
11,67,2,11
11,68,1,0
11,68,2,11
11,69,1,0
11,69,2,11
11,70,1,0
11,70,2,11
11,71,1,0
11,71,2,11
11,72,1,0
11,72,2,11
11,73,1,0
11,73,2,11
11,74,1,0
11,74,2,11
11,75,1,0
11,75,2,11
11,76,1,0
11,76,2,11
11,77,1,0
11,77,2,11
11,78,1,0
11,78,2,11
11,79,1,0
11,79,2,11
11,80,1,0
11,80,2,11
12,0,1,0
12,0,2,12
12,1,1,0
12,1,2,12
12,2,1,0
12,2,2,12
12,3,1,0
12,3,2,12
12,4,1,0
12,4,2,12
12,5,1,0
12,5,2,12
12,6,1,0
12,6,2,12
12,7,1,0
12,7,2,12
12,8,1,0
12,8,2,12
12,9,1,0
12,9,2,12
12,10,1,0
12,10,2,12
12,11,1,0
12,11,2,12
12,12,1,0
12,12,2,12
12,13,1,0
12,13,2,12
12,14,1,0
12,14,2,12
12,15,1,0
12,15,2,12
12,16,1,0
12,16,2,12
12,17,1,0
12,17,2,12
12,18,1,0
12,18,2,12
12,19,1,0
12,19,2,12
12,20,1,0
12,20,2,12
12,21,1,0
12,21,2,12
12,22,1,0
12,22,2,12
12,23,1,0
12,23,2,12
12,24,1,0
12,24,2,12
12,25,1,0
12,25,2,12
12,26,1,0
12,26,2,12
12,27,1,0
12,27,2,12
12,28,1,0
12,28,2,12
12,29,1,0
12,29,2,12
12,30,1,0
12,30,2,12
12,31,1,0
12,31,2,12
12,32,1,0
12,32,2,12
12,33,1,0
12,33,2,12
12,34,1,0
12,34,2,12
12,35,1,0
12,35,2,12
12,36,1,0
12,36,2,12
12,37,1,0
12,37,2,12
12,38,1,0
12,38,2,12
12,39,1,0
12,39,2,12
12,40,1,0
12,40,2,12
12,41,1,0
12,41,2,12
12,42,1,0
12,42,2,12
12,43,1,0
12,43,2,12
12,44,1,0
12,44,2,12
12,45,1,0
12,45,2,12
12,46,1,0
12,46,2,12
12,47,1,0
12,47,2,12
12,48,1,0
12,48,2,12
12,49,1,0
12,49,2,12
12,50,1,0
12,50,2,12
12,51,1,0
12,51,2,12
12,52,1,0
12,52,2,12
12,53,1,0
12,53,2,12
12,54,1,0
12,54,2,12
12,55,1,0
12,55,2,12
12,56,1,0
12,56,2,12
12,57,1,0
12,57,2,12
12,58,1,0
12,58,2,12
12,59,1,0
12,59,2,12
12,60,1,0
12,60,2,12
12,61,1,0
12,61,2,12
12,62,1,0
12,62,2,12
12,63,1,0
12,63,2,12
12,64,1,0
12,64,2,12
12,65,1,0
12,65,2,12
12,66,1,0
12,66,2,12
12,67,1,0
12,67,2,12
12,68,1,0
12,68,2,12
12,69,1,0
12,69,2,12
12,70,1,0
12,70,2,12
12,71,1,0
12,71,2,12
12,72,1,0
12,72,2,12
12,73,1,0
12,73,2,12
12,74,1,0
12,74,2,12
12,75,1,0
12,75,2,12
12,76,1,0
12,76,2,12
12,77,1,0
12,77,2,12
12,78,1,0
12,78,2,12
12,79,1,0
12,79,2,12
12,80,1,0
12,80,2,12
13,0,1,0
13,0,2,13
13,1,1,0
13,1,2,13
13,2,1,0
13,2,2,13
13,3,1,0
13,3,2,13
13,4,1,0
13,4,2,13
13,5,1,0
13,5,2,13
13,6,1,0
13,6,2,13
13,7,1,0
13,7,2,13
13,8,1,0
13,8,2,13
13,9,1,0
13,9,2,13
13,10,1,0
13,10,2,13
13,11,1,0
13,11,2,13
13,12,1,0
13,12,2,13
13,13,1,0
13,13,2,13
13,14,1,0
13,14,2,13
13,15,1,0
13,15,2,13
13,16,1,0
13,16,2,13
13,17,1,0
13,17,2,13
13,18,1,0
13,18,2,13
13,19,1,0
13,19,2,13
13,20,1,0
13,20,2,13
13,21,1,0
13,21,2,13
13,22,1,0
13,22,2,13
13,23,1,0
13,23,2,13
13,24,1,0
13,24,2,13
13,25,1,0
13,25,2,13
13,26,1,0
13,26,2,13
13,27,1,0
13,27,2,13
13,28,1,0
13,28,2,13
13,29,1,0
13,29,2,13
13,30,1,0
13,30,2,13
13,31,1,0
13,31,2,13
13,32,1,0
13,32,2,13
13,33,1,0
13,33,2,13
13,34,1,0
13,34,2,13
13,35,1,0
13,35,2,13
13,36,1,0
13,36,2,13
13,37,1,0
13,37,2,13
13,38,1,0
13,38,2,13
13,39,1,0
13,39,2,13
13,40,1,0
13,40,2,13
13,41,1,0
13,41,2,13
13,42,1,0
13,42,2,13
13,43,1,0
13,43,2,13
13,44,1,0
13,44,2,13
13,45,1,0
13,45,2,13
13,46,1,0
13,46,2,13
13,47,1,0
13,47,2,13
13,48,1,0
13,48,2,13
13,49,1,0
13,49,2,13
13,50,1,0
13,50,2,13
13,51,1,0
13,51,2,13
13,52,1,0
13,52,2,13
13,53,1,0
13,53,2,13
13,54,1,0
13,54,2,13
13,55,1,0
13,55,2,13
13,56,1,0
13,56,2,13
13,57,1,0
13,57,2,13
13,58,1,0
13,58,2,13
13,59,1,0
13,59,2,13
13,60,1,0
13,60,2,13
13,61,1,0
13,61,2,13
13,62,1,0
13,62,2,13
13,63,1,0
13,63,2,13
13,64,1,0
13,64,2,13
13,65,1,0
13,65,2,13
13,66,1,0
13,66,2,13
13,67,1,0
13,67,2,13
13,68,1,0
13,68,2,13
13,69,1,0
13,69,2,13
13,70,1,0
13,70,2,13
13,71,1,0
13,71,2,13
13,72,1,0
13,72,2,13
13,73,1,0
13,73,2,13
13,74,1,0
13,74,2,13
13,75,1,0
13,75,2,13
13,76,1,0
13,76,2,13
13,77,1,0
13,77,2,13
13,78,1,0
13,78,2,13
13,79,1,0
13,79,2,13
13,80,1,0
13,80,2,13
14,0,1,0
14,0,2,14
14,1,1,0
14,1,2,14
14,2,1,0
14,2,2,14
14,3,1,0
14,3,2,14
14,4,1,0
14,4,2,14
14,5,1,0
14,5,2,14
14,6,1,0
14,6,2,14
14,7,1,0
14,7,2,14
14,8,1,0
14,8,2,14
14,9,1,0
14,9,2,14
14,10,1,0
14,10,2,14
14,11,1,0
14,11,2,14
14,12,1,0
14,12,2,14
14,13,1,0
14,13,2,14
14,14,1,0
14,14,2,14
14,15,1,0
14,15,2,14
14,16,1,0
14,16,2,14
14,17,1,0
14,17,2,14
14,18,1,0
14,18,2,14
14,19,1,0
14,19,2,14
14,20,1,0
14,20,2,14
14,21,1,0
14,21,2,14
14,22,1,0
14,22,2,14
14,23,1,0
14,23,2,14
14,24,1,0
14,24,2,14
14,25,1,0
14,25,2,14
14,26,1,0
14,26,2,14
14,27,1,0
14,27,2,14
14,28,1,0
14,28,2,14
14,29,1,0
14,29,2,14
14,30,1,0
14,30,2,14
14,31,1,0
14,31,2,14
14,32,1,0
14,32,2,14
14,33,1,0
14,33,2,14
14,34,1,0
14,34,2,14
14,35,1,0
14,35,2,14
14,36,1,0
14,36,2,14
14,37,1,0
14,37,2,14
14,38,1,0
14,38,2,14
14,39,1,0
14,39,2,14
14,40,1,0
14,40,2,14
14,41,1,0
14,41,2,14
14,42,1,0
14,42,2,14
14,43,1,0
14,43,2,14
14,44,1,0
14,44,2,14
14,45,1,0
14,45,2,14
14,46,1,0
14,46,2,14
14,47,1,0
14,47,2,14
14,48,1,0
14,48,2,14
14,49,1,0
14,49,2,14
14,50,1,0
14,50,2,14
14,51,1,0
14,51,2,14
14,52,1,0
14,52,2,14
14,53,1,0
14,53,2,14
14,54,1,0
14,54,2,14
14,55,1,0
14,55,2,14
14,56,1,0
14,56,2,14
14,57,1,0
14,57,2,14
14,58,1,0
14,58,2,14
14,59,1,0
14,59,2,14
14,60,1,0
14,60,2,14
14,61,1,0
14,61,2,14
14,62,1,0
14,62,2,14
14,63,1,0
14,63,2,14
14,64,1,0
14,64,2,14
14,65,1,0
14,65,2,14
14,66,1,0
14,66,2,14
14,67,1,0
14,67,2,14
14,68,1,0
14,68,2,14
14,69,1,0
14,69,2,14
14,70,1,0
14,70,2,14
14,71,1,0
14,71,2,14
14,72,1,0
14,72,2,14
14,73,1,0
14,73,2,14
14,74,1,0
14,74,2,14
14,75,1,0
14,75,2,14
14,76,1,0
14,76,2,14
14,77,1,0
14,77,2,14
14,78,1,0
14,78,2,14
14,79,1,0
14,79,2,14
14,80,1,0
14,80,2,14
15,0,1,0
15,0,2,15
15,1,1,0
15,1,2,15
15,2,1,0
15,2,2,15
15,3,1,0
15,3,2,15
15,4,1,0
15,4,2,15
15,5,1,0
15,5,2,15
15,6,1,0
15,6,2,15
15,7,1,0
15,7,2,15
15,8,1,0
15,8,2,15
15,9,1,0
15,9,2,15
15,10,1,0
15,10,2,15
15,11,1,0
15,11,2,15
15,12,1,0
15,12,2,15
15,13,1,0
15,13,2,15
15,14,1,0
15,14,2,15
15,15,1,0
15,15,2,15
15,16,1,0
15,16,2,15
15,17,1,0
15,17,2,15
15,18,1,0
15,18,2,15
15,19,1,0
15,19,2,15
15,20,1,0
15,20,2,15
15,21,1,0
15,21,2,15
15,22,1,0
15,22,2,15
15,23,1,0
15,23,2,15
15,24,1,0
15,24,2,15
15,25,1,0
15,25,2,15
15,26,1,0
15,26,2,15
15,27,1,0
15,27,2,15
15,28,1,0
15,28,2,15
15,29,1,0
15,29,2,15
15,30,1,0
15,30,2,15
15,31,1,0
15,31,2,15
15,32,1,0
15,32,2,15
15,33,1,0
15,33,2,15
15,34,1,0
15,34,2,15
15,35,1,0
15,35,2,15
15,36,1,0
15,36,2,15
15,37,1,0
15,37,2,15
15,38,1,0
15,38,2,15
15,39,1,0
15,39,2,15
15,40,1,0
15,40,2,15
15,41,1,0
15,41,2,15
15,42,1,0
15,42,2,15
15,43,1,0
15,43,2,15
15,44,1,0
15,44,2,15
15,45,1,0
15,45,2,15
15,46,1,0
15,46,2,15
15,47,1,0
15,47,2,15
15,48,1,0
15,48,2,15
15,49,1,0
15,49,2,15
15,50,1,0
15,50,2,15
15,51,1,0
15,51,2,15
15,52,1,0
15,52,2,15
15,53,1,0
15,53,2,15
15,54,1,0
15,54,2,15
15,55,1,0
15,55,2,15
15,56,1,0
15,56,2,15
15,57,1,0
15,57,2,15
15,58,1,0
15,58,2,15
15,59,1,0
15,59,2,15
15,60,1,0
15,60,2,15
15,61,1,0
15,61,2,15
15,62,1,0
15,62,2,15
15,63,1,0
15,63,2,15
15,64,1,0
15,64,2,15
15,65,1,0
15,65,2,15
15,66,1,0
15,66,2,15
15,67,1,0
15,67,2,15
15,68,1,0
15,68,2,15
15,69,1,0
15,69,2,15
15,70,1,0
15,70,2,15
15,71,1,0
15,71,2,15
15,72,1,0
15,72,2,15
15,73,1,0
15,73,2,15
15,74,1,0
15,74,2,15
15,75,1,0
15,75,2,15
15,76,1,0
15,76,2,15
15,77,1,0
15,77,2,15
15,78,1,0
15,78,2,15
15,79,1,0
15,79,2,15
15,80,1,0
15,80,2,15
16,0,1,0
16,0,2,16
16,1,1,0
16,1,2,16
16,2,1,0
16,2,2,16
16,3,1,0
16,3,2,16
16,4,1,0
16,4,2,16
16,5,1,0
16,5,2,16
16,6,1,0
16,6,2,16
16,7,1,0
16,7,2,16
16,8,1,0
16,8,2,16
16,9,1,0
16,9,2,16
16,10,1,0
16,10,2,16
16,11,1,0
16,11,2,16
16,12,1,0
16,12,2,16
16,13,1,0
16,13,2,16
16,14,1,0
16,14,2,16
16,15,1,0
16,15,2,16
16,16,1,0
16,16,2,16
16,17,1,0
16,17,2,16
16,18,1,0
16,18,2,16
16,19,1,0
16,19,2,16
16,20,1,0
16,20,2,16
16,21,1,0
16,21,2,16
16,22,1,0
16,22,2,16
16,23,1,0
16,23,2,16
16,24,1,0
16,24,2,16
16,25,1,0
16,25,2,16
16,26,1,0
16,26,2,16
16,27,1,0
16,27,2,16
16,28,1,0
16,28,2,16
16,29,1,0
16,29,2,16
16,30,1,0
16,30,2,16
16,31,1,0
16,31,2,16
16,32,1,0
16,32,2,16
16,33,1,0
16,33,2,16
16,34,1,0
16,34,2,16
16,35,1,0
16,35,2,16
16,36,1,0
16,36,2,16
16,37,1,0
16,37,2,16
16,38,1,0
16,38,2,16
16,39,1,0
16,39,2,16
16,40,1,0
16,40,2,16
16,41,1,0
16,41,2,16
16,42,1,0
16,42,2,16
16,43,1,0
16,43,2,16
16,44,1,0
16,44,2,16
16,45,1,0
16,45,2,16
16,46,1,0
16,46,2,16
16,47,1,0
16,47,2,16
16,48,1,0
16,48,2,16
16,49,1,0
16,49,2,16
16,50,1,0
16,50,2,16
16,51,1,0
16,51,2,16
16,52,1,0
16,52,2,16
16,53,1,0
16,53,2,16
16,54,1,0
16,54,2,16
16,55,1,0
16,55,2,16
16,56,1,0
16,56,2,16
16,57,1,0
16,57,2,16
16,58,1,0
16,58,2,16
16,59,1,0
16,59,2,16
16,60,1,0
16,60,2,16
16,61,1,0
16,61,2,16
16,62,1,0
16,62,2,16
16,63,1,0
16,63,2,16
16,64,1,0
16,64,2,16
16,65,1,0
16,65,2,16
16,66,1,0
16,66,2,16
16,67,1,0
16,67,2,16
16,68,1,0
16,68,2,16
16,69,1,0
16,69,2,16
16,70,1,0
16,70,2,16
16,71,1,0
16,71,2,16
16,72,1,0
16,72,2,16
16,73,1,0
16,73,2,16
16,74,1,0
16,74,2,16
16,75,1,0
16,75,2,16
16,76,1,0
16,76,2,16
16,77,1,0
16,77,2,16
16,78,1,0
16,78,2,16
16,79,1,0
16,79,2,16
16,80,1,0
16,80,2,16
17,0,1,0
17,0,2,17
17,1,1,0
17,1,2,17
17,2,1,0
17,2,2,17
17,3,1,0
17,3,2,17
17,4,1,0
17,4,2,17
17,5,1,0
17,5,2,17
17,6,1,0
17,6,2,17
17,7,1,0
17,7,2,17
17,8,1,0
17,8,2,17
17,9,1,0
17,9,2,17
17,10,1,0
17,10,2,17
17,11,1,0
17,11,2,17
17,12,1,0
17,12,2,17
17,13,1,0
17,13,2,17
17,14,1,0
17,14,2,17
17,15,1,0
17,15,2,17
17,16,1,0
17,16,2,17
17,17,1,0
17,17,2,17
17,18,1,0
17,18,2,17
17,19,1,0
17,19,2,17
17,20,1,0
17,20,2,17
17,21,1,0
17,21,2,17
17,22,1,0
17,22,2,17
17,23,1,0
17,23,2,17
17,24,1,0
17,24,2,17
17,25,1,0
17,25,2,17
17,26,1,0
17,26,2,17
17,27,1,0
17,27,2,17
17,28,1,0
17,28,2,17
17,29,1,0
17,29,2,17
17,30,1,0
17,30,2,17
17,31,1,0
17,31,2,17
17,32,1,0
17,32,2,17
17,33,1,0
17,33,2,17
17,34,1,0
17,34,2,17
17,35,1,0
17,35,2,17
17,36,1,0
17,36,2,17
17,37,1,0
17,37,2,17
17,38,1,0
17,38,2,17
17,39,1,0
17,39,2,17
17,40,1,0
17,40,2,17
17,41,1,0
17,41,2,17
17,42,1,0
17,42,2,17
17,43,1,0
17,43,2,17
17,44,1,0
17,44,2,17
17,45,1,0
17,45,2,17
17,46,1,0
17,46,2,17
17,47,1,0
17,47,2,17
17,48,1,0
17,48,2,17
17,49,1,0
17,49,2,17
17,50,1,0
17,50,2,17
17,51,1,0
17,51,2,17
17,52,1,0
17,52,2,17
17,53,1,0
17,53,2,17
17,54,1,0
17,54,2,17
17,55,1,0
17,55,2,17
17,56,1,0
17,56,2,17
17,57,1,0
17,57,2,17
17,58,1,0
17,58,2,17
17,59,1,0
17,59,2,17
17,60,1,0
17,60,2,17
17,61,1,0
17,61,2,17
17,62,1,0
17,62,2,17
17,63,1,0
17,63,2,17
17,64,1,0
17,64,2,17
17,65,1,0
17,65,2,17
17,66,1,0
17,66,2,17
17,67,1,0
17,67,2,17
17,68,1,0
17,68,2,17
17,69,1,0
17,69,2,17
17,70,1,0
17,70,2,17
17,71,1,0
17,71,2,17
17,72,1,0
17,72,2,17
17,73,1,0
17,73,2,17
17,74,1,0
17,74,2,17
17,75,1,0
17,75,2,17
17,76,1,0
17,76,2,17
17,77,1,0
17,77,2,17
17,78,1,0
17,78,2,17
17,79,1,0
17,79,2,17
17,80,1,0
17,80,2,17
18,0,1,0
18,0,2,18
18,1,1,0
18,1,2,18
18,2,1,0
18,2,2,18
18,3,1,0
18,3,2,18
18,4,1,0
18,4,2,18
18,5,1,0
18,5,2,18
18,6,1,0
18,6,2,18
18,7,1,0
18,7,2,18
18,8,1,0
18,8,2,18
18,9,1,0
18,9,2,18
18,10,1,0
18,10,2,18
18,11,1,0
18,11,2,18
18,12,1,0
18,12,2,18
18,13,1,0
18,13,2,18
18,14,1,0
18,14,2,18
18,15,1,0
18,15,2,18
18,16,1,0
18,16,2,18
18,17,1,0
18,17,2,18
18,18,1,0
18,18,2,18
18,19,1,0
18,19,2,18
18,20,1,0
18,20,2,18
18,21,1,0
18,21,2,18
18,22,1,0
18,22,2,18
18,23,1,0
18,23,2,18
18,24,1,0
18,24,2,18
18,25,1,0
18,25,2,18
18,26,1,0
18,26,2,18
18,27,1,0
18,27,2,18
18,28,1,0
18,28,2,18
18,29,1,0
18,29,2,18
18,30,1,0
18,30,2,18
18,31,1,0
18,31,2,18
18,32,1,0
18,32,2,18
18,33,1,0
18,33,2,18
18,34,1,0
18,34,2,18
18,35,1,0
18,35,2,18
18,36,1,0
18,36,2,18
18,37,1,0
18,37,2,18
18,38,1,0
18,38,2,18
18,39,1,0
18,39,2,18
18,40,1,0
18,40,2,18
18,41,1,0
18,41,2,18
18,42,1,0
18,42,2,18
18,43,1,0
18,43,2,18
18,44,1,0
18,44,2,18
18,45,1,0
18,45,2,18
18,46,1,0
18,46,2,18
18,47,1,0
18,47,2,18
18,48,1,0
18,48,2,18
18,49,1,0
18,49,2,18
18,50,1,0
18,50,2,18
18,51,1,0
18,51,2,18
18,52,1,0
18,52,2,18
18,53,1,0
18,53,2,18
18,54,1,0
18,54,2,18
18,55,1,0
18,55,2,18
18,56,1,0
18,56,2,18
18,57,1,0
18,57,2,18
18,58,1,0
18,58,2,18
18,59,1,0
18,59,2,18
18,60,1,0
18,60,2,18
18,61,1,0
18,61,2,18
18,62,1,0
18,62,2,18
18,63,1,0
18,63,2,18
18,64,1,0
18,64,2,18
18,65,1,0
18,65,2,18
18,66,1,0
18,66,2,18
18,67,1,0
18,67,2,18
18,68,1,0
18,68,2,18
18,69,1,0
18,69,2,18
18,70,1,0
18,70,2,18
18,71,1,0
18,71,2,18
18,72,1,0
18,72,2,18
18,73,1,0
18,73,2,18
18,74,1,0
18,74,2,18
18,75,1,0
18,75,2,18
18,76,1,0
18,76,2,18
18,77,1,0
18,77,2,18
18,78,1,0
18,78,2,18
18,79,1,0
18,79,2,18
18,80,1,0
18,80,2,18
19,0,1,0
19,0,2,19
19,1,1,0
19,1,2,19
19,2,1,0
19,2,2,19
19,3,1,0
19,3,2,19
19,4,1,0
19,4,2,19
19,5,1,0
19,5,2,19
19,6,1,0
19,6,2,19
19,7,1,0
19,7,2,19
19,8,1,0
19,8,2,19
19,9,1,0
19,9,2,19
19,10,1,0
19,10,2,19
19,11,1,0
19,11,2,19
19,12,1,0
19,12,2,19
19,13,1,0
19,13,2,19
19,14,1,0
19,14,2,19
19,15,1,0
19,15,2,19
19,16,1,0
19,16,2,19
19,17,1,0
19,17,2,19
19,18,1,0
19,18,2,19
19,19,1,0
19,19,2,19
19,20,1,0
19,20,2,19
19,21,1,0
19,21,2,19
19,22,1,0
19,22,2,19
19,23,1,0
19,23,2,19
19,24,1,0
19,24,2,19
19,25,1,0
19,25,2,19
19,26,1,0
19,26,2,19
19,27,1,0
19,27,2,19
19,28,1,0
19,28,2,19
19,29,1,0
19,29,2,19
19,30,1,0
19,30,2,19
19,31,1,0
19,31,2,19
19,32,1,0
19,32,2,19
19,33,1,0
19,33,2,19
19,34,1,0
19,34,2,19
19,35,1,0
19,35,2,19
19,36,1,0
19,36,2,19
19,37,1,0
19,37,2,19
19,38,1,0
19,38,2,19
19,39,1,0
19,39,2,19
19,40,1,0
19,40,2,19
19,41,1,0
19,41,2,19
19,42,1,0
19,42,2,19
19,43,1,0
19,43,2,19
19,44,1,0
19,44,2,19
19,45,1,0
19,45,2,19
19,46,1,0
19,46,2,19
19,47,1,0
19,47,2,19
19,48,1,0
19,48,2,19
19,49,1,0
19,49,2,19
19,50,1,0
19,50,2,19
19,51,1,0
19,51,2,19
19,52,1,0
19,52,2,19
19,53,1,0
19,53,2,19
19,54,1,0
19,54,2,19
19,55,1,0
19,55,2,19
19,56,1,0
19,56,2,19
19,57,1,0
19,57,2,19
19,58,1,0
19,58,2,19
19,59,1,0
19,59,2,19
19,60,1,0
19,60,2,19
19,61,1,0
19,61,2,19
19,62,1,0
19,62,2,19
19,63,1,0
19,63,2,19
19,64,1,0
19,64,2,19
19,65,1,0
19,65,2,19
19,66,1,0
19,66,2,19
19,67,1,0
19,67,2,19
19,68,1,0
19,68,2,19
19,69,1,0
19,69,2,19
19,70,1,0
19,70,2,19
19,71,1,0
19,71,2,19
19,72,1,0
19,72,2,19
19,73,1,0
19,73,2,19
19,74,1,0
19,74,2,19
19,75,1,0
19,75,2,19
19,76,1,0
19,76,2,19
19,77,1,0
19,77,2,19
19,78,1,0
19,78,2,19
19,79,1,0
19,79,2,19
19,80,1,0
19,80,2,19
20,0,1,0
20,0,2,20
20,1,1,0
20,1,2,20
20,2,1,0
20,2,2,20
20,3,1,0
20,3,2,20
20,4,1,0
20,4,2,20
20,5,1,0
20,5,2,20
20,6,1,0
20,6,2,20
20,7,1,0
20,7,2,20
20,8,1,0
20,8,2,20
20,9,1,0
20,9,2,20
20,10,1,0
20,10,2,20
20,11,1,0
20,11,2,20
20,12,1,0
20,12,2,20
20,13,1,0
20,13,2,20
20,14,1,0
20,14,2,20
20,15,1,0
20,15,2,20
20,16,1,0
20,16,2,20
20,17,1,0
20,17,2,20
20,18,1,0
20,18,2,20
20,19,1,0
20,19,2,20
20,20,1,0
20,20,2,20
20,21,1,0
20,21,2,20
20,22,1,0
20,22,2,20
20,23,1,0
20,23,2,20
20,24,1,0
20,24,2,20
20,25,1,0
20,25,2,20
20,26,1,0
20,26,2,20
20,27,1,0
20,27,2,20
20,28,1,0
20,28,2,20
20,29,1,0
20,29,2,20
20,30,1,0
20,30,2,20
20,31,1,0
20,31,2,20
20,32,1,0
20,32,2,20
20,33,1,0
20,33,2,20
20,34,1,0
20,34,2,20
20,35,1,0
20,35,2,20
20,36,1,0
20,36,2,20
20,37,1,0
20,37,2,20
20,38,1,0
20,38,2,20
20,39,1,0
20,39,2,20
20,40,1,0
20,40,2,20
20,41,1,0
20,41,2,20
20,42,1,0
20,42,2,20
20,43,1,0
20,43,2,20
20,44,1,0
20,44,2,20
20,45,1,0
20,45,2,20
20,46,1,0
20,46,2,20
20,47,1,0
20,47,2,20
20,48,1,0
20,48,2,20
20,49,1,0
20,49,2,20
20,50,1,0
20,50,2,20
20,51,1,0
20,51,2,20
20,52,1,0
20,52,2,20
20,53,1,0
20,53,2,20
20,54,1,0
20,54,2,20
20,55,1,0
20,55,2,20
20,56,1,0
20,56,2,20
20,57,1,0
20,57,2,20
20,58,1,0
20,58,2,20
20,59,1,0
20,59,2,20
20,60,1,0
20,60,2,20
20,61,1,0
20,61,2,20
20,62,1,0
20,62,2,20
20,63,1,0
20,63,2,20
20,64,1,0
20,64,2,20
20,65,1,0
20,65,2,20
20,66,1,0
20,66,2,20
20,67,1,0
20,67,2,20
20,68,1,0
20,68,2,20
20,69,1,0
20,69,2,20
20,70,1,0
20,70,2,20
20,71,1,0
20,71,2,20
20,72,1,0
20,72,2,20
20,73,1,0
20,73,2,20
20,74,1,0
20,74,2,20
20,75,1,0
20,75,2,20
20,76,1,0
20,76,2,20
20,77,1,0
20,77,2,20
20,78,1,0
20,78,2,20
20,79,1,0
20,79,2,20
20,80,1,0
20,80,2,20
21,0,1,0
21,0,2,20
21,1,1,0
21,1,2,20
21,2,1,0
21,2,2,20
21,3,1,0
21,3,2,20
21,4,1,0
21,4,2,20
21,5,1,0
21,5,2,20
21,6,1,0
21,6,2,20
21,7,1,0
21,7,2,20
21,8,1,0
21,8,2,20
21,9,1,0
21,9,2,20
21,10,1,0
21,10,2,20
21,11,1,0
21,11,2,20
21,12,1,0
21,12,2,20
21,13,1,0
21,13,2,20
21,14,1,0
21,14,2,20
21,15,1,0
21,15,2,20
21,16,1,0
21,16,2,20
21,17,1,0
21,17,2,20
21,18,1,0
21,18,2,20
21,19,1,0
21,19,2,20
21,20,1,0
21,20,2,20
21,21,1,0
21,21,2,20
21,22,1,0
21,22,2,20
21,23,1,0
21,23,2,20
21,24,1,0
21,24,2,20
21,25,1,0
21,25,2,20
21,26,1,0
21,26,2,20
21,27,1,0
21,27,2,20
21,28,1,0
21,28,2,20
21,29,1,0
21,29,2,20
21,30,1,0
21,30,2,20
21,31,1,0
21,31,2,20
21,32,1,0
21,32,2,20
21,33,1,0
21,33,2,20
21,34,1,0
21,34,2,20
21,35,1,0
21,35,2,20
21,36,1,0
21,36,2,20
21,37,1,0
21,37,2,20
21,38,1,0
21,38,2,20
21,39,1,0
21,39,2,20
21,40,1,0
21,40,2,20
21,41,1,0
21,41,2,20
21,42,1,0
21,42,2,20
21,43,1,0
21,43,2,20
21,44,1,0
21,44,2,20
21,45,1,0
21,45,2,20
21,46,1,0
21,46,2,20
21,47,1,0
21,47,2,20
21,48,1,0
21,48,2,20
21,49,1,0
21,49,2,20
21,50,1,0
21,50,2,20
21,51,1,0
21,51,2,20
21,52,1,0
21,52,2,20
21,53,1,0
21,53,2,20
21,54,1,0
21,54,2,20
21,55,1,0
21,55,2,20
21,56,1,0
21,56,2,20
21,57,1,0
21,57,2,20
21,58,1,0
21,58,2,20
21,59,1,0
21,59,2,20
21,60,1,0
21,60,2,20
21,61,1,0
21,61,2,20
21,62,1,0
21,62,2,20
21,63,1,0
21,63,2,20
21,64,1,0
21,64,2,20
21,65,1,0
21,65,2,20
21,66,1,0
21,66,2,20
21,67,1,0
21,67,2,20
21,68,1,0
21,68,2,20
21,69,1,0
21,69,2,20
21,70,1,0
21,70,2,20
21,71,1,0
21,71,2,20
21,72,1,0
21,72,2,20
21,73,1,0
21,73,2,20
21,74,1,0
21,74,2,20
21,75,1,0
21,75,2,20
21,76,1,0
21,76,2,20
21,77,1,0
21,77,2,20
21,78,1,0
21,78,2,20
21,79,1,0
21,79,2,20
21,80,1,0
21,80,2,20
22,0,1,0
22,0,2,20
22,1,1,0
22,1,2,20
22,2,1,0
22,2,2,20
22,3,1,0
22,3,2,20
22,4,1,0
22,4,2,20
22,5,1,0
22,5,2,20
22,6,1,0
22,6,2,20
22,7,1,0
22,7,2,20
22,8,1,0
22,8,2,20
22,9,1,0
22,9,2,20
22,10,1,0
22,10,2,20
22,11,1,0
22,11,2,20
22,12,1,0
22,12,2,20
22,13,1,0
22,13,2,20
22,14,1,0
22,14,2,20
22,15,1,0
22,15,2,20
22,16,1,0
22,16,2,20
22,17,1,0
22,17,2,20
22,18,1,0
22,18,2,20
22,19,1,0
22,19,2,20
22,20,1,0
22,20,2,20
22,21,1,0
22,21,2,20
22,22,1,0
22,22,2,20
22,23,1,0
22,23,2,20
22,24,1,0
22,24,2,20
22,25,1,0
22,25,2,20
22,26,1,0
22,26,2,20
22,27,1,0
22,27,2,20
22,28,1,0
22,28,2,20
22,29,1,0
22,29,2,20
22,30,1,0
22,30,2,20
22,31,1,0
22,31,2,20
22,32,1,0
22,32,2,20
22,33,1,0
22,33,2,20
22,34,1,0
22,34,2,20
22,35,1,0
22,35,2,20
22,36,1,0
22,36,2,20
22,37,1,0
22,37,2,20
22,38,1,0
22,38,2,20
22,39,1,0
22,39,2,20
22,40,1,0
22,40,2,20
22,41,1,0
22,41,2,20
22,42,1,0
22,42,2,20
22,43,1,0
22,43,2,20
22,44,1,0
22,44,2,20
22,45,1,0
22,45,2,20
22,46,1,0
22,46,2,20
22,47,1,0
22,47,2,20
22,48,1,0
22,48,2,20
22,49,1,0
22,49,2,20
22,50,1,0
22,50,2,20
22,51,1,0
22,51,2,20
22,52,1,0
22,52,2,20
22,53,1,0
22,53,2,20
22,54,1,0
22,54,2,20
22,55,1,0
22,55,2,20
22,56,1,0
22,56,2,20
22,57,1,0
22,57,2,20
22,58,1,0
22,58,2,20
22,59,1,0
22,59,2,20
22,60,1,0
22,60,2,20
22,61,1,0
22,61,2,20
22,62,1,0
22,62,2,20
22,63,1,0
22,63,2,20
22,64,1,0
22,64,2,20
22,65,1,0
22,65,2,20
22,66,1,0
22,66,2,20
22,67,1,0
22,67,2,20
22,68,1,0
22,68,2,20
22,69,1,0
22,69,2,20
22,70,1,0
22,70,2,20
22,71,1,0
22,71,2,20
22,72,1,0
22,72,2,20
22,73,1,0
22,73,2,20
22,74,1,0
22,74,2,20
22,75,1,0
22,75,2,20
22,76,1,0
22,76,2,20
22,77,1,0
22,77,2,20
22,78,1,0
22,78,2,20
22,79,1,0
22,79,2,20
22,80,1,0
22,80,2,20
23,0,1,0
23,0,2,20
23,1,1,0
23,1,2,20
23,2,1,0
23,2,2,20
23,3,1,0
23,3,2,20
23,4,1,0
23,4,2,20
23,5,1,0
23,5,2,20
23,6,1,0
23,6,2,20
23,7,1,0
23,7,2,20
23,8,1,0
23,8,2,20
23,9,1,0
23,9,2,20
23,10,1,0
23,10,2,20
23,11,1,0
23,11,2,20
23,12,1,0
23,12,2,20
23,13,1,0
23,13,2,20
23,14,1,0
23,14,2,20
23,15,1,0
23,15,2,20
23,16,1,0
23,16,2,20
23,17,1,0
23,17,2,20
23,18,1,0
23,18,2,20
23,19,1,0
23,19,2,20
23,20,1,0
23,20,2,20
23,21,1,0
23,21,2,20
23,22,1,0
23,22,2,20
23,23,1,0
23,23,2,20
23,24,1,0
23,24,2,20
23,25,1,0
23,25,2,20
23,26,1,0
23,26,2,20
23,27,1,0
23,27,2,20
23,28,1,0
23,28,2,20
23,29,1,0
23,29,2,20
23,30,1,0
23,30,2,20
23,31,1,0
23,31,2,20
23,32,1,0
23,32,2,20
23,33,1,0
23,33,2,20
23,34,1,0
23,34,2,20
23,35,1,0
23,35,2,20
23,36,1,0
23,36,2,20
23,37,1,0
23,37,2,20
23,38,1,0
23,38,2,20
23,39,1,0
23,39,2,20
23,40,1,0
23,40,2,20
23,41,1,0
23,41,2,20
23,42,1,0
23,42,2,20
23,43,1,0
23,43,2,20
23,44,1,0
23,44,2,20
23,45,1,0
23,45,2,20
23,46,1,0
23,46,2,20
23,47,1,0
23,47,2,20
23,48,1,0
23,48,2,20
23,49,1,0
23,49,2,20
23,50,1,0
23,50,2,20
23,51,1,0
23,51,2,20
23,52,1,0
23,52,2,20
23,53,1,0
23,53,2,20
23,54,1,0
23,54,2,20
23,55,1,0
23,55,2,20
23,56,1,0
23,56,2,20
23,57,1,0
23,57,2,20
23,58,1,0
23,58,2,20
23,59,1,0
23,59,2,20
23,60,1,0
23,60,2,20
23,61,1,0
23,61,2,20
23,62,1,0
23,62,2,20
23,63,1,0
23,63,2,20
23,64,1,0
23,64,2,20
23,65,1,0
23,65,2,20
23,66,1,0
23,66,2,20
23,67,1,0
23,67,2,20
23,68,1,0
23,68,2,20
23,69,1,0
23,69,2,20
23,70,1,0
23,70,2,20
23,71,1,0
23,71,2,20
23,72,1,0
23,72,2,20
23,73,1,0
23,73,2,20
23,74,1,0
23,74,2,20
23,75,1,0
23,75,2,20
23,76,1,0
23,76,2,20
23,77,1,0
23,77,2,20
23,78,1,0
23,78,2,20
23,79,1,0
23,79,2,20
23,80,1,0
23,80,2,20
24,0,1,0
24,0,2,20
24,1,1,0
24,1,2,20
24,2,1,0
24,2,2,20
24,3,1,0
24,3,2,20
24,4,1,0
24,4,2,20
24,5,1,0
24,5,2,20
24,6,1,0
24,6,2,20
24,7,1,0
24,7,2,20
24,8,1,0
24,8,2,20
24,9,1,0
24,9,2,20
24,10,1,0
24,10,2,20
24,11,1,0
24,11,2,20
24,12,1,0
24,12,2,20
24,13,1,0
24,13,2,20
24,14,1,0
24,14,2,20
24,15,1,0
24,15,2,20
24,16,1,0
24,16,2,20
24,17,1,0
24,17,2,20
24,18,1,0
24,18,2,20
24,19,1,0
24,19,2,20
24,20,1,0
24,20,2,20
24,21,1,0
24,21,2,20
24,22,1,0
24,22,2,20
24,23,1,0
24,23,2,20
24,24,1,0
24,24,2,20
24,25,1,0
24,25,2,20
24,26,1,0
24,26,2,20
24,27,1,0
24,27,2,20
24,28,1,0
24,28,2,20
24,29,1,0
24,29,2,20
24,30,1,0
24,30,2,20
24,31,1,0
24,31,2,20
24,32,1,0
24,32,2,20
24,33,1,0
24,33,2,20
24,34,1,0
24,34,2,20
24,35,1,0
24,35,2,20
24,36,1,0
24,36,2,20
24,37,1,0
24,37,2,20
24,38,1,0
24,38,2,20
24,39,1,0
24,39,2,20
24,40,1,0
24,40,2,20
24,41,1,0
24,41,2,20
24,42,1,0
24,42,2,20
24,43,1,0
24,43,2,20
24,44,1,0
24,44,2,20
24,45,1,0
24,45,2,20
24,46,1,0
24,46,2,20
24,47,1,0
24,47,2,20
24,48,1,0
24,48,2,20
24,49,1,0
24,49,2,20
24,50,1,0
24,50,2,20
24,51,1,0
24,51,2,20
24,52,1,0
24,52,2,20
24,53,1,0
24,53,2,20
24,54,1,0
24,54,2,20
24,55,1,0
24,55,2,20
24,56,1,0
24,56,2,20
24,57,1,0
24,57,2,20
24,58,1,0
24,58,2,20
24,59,1,0
24,59,2,20
24,60,1,0
24,60,2,20
24,61,1,0
24,61,2,20
24,62,1,0
24,62,2,20
24,63,1,0
24,63,2,20
24,64,1,0
24,64,2,20
24,65,1,0
24,65,2,20
24,66,1,0
24,66,2,20
24,67,1,0
24,67,2,20
24,68,1,0
24,68,2,20
24,69,1,0
24,69,2,20
24,70,1,0
24,70,2,20
24,71,1,0
24,71,2,20
24,72,1,0
24,72,2,20
24,73,1,0
24,73,2,20
24,74,1,0
24,74,2,20
24,75,1,0
24,75,2,20
24,76,1,0
24,76,2,20
24,77,1,0
24,77,2,20
24,78,1,0
24,78,2,20
24,79,1,0
24,79,2,20
24,80,1,0
24,80,2,20
25,0,1,0
25,0,2,20
25,1,1,0
25,1,2,20
25,2,1,0
25,2,2,20
25,3,1,0
25,3,2,20
25,4,1,0
25,4,2,20
25,5,1,0
25,5,2,20
25,6,1,0
25,6,2,20
25,7,1,0
25,7,2,20
25,8,1,0
25,8,2,20
25,9,1,0
25,9,2,20
25,10,1,0
25,10,2,20
25,11,1,0
25,11,2,20
25,12,1,0
25,12,2,20
25,13,1,0
25,13,2,20
25,14,1,0
25,14,2,20
25,15,1,0
25,15,2,20
25,16,1,0
25,16,2,20
25,17,1,0
25,17,2,20
25,18,1,0
25,18,2,20
25,19,1,0
25,19,2,20
25,20,1,0
25,20,2,20
25,21,1,0
25,21,2,20
25,22,1,0
25,22,2,20
25,23,1,0
25,23,2,20
25,24,1,0
25,24,2,20
25,25,1,0
25,25,2,20
25,26,1,0
25,26,2,20
25,27,1,0
25,27,2,20
25,28,1,0
25,28,2,20
25,29,1,0
25,29,2,20
25,30,1,0
25,30,2,20
25,31,1,0
25,31,2,20
25,32,1,0
25,32,2,20
25,33,1,0
25,33,2,20
25,34,1,0
25,34,2,20
25,35,1,0
25,35,2,20
25,36,1,0
25,36,2,20
25,37,1,0
25,37,2,20
25,38,1,0
25,38,2,20
25,39,1,0
25,39,2,20
25,40,1,0
25,40,2,20
25,41,1,0
25,41,2,20
25,42,1,0
25,42,2,20
25,43,1,0
25,43,2,20
25,44,1,0
25,44,2,20
25,45,1,0
25,45,2,20
25,46,1,0
25,46,2,20
25,47,1,0
25,47,2,20
25,48,1,0
25,48,2,20
25,49,1,0
25,49,2,20
25,50,1,0
25,50,2,20
25,51,1,0
25,51,2,20
25,52,1,0
25,52,2,20
25,53,1,0
25,53,2,20
25,54,1,0
25,54,2,20
25,55,1,0
25,55,2,20
25,56,1,0
25,56,2,20
25,57,1,0
25,57,2,20
25,58,1,0
25,58,2,20
25,59,1,0
25,59,2,20
25,60,1,0
25,60,2,20
25,61,1,0
25,61,2,20
25,62,1,0
25,62,2,20
25,63,1,0
25,63,2,20
25,64,1,0
25,64,2,20
25,65,1,0
25,65,2,20
25,66,1,0
25,66,2,20
25,67,1,0
25,67,2,20
25,68,1,0
25,68,2,20
25,69,1,0
25,69,2,20
25,70,1,0
25,70,2,20
25,71,1,0
25,71,2,20
25,72,1,0
25,72,2,20
25,73,1,0
25,73,2,20
25,74,1,0
25,74,2,20
25,75,1,0
25,75,2,20
25,76,1,0
25,76,2,20
25,77,1,0
25,77,2,20
25,78,1,0
25,78,2,20
25,79,1,0
25,79,2,20
25,80,1,0
25,80,2,20
26,0,1,0
26,0,2,20
26,1,1,0
26,1,2,20
26,2,1,0
26,2,2,20
26,3,1,0
26,3,2,20
26,4,1,0
26,4,2,20
26,5,1,0
26,5,2,20
26,6,1,0
26,6,2,20
26,7,1,0
26,7,2,20
26,8,1,0
26,8,2,20
26,9,1,0
26,9,2,20
26,10,1,0
26,10,2,20
26,11,1,0
26,11,2,20
26,12,1,0
26,12,2,20
26,13,1,0
26,13,2,20
26,14,1,0
26,14,2,20
26,15,1,0
26,15,2,20
26,16,1,0
26,16,2,20
26,17,1,0
26,17,2,20
26,18,1,0
26,18,2,20
26,19,1,0
26,19,2,20
26,20,1,0
26,20,2,20
26,21,1,0
26,21,2,20
26,22,1,0
26,22,2,20
26,23,1,0
26,23,2,20
26,24,1,0
26,24,2,20
26,25,1,0
26,25,2,20
26,26,1,0
26,26,2,20
26,27,1,0
26,27,2,20
26,28,1,0
26,28,2,20
26,29,1,0
26,29,2,20
26,30,1,0
26,30,2,20
26,31,1,0
26,31,2,20
26,32,1,0
26,32,2,20
26,33,1,0
26,33,2,20
26,34,1,0
26,34,2,20
26,35,1,0
26,35,2,20
26,36,1,0
26,36,2,20
26,37,1,0
26,37,2,20
26,38,1,0
26,38,2,20
26,39,1,0
26,39,2,20
26,40,1,0
26,40,2,20
26,41,1,0
26,41,2,20
26,42,1,0
26,42,2,20
26,43,1,0
26,43,2,20
26,44,1,0
26,44,2,20
26,45,1,0
26,45,2,20
26,46,1,0
26,46,2,20
26,47,1,0
26,47,2,20
26,48,1,0
26,48,2,20
26,49,1,0
26,49,2,20
26,50,1,0
26,50,2,20
26,51,1,0
26,51,2,20
26,52,1,0
26,52,2,20
26,53,1,0
26,53,2,20
26,54,1,0
26,54,2,20
26,55,1,0
26,55,2,20
26,56,1,0
26,56,2,20
26,57,1,0
26,57,2,20
26,58,1,0
26,58,2,20
26,59,1,0
26,59,2,20
26,60,1,0
26,60,2,20
26,61,1,0
26,61,2,20
26,62,1,0
26,62,2,20
26,63,1,0
26,63,2,20
26,64,1,0
26,64,2,20
26,65,1,0
26,65,2,20
26,66,1,0
26,66,2,20
26,67,1,0
26,67,2,20
26,68,1,0
26,68,2,20
26,69,1,0
26,69,2,20
26,70,1,0
26,70,2,20
26,71,1,0
26,71,2,20
26,72,1,0
26,72,2,20
26,73,1,0
26,73,2,20
26,74,1,0
26,74,2,20
26,75,1,0
26,75,2,20
26,76,1,0
26,76,2,20
26,77,1,0
26,77,2,20
26,78,1,0
26,78,2,20
26,79,1,0
26,79,2,20
26,80,1,0
26,80,2,20
27,0,1,0
27,0,2,20
27,1,1,0
27,1,2,20
27,2,1,0
27,2,2,20
27,3,1,0
27,3,2,20
27,4,1,0
27,4,2,20
27,5,1,0
27,5,2,20
27,6,1,0
27,6,2,20
27,7,1,0
27,7,2,20
27,8,1,0
27,8,2,20
27,9,1,0
27,9,2,20
27,10,1,0
27,10,2,20
27,11,1,0
27,11,2,20
27,12,1,0
27,12,2,20
27,13,1,0
27,13,2,20
27,14,1,0
27,14,2,20
27,15,1,0
27,15,2,20
27,16,1,0
27,16,2,20
27,17,1,0
27,17,2,20
27,18,1,0
27,18,2,20
27,19,1,0
27,19,2,20
27,20,1,0
27,20,2,20
27,21,1,0
27,21,2,20
27,22,1,0
27,22,2,20
27,23,1,0
27,23,2,20
27,24,1,0
27,24,2,20
27,25,1,0
27,25,2,20
27,26,1,0
27,26,2,20
27,27,1,0
27,27,2,20
27,28,1,0
27,28,2,20
27,29,1,0
27,29,2,20
27,30,1,0
27,30,2,20
27,31,1,0
27,31,2,20
27,32,1,0
27,32,2,20
27,33,1,0
27,33,2,20
27,34,1,0
27,34,2,20
27,35,1,0
27,35,2,20
27,36,1,0
27,36,2,20
27,37,1,0
27,37,2,20
27,38,1,0
27,38,2,20
27,39,1,0
27,39,2,20
27,40,1,0
27,40,2,20
27,41,1,0
27,41,2,20
27,42,1,0
27,42,2,20
27,43,1,0
27,43,2,20
27,44,1,0
27,44,2,20
27,45,1,0
27,45,2,20
27,46,1,0
27,46,2,20
27,47,1,0
27,47,2,20
27,48,1,0
27,48,2,20
27,49,1,0
27,49,2,20
27,50,1,0
27,50,2,20
27,51,1,0
27,51,2,20
27,52,1,0
27,52,2,20
27,53,1,0
27,53,2,20
27,54,1,0
27,54,2,20
27,55,1,0
27,55,2,20
27,56,1,0
27,56,2,20
27,57,1,0
27,57,2,20
27,58,1,0
27,58,2,20
27,59,1,0
27,59,2,20
27,60,1,0
27,60,2,20
27,61,1,0
27,61,2,20
27,62,1,0
27,62,2,20
27,63,1,0
27,63,2,20
27,64,1,0
27,64,2,20
27,65,1,0
27,65,2,20
27,66,1,0
27,66,2,20
27,67,1,0
27,67,2,20
27,68,1,0
27,68,2,20
27,69,1,0
27,69,2,20
27,70,1,0
27,70,2,20
27,71,1,0
27,71,2,20
27,72,1,0
27,72,2,20
27,73,1,0
27,73,2,20
27,74,1,0
27,74,2,20
27,75,1,0
27,75,2,20
27,76,1,0
27,76,2,20
27,77,1,0
27,77,2,20
27,78,1,0
27,78,2,20
27,79,1,0
27,79,2,20
27,80,1,0
27,80,2,20
28,0,1,0
28,0,2,20
28,1,1,0
28,1,2,20
28,2,1,0
28,2,2,20
28,3,1,0
28,3,2,20
28,4,1,0
28,4,2,20
28,5,1,0
28,5,2,20
28,6,1,0
28,6,2,20
28,7,1,0
28,7,2,20
28,8,1,0
28,8,2,20
28,9,1,0
28,9,2,20
28,10,1,0
28,10,2,20
28,11,1,0
28,11,2,20
28,12,1,0
28,12,2,20
28,13,1,0
28,13,2,20
28,14,1,0
28,14,2,20
28,15,1,0
28,15,2,20
28,16,1,0
28,16,2,20
28,17,1,0
28,17,2,20
28,18,1,0
28,18,2,20
28,19,1,0
28,19,2,20
28,20,1,0
28,20,2,20
28,21,1,0
28,21,2,20
28,22,1,0
28,22,2,20
28,23,1,0
28,23,2,20
28,24,1,0
28,24,2,20
28,25,1,0
28,25,2,20
28,26,1,0
28,26,2,20
28,27,1,0
28,27,2,20
28,28,1,0
28,28,2,20
28,29,1,0
28,29,2,20
28,30,1,0
28,30,2,20
28,31,1,0
28,31,2,20
28,32,1,0
28,32,2,20
28,33,1,0
28,33,2,20
28,34,1,0
28,34,2,20
28,35,1,0
28,35,2,20
28,36,1,0
28,36,2,20
28,37,1,0
28,37,2,20
28,38,1,0
28,38,2,20
28,39,1,0
28,39,2,20
28,40,1,0
28,40,2,20
28,41,1,0
28,41,2,20
28,42,1,0
28,42,2,20
28,43,1,0
28,43,2,20
28,44,1,0
28,44,2,20
28,45,1,0
28,45,2,20
28,46,1,0
28,46,2,20
28,47,1,0
28,47,2,20
28,48,1,0
28,48,2,20
28,49,1,0
28,49,2,20
28,50,1,0
28,50,2,20
28,51,1,0
28,51,2,20
28,52,1,0
28,52,2,20
28,53,1,0
28,53,2,20
28,54,1,0
28,54,2,20
28,55,1,0
28,55,2,20
28,56,1,0
28,56,2,20
28,57,1,0
28,57,2,20
28,58,1,0
28,58,2,20
28,59,1,0
28,59,2,20
28,60,1,0
28,60,2,20
28,61,1,0
28,61,2,20
28,62,1,0
28,62,2,20
28,63,1,0
28,63,2,20
28,64,1,0
28,64,2,20
28,65,1,0
28,65,2,20
28,66,1,0
28,66,2,20
28,67,1,0
28,67,2,20
28,68,1,0
28,68,2,20
28,69,1,0
28,69,2,20
28,70,1,0
28,70,2,20
28,71,1,0
28,71,2,20
28,72,1,0
28,72,2,20
28,73,1,0
28,73,2,20
28,74,1,0
28,74,2,20
28,75,1,0
28,75,2,20
28,76,1,0
28,76,2,20
28,77,1,0
28,77,2,20
28,78,1,0
28,78,2,20
28,79,1,0
28,79,2,20
28,80,1,0
28,80,2,20
29,0,1,0
29,0,2,20
29,1,1,0
29,1,2,20
29,2,1,0
29,2,2,20
29,3,1,0
29,3,2,20
29,4,1,0
29,4,2,20
29,5,1,0
29,5,2,20
29,6,1,0
29,6,2,20
29,7,1,0
29,7,2,20
29,8,1,0
29,8,2,20
29,9,1,0
29,9,2,20
29,10,1,0
29,10,2,20
29,11,1,0
29,11,2,20
29,12,1,0
29,12,2,20
29,13,1,0
29,13,2,20
29,14,1,0
29,14,2,20
29,15,1,0
29,15,2,20
29,16,1,0
29,16,2,20
29,17,1,0
29,17,2,20
29,18,1,0
29,18,2,20
29,19,1,0
29,19,2,20
29,20,1,0
29,20,2,20
29,21,1,0
29,21,2,20
29,22,1,0
29,22,2,20
29,23,1,0
29,23,2,20
29,24,1,0
29,24,2,20
29,25,1,0
29,25,2,20
29,26,1,0
29,26,2,20
29,27,1,0
29,27,2,20
29,28,1,0
29,28,2,20
29,29,1,0
29,29,2,20
29,30,1,0
29,30,2,20
29,31,1,0
29,31,2,20
29,32,1,0
29,32,2,20
29,33,1,0
29,33,2,20
29,34,1,0
29,34,2,20
29,35,1,0
29,35,2,20
29,36,1,0
29,36,2,20
29,37,1,0
29,37,2,20
29,38,1,0
29,38,2,20
29,39,1,0
29,39,2,20
29,40,1,0
29,40,2,20
29,41,1,0
29,41,2,20
29,42,1,0
29,42,2,20
29,43,1,0
29,43,2,20
29,44,1,0
29,44,2,20
29,45,1,0
29,45,2,20
29,46,1,0
29,46,2,20
29,47,1,0
29,47,2,20
29,48,1,0
29,48,2,20
29,49,1,0
29,49,2,20
29,50,1,0
29,50,2,20
29,51,1,0
29,51,2,20
29,52,1,0
29,52,2,20
29,53,1,0
29,53,2,20
29,54,1,0
29,54,2,20
29,55,1,0
29,55,2,20
29,56,1,0
29,56,2,20
29,57,1,0
29,57,2,20
29,58,1,0
29,58,2,20
29,59,1,0
29,59,2,20
29,60,1,0
29,60,2,20
29,61,1,0
29,61,2,20
29,62,1,0
29,62,2,20
29,63,1,0
29,63,2,20
29,64,1,0
29,64,2,20
29,65,1,0
29,65,2,20
29,66,1,0
29,66,2,20
29,67,1,0
29,67,2,20
29,68,1,0
29,68,2,20
29,69,1,0
29,69,2,20
29,70,1,0
29,70,2,20
29,71,1,0
29,71,2,20
29,72,1,0
29,72,2,20
29,73,1,0
29,73,2,20
29,74,1,0
29,74,2,20
29,75,1,0
29,75,2,20
29,76,1,0
29,76,2,20
29,77,1,0
29,77,2,20
29,78,1,0
29,78,2,20
29,79,1,0
29,79,2,20
29,80,1,0
29,80,2,20
30,0,1,0
30,0,2,20
30,1,1,0
30,1,2,20
30,2,1,0
30,2,2,20
30,3,1,0
30,3,2,20
30,4,1,0
30,4,2,20
30,5,1,0
30,5,2,20
30,6,1,0
30,6,2,20
30,7,1,0
30,7,2,20
30,8,1,0
30,8,2,20
30,9,1,0
30,9,2,20
30,10,1,0
30,10,2,20
30,11,1,0
30,11,2,20
30,12,1,0
30,12,2,20
30,13,1,0
30,13,2,20
30,14,1,0
30,14,2,20
30,15,1,0
30,15,2,20
30,16,1,0
30,16,2,20
30,17,1,0
30,17,2,20
30,18,1,0
30,18,2,20
30,19,1,0
30,19,2,20
30,20,1,0
30,20,2,20
30,21,1,0
30,21,2,20
30,22,1,0
30,22,2,20
30,23,1,0
30,23,2,20
30,24,1,0
30,24,2,20
30,25,1,0
30,25,2,20
30,26,1,0
30,26,2,20
30,27,1,0
30,27,2,20
30,28,1,0
30,28,2,20
30,29,1,0
30,29,2,20
30,30,1,0
30,30,2,20
30,31,1,0
30,31,2,20
30,32,1,0
30,32,2,20
30,33,1,0
30,33,2,20
30,34,1,0
30,34,2,20
30,35,1,0
30,35,2,20
30,36,1,0
30,36,2,20
30,37,1,0
30,37,2,20
30,38,1,0
30,38,2,20
30,39,1,0
30,39,2,20
30,40,1,0
30,40,2,20
30,41,1,0
30,41,2,20
30,42,1,0
30,42,2,20
30,43,1,0
30,43,2,20
30,44,1,0
30,44,2,20
30,45,1,0
30,45,2,20
30,46,1,0
30,46,2,20
30,47,1,0
30,47,2,20
30,48,1,0
30,48,2,20
30,49,1,0
30,49,2,20
30,50,1,0
30,50,2,20
30,51,1,0
30,51,2,20
30,52,1,0
30,52,2,20
30,53,1,0
30,53,2,20
30,54,1,0
30,54,2,20
30,55,1,0
30,55,2,20
30,56,1,0
30,56,2,20
30,57,1,0
30,57,2,20
30,58,1,0
30,58,2,20
30,59,1,0
30,59,2,20
30,60,1,0
30,60,2,20
30,61,1,0
30,61,2,20
30,62,1,0
30,62,2,20
30,63,1,0
30,63,2,20
30,64,1,0
30,64,2,20
30,65,1,0
30,65,2,20
30,66,1,0
30,66,2,20
30,67,1,0
30,67,2,20
30,68,1,0
30,68,2,20
30,69,1,0
30,69,2,20
30,70,1,0
30,70,2,20
30,71,1,0
30,71,2,20
30,72,1,0
30,72,2,20
30,73,1,0
30,73,2,20
30,74,1,0
30,74,2,20
30,75,1,0
30,75,2,20
30,76,1,0
30,76,2,20
30,77,1,0
30,77,2,20
30,78,1,0
30,78,2,20
30,79,1,0
30,79,2,20
30,80,1,0
30,80,2,20
31,0,1,0
31,0,2,20
31,1,1,0
31,1,2,20
31,2,1,0
31,2,2,20
31,3,1,0
31,3,2,20
31,4,1,0
31,4,2,20
31,5,1,0
31,5,2,20
31,6,1,0
31,6,2,20
31,7,1,0
31,7,2,20
31,8,1,0
31,8,2,20
31,9,1,0
31,9,2,20
31,10,1,0
31,10,2,20
31,11,1,0
31,11,2,20
31,12,1,0
31,12,2,20
31,13,1,0
31,13,2,20
31,14,1,0
31,14,2,20
31,15,1,0
31,15,2,20
31,16,1,0
31,16,2,20
31,17,1,0
31,17,2,20
31,18,1,0
31,18,2,20
31,19,1,0
31,19,2,20
31,20,1,0
31,20,2,20
31,21,1,0
31,21,2,20
31,22,1,0
31,22,2,20
31,23,1,0
31,23,2,20
31,24,1,0
31,24,2,20
31,25,1,0
31,25,2,20
31,26,1,0
31,26,2,20
31,27,1,0
31,27,2,20
31,28,1,0
31,28,2,20
31,29,1,0
31,29,2,20
31,30,1,0
31,30,2,20
31,31,1,0
31,31,2,20
31,32,1,0
31,32,2,20
31,33,1,0
31,33,2,20
31,34,1,0
31,34,2,20
31,35,1,0
31,35,2,20
31,36,1,0
31,36,2,20
31,37,1,0
31,37,2,20
31,38,1,0
31,38,2,20
31,39,1,0
31,39,2,20
31,40,1,0
31,40,2,20
31,41,1,0
31,41,2,20
31,42,1,0
31,42,2,20
31,43,1,0
31,43,2,20
31,44,1,0
31,44,2,20
31,45,1,0
31,45,2,20
31,46,1,0
31,46,2,20
31,47,1,0
31,47,2,20
31,48,1,0
31,48,2,20
31,49,1,0
31,49,2,20
31,50,1,0
31,50,2,20
31,51,1,0
31,51,2,20
31,52,1,0
31,52,2,20
31,53,1,0
31,53,2,20
31,54,1,0
31,54,2,20
31,55,1,0
31,55,2,20
31,56,1,0
31,56,2,20
31,57,1,0
31,57,2,20
31,58,1,0
31,58,2,20
31,59,1,0
31,59,2,20
31,60,1,0
31,60,2,20
31,61,1,0
31,61,2,20
31,62,1,0
31,62,2,20
31,63,1,0
31,63,2,20
31,64,1,0
31,64,2,20
31,65,1,0
31,65,2,20
31,66,1,0
31,66,2,20
31,67,1,0
31,67,2,20
31,68,1,0
31,68,2,20
31,69,1,0
31,69,2,20
31,70,1,0
31,70,2,20
31,71,1,0
31,71,2,20
31,72,1,0
31,72,2,20
31,73,1,0
31,73,2,20
31,74,1,0
31,74,2,20
31,75,1,0
31,75,2,20
31,76,1,0
31,76,2,20
31,77,1,0
31,77,2,20
31,78,1,0
31,78,2,20
31,79,1,0
31,79,2,20
31,80,1,0
31,80,2,20
32,0,1,0
32,0,2,20
32,1,1,0
32,1,2,20
32,2,1,0
32,2,2,20
32,3,1,0
32,3,2,20
32,4,1,0
32,4,2,20
32,5,1,0
32,5,2,20
32,6,1,0
32,6,2,20
32,7,1,0
32,7,2,20
32,8,1,0
32,8,2,20
32,9,1,0
32,9,2,20
32,10,1,0
32,10,2,20
32,11,1,0
32,11,2,20
32,12,1,0
32,12,2,20
32,13,1,0
32,13,2,20
32,14,1,0
32,14,2,20
32,15,1,0
32,15,2,20
32,16,1,0
32,16,2,20
32,17,1,0
32,17,2,20
32,18,1,0
32,18,2,20
32,19,1,0
32,19,2,20
32,20,1,0
32,20,2,20
32,21,1,0
32,21,2,20
32,22,1,0
32,22,2,20
32,23,1,0
32,23,2,20
32,24,1,0
32,24,2,20
32,25,1,0
32,25,2,20
32,26,1,0
32,26,2,20
32,27,1,0
32,27,2,20
32,28,1,0
32,28,2,20
32,29,1,0
32,29,2,20
32,30,1,0
32,30,2,20
32,31,1,0
32,31,2,20
32,32,1,0
32,32,2,20
32,33,1,0
32,33,2,20
32,34,1,0
32,34,2,20
32,35,1,0
32,35,2,20
32,36,1,0
32,36,2,20
32,37,1,0
32,37,2,20
32,38,1,0
32,38,2,20
32,39,1,0
32,39,2,20
32,40,1,0
32,40,2,20
32,41,1,0
32,41,2,20
32,42,1,0
32,42,2,20
32,43,1,0
32,43,2,20
32,44,1,0
32,44,2,20
32,45,1,0
32,45,2,20
32,46,1,0
32,46,2,20
32,47,1,0
32,47,2,20
32,48,1,0
32,48,2,20
32,49,1,0
32,49,2,20
32,50,1,0
32,50,2,20
32,51,1,0
32,51,2,20
32,52,1,0
32,52,2,20
32,53,1,0
32,53,2,20
32,54,1,0
32,54,2,20
32,55,1,0
32,55,2,20
32,56,1,0
32,56,2,20
32,57,1,0
32,57,2,20
32,58,1,0
32,58,2,20
32,59,1,0
32,59,2,20
32,60,1,0
32,60,2,20
32,61,1,0
32,61,2,20
32,62,1,0
32,62,2,20
32,63,1,0
32,63,2,20
32,64,1,0
32,64,2,20
32,65,1,0
32,65,2,20
32,66,1,0
32,66,2,20
32,67,1,0
32,67,2,20
32,68,1,0
32,68,2,20
32,69,1,0
32,69,2,20
32,70,1,0
32,70,2,20
32,71,1,0
32,71,2,20
32,72,1,0
32,72,2,20
32,73,1,0
32,73,2,20
32,74,1,0
32,74,2,20
32,75,1,0
32,75,2,20
32,76,1,0
32,76,2,20
32,77,1,0
32,77,2,20
32,78,1,0
32,78,2,20
32,79,1,0
32,79,2,20
32,80,1,0
32,80,2,20
33,0,1,0
33,0,2,20
33,1,1,0
33,1,2,20
33,2,1,0
33,2,2,20
33,3,1,0
33,3,2,20
33,4,1,0
33,4,2,20
33,5,1,0
33,5,2,20
33,6,1,0
33,6,2,20
33,7,1,0
33,7,2,20
33,8,1,0
33,8,2,20
33,9,1,0
33,9,2,20
33,10,1,0
33,10,2,20
33,11,1,0
33,11,2,20
33,12,1,0
33,12,2,20
33,13,1,0
33,13,2,20
33,14,1,0
33,14,2,20
33,15,1,0
33,15,2,20
33,16,1,0
33,16,2,20
33,17,1,0
33,17,2,20
33,18,1,0
33,18,2,20
33,19,1,0
33,19,2,20
33,20,1,0
33,20,2,20
33,21,1,0
33,21,2,20
33,22,1,0
33,22,2,20
33,23,1,0
33,23,2,20
33,24,1,0
33,24,2,20
33,25,1,0
33,25,2,20
33,26,1,0
33,26,2,20
33,27,1,0
33,27,2,20
33,28,1,0
33,28,2,20
33,29,1,0
33,29,2,20
33,30,1,0
33,30,2,20
33,31,1,0
33,31,2,20
33,32,1,0
33,32,2,20
33,33,1,0
33,33,2,20
33,34,1,0
33,34,2,20
33,35,1,0
33,35,2,20
33,36,1,0
33,36,2,20
33,37,1,0
33,37,2,20
33,38,1,0
33,38,2,20
33,39,1,0
33,39,2,20
33,40,1,0
33,40,2,20
33,41,1,0
33,41,2,20
33,42,1,0
33,42,2,20
33,43,1,0
33,43,2,20
33,44,1,0
33,44,2,20
33,45,1,0
33,45,2,20
33,46,1,0
33,46,2,20
33,47,1,0
33,47,2,20
33,48,1,0
33,48,2,20
33,49,1,0
33,49,2,20
33,50,1,0
33,50,2,20
33,51,1,0
33,51,2,20
33,52,1,0
33,52,2,20
33,53,1,0
33,53,2,20
33,54,1,0
33,54,2,20
33,55,1,0
33,55,2,20
33,56,1,0
33,56,2,20
33,57,1,0
33,57,2,20
33,58,1,0
33,58,2,20
33,59,1,0
33,59,2,20
33,60,1,0
33,60,2,20
33,61,1,0
33,61,2,20
33,62,1,0
33,62,2,20
33,63,1,0
33,63,2,20
33,64,1,0
33,64,2,20
33,65,1,0
33,65,2,20
33,66,1,0
33,66,2,20
33,67,1,0
33,67,2,20
33,68,1,0
33,68,2,20
33,69,1,0
33,69,2,20
33,70,1,0
33,70,2,20
33,71,1,0
33,71,2,20
33,72,1,0
33,72,2,20
33,73,1,0
33,73,2,20
33,74,1,0
33,74,2,20
33,75,1,0
33,75,2,20
33,76,1,0
33,76,2,20
33,77,1,0
33,77,2,20
33,78,1,0
33,78,2,20
33,79,1,0
33,79,2,20
33,80,1,0
33,80,2,20
34,0,1,0
34,0,2,20
34,1,1,0
34,1,2,20
34,2,1,0
34,2,2,20
34,3,1,0
34,3,2,20
34,4,1,0
34,4,2,20
34,5,1,0
34,5,2,20
34,6,1,0
34,6,2,20
34,7,1,0
34,7,2,20
34,8,1,0
34,8,2,20
34,9,1,0
34,9,2,20
34,10,1,0
34,10,2,20
34,11,1,0
34,11,2,20
34,12,1,0
34,12,2,20
34,13,1,0
34,13,2,20
34,14,1,0
34,14,2,20
34,15,1,0
34,15,2,20
34,16,1,0
34,16,2,20
34,17,1,0
34,17,2,20
34,18,1,0
34,18,2,20
34,19,1,0
34,19,2,20
34,20,1,0
34,20,2,20
34,21,1,0
34,21,2,20
34,22,1,0
34,22,2,20
34,23,1,0
34,23,2,20
34,24,1,0
34,24,2,20
34,25,1,0
34,25,2,20
34,26,1,0
34,26,2,20
34,27,1,0
34,27,2,20
34,28,1,0
34,28,2,20
34,29,1,0
34,29,2,20
34,30,1,0
34,30,2,20
34,31,1,0
34,31,2,20
34,32,1,0
34,32,2,20
34,33,1,0
34,33,2,20
34,34,1,0
34,34,2,20
34,35,1,0
34,35,2,20
34,36,1,0
34,36,2,20
34,37,1,0
34,37,2,20
34,38,1,0
34,38,2,20
34,39,1,0
34,39,2,20
34,40,1,0
34,40,2,20
34,41,1,0
34,41,2,20
34,42,1,0
34,42,2,20
34,43,1,0
34,43,2,20
34,44,1,0
34,44,2,20
34,45,1,0
34,45,2,20
34,46,1,0
34,46,2,20
34,47,1,0
34,47,2,20
34,48,1,0
34,48,2,20
34,49,1,0
34,49,2,20
34,50,1,0
34,50,2,20
34,51,1,0
34,51,2,20
34,52,1,0
34,52,2,20
34,53,1,0
34,53,2,20
34,54,1,0
34,54,2,20
34,55,1,0
34,55,2,20
34,56,1,0
34,56,2,20
34,57,1,0
34,57,2,20
34,58,1,0
34,58,2,20
34,59,1,0
34,59,2,20
34,60,1,0
34,60,2,20
34,61,1,0
34,61,2,20
34,62,1,0
34,62,2,20
34,63,1,0
34,63,2,20
34,64,1,0
34,64,2,20
34,65,1,0
34,65,2,20
34,66,1,0
34,66,2,20
34,67,1,0
34,67,2,20
34,68,1,0
34,68,2,20
34,69,1,0
34,69,2,20
34,70,1,0
34,70,2,20
34,71,1,0
34,71,2,20
34,72,1,0
34,72,2,20
34,73,1,0
34,73,2,20
34,74,1,0
34,74,2,20
34,75,1,0
34,75,2,20
34,76,1,0
34,76,2,20
34,77,1,0
34,77,2,20
34,78,1,0
34,78,2,20
34,79,1,0
34,79,2,20
34,80,1,0
34,80,2,20
35,0,1,0
35,0,2,20
35,1,1,0
35,1,2,20
35,2,1,0
35,2,2,20
35,3,1,0
35,3,2,20
35,4,1,0
35,4,2,20
35,5,1,0
35,5,2,20
35,6,1,0
35,6,2,20
35,7,1,0
35,7,2,20
35,8,1,0
35,8,2,20
35,9,1,0
35,9,2,20
35,10,1,0
35,10,2,20
35,11,1,0
35,11,2,20
35,12,1,0
35,12,2,20
35,13,1,0
35,13,2,20
35,14,1,0
35,14,2,20
35,15,1,0
35,15,2,20
35,16,1,0
35,16,2,20
35,17,1,0
35,17,2,20
35,18,1,0
35,18,2,20
35,19,1,0
35,19,2,20
35,20,1,0
35,20,2,20
35,21,1,0
35,21,2,20
35,22,1,0
35,22,2,20
35,23,1,0
35,23,2,20
35,24,1,0
35,24,2,20
35,25,1,0
35,25,2,20
35,26,1,0
35,26,2,20
35,27,1,0
35,27,2,20
35,28,1,0
35,28,2,20
35,29,1,0
35,29,2,20
35,30,1,0
35,30,2,20
35,31,1,0
35,31,2,20
35,32,1,0
35,32,2,20
35,33,1,0
35,33,2,20
35,34,1,0
35,34,2,20
35,35,1,0
35,35,2,20
35,36,1,0
35,36,2,20
35,37,1,0
35,37,2,20
35,38,1,0
35,38,2,20
35,39,1,0
35,39,2,20
35,40,1,0
35,40,2,20
35,41,1,0
35,41,2,20
35,42,1,0
35,42,2,20
35,43,1,0
35,43,2,20
35,44,1,0
35,44,2,20
35,45,1,0
35,45,2,20
35,46,1,0
35,46,2,20
35,47,1,0
35,47,2,20
35,48,1,0
35,48,2,20
35,49,1,0
35,49,2,20
35,50,1,0
35,50,2,20
35,51,1,0
35,51,2,20
35,52,1,0
35,52,2,20
35,53,1,0
35,53,2,20
35,54,1,0
35,54,2,20
35,55,1,0
35,55,2,20
35,56,1,0
35,56,2,20
35,57,1,0
35,57,2,20
35,58,1,0
35,58,2,20
35,59,1,0
35,59,2,20
35,60,1,0
35,60,2,20
35,61,1,0
35,61,2,20
35,62,1,0
35,62,2,20
35,63,1,0
35,63,2,20
35,64,1,0
35,64,2,20
35,65,1,0
35,65,2,20
35,66,1,0
35,66,2,20
35,67,1,0
35,67,2,20
35,68,1,0
35,68,2,20
35,69,1,0
35,69,2,20
35,70,1,0
35,70,2,20
35,71,1,0
35,71,2,20
35,72,1,0
35,72,2,20
35,73,1,0
35,73,2,20
35,74,1,0
35,74,2,20
35,75,1,0
35,75,2,20
35,76,1,0
35,76,2,20
35,77,1,0
35,77,2,20
35,78,1,0
35,78,2,20
35,79,1,0
35,79,2,20
35,80,1,0
35,80,2,20
36,0,1,0
36,0,2,20
36,1,1,0
36,1,2,20
36,2,1,0
36,2,2,20
36,3,1,0
36,3,2,20
36,4,1,0
36,4,2,20
36,5,1,0
36,5,2,20
36,6,1,0
36,6,2,20
36,7,1,0
36,7,2,20
36,8,1,0
36,8,2,20
36,9,1,0
36,9,2,20
36,10,1,0
36,10,2,20
36,11,1,0
36,11,2,20
36,12,1,0
36,12,2,20
36,13,1,0
36,13,2,20
36,14,1,0
36,14,2,20
36,15,1,0
36,15,2,20
36,16,1,0
36,16,2,20
36,17,1,0
36,17,2,20
36,18,1,0
36,18,2,20
36,19,1,0
36,19,2,20
36,20,1,0
36,20,2,20
36,21,1,0
36,21,2,20
36,22,1,0
36,22,2,20
36,23,1,0
36,23,2,20
36,24,1,0
36,24,2,20
36,25,1,0
36,25,2,20
36,26,1,0
36,26,2,20
36,27,1,0
36,27,2,20
36,28,1,0
36,28,2,20
36,29,1,0
36,29,2,20
36,30,1,0
36,30,2,20
36,31,1,0
36,31,2,20
36,32,1,0
36,32,2,20
36,33,1,0
36,33,2,20
36,34,1,0
36,34,2,20
36,35,1,0
36,35,2,20
36,36,1,0
36,36,2,20
36,37,1,0
36,37,2,20
36,38,1,0
36,38,2,20
36,39,1,0
36,39,2,20
36,40,1,0
36,40,2,20
36,41,1,0
36,41,2,20
36,42,1,0
36,42,2,20
36,43,1,0
36,43,2,20
36,44,1,0
36,44,2,20
36,45,1,0
36,45,2,20
36,46,1,0
36,46,2,20
36,47,1,0
36,47,2,20
36,48,1,0
36,48,2,20
36,49,1,0
36,49,2,20
36,50,1,0
36,50,2,20
36,51,1,0
36,51,2,20
36,52,1,0
36,52,2,20
36,53,1,0
36,53,2,20
36,54,1,0
36,54,2,20
36,55,1,0
36,55,2,20
36,56,1,0
36,56,2,20
36,57,1,0
36,57,2,20
36,58,1,0
36,58,2,20
36,59,1,0
36,59,2,20
36,60,1,0
36,60,2,20
36,61,1,0
36,61,2,20
36,62,1,0
36,62,2,20
36,63,1,0
36,63,2,20
36,64,1,0
36,64,2,20
36,65,1,0
36,65,2,20
36,66,1,0
36,66,2,20
36,67,1,0
36,67,2,20
36,68,1,0
36,68,2,20
36,69,1,0
36,69,2,20
36,70,1,0
36,70,2,20
36,71,1,0
36,71,2,20
36,72,1,0
36,72,2,20
36,73,1,0
36,73,2,20
36,74,1,0
36,74,2,20
36,75,1,0
36,75,2,20
36,76,1,0
36,76,2,20
36,77,1,0
36,77,2,20
36,78,1,0
36,78,2,20
36,79,1,0
36,79,2,20
36,80,1,0
36,80,2,20
37,0,1,0
37,0,2,20
37,1,1,0
37,1,2,20
37,2,1,0
37,2,2,20
37,3,1,0
37,3,2,20
37,4,1,0
37,4,2,20
37,5,1,0
37,5,2,20
37,6,1,0
37,6,2,20
37,7,1,0
37,7,2,20
37,8,1,0
37,8,2,20
37,9,1,0
37,9,2,20
37,10,1,0
37,10,2,20
37,11,1,0
37,11,2,20
37,12,1,0
37,12,2,20
37,13,1,0
37,13,2,20
37,14,1,0
37,14,2,20
37,15,1,0
37,15,2,20
37,16,1,0
37,16,2,20
37,17,1,0
37,17,2,20
37,18,1,0
37,18,2,20
37,19,1,0
37,19,2,20
37,20,1,0
37,20,2,20
37,21,1,0
37,21,2,20
37,22,1,0
37,22,2,20
37,23,1,0
37,23,2,20
37,24,1,0
37,24,2,20
37,25,1,0
37,25,2,20
37,26,1,0
37,26,2,20
37,27,1,0
37,27,2,20
37,28,1,0
37,28,2,20
37,29,1,0
37,29,2,20
37,30,1,0
37,30,2,20
37,31,1,0
37,31,2,20
37,32,1,0
37,32,2,20
37,33,1,0
37,33,2,20
37,34,1,0
37,34,2,20
37,35,1,0
37,35,2,20
37,36,1,0
37,36,2,20
37,37,1,0
37,37,2,20
37,38,1,0
37,38,2,20
37,39,1,0
37,39,2,20
37,40,1,0
37,40,2,20
37,41,1,0
37,41,2,20
37,42,1,0
37,42,2,20
37,43,1,0
37,43,2,20
37,44,1,0
37,44,2,20
37,45,1,0
37,45,2,20
37,46,1,0
37,46,2,20
37,47,1,0
37,47,2,20
37,48,1,0
37,48,2,20
37,49,1,0
37,49,2,20
37,50,1,0
37,50,2,20
37,51,1,0
37,51,2,20
37,52,1,0
37,52,2,20
37,53,1,0
37,53,2,20
37,54,1,0
37,54,2,20
37,55,1,0
37,55,2,20
37,56,1,0
37,56,2,20
37,57,1,0
37,57,2,20
37,58,1,0
37,58,2,20
37,59,1,0
37,59,2,20
37,60,1,0
37,60,2,20
37,61,1,0
37,61,2,20
37,62,1,0
37,62,2,20
37,63,1,0
37,63,2,20
37,64,1,0
37,64,2,20
37,65,1,0
37,65,2,20
37,66,1,0
37,66,2,20
37,67,1,0
37,67,2,20
37,68,1,0
37,68,2,20
37,69,1,0
37,69,2,20
37,70,1,0
37,70,2,20
37,71,1,0
37,71,2,20
37,72,1,0
37,72,2,20
37,73,1,0
37,73,2,20
37,74,1,0
37,74,2,20
37,75,1,0
37,75,2,20
37,76,1,0
37,76,2,20
37,77,1,0
37,77,2,20
37,78,1,0
37,78,2,20
37,79,1,0
37,79,2,20
37,80,1,0
37,80,2,20
38,0,1,0
38,0,2,20
38,1,1,0
38,1,2,20
38,2,1,0
38,2,2,20
38,3,1,0
38,3,2,20
38,4,1,0
38,4,2,20
38,5,1,0
38,5,2,20
38,6,1,0
38,6,2,20
38,7,1,0
38,7,2,20
38,8,1,0
38,8,2,20
38,9,1,0
38,9,2,20
38,10,1,0
38,10,2,20
38,11,1,0
38,11,2,20
38,12,1,0
38,12,2,20
38,13,1,0
38,13,2,20
38,14,1,0
38,14,2,20
38,15,1,0
38,15,2,20
38,16,1,0
38,16,2,20
38,17,1,0
38,17,2,20
38,18,1,0
38,18,2,20
38,19,1,0
38,19,2,20
38,20,1,0
38,20,2,20
38,21,1,0
38,21,2,20
38,22,1,0
38,22,2,20
38,23,1,0
38,23,2,20
38,24,1,0
38,24,2,20
38,25,1,0
38,25,2,20
38,26,1,0
38,26,2,20
38,27,1,0
38,27,2,20
38,28,1,0
38,28,2,20
38,29,1,0
38,29,2,20
38,30,1,0
38,30,2,20
38,31,1,0
38,31,2,20
38,32,1,0
38,32,2,20
38,33,1,0
38,33,2,20
38,34,1,0
38,34,2,20
38,35,1,0
38,35,2,20
38,36,1,0
38,36,2,20
38,37,1,0
38,37,2,20
38,38,1,0
38,38,2,20
38,39,1,0
38,39,2,20
38,40,1,0
38,40,2,20
38,41,1,0
38,41,2,20
38,42,1,0
38,42,2,20
38,43,1,0
38,43,2,20
38,44,1,0
38,44,2,20
38,45,1,0
38,45,2,20
38,46,1,0
38,46,2,20
38,47,1,0
38,47,2,20
38,48,1,0
38,48,2,20
38,49,1,0
38,49,2,20
38,50,1,0
38,50,2,20
38,51,1,0
38,51,2,20
38,52,1,0
38,52,2,20
38,53,1,0
38,53,2,20
38,54,1,0
38,54,2,20
38,55,1,0
38,55,2,20
38,56,1,0
38,56,2,20
38,57,1,0
38,57,2,20
38,58,1,0
38,58,2,20
38,59,1,0
38,59,2,20
38,60,1,0
38,60,2,20
38,61,1,0
38,61,2,20
38,62,1,0
38,62,2,20
38,63,1,0
38,63,2,20
38,64,1,0
38,64,2,20
38,65,1,0
38,65,2,20
38,66,1,0
38,66,2,20
38,67,1,0
38,67,2,20
38,68,1,0
38,68,2,20
38,69,1,0
38,69,2,20
38,70,1,0
38,70,2,20
38,71,1,0
38,71,2,20
38,72,1,0
38,72,2,20
38,73,1,0
38,73,2,20
38,74,1,0
38,74,2,20
38,75,1,0
38,75,2,20
38,76,1,0
38,76,2,20
38,77,1,0
38,77,2,20
38,78,1,0
38,78,2,20
38,79,1,0
38,79,2,20
38,80,1,0
38,80,2,20
39,0,1,0
39,0,2,20
39,1,1,0
39,1,2,20
39,2,1,0
39,2,2,20
39,3,1,0
39,3,2,20
39,4,1,0
39,4,2,20
39,5,1,0
39,5,2,20
39,6,1,0
39,6,2,20
39,7,1,0
39,7,2,20
39,8,1,0
39,8,2,20
39,9,1,0
39,9,2,20
39,10,1,0
39,10,2,20
39,11,1,0
39,11,2,20
39,12,1,0
39,12,2,20
39,13,1,0
39,13,2,20
39,14,1,0
39,14,2,20
39,15,1,0
39,15,2,20
39,16,1,0
39,16,2,20
39,17,1,0
39,17,2,20
39,18,1,0
39,18,2,20
39,19,1,0
39,19,2,20
39,20,1,0
39,20,2,20
39,21,1,0
39,21,2,20
39,22,1,0
39,22,2,20
39,23,1,0
39,23,2,20
39,24,1,0
39,24,2,20
39,25,1,0
39,25,2,20
39,26,1,0
39,26,2,20
39,27,1,0
39,27,2,20
39,28,1,0
39,28,2,20
39,29,1,0
39,29,2,20
39,30,1,0
39,30,2,20
39,31,1,0
39,31,2,20
39,32,1,0
39,32,2,20
39,33,1,0
39,33,2,20
39,34,1,0
39,34,2,20
39,35,1,0
39,35,2,20
39,36,1,0
39,36,2,20
39,37,1,0
39,37,2,20
39,38,1,0
39,38,2,20
39,39,1,0
39,39,2,20
39,40,1,0
39,40,2,20
39,41,1,0
39,41,2,20
39,42,1,0
39,42,2,20
39,43,1,0
39,43,2,20
39,44,1,0
39,44,2,20
39,45,1,0
39,45,2,20
39,46,1,0
39,46,2,20
39,47,1,0
39,47,2,20
39,48,1,0
39,48,2,20
39,49,1,0
39,49,2,20
39,50,1,0
39,50,2,20
39,51,1,0
39,51,2,20
39,52,1,0
39,52,2,20
39,53,1,0
39,53,2,20
39,54,1,0
39,54,2,20
39,55,1,0
39,55,2,20
39,56,1,0
39,56,2,20
39,57,1,0
39,57,2,20
39,58,1,0
39,58,2,20
39,59,1,0
39,59,2,20
39,60,1,0
39,60,2,20
39,61,1,0
39,61,2,20
39,62,1,0
39,62,2,20
39,63,1,0
39,63,2,20
39,64,1,0
39,64,2,20
39,65,1,0
39,65,2,20
39,66,1,0
39,66,2,20
39,67,1,0
39,67,2,20
39,68,1,0
39,68,2,20
39,69,1,0
39,69,2,20
39,70,1,0
39,70,2,20
39,71,1,0
39,71,2,20
39,72,1,0
39,72,2,20
39,73,1,0
39,73,2,20
39,74,1,0
39,74,2,20
39,75,1,0
39,75,2,20
39,76,1,0
39,76,2,20
39,77,1,0
39,77,2,20
39,78,1,0
39,78,2,20
39,79,1,0
39,79,2,20
39,80,1,0
39,80,2,20
40,0,1,0
40,0,2,20
40,1,1,0
40,1,2,20
40,2,1,0
40,2,2,20
40,3,1,0
40,3,2,20
40,4,1,0
40,4,2,20
40,5,1,0
40,5,2,20
40,6,1,0
40,6,2,20
40,7,1,0
40,7,2,20
40,8,1,0
40,8,2,20
40,9,1,0
40,9,2,20
40,10,1,0
40,10,2,20
40,11,1,0
40,11,2,20
40,12,1,0
40,12,2,20
40,13,1,0
40,13,2,20
40,14,1,0
40,14,2,20
40,15,1,0
40,15,2,20
40,16,1,0
40,16,2,20
40,17,1,0
40,17,2,20
40,18,1,0
40,18,2,20
40,19,1,0
40,19,2,20
40,20,1,0
40,20,2,20
40,21,1,0
40,21,2,20
40,22,1,0
40,22,2,20
40,23,1,0
40,23,2,20
40,24,1,0
40,24,2,20
40,25,1,0
40,25,2,20
40,26,1,0
40,26,2,20
40,27,1,0
40,27,2,20
40,28,1,0
40,28,2,20
40,29,1,0
40,29,2,20
40,30,1,0
40,30,2,20
40,31,1,0
40,31,2,20
40,32,1,0
40,32,2,20
40,33,1,0
40,33,2,20
40,34,1,0
40,34,2,20
40,35,1,0
40,35,2,20
40,36,1,0
40,36,2,20
40,37,1,0
40,37,2,20
40,38,1,0
40,38,2,20
40,39,1,0
40,39,2,20
40,40,1,0
40,40,2,20
40,41,1,0
40,41,2,20
40,42,1,0
40,42,2,20
40,43,1,0
40,43,2,20
40,44,1,0
40,44,2,20
40,45,1,0
40,45,2,20
40,46,1,0
40,46,2,20
40,47,1,0
40,47,2,20
40,48,1,0
40,48,2,20
40,49,1,0
40,49,2,20
40,50,1,0
40,50,2,20
40,51,1,0
40,51,2,20
40,52,1,0
40,52,2,20
40,53,1,0
40,53,2,20
40,54,1,0
40,54,2,20
40,55,1,0
40,55,2,20
40,56,1,0
40,56,2,20
40,57,1,0
40,57,2,20
40,58,1,0
40,58,2,20
40,59,1,0
40,59,2,20
40,60,1,0
40,60,2,20
40,61,1,0
40,61,2,20
40,62,1,0
40,62,2,20
40,63,1,0
40,63,2,20
40,64,1,0
40,64,2,20
40,65,1,0
40,65,2,20
40,66,1,0
40,66,2,20
40,67,1,0
40,67,2,20
40,68,1,0
40,68,2,20
40,69,1,0
40,69,2,20
40,70,1,0
40,70,2,20
40,71,1,0
40,71,2,20
40,72,1,0
40,72,2,20
40,73,1,0
40,73,2,20
40,74,1,0
40,74,2,20
40,75,1,0
40,75,2,20
40,76,1,0
40,76,2,20
40,77,1,0
40,77,2,20
40,78,1,0
40,78,2,20
40,79,1,0
40,79,2,20
40,80,1,0
40,80,2,20
41,0,1,0
41,0,2,20
41,1,1,0
41,1,2,20
41,2,1,0
41,2,2,20
41,3,1,0
41,3,2,20
41,4,1,0
41,4,2,20
41,5,1,0
41,5,2,20
41,6,1,0
41,6,2,20
41,7,1,0
41,7,2,20
41,8,1,0
41,8,2,20
41,9,1,0
41,9,2,20
41,10,1,0
41,10,2,20
41,11,1,0
41,11,2,20
41,12,1,0
41,12,2,20
41,13,1,0
41,13,2,20
41,14,1,0
41,14,2,20
41,15,1,0
41,15,2,20
41,16,1,0
41,16,2,20
41,17,1,0
41,17,2,20
41,18,1,0
41,18,2,20
41,19,1,0
41,19,2,20
41,20,1,0
41,20,2,20
41,21,1,0
41,21,2,20
41,22,1,0
41,22,2,20
41,23,1,0
41,23,2,20
41,24,1,0
41,24,2,20
41,25,1,0
41,25,2,20
41,26,1,0
41,26,2,20
41,27,1,0
41,27,2,20
41,28,1,0
41,28,2,20
41,29,1,0
41,29,2,20
41,30,1,0
41,30,2,20
41,31,1,0
41,31,2,20
41,32,1,0
41,32,2,20
41,33,1,0
41,33,2,20
41,34,1,0
41,34,2,20
41,35,1,0
41,35,2,20
41,36,1,0
41,36,2,20
41,37,1,0
41,37,2,20
41,38,1,0
41,38,2,20
41,39,1,0
41,39,2,20
41,40,1,0
41,40,2,20
41,41,1,0
41,41,2,20
41,42,1,0
41,42,2,20
41,43,1,0
41,43,2,20
41,44,1,0
41,44,2,20
41,45,1,0
41,45,2,20
41,46,1,0
41,46,2,20
41,47,1,0
41,47,2,20
41,48,1,0
41,48,2,20
41,49,1,0
41,49,2,20
41,50,1,0
41,50,2,20
41,51,1,0
41,51,2,20
41,52,1,0
41,52,2,20
41,53,1,0
41,53,2,20
41,54,1,0
41,54,2,20
41,55,1,0
41,55,2,20
41,56,1,0
41,56,2,20
41,57,1,0
41,57,2,20
41,58,1,0
41,58,2,20
41,59,1,0
41,59,2,20
41,60,1,0
41,60,2,20
41,61,1,0
41,61,2,20
41,62,1,0
41,62,2,20
41,63,1,0
41,63,2,20
41,64,1,0
41,64,2,20
41,65,1,0
41,65,2,20
41,66,1,0
41,66,2,20
41,67,1,0
41,67,2,20
41,68,1,0
41,68,2,20
41,69,1,0
41,69,2,20
41,70,1,0
41,70,2,20
41,71,1,0
41,71,2,20
41,72,1,0
41,72,2,20
41,73,1,0
41,73,2,20
41,74,1,0
41,74,2,20
41,75,1,0
41,75,2,20
41,76,1,0
41,76,2,20
41,77,1,0
41,77,2,20
41,78,1,0
41,78,2,20
41,79,1,0
41,79,2,20
41,80,1,0
41,80,2,20
42,0,1,0
42,0,2,20
42,1,1,0
42,1,2,20
42,2,1,0
42,2,2,20
42,3,1,0
42,3,2,20
42,4,1,0
42,4,2,20
42,5,1,0
42,5,2,20
42,6,1,0
42,6,2,20
42,7,1,0
42,7,2,20
42,8,1,0
42,8,2,20
42,9,1,0
42,9,2,20
42,10,1,0
42,10,2,20
42,11,1,0
42,11,2,20
42,12,1,0
42,12,2,20
42,13,1,0
42,13,2,20
42,14,1,0
42,14,2,20
42,15,1,0
42,15,2,20
42,16,1,0
42,16,2,20
42,17,1,0
42,17,2,20
42,18,1,0
42,18,2,20
42,19,1,0
42,19,2,20
42,20,1,0
42,20,2,20
42,21,1,0
42,21,2,20
42,22,1,0
42,22,2,20
42,23,1,0
42,23,2,20
42,24,1,0
42,24,2,20
42,25,1,0
42,25,2,20
42,26,1,0
42,26,2,20
42,27,1,0
42,27,2,20
42,28,1,0
42,28,2,20
42,29,1,0
42,29,2,20
42,30,1,0
42,30,2,20
42,31,1,0
42,31,2,20
42,32,1,0
42,32,2,20
42,33,1,0
42,33,2,20
42,34,1,0
42,34,2,20
42,35,1,0
42,35,2,20
42,36,1,0
42,36,2,20
42,37,1,0
42,37,2,20
42,38,1,0
42,38,2,20
42,39,1,0
42,39,2,20
42,40,1,0
42,40,2,20
42,41,1,0
42,41,2,20
42,42,1,0
42,42,2,20
42,43,1,0
42,43,2,20
42,44,1,0
42,44,2,20
42,45,1,0
42,45,2,20
42,46,1,0
42,46,2,20
42,47,1,0
42,47,2,20
42,48,1,0
42,48,2,20
42,49,1,0
42,49,2,20
42,50,1,0
42,50,2,20
42,51,1,0
42,51,2,20
42,52,1,0
42,52,2,20
42,53,1,0
42,53,2,20
42,54,1,0
42,54,2,20
42,55,1,0
42,55,2,20
42,56,1,0
42,56,2,20
42,57,1,0
42,57,2,20
42,58,1,0
42,58,2,20
42,59,1,0
42,59,2,20
42,60,1,0
42,60,2,20
42,61,1,0
42,61,2,20
42,62,1,0
42,62,2,20
42,63,1,0
42,63,2,20
42,64,1,0
42,64,2,20
42,65,1,0
42,65,2,20
42,66,1,0
42,66,2,20
42,67,1,0
42,67,2,20
42,68,1,0
42,68,2,20
42,69,1,0
42,69,2,20
42,70,1,0
42,70,2,20
42,71,1,0
42,71,2,20
42,72,1,0
42,72,2,20
42,73,1,0
42,73,2,20
42,74,1,0
42,74,2,20
42,75,1,0
42,75,2,20
42,76,1,0
42,76,2,20
42,77,1,0
42,77,2,20
42,78,1,0
42,78,2,20
42,79,1,0
42,79,2,20
42,80,1,0
42,80,2,20
43,0,1,0
43,0,2,20
43,1,1,0
43,1,2,20
43,2,1,0
43,2,2,20
43,3,1,0
43,3,2,20
43,4,1,0
43,4,2,20
43,5,1,0
43,5,2,20
43,6,1,0
43,6,2,20
43,7,1,0
43,7,2,20
43,8,1,0
43,8,2,20
43,9,1,0
43,9,2,20
43,10,1,0
43,10,2,20
43,11,1,0
43,11,2,20
43,12,1,0
43,12,2,20
43,13,1,0
43,13,2,20
43,14,1,0
43,14,2,20
43,15,1,0
43,15,2,20
43,16,1,0
43,16,2,20
43,17,1,0
43,17,2,20
43,18,1,0
43,18,2,20
43,19,1,0
43,19,2,20
43,20,1,0
43,20,2,20
43,21,1,0
43,21,2,20
43,22,1,0
43,22,2,20
43,23,1,0
43,23,2,20
43,24,1,0
43,24,2,20
43,25,1,0
43,25,2,20
43,26,1,0
43,26,2,20
43,27,1,0
43,27,2,20
43,28,1,0
43,28,2,20
43,29,1,0
43,29,2,20
43,30,1,0
43,30,2,20
43,31,1,0
43,31,2,20
43,32,1,0
43,32,2,20
43,33,1,0
43,33,2,20
43,34,1,0
43,34,2,20
43,35,1,0
43,35,2,20
43,36,1,0
43,36,2,20
43,37,1,0
43,37,2,20
43,38,1,0
43,38,2,20
43,39,1,0
43,39,2,20
43,40,1,0
43,40,2,20
43,41,1,0
43,41,2,20
43,42,1,0
43,42,2,20
43,43,1,0
43,43,2,20
43,44,1,0
43,44,2,20
43,45,1,0
43,45,2,20
43,46,1,0
43,46,2,20
43,47,1,0
43,47,2,20
43,48,1,0
43,48,2,20
43,49,1,0
43,49,2,20
43,50,1,0
43,50,2,20
43,51,1,0
43,51,2,20
43,52,1,0
43,52,2,20
43,53,1,0
43,53,2,20
43,54,1,0
43,54,2,20
43,55,1,0
43,55,2,20
43,56,1,0
43,56,2,20
43,57,1,0
43,57,2,20
43,58,1,0
43,58,2,20
43,59,1,0
43,59,2,20
43,60,1,0
43,60,2,20
43,61,1,0
43,61,2,20
43,62,1,0
43,62,2,20
43,63,1,0
43,63,2,20
43,64,1,0
43,64,2,20
43,65,1,0
43,65,2,20
43,66,1,0
43,66,2,20
43,67,1,0
43,67,2,20
43,68,1,0
43,68,2,20
43,69,1,0
43,69,2,20
43,70,1,0
43,70,2,20
43,71,1,0
43,71,2,20
43,72,1,0
43,72,2,20
43,73,1,0
43,73,2,20
43,74,1,0
43,74,2,20
43,75,1,0
43,75,2,20
43,76,1,0
43,76,2,20
43,77,1,0
43,77,2,20
43,78,1,0
43,78,2,20
43,79,1,0
43,79,2,20
43,80,1,0
43,80,2,20
44,0,1,0
44,0,2,20
44,1,1,0
44,1,2,20
44,2,1,0
44,2,2,20
44,3,1,0
44,3,2,20
44,4,1,0
44,4,2,20
44,5,1,0
44,5,2,20
44,6,1,0
44,6,2,20
44,7,1,0
44,7,2,20
44,8,1,0
44,8,2,20
44,9,1,0
44,9,2,20
44,10,1,0
44,10,2,20
44,11,1,0
44,11,2,20
44,12,1,0
44,12,2,20
44,13,1,0
44,13,2,20
44,14,1,0
44,14,2,20
44,15,1,0
44,15,2,20
44,16,1,0
44,16,2,20
44,17,1,0
44,17,2,20
44,18,1,0
44,18,2,20
44,19,1,0
44,19,2,20
44,20,1,0
44,20,2,20
44,21,1,0
44,21,2,20
44,22,1,0
44,22,2,20
44,23,1,0
44,23,2,20
44,24,1,0
44,24,2,20
44,25,1,0
44,25,2,20
44,26,1,0
44,26,2,20
44,27,1,0
44,27,2,20
44,28,1,0
44,28,2,20
44,29,1,0
44,29,2,20
44,30,1,0
44,30,2,20
44,31,1,0
44,31,2,20
44,32,1,0
44,32,2,20
44,33,1,0
44,33,2,20
44,34,1,0
44,34,2,20
44,35,1,0
44,35,2,20
44,36,1,0
44,36,2,20
44,37,1,0
44,37,2,20
44,38,1,0
44,38,2,20
44,39,1,0
44,39,2,20
44,40,1,0
44,40,2,20
44,41,1,0
44,41,2,20
44,42,1,0
44,42,2,20
44,43,1,0
44,43,2,20
44,44,1,0
44,44,2,20
44,45,1,0
44,45,2,20
44,46,1,0
44,46,2,20
44,47,1,0
44,47,2,20
44,48,1,0
44,48,2,20
44,49,1,0
44,49,2,20
44,50,1,0
44,50,2,20
44,51,1,0
44,51,2,20
44,52,1,0
44,52,2,20
44,53,1,0
44,53,2,20
44,54,1,0
44,54,2,20
44,55,1,0
44,55,2,20
44,56,1,0
44,56,2,20
44,57,1,0
44,57,2,20
44,58,1,0
44,58,2,20
44,59,1,0
44,59,2,20
44,60,1,0
44,60,2,20
44,61,1,0
44,61,2,20
44,62,1,0
44,62,2,20
44,63,1,0
44,63,2,20
44,64,1,0
44,64,2,20
44,65,1,0
44,65,2,20
44,66,1,0
44,66,2,20
44,67,1,0
44,67,2,20
44,68,1,0
44,68,2,20
44,69,1,0
44,69,2,20
44,70,1,0
44,70,2,20
44,71,1,0
44,71,2,20
44,72,1,0
44,72,2,20
44,73,1,0
44,73,2,20
44,74,1,0
44,74,2,20
44,75,1,0
44,75,2,20
44,76,1,0
44,76,2,20
44,77,1,0
44,77,2,20
44,78,1,0
44,78,2,20
44,79,1,0
44,79,2,20
44,80,1,0
44,80,2,20
45,0,1,0
45,0,2,20
45,1,1,0
45,1,2,20
45,2,1,0
45,2,2,20
45,3,1,0
45,3,2,20
45,4,1,0
45,4,2,20
45,5,1,0
45,5,2,20
45,6,1,0
45,6,2,20
45,7,1,0
45,7,2,20
45,8,1,0
45,8,2,20
45,9,1,0
45,9,2,20
45,10,1,0
45,10,2,20
45,11,1,0
45,11,2,20
45,12,1,0
45,12,2,20
45,13,1,0
45,13,2,20
45,14,1,0
45,14,2,20
45,15,1,0
45,15,2,20
45,16,1,0
45,16,2,20
45,17,1,0
45,17,2,20
45,18,1,0
45,18,2,20
45,19,1,0
45,19,2,20
45,20,1,0
45,20,2,20
45,21,1,0
45,21,2,20
45,22,1,0
45,22,2,20
45,23,1,0
45,23,2,20
45,24,1,0
45,24,2,20
45,25,1,0
45,25,2,20
45,26,1,0
45,26,2,20
45,27,1,0
45,27,2,20
45,28,1,0
45,28,2,20
45,29,1,0
45,29,2,20
45,30,1,0
45,30,2,20
45,31,1,0
45,31,2,20
45,32,1,0
45,32,2,20
45,33,1,0
45,33,2,20
45,34,1,0
45,34,2,20
45,35,1,0
45,35,2,20
45,36,1,0
45,36,2,20
45,37,1,0
45,37,2,20
45,38,1,0
45,38,2,20
45,39,1,0
45,39,2,20
45,40,1,0
45,40,2,20
45,41,1,0
45,41,2,20
45,42,1,0
45,42,2,20
45,43,1,0
45,43,2,20
45,44,1,0
45,44,2,20
45,45,1,0
45,45,2,20
45,46,1,0
45,46,2,20
45,47,1,0
45,47,2,20
45,48,1,0
45,48,2,20
45,49,1,0
45,49,2,20
45,50,1,0
45,50,2,20
45,51,1,0
45,51,2,20
45,52,1,0
45,52,2,20
45,53,1,0
45,53,2,20
45,54,1,0
45,54,2,20
45,55,1,0
45,55,2,20
45,56,1,0
45,56,2,20
45,57,1,0
45,57,2,20
45,58,1,0
45,58,2,20
45,59,1,0
45,59,2,20
45,60,1,0
45,60,2,20
45,61,1,0
45,61,2,20
45,62,1,0
45,62,2,20
45,63,1,0
45,63,2,20
45,64,1,0
45,64,2,20
45,65,1,0
45,65,2,20
45,66,1,0
45,66,2,20
45,67,1,0
45,67,2,20
45,68,1,0
45,68,2,20
45,69,1,0
45,69,2,20
45,70,1,0
45,70,2,20
45,71,1,0
45,71,2,20
45,72,1,0
45,72,2,20
45,73,1,0
45,73,2,20
45,74,1,0
45,74,2,20
45,75,1,0
45,75,2,20
45,76,1,0
45,76,2,20
45,77,1,0
45,77,2,20
45,78,1,0
45,78,2,20
45,79,1,0
45,79,2,20
45,80,1,0
45,80,2,20
46,0,1,0
46,0,2,20
46,1,1,0
46,1,2,20
46,2,1,0
46,2,2,20
46,3,1,0
46,3,2,20
46,4,1,0
46,4,2,20
46,5,1,0
46,5,2,20
46,6,1,0
46,6,2,20
46,7,1,0
46,7,2,20
46,8,1,0
46,8,2,20
46,9,1,0
46,9,2,20
46,10,1,0
46,10,2,20
46,11,1,0
46,11,2,20
46,12,1,0
46,12,2,20
46,13,1,0
46,13,2,20
46,14,1,0
46,14,2,20
46,15,1,0
46,15,2,20
46,16,1,0
46,16,2,20
46,17,1,0
46,17,2,20
46,18,1,0
46,18,2,20
46,19,1,0
46,19,2,20
46,20,1,0
46,20,2,20
46,21,1,0
46,21,2,20
46,22,1,0
46,22,2,20
46,23,1,0
46,23,2,20
46,24,1,0
46,24,2,20
46,25,1,0
46,25,2,20
46,26,1,0
46,26,2,20
46,27,1,0
46,27,2,20
46,28,1,0
46,28,2,20
46,29,1,0
46,29,2,20
46,30,1,0
46,30,2,20
46,31,1,0
46,31,2,20
46,32,1,0
46,32,2,20
46,33,1,0
46,33,2,20
46,34,1,0
46,34,2,20
46,35,1,0
46,35,2,20
46,36,1,0
46,36,2,20
46,37,1,0
46,37,2,20
46,38,1,0
46,38,2,20
46,39,1,0
46,39,2,20
46,40,1,0
46,40,2,20
46,41,1,0
46,41,2,20
46,42,1,0
46,42,2,20
46,43,1,0
46,43,2,20
46,44,1,0
46,44,2,20
46,45,1,0
46,45,2,20
46,46,1,0
46,46,2,20
46,47,1,0
46,47,2,20
46,48,1,0
46,48,2,20
46,49,1,0
46,49,2,20
46,50,1,0
46,50,2,20
46,51,1,0
46,51,2,20
46,52,1,0
46,52,2,20
46,53,1,0
46,53,2,20
46,54,1,0
46,54,2,20
46,55,1,0
46,55,2,20
46,56,1,0
46,56,2,20
46,57,1,0
46,57,2,20
46,58,1,0
46,58,2,20
46,59,1,0
46,59,2,20
46,60,1,0
46,60,2,20
46,61,1,0
46,61,2,20
46,62,1,0
46,62,2,20
46,63,1,0
46,63,2,20
46,64,1,0
46,64,2,20
46,65,1,0
46,65,2,20
46,66,1,0
46,66,2,20
46,67,1,0
46,67,2,20
46,68,1,0
46,68,2,20
46,69,1,0
46,69,2,20
46,70,1,0
46,70,2,20
46,71,1,0
46,71,2,20
46,72,1,0
46,72,2,20
46,73,1,0
46,73,2,20
46,74,1,0
46,74,2,20
46,75,1,0
46,75,2,20
46,76,1,0
46,76,2,20
46,77,1,0
46,77,2,20
46,78,1,0
46,78,2,20
46,79,1,0
46,79,2,20
46,80,1,0
46,80,2,20
47,0,1,0
47,0,2,20
47,1,1,0
47,1,2,20
47,2,1,0
47,2,2,20
47,3,1,0
47,3,2,20
47,4,1,0
47,4,2,20
47,5,1,0
47,5,2,20
47,6,1,0
47,6,2,20
47,7,1,0
47,7,2,20
47,8,1,0
47,8,2,20
47,9,1,0
47,9,2,20
47,10,1,0
47,10,2,20
47,11,1,0
47,11,2,20
47,12,1,0
47,12,2,20
47,13,1,0
47,13,2,20
47,14,1,0
47,14,2,20
47,15,1,0
47,15,2,20
47,16,1,0
47,16,2,20
47,17,1,0
47,17,2,20
47,18,1,0
47,18,2,20
47,19,1,0
47,19,2,20
47,20,1,0
47,20,2,20
47,21,1,0
47,21,2,20
47,22,1,0
47,22,2,20
47,23,1,0
47,23,2,20
47,24,1,0
47,24,2,20
47,25,1,0
47,25,2,20
47,26,1,0
47,26,2,20
47,27,1,0
47,27,2,20
47,28,1,0
47,28,2,20
47,29,1,0
47,29,2,20
47,30,1,0
47,30,2,20
47,31,1,0
47,31,2,20
47,32,1,0
47,32,2,20
47,33,1,0
47,33,2,20
47,34,1,0
47,34,2,20
47,35,1,0
47,35,2,20
47,36,1,0
47,36,2,20
47,37,1,0
47,37,2,20
47,38,1,0
47,38,2,20
47,39,1,0
47,39,2,20
47,40,1,0
47,40,2,20
47,41,1,0
47,41,2,20
47,42,1,0
47,42,2,20
47,43,1,0
47,43,2,20
47,44,1,0
47,44,2,20
47,45,1,0
47,45,2,20
47,46,1,0
47,46,2,20
47,47,1,0
47,47,2,20
47,48,1,0
47,48,2,20
47,49,1,0
47,49,2,20
47,50,1,0
47,50,2,20
47,51,1,0
47,51,2,20
47,52,1,0
47,52,2,20
47,53,1,0
47,53,2,20
47,54,1,0
47,54,2,20
47,55,1,0
47,55,2,20
47,56,1,0
47,56,2,20
47,57,1,0
47,57,2,20
47,58,1,0
47,58,2,20
47,59,1,0
47,59,2,20
47,60,1,0
47,60,2,20
47,61,1,0
47,61,2,20
47,62,1,0
47,62,2,20
47,63,1,0
47,63,2,20
47,64,1,0
47,64,2,20
47,65,1,0
47,65,2,20
47,66,1,0
47,66,2,20
47,67,1,0
47,67,2,20
47,68,1,0
47,68,2,20
47,69,1,0
47,69,2,20
47,70,1,0
47,70,2,20
47,71,1,0
47,71,2,20
47,72,1,0
47,72,2,20
47,73,1,0
47,73,2,20
47,74,1,0
47,74,2,20
47,75,1,0
47,75,2,20
47,76,1,0
47,76,2,20
47,77,1,0
47,77,2,20
47,78,1,0
47,78,2,20
47,79,1,0
47,79,2,20
47,80,1,0
47,80,2,20
48,0,1,0
48,0,2,20
48,1,1,0
48,1,2,20
48,2,1,0
48,2,2,20
48,3,1,0
48,3,2,20
48,4,1,0
48,4,2,20
48,5,1,0
48,5,2,20
48,6,1,0
48,6,2,20
48,7,1,0
48,7,2,20
48,8,1,0
48,8,2,20
48,9,1,0
48,9,2,20
48,10,1,0
48,10,2,20
48,11,1,0
48,11,2,20
48,12,1,0
48,12,2,20
48,13,1,0
48,13,2,20
48,14,1,0
48,14,2,20
48,15,1,0
48,15,2,20
48,16,1,0
48,16,2,20
48,17,1,0
48,17,2,20
48,18,1,0
48,18,2,20
48,19,1,0
48,19,2,20
48,20,1,0
48,20,2,20
48,21,1,0
48,21,2,20
48,22,1,0
48,22,2,20
48,23,1,0
48,23,2,20
48,24,1,0
48,24,2,20
48,25,1,0
48,25,2,20
48,26,1,0
48,26,2,20
48,27,1,0
48,27,2,20
48,28,1,0
48,28,2,20
48,29,1,0
48,29,2,20
48,30,1,0
48,30,2,20
48,31,1,0
48,31,2,20
48,32,1,0
48,32,2,20
48,33,1,0
48,33,2,20
48,34,1,0
48,34,2,20
48,35,1,0
48,35,2,20
48,36,1,0
48,36,2,20
48,37,1,0
48,37,2,20
48,38,1,0
48,38,2,20
48,39,1,0
48,39,2,20
48,40,1,0
48,40,2,20
48,41,1,0
48,41,2,20
48,42,1,0
48,42,2,20
48,43,1,0
48,43,2,20
48,44,1,0
48,44,2,20
48,45,1,0
48,45,2,20
48,46,1,0
48,46,2,20
48,47,1,0
48,47,2,20
48,48,1,0
48,48,2,20
48,49,1,0
48,49,2,20
48,50,1,0
48,50,2,20
48,51,1,0
48,51,2,20
48,52,1,0
48,52,2,20
48,53,1,0
48,53,2,20
48,54,1,0
48,54,2,20
48,55,1,0
48,55,2,20
48,56,1,0
48,56,2,20
48,57,1,0
48,57,2,20
48,58,1,0
48,58,2,20
48,59,1,0
48,59,2,20
48,60,1,0
48,60,2,20
48,61,1,0
48,61,2,20
48,62,1,0
48,62,2,20
48,63,1,0
48,63,2,20
48,64,1,0
48,64,2,20
48,65,1,0
48,65,2,20
48,66,1,0
48,66,2,20
48,67,1,0
48,67,2,20
48,68,1,0
48,68,2,20
48,69,1,0
48,69,2,20
48,70,1,0
48,70,2,20
48,71,1,0
48,71,2,20
48,72,1,0
48,72,2,20
48,73,1,0
48,73,2,20
48,74,1,0
48,74,2,20
48,75,1,0
48,75,2,20
48,76,1,0
48,76,2,20
48,77,1,0
48,77,2,20
48,78,1,0
48,78,2,20
48,79,1,0
48,79,2,20
48,80,1,0
48,80,2,20
49,0,1,0
49,0,2,20
49,1,1,0
49,1,2,20
49,2,1,0
49,2,2,20
49,3,1,0
49,3,2,20
49,4,1,0
49,4,2,20
49,5,1,0
49,5,2,20
49,6,1,0
49,6,2,20
49,7,1,0
49,7,2,20
49,8,1,0
49,8,2,20
49,9,1,0
49,9,2,20
49,10,1,0
49,10,2,20
49,11,1,0
49,11,2,20
49,12,1,0
49,12,2,20
49,13,1,0
49,13,2,20
49,14,1,0
49,14,2,20
49,15,1,0
49,15,2,20
49,16,1,0
49,16,2,20
49,17,1,0
49,17,2,20
49,18,1,0
49,18,2,20
49,19,1,0
49,19,2,20
49,20,1,0
49,20,2,20
49,21,1,0
49,21,2,20
49,22,1,0
49,22,2,20
49,23,1,0
49,23,2,20
49,24,1,0
49,24,2,20
49,25,1,0
49,25,2,20
49,26,1,0
49,26,2,20
49,27,1,0
49,27,2,20
49,28,1,0
49,28,2,20
49,29,1,0
49,29,2,20
49,30,1,0
49,30,2,20
49,31,1,0
49,31,2,20
49,32,1,0
49,32,2,20
49,33,1,0
49,33,2,20
49,34,1,0
49,34,2,20
49,35,1,0
49,35,2,20
49,36,1,0
49,36,2,20
49,37,1,0
49,37,2,20
49,38,1,0
49,38,2,20
49,39,1,0
49,39,2,20
49,40,1,0
49,40,2,20
49,41,1,0
49,41,2,20
49,42,1,0
49,42,2,20
49,43,1,0
49,43,2,20
49,44,1,0
49,44,2,20
49,45,1,0
49,45,2,20
49,46,1,0
49,46,2,20
49,47,1,0
49,47,2,20
49,48,1,0
49,48,2,20
49,49,1,0
49,49,2,20
49,50,1,0
49,50,2,20
49,51,1,0
49,51,2,20
49,52,1,0
49,52,2,20
49,53,1,0
49,53,2,20
49,54,1,0
49,54,2,20
49,55,1,0
49,55,2,20
49,56,1,0
49,56,2,20
49,57,1,0
49,57,2,20
49,58,1,0
49,58,2,20
49,59,1,0
49,59,2,20
49,60,1,0
49,60,2,20
49,61,1,0
49,61,2,20
49,62,1,0
49,62,2,20
49,63,1,0
49,63,2,20
49,64,1,0
49,64,2,20
49,65,1,0
49,65,2,20
49,66,1,0
49,66,2,20
49,67,1,0
49,67,2,20
49,68,1,0
49,68,2,20
49,69,1,0
49,69,2,20
49,70,1,0
49,70,2,20
49,71,1,0
49,71,2,20
49,72,1,0
49,72,2,20
49,73,1,0
49,73,2,20
49,74,1,0
49,74,2,20
49,75,1,0
49,75,2,20
49,76,1,0
49,76,2,20
49,77,1,0
49,77,2,20
49,78,1,0
49,78,2,20
49,79,1,0
49,79,2,20
49,80,1,0
49,80,2,20
50,0,1,0
50,0,2,20
50,1,1,0
50,1,2,20
50,2,1,0
50,2,2,20
50,3,1,0
50,3,2,20
50,4,1,0
50,4,2,20
50,5,1,0
50,5,2,20
50,6,1,0
50,6,2,20
50,7,1,0
50,7,2,20
50,8,1,0
50,8,2,20
50,9,1,0
50,9,2,20
50,10,1,0
50,10,2,20
50,11,1,0
50,11,2,20
50,12,1,0
50,12,2,20
50,13,1,0
50,13,2,20
50,14,1,0
50,14,2,20
50,15,1,0
50,15,2,20
50,16,1,0
50,16,2,20
50,17,1,0
50,17,2,20
50,18,1,0
50,18,2,20
50,19,1,0
50,19,2,20
50,20,1,0
50,20,2,20
50,21,1,0
50,21,2,20
50,22,1,0
50,22,2,20
50,23,1,0
50,23,2,20
50,24,1,0
50,24,2,20
50,25,1,0
50,25,2,20
50,26,1,0
50,26,2,20
50,27,1,0
50,27,2,20
50,28,1,0
50,28,2,20
50,29,1,0
50,29,2,20
50,30,1,0
50,30,2,20
50,31,1,0
50,31,2,20
50,32,1,0
50,32,2,20
50,33,1,0
50,33,2,20
50,34,1,0
50,34,2,20
50,35,1,0
50,35,2,20
50,36,1,0
50,36,2,20
50,37,1,0
50,37,2,20
50,38,1,0
50,38,2,20
50,39,1,0
50,39,2,20
50,40,1,0
50,40,2,20
50,41,1,0
50,41,2,20
50,42,1,0
50,42,2,20
50,43,1,0
50,43,2,20
50,44,1,0
50,44,2,20
50,45,1,0
50,45,2,20
50,46,1,0
50,46,2,20
50,47,1,0
50,47,2,20
50,48,1,0
50,48,2,20
50,49,1,0
50,49,2,20
50,50,1,0
50,50,2,20
50,51,1,0
50,51,2,20
50,52,1,0
50,52,2,20
50,53,1,0
50,53,2,20
50,54,1,0
50,54,2,20
50,55,1,0
50,55,2,20
50,56,1,0
50,56,2,20
50,57,1,0
50,57,2,20
50,58,1,0
50,58,2,20
50,59,1,0
50,59,2,20
50,60,1,0
50,60,2,20
50,61,1,0
50,61,2,20
50,62,1,0
50,62,2,20
50,63,1,0
50,63,2,20
50,64,1,0
50,64,2,20
50,65,1,0
50,65,2,20
50,66,1,0
50,66,2,20
50,67,1,0
50,67,2,20
50,68,1,0
50,68,2,20
50,69,1,0
50,69,2,20
50,70,1,0
50,70,2,20
50,71,1,0
50,71,2,20
50,72,1,0
50,72,2,20
50,73,1,0
50,73,2,20
50,74,1,0
50,74,2,20
50,75,1,0
50,75,2,20
50,76,1,0
50,76,2,20
50,77,1,0
50,77,2,20
50,78,1,0
50,78,2,20
50,79,1,0
50,79,2,20
50,80,1,0
50,80,2,20
51,0,1,0
51,0,2,20
51,1,1,0
51,1,2,20
51,2,1,0
51,2,2,20
51,3,1,0
51,3,2,20
51,4,1,0
51,4,2,20
51,5,1,0
51,5,2,20
51,6,1,0
51,6,2,20
51,7,1,0
51,7,2,20
51,8,1,0
51,8,2,20
51,9,1,0
51,9,2,20
51,10,1,0
51,10,2,20
51,11,1,0
51,11,2,20
51,12,1,0
51,12,2,20
51,13,1,0
51,13,2,20
51,14,1,0
51,14,2,20
51,15,1,0
51,15,2,20
51,16,1,0
51,16,2,20
51,17,1,0
51,17,2,20
51,18,1,0
51,18,2,20
51,19,1,0
51,19,2,20
51,20,1,0
51,20,2,20
51,21,1,0
51,21,2,20
51,22,1,0
51,22,2,20
51,23,1,0
51,23,2,20
51,24,1,0
51,24,2,20
51,25,1,0
51,25,2,20
51,26,1,0
51,26,2,20
51,27,1,0
51,27,2,20
51,28,1,0
51,28,2,20
51,29,1,0
51,29,2,20
51,30,1,0
51,30,2,20
51,31,1,0
51,31,2,20
51,32,1,0
51,32,2,20
51,33,1,0
51,33,2,20
51,34,1,0
51,34,2,20
51,35,1,0
51,35,2,20
51,36,1,0
51,36,2,20
51,37,1,0
51,37,2,20
51,38,1,0
51,38,2,20
51,39,1,0
51,39,2,20
51,40,1,0
51,40,2,20
51,41,1,0
51,41,2,20
51,42,1,0
51,42,2,20
51,43,1,0
51,43,2,20
51,44,1,0
51,44,2,20
51,45,1,0
51,45,2,20
51,46,1,0
51,46,2,20
51,47,1,0
51,47,2,20
51,48,1,0
51,48,2,20
51,49,1,0
51,49,2,20
51,50,1,0
51,50,2,20
51,51,1,0
51,51,2,20
51,52,1,0
51,52,2,20
51,53,1,0
51,53,2,20
51,54,1,0
51,54,2,20
51,55,1,0
51,55,2,20
51,56,1,0
51,56,2,20
51,57,1,0
51,57,2,20
51,58,1,0
51,58,2,20
51,59,1,0
51,59,2,20
51,60,1,0
51,60,2,20
51,61,1,0
51,61,2,20
51,62,1,0
51,62,2,20
51,63,1,0
51,63,2,20
51,64,1,0
51,64,2,20
51,65,1,0
51,65,2,20
51,66,1,0
51,66,2,20
51,67,1,0
51,67,2,20
51,68,1,0
51,68,2,20
51,69,1,0
51,69,2,20
51,70,1,0
51,70,2,20
51,71,1,0
51,71,2,20
51,72,1,0
51,72,2,20
51,73,1,0
51,73,2,20
51,74,1,0
51,74,2,20
51,75,1,0
51,75,2,20
51,76,1,0
51,76,2,20
51,77,1,0
51,77,2,20
51,78,1,0
51,78,2,20
51,79,1,0
51,79,2,20
51,80,1,0
51,80,2,20
52,0,1,0
52,0,2,20
52,1,1,0
52,1,2,20
52,2,1,0
52,2,2,20
52,3,1,0
52,3,2,20
52,4,1,0
52,4,2,20
52,5,1,0
52,5,2,20
52,6,1,0
52,6,2,20
52,7,1,0
52,7,2,20
52,8,1,0
52,8,2,20
52,9,1,0
52,9,2,20
52,10,1,0
52,10,2,20
52,11,1,0
52,11,2,20
52,12,1,0
52,12,2,20
52,13,1,0
52,13,2,20
52,14,1,0
52,14,2,20
52,15,1,0
52,15,2,20
52,16,1,0
52,16,2,20
52,17,1,0
52,17,2,20
52,18,1,0
52,18,2,20
52,19,1,0
52,19,2,20
52,20,1,0
52,20,2,20
52,21,1,0
52,21,2,20
52,22,1,0
52,22,2,20
52,23,1,0
52,23,2,20
52,24,1,0
52,24,2,20
52,25,1,0
52,25,2,20
52,26,1,0
52,26,2,20
52,27,1,0
52,27,2,20
52,28,1,0
52,28,2,20
52,29,1,0
52,29,2,20
52,30,1,0
52,30,2,20
52,31,1,0
52,31,2,20
52,32,1,0
52,32,2,20
52,33,1,0
52,33,2,20
52,34,1,0
52,34,2,20
52,35,1,0
52,35,2,20
52,36,1,0
52,36,2,20
52,37,1,0
52,37,2,20
52,38,1,0
52,38,2,20
52,39,1,0
52,39,2,20
52,40,1,0
52,40,2,20
52,41,1,0
52,41,2,20
52,42,1,0
52,42,2,20
52,43,1,0
52,43,2,20
52,44,1,0
52,44,2,20
52,45,1,0
52,45,2,20
52,46,1,0
52,46,2,20
52,47,1,0
52,47,2,20
52,48,1,0
52,48,2,20
52,49,1,0
52,49,2,20
52,50,1,0
52,50,2,20
52,51,1,0
52,51,2,20
52,52,1,0
52,52,2,20
52,53,1,0
52,53,2,20
52,54,1,0
52,54,2,20
52,55,1,0
52,55,2,20
52,56,1,0
52,56,2,20
52,57,1,0
52,57,2,20
52,58,1,0
52,58,2,20
52,59,1,0
52,59,2,20
52,60,1,0
52,60,2,20
52,61,1,0
52,61,2,20
52,62,1,0
52,62,2,20
52,63,1,0
52,63,2,20
52,64,1,0
52,64,2,20
52,65,1,0
52,65,2,20
52,66,1,0
52,66,2,20
52,67,1,0
52,67,2,20
52,68,1,0
52,68,2,20
52,69,1,0
52,69,2,20
52,70,1,0
52,70,2,20
52,71,1,0
52,71,2,20
52,72,1,0
52,72,2,20
52,73,1,0
52,73,2,20
52,74,1,0
52,74,2,20
52,75,1,0
52,75,2,20
52,76,1,0
52,76,2,20
52,77,1,0
52,77,2,20
52,78,1,0
52,78,2,20
52,79,1,0
52,79,2,20
52,80,1,0
52,80,2,20
53,0,1,0
53,0,2,20
53,1,1,0
53,1,2,20
53,2,1,0
53,2,2,20
53,3,1,0
53,3,2,20
53,4,1,0
53,4,2,20
53,5,1,0
53,5,2,20
53,6,1,0
53,6,2,20
53,7,1,0
53,7,2,20
53,8,1,0
53,8,2,20
53,9,1,0
53,9,2,20
53,10,1,0
53,10,2,20
53,11,1,0
53,11,2,20
53,12,1,0
53,12,2,20
53,13,1,0
53,13,2,20
53,14,1,0
53,14,2,20
53,15,1,0
53,15,2,20
53,16,1,0
53,16,2,20
53,17,1,0
53,17,2,20
53,18,1,0
53,18,2,20
53,19,1,0
53,19,2,20
53,20,1,0
53,20,2,20
53,21,1,0
53,21,2,20
53,22,1,0
53,22,2,20
53,23,1,0
53,23,2,20
53,24,1,0
53,24,2,20
53,25,1,0
53,25,2,20
53,26,1,0
53,26,2,20
53,27,1,0
53,27,2,20
53,28,1,0
53,28,2,20
53,29,1,0
53,29,2,20
53,30,1,0
53,30,2,20
53,31,1,0
53,31,2,20
53,32,1,0
53,32,2,20
53,33,1,0
53,33,2,20
53,34,1,0
53,34,2,20
53,35,1,0
53,35,2,20
53,36,1,0
53,36,2,20
53,37,1,0
53,37,2,20
53,38,1,0
53,38,2,20
53,39,1,0
53,39,2,20
53,40,1,0
53,40,2,20
53,41,1,0
53,41,2,20
53,42,1,0
53,42,2,20
53,43,1,0
53,43,2,20
53,44,1,0
53,44,2,20
53,45,1,0
53,45,2,20
53,46,1,0
53,46,2,20
53,47,1,0
53,47,2,20
53,48,1,0
53,48,2,20
53,49,1,0
53,49,2,20
53,50,1,0
53,50,2,20
53,51,1,0
53,51,2,20
53,52,1,0
53,52,2,20
53,53,1,0
53,53,2,20
53,54,1,0
53,54,2,20
53,55,1,0
53,55,2,20
53,56,1,0
53,56,2,20
53,57,1,0
53,57,2,20
53,58,1,0
53,58,2,20
53,59,1,0
53,59,2,20
53,60,1,0
53,60,2,20
53,61,1,0
53,61,2,20
53,62,1,0
53,62,2,20
53,63,1,0
53,63,2,20
53,64,1,0
53,64,2,20
53,65,1,0
53,65,2,20
53,66,1,0
53,66,2,20
53,67,1,0
53,67,2,20
53,68,1,0
53,68,2,20
53,69,1,0
53,69,2,20
53,70,1,0
53,70,2,20
53,71,1,0
53,71,2,20
53,72,1,0
53,72,2,20
53,73,1,0
53,73,2,20
53,74,1,0
53,74,2,20
53,75,1,0
53,75,2,20
53,76,1,0
53,76,2,20
53,77,1,0
53,77,2,20
53,78,1,0
53,78,2,20
53,79,1,0
53,79,2,20
53,80,1,0
53,80,2,20
54,0,1,0
54,0,2,20
54,1,1,0
54,1,2,20
54,2,1,0
54,2,2,20
54,3,1,0
54,3,2,20
54,4,1,0
54,4,2,20
54,5,1,0
54,5,2,20
54,6,1,0
54,6,2,20
54,7,1,0
54,7,2,20
54,8,1,0
54,8,2,20
54,9,1,0
54,9,2,20
54,10,1,0
54,10,2,20
54,11,1,0
54,11,2,20
54,12,1,0
54,12,2,20
54,13,1,0
54,13,2,20
54,14,1,0
54,14,2,20
54,15,1,0
54,15,2,20
54,16,1,0
54,16,2,20
54,17,1,0
54,17,2,20
54,18,1,0
54,18,2,20
54,19,1,0
54,19,2,20
54,20,1,0
54,20,2,20
54,21,1,0
54,21,2,20
54,22,1,0
54,22,2,20
54,23,1,0
54,23,2,20
54,24,1,0
54,24,2,20
54,25,1,0
54,25,2,20
54,26,1,0
54,26,2,20
54,27,1,0
54,27,2,20
54,28,1,0
54,28,2,20
54,29,1,0
54,29,2,20
54,30,1,0
54,30,2,20
54,31,1,0
54,31,2,20
54,32,1,0
54,32,2,20
54,33,1,0
54,33,2,20
54,34,1,0
54,34,2,20
54,35,1,0
54,35,2,20
54,36,1,0
54,36,2,20
54,37,1,0
54,37,2,20
54,38,1,0
54,38,2,20
54,39,1,0
54,39,2,20
54,40,1,0
54,40,2,20
54,41,1,0
54,41,2,20
54,42,1,0
54,42,2,20
54,43,1,0
54,43,2,20
54,44,1,0
54,44,2,20
54,45,1,0
54,45,2,20
54,46,1,0
54,46,2,20
54,47,1,0
54,47,2,20
54,48,1,0
54,48,2,20
54,49,1,0
54,49,2,20
54,50,1,0
54,50,2,20
54,51,1,0
54,51,2,20
54,52,1,0
54,52,2,20
54,53,1,0
54,53,2,20
54,54,1,0
54,54,2,20
54,55,1,0
54,55,2,20
54,56,1,0
54,56,2,20
54,57,1,0
54,57,2,20
54,58,1,0
54,58,2,20
54,59,1,0
54,59,2,20
54,60,1,0
54,60,2,20
54,61,1,0
54,61,2,20
54,62,1,0
54,62,2,20
54,63,1,0
54,63,2,20
54,64,1,0
54,64,2,20
54,65,1,0
54,65,2,20
54,66,1,0
54,66,2,20
54,67,1,0
54,67,2,20
54,68,1,0
54,68,2,20
54,69,1,0
54,69,2,20
54,70,1,0
54,70,2,20
54,71,1,0
54,71,2,20
54,72,1,0
54,72,2,20
54,73,1,0
54,73,2,20
54,74,1,0
54,74,2,20
54,75,1,0
54,75,2,20
54,76,1,0
54,76,2,20
54,77,1,0
54,77,2,20
54,78,1,0
54,78,2,20
54,79,1,0
54,79,2,20
54,80,1,0
54,80,2,20
55,0,1,0
55,0,2,20
55,1,1,0
55,1,2,20
55,2,1,0
55,2,2,20
55,3,1,0
55,3,2,20
55,4,1,0
55,4,2,20
55,5,1,0
55,5,2,20
55,6,1,0
55,6,2,20
55,7,1,0
55,7,2,20
55,8,1,0
55,8,2,20
55,9,1,0
55,9,2,20
55,10,1,0
55,10,2,20
55,11,1,0
55,11,2,20
55,12,1,0
55,12,2,20
55,13,1,0
55,13,2,20
55,14,1,0
55,14,2,20
55,15,1,0
55,15,2,20
55,16,1,0
55,16,2,20
55,17,1,0
55,17,2,20
55,18,1,0
55,18,2,20
55,19,1,0
55,19,2,20
55,20,1,0
55,20,2,20
55,21,1,0
55,21,2,20
55,22,1,0
55,22,2,20
55,23,1,0
55,23,2,20
55,24,1,0
55,24,2,20
55,25,1,0
55,25,2,20
55,26,1,0
55,26,2,20
55,27,1,0
55,27,2,20
55,28,1,0
55,28,2,20
55,29,1,0
55,29,2,20
55,30,1,0
55,30,2,20
55,31,1,0
55,31,2,20
55,32,1,0
55,32,2,20
55,33,1,0
55,33,2,20
55,34,1,0
55,34,2,20
55,35,1,0
55,35,2,20
55,36,1,0
55,36,2,20
55,37,1,0
55,37,2,20
55,38,1,0
55,38,2,20
55,39,1,0
55,39,2,20
55,40,1,0
55,40,2,20
55,41,1,0
55,41,2,20
55,42,1,0
55,42,2,20
55,43,1,0
55,43,2,20
55,44,1,0
55,44,2,20
55,45,1,0
55,45,2,20
55,46,1,0
55,46,2,20
55,47,1,0
55,47,2,20
55,48,1,0
55,48,2,20
55,49,1,0
55,49,2,20
55,50,1,0
55,50,2,20
55,51,1,0
55,51,2,20
55,52,1,0
55,52,2,20
55,53,1,0
55,53,2,20
55,54,1,0
55,54,2,20
55,55,1,0
55,55,2,20
55,56,1,0
55,56,2,20
55,57,1,0
55,57,2,20
55,58,1,0
55,58,2,20
55,59,1,0
55,59,2,20
55,60,1,0
55,60,2,20
55,61,1,0
55,61,2,20
55,62,1,0
55,62,2,20
55,63,1,0
55,63,2,20
55,64,1,0
55,64,2,20
55,65,1,0
55,65,2,20
55,66,1,0
55,66,2,20
55,67,1,0
55,67,2,20
55,68,1,0
55,68,2,20
55,69,1,0
55,69,2,20
55,70,1,0
55,70,2,20
55,71,1,0
55,71,2,20
55,72,1,0
55,72,2,20
55,73,1,0
55,73,2,20
55,74,1,0
55,74,2,20
55,75,1,0
55,75,2,20
55,76,1,0
55,76,2,20
55,77,1,0
55,77,2,20
55,78,1,0
55,78,2,20
55,79,1,0
55,79,2,20
55,80,1,0
55,80,2,20
56,0,1,0
56,0,2,20
56,1,1,0
56,1,2,20
56,2,1,0
56,2,2,20
56,3,1,0
56,3,2,20
56,4,1,0
56,4,2,20
56,5,1,0
56,5,2,20
56,6,1,0
56,6,2,20
56,7,1,0
56,7,2,20
56,8,1,0
56,8,2,20
56,9,1,0
56,9,2,20
56,10,1,0
56,10,2,20
56,11,1,0
56,11,2,20
56,12,1,0
56,12,2,20
56,13,1,0
56,13,2,20
56,14,1,0
56,14,2,20
56,15,1,0
56,15,2,20
56,16,1,0
56,16,2,20
56,17,1,0
56,17,2,20
56,18,1,0
56,18,2,20
56,19,1,0
56,19,2,20
56,20,1,0
56,20,2,20
56,21,1,0
56,21,2,20
56,22,1,0
56,22,2,20
56,23,1,0
56,23,2,20
56,24,1,0
56,24,2,20
56,25,1,0
56,25,2,20
56,26,1,0
56,26,2,20
56,27,1,0
56,27,2,20
56,28,1,0
56,28,2,20
56,29,1,0
56,29,2,20
56,30,1,0
56,30,2,20
56,31,1,0
56,31,2,20
56,32,1,0
56,32,2,20
56,33,1,0
56,33,2,20
56,34,1,0
56,34,2,20
56,35,1,0
56,35,2,20
56,36,1,0
56,36,2,20
56,37,1,0
56,37,2,20
56,38,1,0
56,38,2,20
56,39,1,0
56,39,2,20
56,40,1,0
56,40,2,20
56,41,1,0
56,41,2,20
56,42,1,0
56,42,2,20
56,43,1,0
56,43,2,20
56,44,1,0
56,44,2,20
56,45,1,0
56,45,2,20
56,46,1,0
56,46,2,20
56,47,1,0
56,47,2,20
56,48,1,0
56,48,2,20
56,49,1,0
56,49,2,20
56,50,1,0
56,50,2,20
56,51,1,0
56,51,2,20
56,52,1,0
56,52,2,20
56,53,1,0
56,53,2,20
56,54,1,0
56,54,2,20
56,55,1,0
56,55,2,20
56,56,1,0
56,56,2,20
56,57,1,0
56,57,2,20
56,58,1,0
56,58,2,20
56,59,1,0
56,59,2,20
56,60,1,0
56,60,2,20
56,61,1,0
56,61,2,20
56,62,1,0
56,62,2,20
56,63,1,0
56,63,2,20
56,64,1,0
56,64,2,20
56,65,1,0
56,65,2,20
56,66,1,0
56,66,2,20
56,67,1,0
56,67,2,20
56,68,1,0
56,68,2,20
56,69,1,0
56,69,2,20
56,70,1,0
56,70,2,20
56,71,1,0
56,71,2,20
56,72,1,0
56,72,2,20
56,73,1,0
56,73,2,20
56,74,1,0
56,74,2,20
56,75,1,0
56,75,2,20
56,76,1,0
56,76,2,20
56,77,1,0
56,77,2,20
56,78,1,0
56,78,2,20
56,79,1,0
56,79,2,20
56,80,1,0
56,80,2,20
57,0,1,0
57,0,2,20
57,1,1,0
57,1,2,20
57,2,1,0
57,2,2,20
57,3,1,0
57,3,2,20
57,4,1,0
57,4,2,20
57,5,1,0
57,5,2,20
57,6,1,0
57,6,2,20
57,7,1,0
57,7,2,20
57,8,1,0
57,8,2,20
57,9,1,0
57,9,2,20
57,10,1,0
57,10,2,20
57,11,1,0
57,11,2,20
57,12,1,0
57,12,2,20
57,13,1,0
57,13,2,20
57,14,1,0
57,14,2,20
57,15,1,0
57,15,2,20
57,16,1,0
57,16,2,20
57,17,1,0
57,17,2,20
57,18,1,0
57,18,2,20
57,19,1,0
57,19,2,20
57,20,1,0
57,20,2,20
57,21,1,0
57,21,2,20
57,22,1,0
57,22,2,20
57,23,1,0
57,23,2,20
57,24,1,0
57,24,2,20
57,25,1,0
57,25,2,20
57,26,1,0
57,26,2,20
57,27,1,0
57,27,2,20
57,28,1,0
57,28,2,20
57,29,1,0
57,29,2,20
57,30,1,0
57,30,2,20
57,31,1,0
57,31,2,20
57,32,1,0
57,32,2,20
57,33,1,0
57,33,2,20
57,34,1,0
57,34,2,20
57,35,1,0
57,35,2,20
57,36,1,0
57,36,2,20
57,37,1,0
57,37,2,20
57,38,1,0
57,38,2,20
57,39,1,0
57,39,2,20
57,40,1,0
57,40,2,20
57,41,1,0
57,41,2,20
57,42,1,0
57,42,2,20
57,43,1,0
57,43,2,20
57,44,1,0
57,44,2,20
57,45,1,0
57,45,2,20
57,46,1,0
57,46,2,20
57,47,1,0
57,47,2,20
57,48,1,0
57,48,2,20
57,49,1,0
57,49,2,20
57,50,1,0
57,50,2,20
57,51,1,0
57,51,2,20
57,52,1,0
57,52,2,20
57,53,1,0
57,53,2,20
57,54,1,0
57,54,2,20
57,55,1,0
57,55,2,20
57,56,1,0
57,56,2,20
57,57,1,0
57,57,2,20
57,58,1,0
57,58,2,20
57,59,1,0
57,59,2,20
57,60,1,0
57,60,2,20
57,61,1,0
57,61,2,20
57,62,1,0
57,62,2,20
57,63,1,0
57,63,2,20
57,64,1,0
57,64,2,20
57,65,1,0
57,65,2,20
57,66,1,0
57,66,2,20
57,67,1,0
57,67,2,20
57,68,1,0
57,68,2,20
57,69,1,0
57,69,2,20
57,70,1,0
57,70,2,20
57,71,1,0
57,71,2,20
57,72,1,0
57,72,2,20
57,73,1,0
57,73,2,20
57,74,1,0
57,74,2,20
57,75,1,0
57,75,2,20
57,76,1,0
57,76,2,20
57,77,1,0
57,77,2,20
57,78,1,0
57,78,2,20
57,79,1,0
57,79,2,20
57,80,1,0
57,80,2,20
58,0,1,0
58,0,2,20
58,1,1,0
58,1,2,20
58,2,1,0
58,2,2,20
58,3,1,0
58,3,2,20
58,4,1,0
58,4,2,20
58,5,1,0
58,5,2,20
58,6,1,0
58,6,2,20
58,7,1,0
58,7,2,20
58,8,1,0
58,8,2,20
58,9,1,0
58,9,2,20
58,10,1,0
58,10,2,20
58,11,1,0
58,11,2,20
58,12,1,0
58,12,2,20
58,13,1,0
58,13,2,20
58,14,1,0
58,14,2,20
58,15,1,0
58,15,2,20
58,16,1,0
58,16,2,20
58,17,1,0
58,17,2,20
58,18,1,0
58,18,2,20
58,19,1,0
58,19,2,20
58,20,1,0
58,20,2,20
58,21,1,0
58,21,2,20
58,22,1,0
58,22,2,20
58,23,1,0
58,23,2,20
58,24,1,0
58,24,2,20
58,25,1,0
58,25,2,20
58,26,1,0
58,26,2,20
58,27,1,0
58,27,2,20
58,28,1,0
58,28,2,20
58,29,1,0
58,29,2,20
58,30,1,0
58,30,2,20
58,31,1,0
58,31,2,20
58,32,1,0
58,32,2,20
58,33,1,0
58,33,2,20
58,34,1,0
58,34,2,20
58,35,1,0
58,35,2,20
58,36,1,0
58,36,2,20
58,37,1,0
58,37,2,20
58,38,1,0
58,38,2,20
58,39,1,0
58,39,2,20
58,40,1,0
58,40,2,20
58,41,1,0
58,41,2,20
58,42,1,0
58,42,2,20
58,43,1,0
58,43,2,20
58,44,1,0
58,44,2,20
58,45,1,0
58,45,2,20
58,46,1,0
58,46,2,20
58,47,1,0
58,47,2,20
58,48,1,0
58,48,2,20
58,49,1,0
58,49,2,20
58,50,1,0
58,50,2,20
58,51,1,0
58,51,2,20
58,52,1,0
58,52,2,20
58,53,1,0
58,53,2,20
58,54,1,0
58,54,2,20
58,55,1,0
58,55,2,20
58,56,1,0
58,56,2,20
58,57,1,0
58,57,2,20
58,58,1,0
58,58,2,20
58,59,1,0
58,59,2,20
58,60,1,0
58,60,2,20
58,61,1,0
58,61,2,20
58,62,1,0
58,62,2,20
58,63,1,0
58,63,2,20
58,64,1,0
58,64,2,20
58,65,1,0
58,65,2,20
58,66,1,0
58,66,2,20
58,67,1,0
58,67,2,20
58,68,1,0
58,68,2,20
58,69,1,0
58,69,2,20
58,70,1,0
58,70,2,20
58,71,1,0
58,71,2,20
58,72,1,0
58,72,2,20
58,73,1,0
58,73,2,20
58,74,1,0
58,74,2,20
58,75,1,0
58,75,2,20
58,76,1,0
58,76,2,20
58,77,1,0
58,77,2,20
58,78,1,0
58,78,2,20
58,79,1,0
58,79,2,20
58,80,1,0
58,80,2,20
59,0,1,0
59,0,2,20
59,1,1,0
59,1,2,20
59,2,1,0
59,2,2,20
59,3,1,0
59,3,2,20
59,4,1,0
59,4,2,20
59,5,1,0
59,5,2,20
59,6,1,0
59,6,2,20
59,7,1,0
59,7,2,20
59,8,1,0
59,8,2,20
59,9,1,0
59,9,2,20
59,10,1,0
59,10,2,20
59,11,1,0
59,11,2,20
59,12,1,0
59,12,2,20
59,13,1,0
59,13,2,20
59,14,1,0
59,14,2,20
59,15,1,0
59,15,2,20
59,16,1,0
59,16,2,20
59,17,1,0
59,17,2,20
59,18,1,0
59,18,2,20
59,19,1,0
59,19,2,20
59,20,1,0
59,20,2,20
59,21,1,0
59,21,2,20
59,22,1,0
59,22,2,20
59,23,1,0
59,23,2,20
59,24,1,0
59,24,2,20
59,25,1,0
59,25,2,20
59,26,1,0
59,26,2,20
59,27,1,0
59,27,2,20
59,28,1,0
59,28,2,20
59,29,1,0
59,29,2,20
59,30,1,0
59,30,2,20
59,31,1,0
59,31,2,20
59,32,1,0
59,32,2,20
59,33,1,0
59,33,2,20
59,34,1,0
59,34,2,20
59,35,1,0
59,35,2,20
59,36,1,0
59,36,2,20
59,37,1,0
59,37,2,20
59,38,1,0
59,38,2,20
59,39,1,0
59,39,2,20
59,40,1,0
59,40,2,20
59,41,1,0
59,41,2,20
59,42,1,0
59,42,2,20
59,43,1,0
59,43,2,20
59,44,1,0
59,44,2,20
59,45,1,0
59,45,2,20
59,46,1,0
59,46,2,20
59,47,1,0
59,47,2,20
59,48,1,0
59,48,2,20
59,49,1,0
59,49,2,20
59,50,1,0
59,50,2,20
59,51,1,0
59,51,2,20
59,52,1,0
59,52,2,20
59,53,1,0
59,53,2,20
59,54,1,0
59,54,2,20
59,55,1,0
59,55,2,20
59,56,1,0
59,56,2,20
59,57,1,0
59,57,2,20
59,58,1,0
59,58,2,20
59,59,1,0
59,59,2,20
59,60,1,0
59,60,2,20
59,61,1,0
59,61,2,20
59,62,1,0
59,62,2,20
59,63,1,0
59,63,2,20
59,64,1,0
59,64,2,20
59,65,1,0
59,65,2,20
59,66,1,0
59,66,2,20
59,67,1,0
59,67,2,20
59,68,1,0
59,68,2,20
59,69,1,0
59,69,2,20
59,70,1,0
59,70,2,20
59,71,1,0
59,71,2,20
59,72,1,0
59,72,2,20
59,73,1,0
59,73,2,20
59,74,1,0
59,74,2,20
59,75,1,0
59,75,2,20
59,76,1,0
59,76,2,20
59,77,1,0
59,77,2,20
59,78,1,0
59,78,2,20
59,79,1,0
59,79,2,20
59,80,1,0
59,80,2,20
60,0,1,0
60,0,2,20
60,1,1,0
60,1,2,20
60,2,1,0
60,2,2,20
60,3,1,0
60,3,2,20
60,4,1,0
60,4,2,20
60,5,1,0
60,5,2,20
60,6,1,0
60,6,2,20
60,7,1,0
60,7,2,20
60,8,1,0
60,8,2,20
60,9,1,0
60,9,2,20
60,10,1,0
60,10,2,20
60,11,1,0
60,11,2,20
60,12,1,0
60,12,2,20
60,13,1,0
60,13,2,20
60,14,1,0
60,14,2,20
60,15,1,0
60,15,2,20
60,16,1,0
60,16,2,20
60,17,1,0
60,17,2,20
60,18,1,0
60,18,2,20
60,19,1,0
60,19,2,20
60,20,1,0
60,20,2,20
60,21,1,0
60,21,2,20
60,22,1,0
60,22,2,20
60,23,1,0
60,23,2,20
60,24,1,0
60,24,2,20
60,25,1,0
60,25,2,20
60,26,1,0
60,26,2,20
60,27,1,0
60,27,2,20
60,28,1,0
60,28,2,20
60,29,1,0
60,29,2,20
60,30,1,0
60,30,2,20
60,31,1,0
60,31,2,20
60,32,1,0
60,32,2,20
60,33,1,0
60,33,2,20
60,34,1,0
60,34,2,20
60,35,1,0
60,35,2,20
60,36,1,0
60,36,2,20
60,37,1,0
60,37,2,20
60,38,1,0
60,38,2,20
60,39,1,0
60,39,2,20
60,40,1,0
60,40,2,20
60,41,1,0
60,41,2,20
60,42,1,0
60,42,2,20
60,43,1,0
60,43,2,20
60,44,1,0
60,44,2,20
60,45,1,0
60,45,2,20
60,46,1,0
60,46,2,20
60,47,1,0
60,47,2,20
60,48,1,0
60,48,2,20
60,49,1,0
60,49,2,20
60,50,1,0
60,50,2,20
60,51,1,0
60,51,2,20
60,52,1,0
60,52,2,20
60,53,1,0
60,53,2,20
60,54,1,0
60,54,2,20
60,55,1,0
60,55,2,20
60,56,1,0
60,56,2,20
60,57,1,0
60,57,2,20
60,58,1,0
60,58,2,20
60,59,1,0
60,59,2,20
60,60,1,0
60,60,2,20
60,61,1,0
60,61,2,20
60,62,1,0
60,62,2,20
60,63,1,0
60,63,2,20
60,64,1,0
60,64,2,20
60,65,1,0
60,65,2,20
60,66,1,0
60,66,2,20
60,67,1,0
60,67,2,20
60,68,1,0
60,68,2,20
60,69,1,0
60,69,2,20
60,70,1,0
60,70,2,20
60,71,1,0
60,71,2,20
60,72,1,0
60,72,2,20
60,73,1,0
60,73,2,20
60,74,1,0
60,74,2,20
60,75,1,0
60,75,2,20
60,76,1,0
60,76,2,20
60,77,1,0
60,77,2,20
60,78,1,0
60,78,2,20
60,79,1,0
60,79,2,20
60,80,1,0
60,80,2,20
61,0,1,0
61,0,2,20
61,1,1,0
61,1,2,20
61,2,1,0
61,2,2,20
61,3,1,0
61,3,2,20
61,4,1,0
61,4,2,20
61,5,1,0
61,5,2,20
61,6,1,0
61,6,2,20
61,7,1,0
61,7,2,20
61,8,1,0
61,8,2,20
61,9,1,0
61,9,2,20
61,10,1,0
61,10,2,20
61,11,1,0
61,11,2,20
61,12,1,0
61,12,2,20
61,13,1,0
61,13,2,20
61,14,1,0
61,14,2,20
61,15,1,0
61,15,2,20
61,16,1,0
61,16,2,20
61,17,1,0
61,17,2,20
61,18,1,0
61,18,2,20
61,19,1,0
61,19,2,20
61,20,1,0
61,20,2,20
61,21,1,0
61,21,2,20
61,22,1,0
61,22,2,20
61,23,1,0
61,23,2,20
61,24,1,0
61,24,2,20
61,25,1,0
61,25,2,20
61,26,1,0
61,26,2,20
61,27,1,0
61,27,2,20
61,28,1,0
61,28,2,20
61,29,1,0
61,29,2,20
61,30,1,0
61,30,2,20
61,31,1,0
61,31,2,20
61,32,1,0
61,32,2,20
61,33,1,0
61,33,2,20
61,34,1,0
61,34,2,20
61,35,1,0
61,35,2,20
61,36,1,0
61,36,2,20
61,37,1,0
61,37,2,20
61,38,1,0
61,38,2,20
61,39,1,0
61,39,2,20
61,40,1,0
61,40,2,20
61,41,1,0
61,41,2,20
61,42,1,0
61,42,2,20
61,43,1,0
61,43,2,20
61,44,1,0
61,44,2,20
61,45,1,0
61,45,2,20
61,46,1,0
61,46,2,20
61,47,1,0
61,47,2,20
61,48,1,0
61,48,2,20
61,49,1,0
61,49,2,20
61,50,1,0
61,50,2,20
61,51,1,0
61,51,2,20
61,52,1,0
61,52,2,20
61,53,1,0
61,53,2,20
61,54,1,0
61,54,2,20
61,55,1,0
61,55,2,20
61,56,1,0
61,56,2,20
61,57,1,0
61,57,2,20
61,58,1,0
61,58,2,20
61,59,1,0
61,59,2,20
61,60,1,0
61,60,2,20
61,61,1,0
61,61,2,20
61,62,1,0
61,62,2,20
61,63,1,0
61,63,2,20
61,64,1,0
61,64,2,20
61,65,1,0
61,65,2,20
61,66,1,0
61,66,2,20
61,67,1,0
61,67,2,20
61,68,1,0
61,68,2,20
61,69,1,0
61,69,2,20
61,70,1,0
61,70,2,20
61,71,1,0
61,71,2,20
61,72,1,0
61,72,2,20
61,73,1,0
61,73,2,20
61,74,1,0
61,74,2,20
61,75,1,0
61,75,2,20
61,76,1,0
61,76,2,20
61,77,1,0
61,77,2,20
61,78,1,0
61,78,2,20
61,79,1,0
61,79,2,20
61,80,1,0
61,80,2,20
62,0,1,0
62,0,2,20
62,1,1,0
62,1,2,20
62,2,1,0
62,2,2,20
62,3,1,0
62,3,2,20
62,4,1,0
62,4,2,20
62,5,1,0
62,5,2,20
62,6,1,0
62,6,2,20
62,7,1,0
62,7,2,20
62,8,1,0
62,8,2,20
62,9,1,0
62,9,2,20
62,10,1,0
62,10,2,20
62,11,1,0
62,11,2,20
62,12,1,0
62,12,2,20
62,13,1,0
62,13,2,20
62,14,1,0
62,14,2,20
62,15,1,0
62,15,2,20
62,16,1,0
62,16,2,20
62,17,1,0
62,17,2,20
62,18,1,0
62,18,2,20
62,19,1,0
62,19,2,20
62,20,1,0
62,20,2,20
62,21,1,0
62,21,2,20
62,22,1,0
62,22,2,20
62,23,1,0
62,23,2,20
62,24,1,0
62,24,2,20
62,25,1,0
62,25,2,20
62,26,1,0
62,26,2,20
62,27,1,0
62,27,2,20
62,28,1,0
62,28,2,20
62,29,1,0
62,29,2,20
62,30,1,0
62,30,2,20
62,31,1,0
62,31,2,20
62,32,1,0
62,32,2,20
62,33,1,0
62,33,2,20
62,34,1,0
62,34,2,20
62,35,1,0
62,35,2,20
62,36,1,0
62,36,2,20
62,37,1,0
62,37,2,20
62,38,1,0
62,38,2,20
62,39,1,0
62,39,2,20
62,40,1,0
62,40,2,20
62,41,1,0
62,41,2,20
62,42,1,0
62,42,2,20
62,43,1,0
62,43,2,20
62,44,1,0
62,44,2,20
62,45,1,0
62,45,2,20
62,46,1,0
62,46,2,20
62,47,1,0
62,47,2,20
62,48,1,0
62,48,2,20
62,49,1,0
62,49,2,20
62,50,1,0
62,50,2,20
62,51,1,0
62,51,2,20
62,52,1,0
62,52,2,20
62,53,1,0
62,53,2,20
62,54,1,0
62,54,2,20
62,55,1,0
62,55,2,20
62,56,1,0
62,56,2,20
62,57,1,0
62,57,2,20
62,58,1,0
62,58,2,20
62,59,1,0
62,59,2,20
62,60,1,0
62,60,2,20
62,61,1,0
62,61,2,20
62,62,1,0
62,62,2,20
62,63,1,0
62,63,2,20
62,64,1,0
62,64,2,20
62,65,1,0
62,65,2,20
62,66,1,0
62,66,2,20
62,67,1,0
62,67,2,20
62,68,1,0
62,68,2,20
62,69,1,0
62,69,2,20
62,70,1,0
62,70,2,20
62,71,1,0
62,71,2,20
62,72,1,0
62,72,2,20
62,73,1,0
62,73,2,20
62,74,1,0
62,74,2,20
62,75,1,0
62,75,2,20
62,76,1,0
62,76,2,20
62,77,1,0
62,77,2,20
62,78,1,0
62,78,2,20
62,79,1,0
62,79,2,20
62,80,1,0
62,80,2,20
63,0,1,0
63,0,2,20
63,1,1,0
63,1,2,20
63,2,1,0
63,2,2,20
63,3,1,0
63,3,2,20
63,4,1,0
63,4,2,20
63,5,1,0
63,5,2,20
63,6,1,0
63,6,2,20
63,7,1,0
63,7,2,20
63,8,1,0
63,8,2,20
63,9,1,0
63,9,2,20
63,10,1,0
63,10,2,20
63,11,1,0
63,11,2,20
63,12,1,0
63,12,2,20
63,13,1,0
63,13,2,20
63,14,1,0
63,14,2,20
63,15,1,0
63,15,2,20
63,16,1,0
63,16,2,20
63,17,1,0
63,17,2,20
63,18,1,0
63,18,2,20
63,19,1,0
63,19,2,20
63,20,1,0
63,20,2,20
63,21,1,0
63,21,2,20
63,22,1,0
63,22,2,20
63,23,1,0
63,23,2,20
63,24,1,0
63,24,2,20
63,25,1,0
63,25,2,20
63,26,1,0
63,26,2,20
63,27,1,0
63,27,2,20
63,28,1,0
63,28,2,20
63,29,1,0
63,29,2,20
63,30,1,0
63,30,2,20
63,31,1,0
63,31,2,20
63,32,1,0
63,32,2,20
63,33,1,0
63,33,2,20
63,34,1,0
63,34,2,20
63,35,1,0
63,35,2,20
63,36,1,0
63,36,2,20
63,37,1,0
63,37,2,20
63,38,1,0
63,38,2,20
63,39,1,0
63,39,2,20
63,40,1,0
63,40,2,20
63,41,1,0
63,41,2,20
63,42,1,0
63,42,2,20
63,43,1,0
63,43,2,20
63,44,1,0
63,44,2,20
63,45,1,0
63,45,2,20
63,46,1,0
63,46,2,20
63,47,1,0
63,47,2,20
63,48,1,0
63,48,2,20
63,49,1,0
63,49,2,20
63,50,1,0
63,50,2,20
63,51,1,0
63,51,2,20
63,52,1,0
63,52,2,20
63,53,1,0
63,53,2,20
63,54,1,0
63,54,2,20
63,55,1,0
63,55,2,20
63,56,1,0
63,56,2,20
63,57,1,0
63,57,2,20
63,58,1,0
63,58,2,20
63,59,1,0
63,59,2,20
63,60,1,0
63,60,2,20
63,61,1,0
63,61,2,20
63,62,1,0
63,62,2,20
63,63,1,0
63,63,2,20
63,64,1,0
63,64,2,20
63,65,1,0
63,65,2,20
63,66,1,0
63,66,2,20
63,67,1,0
63,67,2,20
63,68,1,0
63,68,2,20
63,69,1,0
63,69,2,20
63,70,1,0
63,70,2,20
63,71,1,0
63,71,2,20
63,72,1,0
63,72,2,20
63,73,1,0
63,73,2,20
63,74,1,0
63,74,2,20
63,75,1,0
63,75,2,20
63,76,1,0
63,76,2,20
63,77,1,0
63,77,2,20
63,78,1,0
63,78,2,20
63,79,1,0
63,79,2,20
63,80,1,0
63,80,2,20
64,0,1,0
64,0,2,20
64,1,1,0
64,1,2,20
64,2,1,0
64,2,2,20
64,3,1,0
64,3,2,20
64,4,1,0
64,4,2,20
64,5,1,0
64,5,2,20
64,6,1,0
64,6,2,20
64,7,1,0
64,7,2,20
64,8,1,0
64,8,2,20
64,9,1,0
64,9,2,20
64,10,1,0
64,10,2,20
64,11,1,0
64,11,2,20
64,12,1,0
64,12,2,20
64,13,1,0
64,13,2,20
64,14,1,0
64,14,2,20
64,15,1,0
64,15,2,20
64,16,1,0
64,16,2,20
64,17,1,0
64,17,2,20
64,18,1,0
64,18,2,20
64,19,1,0
64,19,2,20
64,20,1,0
64,20,2,20
64,21,1,0
64,21,2,20
64,22,1,0
64,22,2,20
64,23,1,0
64,23,2,20
64,24,1,0
64,24,2,20
64,25,1,0
64,25,2,20
64,26,1,0
64,26,2,20
64,27,1,0
64,27,2,20
64,28,1,0
64,28,2,20
64,29,1,0
64,29,2,20
64,30,1,0
64,30,2,20
64,31,1,0
64,31,2,20
64,32,1,0
64,32,2,20
64,33,1,0
64,33,2,20
64,34,1,0
64,34,2,20
64,35,1,0
64,35,2,20
64,36,1,0
64,36,2,20
64,37,1,0
64,37,2,20
64,38,1,0
64,38,2,20
64,39,1,0
64,39,2,20
64,40,1,0
64,40,2,20
64,41,1,0
64,41,2,20
64,42,1,0
64,42,2,20
64,43,1,0
64,43,2,20
64,44,1,0
64,44,2,20
64,45,1,0
64,45,2,20
64,46,1,0
64,46,2,20
64,47,1,0
64,47,2,20
64,48,1,0
64,48,2,20
64,49,1,0
64,49,2,20
64,50,1,0
64,50,2,20
64,51,1,0
64,51,2,20
64,52,1,0
64,52,2,20
64,53,1,0
64,53,2,20
64,54,1,0
64,54,2,20
64,55,1,0
64,55,2,20
64,56,1,0
64,56,2,20
64,57,1,0
64,57,2,20
64,58,1,0
64,58,2,20
64,59,1,0
64,59,2,20
64,60,1,0
64,60,2,20
64,61,1,0
64,61,2,20
64,62,1,0
64,62,2,20
64,63,1,0
64,63,2,20
64,64,1,0
64,64,2,20
64,65,1,0
64,65,2,20
64,66,1,0
64,66,2,20
64,67,1,0
64,67,2,20
64,68,1,0
64,68,2,20
64,69,1,0
64,69,2,20
64,70,1,0
64,70,2,20
64,71,1,0
64,71,2,20
64,72,1,0
64,72,2,20
64,73,1,0
64,73,2,20
64,74,1,0
64,74,2,20
64,75,1,0
64,75,2,20
64,76,1,0
64,76,2,20
64,77,1,0
64,77,2,20
64,78,1,0
64,78,2,20
64,79,1,0
64,79,2,20
64,80,1,0
64,80,2,20
65,0,1,0
65,0,2,20
65,1,1,0
65,1,2,20
65,2,1,0
65,2,2,20
65,3,1,0
65,3,2,20
65,4,1,0
65,4,2,20
65,5,1,0
65,5,2,20
65,6,1,0
65,6,2,20
65,7,1,0
65,7,2,20
65,8,1,0
65,8,2,20
65,9,1,0
65,9,2,20
65,10,1,0
65,10,2,20
65,11,1,0
65,11,2,20
65,12,1,0
65,12,2,20
65,13,1,0
65,13,2,20
65,14,1,0
65,14,2,20
65,15,1,0
65,15,2,20
65,16,1,0
65,16,2,20
65,17,1,0
65,17,2,20
65,18,1,0
65,18,2,20
65,19,1,0
65,19,2,20
65,20,1,0
65,20,2,20
65,21,1,0
65,21,2,20
65,22,1,0
65,22,2,20
65,23,1,0
65,23,2,20
65,24,1,0
65,24,2,20
65,25,1,0
65,25,2,20
65,26,1,0
65,26,2,20
65,27,1,0
65,27,2,20
65,28,1,0
65,28,2,20
65,29,1,0
65,29,2,20
65,30,1,0
65,30,2,20
65,31,1,0
65,31,2,20
65,32,1,0
65,32,2,20
65,33,1,0
65,33,2,20
65,34,1,0
65,34,2,20
65,35,1,0
65,35,2,20
65,36,1,0
65,36,2,20
65,37,1,0
65,37,2,20
65,38,1,0
65,38,2,20
65,39,1,0
65,39,2,20
65,40,1,0
65,40,2,20
65,41,1,0
65,41,2,20
65,42,1,0
65,42,2,20
65,43,1,0
65,43,2,20
65,44,1,0
65,44,2,20
65,45,1,0
65,45,2,20
65,46,1,0
65,46,2,20
65,47,1,0
65,47,2,20
65,48,1,0
65,48,2,20
65,49,1,0
65,49,2,20
65,50,1,0
65,50,2,20
65,51,1,0
65,51,2,20
65,52,1,0
65,52,2,20
65,53,1,0
65,53,2,20
65,54,1,0
65,54,2,20
65,55,1,0
65,55,2,20
65,56,1,0
65,56,2,20
65,57,1,0
65,57,2,20
65,58,1,0
65,58,2,20
65,59,1,0
65,59,2,20
65,60,1,0
65,60,2,20
65,61,1,0
65,61,2,20
65,62,1,0
65,62,2,20
65,63,1,0
65,63,2,20
65,64,1,0
65,64,2,20
65,65,1,0
65,65,2,20
65,66,1,0
65,66,2,20
65,67,1,0
65,67,2,20
65,68,1,0
65,68,2,20
65,69,1,0
65,69,2,20
65,70,1,0
65,70,2,20
65,71,1,0
65,71,2,20
65,72,1,0
65,72,2,20
65,73,1,0
65,73,2,20
65,74,1,0
65,74,2,20
65,75,1,0
65,75,2,20
65,76,1,0
65,76,2,20
65,77,1,0
65,77,2,20
65,78,1,0
65,78,2,20
65,79,1,0
65,79,2,20
65,80,1,0
65,80,2,20
66,0,1,0
66,0,2,20
66,1,1,0
66,1,2,20
66,2,1,0
66,2,2,20
66,3,1,0
66,3,2,20
66,4,1,0
66,4,2,20
66,5,1,0
66,5,2,20
66,6,1,0
66,6,2,20
66,7,1,0
66,7,2,20
66,8,1,0
66,8,2,20
66,9,1,0
66,9,2,20
66,10,1,0
66,10,2,20
66,11,1,0
66,11,2,20
66,12,1,0
66,12,2,20
66,13,1,0
66,13,2,20
66,14,1,0
66,14,2,20
66,15,1,0
66,15,2,20
66,16,1,0
66,16,2,20
66,17,1,0
66,17,2,20
66,18,1,0
66,18,2,20
66,19,1,0
66,19,2,20
66,20,1,0
66,20,2,20
66,21,1,0
66,21,2,20
66,22,1,0
66,22,2,20
66,23,1,0
66,23,2,20
66,24,1,0
66,24,2,20
66,25,1,0
66,25,2,20
66,26,1,0
66,26,2,20
66,27,1,0
66,27,2,20
66,28,1,0
66,28,2,20
66,29,1,0
66,29,2,20
66,30,1,0
66,30,2,20
66,31,1,0
66,31,2,20
66,32,1,0
66,32,2,20
66,33,1,0
66,33,2,20
66,34,1,0
66,34,2,20
66,35,1,0
66,35,2,20
66,36,1,0
66,36,2,20
66,37,1,0
66,37,2,20
66,38,1,0
66,38,2,20
66,39,1,0
66,39,2,20
66,40,1,0
66,40,2,20
66,41,1,0
66,41,2,20
66,42,1,0
66,42,2,20
66,43,1,0
66,43,2,20
66,44,1,0
66,44,2,20
66,45,1,0
66,45,2,20
66,46,1,0
66,46,2,20
66,47,1,0
66,47,2,20
66,48,1,0
66,48,2,20
66,49,1,0
66,49,2,20
66,50,1,0
66,50,2,20
66,51,1,0
66,51,2,20
66,52,1,0
66,52,2,20
66,53,1,0
66,53,2,20
66,54,1,0
66,54,2,20
66,55,1,0
66,55,2,20
66,56,1,0
66,56,2,20
66,57,1,0
66,57,2,20
66,58,1,0
66,58,2,20
66,59,1,0
66,59,2,20
66,60,1,0
66,60,2,20
66,61,1,0
66,61,2,20
66,62,1,0
66,62,2,20
66,63,1,0
66,63,2,20
66,64,1,0
66,64,2,20
66,65,1,0
66,65,2,20
66,66,1,0
66,66,2,20
66,67,1,0
66,67,2,20
66,68,1,0
66,68,2,20
66,69,1,0
66,69,2,20
66,70,1,0
66,70,2,20
66,71,1,0
66,71,2,20
66,72,1,0
66,72,2,20
66,73,1,0
66,73,2,20
66,74,1,0
66,74,2,20
66,75,1,0
66,75,2,20
66,76,1,0
66,76,2,20
66,77,1,0
66,77,2,20
66,78,1,0
66,78,2,20
66,79,1,0
66,79,2,20
66,80,1,0
66,80,2,20
67,0,1,0
67,0,2,20
67,1,1,0
67,1,2,20
67,2,1,0
67,2,2,20
67,3,1,0
67,3,2,20
67,4,1,0
67,4,2,20
67,5,1,0
67,5,2,20
67,6,1,0
67,6,2,20
67,7,1,0
67,7,2,20
67,8,1,0
67,8,2,20
67,9,1,0
67,9,2,20
67,10,1,0
67,10,2,20
67,11,1,0
67,11,2,20
67,12,1,0
67,12,2,20
67,13,1,0
67,13,2,20
67,14,1,0
67,14,2,20
67,15,1,0
67,15,2,20
67,16,1,0
67,16,2,20
67,17,1,0
67,17,2,20
67,18,1,0
67,18,2,20
67,19,1,0
67,19,2,20
67,20,1,0
67,20,2,20
67,21,1,0
67,21,2,20
67,22,1,0
67,22,2,20
67,23,1,0
67,23,2,20
67,24,1,0
67,24,2,20
67,25,1,0
67,25,2,20
67,26,1,0
67,26,2,20
67,27,1,0
67,27,2,20
67,28,1,0
67,28,2,20
67,29,1,0
67,29,2,20
67,30,1,0
67,30,2,20
67,31,1,0
67,31,2,20
67,32,1,0
67,32,2,20
67,33,1,0
67,33,2,20
67,34,1,0
67,34,2,20
67,35,1,0
67,35,2,20
67,36,1,0
67,36,2,20
67,37,1,0
67,37,2,20
67,38,1,0
67,38,2,20
67,39,1,0
67,39,2,20
67,40,1,0
67,40,2,20
67,41,1,0
67,41,2,20
67,42,1,0
67,42,2,20
67,43,1,0
67,43,2,20
67,44,1,0
67,44,2,20
67,45,1,0
67,45,2,20
67,46,1,0
67,46,2,20
67,47,1,0
67,47,2,20
67,48,1,0
67,48,2,20
67,49,1,0
67,49,2,20
67,50,1,0
67,50,2,20
67,51,1,0
67,51,2,20
67,52,1,0
67,52,2,20
67,53,1,0
67,53,2,20
67,54,1,0
67,54,2,20
67,55,1,0
67,55,2,20
67,56,1,0
67,56,2,20
67,57,1,0
67,57,2,20
67,58,1,0
67,58,2,20
67,59,1,0
67,59,2,20
67,60,1,0
67,60,2,20
67,61,1,0
67,61,2,20
67,62,1,0
67,62,2,20
67,63,1,0
67,63,2,20
67,64,1,0
67,64,2,20
67,65,1,0
67,65,2,20
67,66,1,0
67,66,2,20
67,67,1,0
67,67,2,20
67,68,1,0
67,68,2,20
67,69,1,0
67,69,2,20
67,70,1,0
67,70,2,20
67,71,1,0
67,71,2,20
67,72,1,0
67,72,2,20
67,73,1,0
67,73,2,20
67,74,1,0
67,74,2,20
67,75,1,0
67,75,2,20
67,76,1,0
67,76,2,20
67,77,1,0
67,77,2,20
67,78,1,0
67,78,2,20
67,79,1,0
67,79,2,20
67,80,1,0
67,80,2,20
68,0,1,0
68,0,2,20
68,1,1,0
68,1,2,20
68,2,1,0
68,2,2,20
68,3,1,0
68,3,2,20
68,4,1,0
68,4,2,20
68,5,1,0
68,5,2,20
68,6,1,0
68,6,2,20
68,7,1,0
68,7,2,20
68,8,1,0
68,8,2,20
68,9,1,0
68,9,2,20
68,10,1,0
68,10,2,20
68,11,1,0
68,11,2,20
68,12,1,0
68,12,2,20
68,13,1,0
68,13,2,20
68,14,1,0
68,14,2,20
68,15,1,0
68,15,2,20
68,16,1,0
68,16,2,20
68,17,1,0
68,17,2,20
68,18,1,0
68,18,2,20
68,19,1,0
68,19,2,20
68,20,1,0
68,20,2,20
68,21,1,0
68,21,2,20
68,22,1,0
68,22,2,20
68,23,1,0
68,23,2,20
68,24,1,0
68,24,2,20
68,25,1,0
68,25,2,20
68,26,1,0
68,26,2,20
68,27,1,0
68,27,2,20
68,28,1,0
68,28,2,20
68,29,1,0
68,29,2,20
68,30,1,0
68,30,2,20
68,31,1,0
68,31,2,20
68,32,1,0
68,32,2,20
68,33,1,0
68,33,2,20
68,34,1,0
68,34,2,20
68,35,1,0
68,35,2,20
68,36,1,0
68,36,2,20
68,37,1,0
68,37,2,20
68,38,1,0
68,38,2,20
68,39,1,0
68,39,2,20
68,40,1,0
68,40,2,20
68,41,1,0
68,41,2,20
68,42,1,0
68,42,2,20
68,43,1,0
68,43,2,20
68,44,1,0
68,44,2,20
68,45,1,0
68,45,2,20
68,46,1,0
68,46,2,20
68,47,1,0
68,47,2,20
68,48,1,0
68,48,2,20
68,49,1,0
68,49,2,20
68,50,1,0
68,50,2,20
68,51,1,0
68,51,2,20
68,52,1,0
68,52,2,20
68,53,1,0
68,53,2,20
68,54,1,0
68,54,2,20
68,55,1,0
68,55,2,20
68,56,1,0
68,56,2,20
68,57,1,0
68,57,2,20
68,58,1,0
68,58,2,20
68,59,1,0
68,59,2,20
68,60,1,0
68,60,2,20
68,61,1,0
68,61,2,20
68,62,1,0
68,62,2,20
68,63,1,0
68,63,2,20
68,64,1,0
68,64,2,20
68,65,1,0
68,65,2,20
68,66,1,0
68,66,2,20
68,67,1,0
68,67,2,20
68,68,1,0
68,68,2,20
68,69,1,0
68,69,2,20
68,70,1,0
68,70,2,20
68,71,1,0
68,71,2,20
68,72,1,0
68,72,2,20
68,73,1,0
68,73,2,20
68,74,1,0
68,74,2,20
68,75,1,0
68,75,2,20
68,76,1,0
68,76,2,20
68,77,1,0
68,77,2,20
68,78,1,0
68,78,2,20
68,79,1,0
68,79,2,20
68,80,1,0
68,80,2,20
69,0,1,0
69,0,2,20
69,1,1,0
69,1,2,20
69,2,1,0
69,2,2,20
69,3,1,0
69,3,2,20
69,4,1,0
69,4,2,20
69,5,1,0
69,5,2,20
69,6,1,0
69,6,2,20
69,7,1,0
69,7,2,20
69,8,1,0
69,8,2,20
69,9,1,0
69,9,2,20
69,10,1,0
69,10,2,20
69,11,1,0
69,11,2,20
69,12,1,0
69,12,2,20
69,13,1,0
69,13,2,20
69,14,1,0
69,14,2,20
69,15,1,0
69,15,2,20
69,16,1,0
69,16,2,20
69,17,1,0
69,17,2,20
69,18,1,0
69,18,2,20
69,19,1,0
69,19,2,20
69,20,1,0
69,20,2,20
69,21,1,0
69,21,2,20
69,22,1,0
69,22,2,20
69,23,1,0
69,23,2,20
69,24,1,0
69,24,2,20
69,25,1,0
69,25,2,20
69,26,1,0
69,26,2,20
69,27,1,0
69,27,2,20
69,28,1,0
69,28,2,20
69,29,1,0
69,29,2,20
69,30,1,0
69,30,2,20
69,31,1,0
69,31,2,20
69,32,1,0
69,32,2,20
69,33,1,0
69,33,2,20
69,34,1,0
69,34,2,20
69,35,1,0
69,35,2,20
69,36,1,0
69,36,2,20
69,37,1,0
69,37,2,20
69,38,1,0
69,38,2,20
69,39,1,0
69,39,2,20
69,40,1,0
69,40,2,20
69,41,1,0
69,41,2,20
69,42,1,0
69,42,2,20
69,43,1,0
69,43,2,20
69,44,1,0
69,44,2,20
69,45,1,0
69,45,2,20
69,46,1,0
69,46,2,20
69,47,1,0
69,47,2,20
69,48,1,0
69,48,2,20
69,49,1,0
69,49,2,20
69,50,1,0
69,50,2,20
69,51,1,0
69,51,2,20
69,52,1,0
69,52,2,20
69,53,1,0
69,53,2,20
69,54,1,0
69,54,2,20
69,55,1,0
69,55,2,20
69,56,1,0
69,56,2,20
69,57,1,0
69,57,2,20
69,58,1,0
69,58,2,20
69,59,1,0
69,59,2,20
69,60,1,0
69,60,2,20
69,61,1,0
69,61,2,20
69,62,1,0
69,62,2,20
69,63,1,0
69,63,2,20
69,64,1,0
69,64,2,20
69,65,1,0
69,65,2,20
69,66,1,0
69,66,2,20
69,67,1,0
69,67,2,20
69,68,1,0
69,68,2,20
69,69,1,0
69,69,2,20
69,70,1,0
69,70,2,20
69,71,1,0
69,71,2,20
69,72,1,0
69,72,2,20
69,73,1,0
69,73,2,20
69,74,1,0
69,74,2,20
69,75,1,0
69,75,2,20
69,76,1,0
69,76,2,20
69,77,1,0
69,77,2,20
69,78,1,0
69,78,2,20
69,79,1,0
69,79,2,20
69,80,1,0
69,80,2,20
70,0,1,0
70,0,2,20
70,1,1,0
70,1,2,20
70,2,1,0
70,2,2,20
70,3,1,0
70,3,2,20
70,4,1,0
70,4,2,20
70,5,1,0
70,5,2,20
70,6,1,0
70,6,2,20
70,7,1,0
70,7,2,20
70,8,1,0
70,8,2,20
70,9,1,0
70,9,2,20
70,10,1,0
70,10,2,20
70,11,1,0
70,11,2,20
70,12,1,0
70,12,2,20
70,13,1,0
70,13,2,20
70,14,1,0
70,14,2,20
70,15,1,0
70,15,2,20
70,16,1,0
70,16,2,20
70,17,1,0
70,17,2,20
70,18,1,0
70,18,2,20
70,19,1,0
70,19,2,20
70,20,1,0
70,20,2,20
70,21,1,0
70,21,2,20
70,22,1,0
70,22,2,20
70,23,1,0
70,23,2,20
70,24,1,0
70,24,2,20
70,25,1,0
70,25,2,20
70,26,1,0
70,26,2,20
70,27,1,0
70,27,2,20
70,28,1,0
70,28,2,20
70,29,1,0
70,29,2,20
70,30,1,0
70,30,2,20
70,31,1,0
70,31,2,20
70,32,1,0
70,32,2,20
70,33,1,0
70,33,2,20
70,34,1,0
70,34,2,20
70,35,1,0
70,35,2,20
70,36,1,0
70,36,2,20
70,37,1,0
70,37,2,20
70,38,1,0
70,38,2,20
70,39,1,0
70,39,2,20
70,40,1,0
70,40,2,20
70,41,1,0
70,41,2,20
70,42,1,0
70,42,2,20
70,43,1,0
70,43,2,20
70,44,1,0
70,44,2,20
70,45,1,0
70,45,2,20
70,46,1,0
70,46,2,20
70,47,1,0
70,47,2,20
70,48,1,0
70,48,2,20
70,49,1,0
70,49,2,20
70,50,1,0
70,50,2,20
70,51,1,0
70,51,2,20
70,52,1,0
70,52,2,20
70,53,1,0
70,53,2,20
70,54,1,0
70,54,2,20
70,55,1,0
70,55,2,20
70,56,1,0
70,56,2,20
70,57,1,0
70,57,2,20
70,58,1,0
70,58,2,20
70,59,1,0
70,59,2,20
70,60,1,0
70,60,2,20
70,61,1,0
70,61,2,20
70,62,1,0
70,62,2,20
70,63,1,0
70,63,2,20
70,64,1,0
70,64,2,20
70,65,1,0
70,65,2,20
70,66,1,0
70,66,2,20
70,67,1,0
70,67,2,20
70,68,1,0
70,68,2,20
70,69,1,0
70,69,2,20
70,70,1,0
70,70,2,20
70,71,1,0
70,71,2,20
70,72,1,0
70,72,2,20
70,73,1,0
70,73,2,20
70,74,1,0
70,74,2,20
70,75,1,0
70,75,2,20
70,76,1,0
70,76,2,20
70,77,1,0
70,77,2,20
70,78,1,0
70,78,2,20
70,79,1,0
70,79,2,20
70,80,1,0
70,80,2,20
71,0,1,0
71,0,2,20
71,1,1,0
71,1,2,20
71,2,1,0
71,2,2,20
71,3,1,0
71,3,2,20
71,4,1,0
71,4,2,20
71,5,1,0
71,5,2,20
71,6,1,0
71,6,2,20
71,7,1,0
71,7,2,20
71,8,1,0
71,8,2,20
71,9,1,0
71,9,2,20
71,10,1,0
71,10,2,20
71,11,1,0
71,11,2,20
71,12,1,0
71,12,2,20
71,13,1,0
71,13,2,20
71,14,1,0
71,14,2,20
71,15,1,0
71,15,2,20
71,16,1,0
71,16,2,20
71,17,1,0
71,17,2,20
71,18,1,0
71,18,2,20
71,19,1,0
71,19,2,20
71,20,1,0
71,20,2,20
71,21,1,0
71,21,2,20
71,22,1,0
71,22,2,20
71,23,1,0
71,23,2,20
71,24,1,0
71,24,2,20
71,25,1,0
71,25,2,20
71,26,1,0
71,26,2,20
71,27,1,0
71,27,2,20
71,28,1,0
71,28,2,20
71,29,1,0
71,29,2,20
71,30,1,0
71,30,2,20
71,31,1,0
71,31,2,20
71,32,1,0
71,32,2,20
71,33,1,0
71,33,2,20
71,34,1,0
71,34,2,20
71,35,1,0
71,35,2,20
71,36,1,0
71,36,2,20
71,37,1,0
71,37,2,20
71,38,1,0
71,38,2,20
71,39,1,0
71,39,2,20
71,40,1,0
71,40,2,20
71,41,1,0
71,41,2,20
71,42,1,0
71,42,2,20
71,43,1,0
71,43,2,20
71,44,1,0
71,44,2,20
71,45,1,0
71,45,2,20
71,46,1,0
71,46,2,20
71,47,1,0
71,47,2,20
71,48,1,0
71,48,2,20
71,49,1,0
71,49,2,20
71,50,1,0
71,50,2,20
71,51,1,0
71,51,2,20
71,52,1,0
71,52,2,20
71,53,1,0
71,53,2,20
71,54,1,0
71,54,2,20
71,55,1,0
71,55,2,20
71,56,1,0
71,56,2,20
71,57,1,0
71,57,2,20
71,58,1,0
71,58,2,20
71,59,1,0
71,59,2,20
71,60,1,0
71,60,2,20
71,61,1,0
71,61,2,20
71,62,1,0
71,62,2,20
71,63,1,0
71,63,2,20
71,64,1,0
71,64,2,20
71,65,1,0
71,65,2,20
71,66,1,0
71,66,2,20
71,67,1,0
71,67,2,20
71,68,1,0
71,68,2,20
71,69,1,0
71,69,2,20
71,70,1,0
71,70,2,20
71,71,1,0
71,71,2,20
71,72,1,0
71,72,2,20
71,73,1,0
71,73,2,20
71,74,1,0
71,74,2,20
71,75,1,0
71,75,2,20
71,76,1,0
71,76,2,20
71,77,1,0
71,77,2,20
71,78,1,0
71,78,2,20
71,79,1,0
71,79,2,20
71,80,1,0
71,80,2,20
72,0,1,0
72,0,2,20
72,1,1,0
72,1,2,20
72,2,1,0
72,2,2,20
72,3,1,0
72,3,2,20
72,4,1,0
72,4,2,20
72,5,1,0
72,5,2,20
72,6,1,0
72,6,2,20
72,7,1,0
72,7,2,20
72,8,1,0
72,8,2,20
72,9,1,0
72,9,2,20
72,10,1,0
72,10,2,20
72,11,1,0
72,11,2,20
72,12,1,0
72,12,2,20
72,13,1,0
72,13,2,20
72,14,1,0
72,14,2,20
72,15,1,0
72,15,2,20
72,16,1,0
72,16,2,20
72,17,1,0
72,17,2,20
72,18,1,0
72,18,2,20
72,19,1,0
72,19,2,20
72,20,1,0
72,20,2,20
72,21,1,0
72,21,2,20
72,22,1,0
72,22,2,20
72,23,1,0
72,23,2,20
72,24,1,0
72,24,2,20
72,25,1,0
72,25,2,20
72,26,1,0
72,26,2,20
72,27,1,0
72,27,2,20
72,28,1,0
72,28,2,20
72,29,1,0
72,29,2,20
72,30,1,0
72,30,2,20
72,31,1,0
72,31,2,20
72,32,1,0
72,32,2,20
72,33,1,0
72,33,2,20
72,34,1,0
72,34,2,20
72,35,1,0
72,35,2,20
72,36,1,0
72,36,2,20
72,37,1,0
72,37,2,20
72,38,1,0
72,38,2,20
72,39,1,0
72,39,2,20
72,40,1,0
72,40,2,20
72,41,1,0
72,41,2,20
72,42,1,0
72,42,2,20
72,43,1,0
72,43,2,20
72,44,1,0
72,44,2,20
72,45,1,0
72,45,2,20
72,46,1,0
72,46,2,20
72,47,1,0
72,47,2,20
72,48,1,0
72,48,2,20
72,49,1,0
72,49,2,20
72,50,1,0
72,50,2,20
72,51,1,0
72,51,2,20
72,52,1,0
72,52,2,20
72,53,1,0
72,53,2,20
72,54,1,0
72,54,2,20
72,55,1,0
72,55,2,20
72,56,1,0
72,56,2,20
72,57,1,0
72,57,2,20
72,58,1,0
72,58,2,20
72,59,1,0
72,59,2,20
72,60,1,0
72,60,2,20
72,61,1,0
72,61,2,20
72,62,1,0
72,62,2,20
72,63,1,0
72,63,2,20
72,64,1,0
72,64,2,20
72,65,1,0
72,65,2,20
72,66,1,0
72,66,2,20
72,67,1,0
72,67,2,20
72,68,1,0
72,68,2,20
72,69,1,0
72,69,2,20
72,70,1,0
72,70,2,20
72,71,1,0
72,71,2,20
72,72,1,0
72,72,2,20
72,73,1,0
72,73,2,20
72,74,1,0
72,74,2,20
72,75,1,0
72,75,2,20
72,76,1,0
72,76,2,20
72,77,1,0
72,77,2,20
72,78,1,0
72,78,2,20
72,79,1,0
72,79,2,20
72,80,1,0
72,80,2,20
73,0,1,0
73,0,2,20
73,1,1,0
73,1,2,20
73,2,1,0
73,2,2,20
73,3,1,0
73,3,2,20
73,4,1,0
73,4,2,20
73,5,1,0
73,5,2,20
73,6,1,0
73,6,2,20
73,7,1,0
73,7,2,20
73,8,1,0
73,8,2,20
73,9,1,0
73,9,2,20
73,10,1,0
73,10,2,20
73,11,1,0
73,11,2,20
73,12,1,0
73,12,2,20
73,13,1,0
73,13,2,20
73,14,1,0
73,14,2,20
73,15,1,0
73,15,2,20
73,16,1,0
73,16,2,20
73,17,1,0
73,17,2,20
73,18,1,0
73,18,2,20
73,19,1,0
73,19,2,20
73,20,1,0
73,20,2,20
73,21,1,0
73,21,2,20
73,22,1,0
73,22,2,20
73,23,1,0
73,23,2,20
73,24,1,0
73,24,2,20
73,25,1,0
73,25,2,20
73,26,1,0
73,26,2,20
73,27,1,0
73,27,2,20
73,28,1,0
73,28,2,20
73,29,1,0
73,29,2,20
73,30,1,0
73,30,2,20
73,31,1,0
73,31,2,20
73,32,1,0
73,32,2,20
73,33,1,0
73,33,2,20
73,34,1,0
73,34,2,20
73,35,1,0
73,35,2,20
73,36,1,0
73,36,2,20
73,37,1,0
73,37,2,20
73,38,1,0
73,38,2,20
73,39,1,0
73,39,2,20
73,40,1,0
73,40,2,20
73,41,1,0
73,41,2,20
73,42,1,0
73,42,2,20
73,43,1,0
73,43,2,20
73,44,1,0
73,44,2,20
73,45,1,0
73,45,2,20
73,46,1,0
73,46,2,20
73,47,1,0
73,47,2,20
73,48,1,0
73,48,2,20
73,49,1,0
73,49,2,20
73,50,1,0
73,50,2,20
73,51,1,0
73,51,2,20
73,52,1,0
73,52,2,20
73,53,1,0
73,53,2,20
73,54,1,0
73,54,2,20
73,55,1,0
73,55,2,20
73,56,1,0
73,56,2,20
73,57,1,0
73,57,2,20
73,58,1,0
73,58,2,20
73,59,1,0
73,59,2,20
73,60,1,0
73,60,2,20
73,61,1,0
73,61,2,20
73,62,1,0
73,62,2,20
73,63,1,0
73,63,2,20
73,64,1,0
73,64,2,20
73,65,1,0
73,65,2,20
73,66,1,0
73,66,2,20
73,67,1,0
73,67,2,20
73,68,1,0
73,68,2,20
73,69,1,0
73,69,2,20
73,70,1,0
73,70,2,20
73,71,1,0
73,71,2,20
73,72,1,0
73,72,2,20
73,73,1,0
73,73,2,20
73,74,1,0
73,74,2,20
73,75,1,0
73,75,2,20
73,76,1,0
73,76,2,20
73,77,1,0
73,77,2,20
73,78,1,0
73,78,2,20
73,79,1,0
73,79,2,20
73,80,1,0
73,80,2,20
74,0,1,0
74,0,2,20
74,1,1,0
74,1,2,20
74,2,1,0
74,2,2,20
74,3,1,0
74,3,2,20
74,4,1,0
74,4,2,20
74,5,1,0
74,5,2,20
74,6,1,0
74,6,2,20
74,7,1,0
74,7,2,20
74,8,1,0
74,8,2,20
74,9,1,0
74,9,2,20
74,10,1,0
74,10,2,20
74,11,1,0
74,11,2,20
74,12,1,0
74,12,2,20
74,13,1,0
74,13,2,20
74,14,1,0
74,14,2,20
74,15,1,0
74,15,2,20
74,16,1,0
74,16,2,20
74,17,1,0
74,17,2,20
74,18,1,0
74,18,2,20
74,19,1,0
74,19,2,20
74,20,1,0
74,20,2,20
74,21,1,0
74,21,2,20
74,22,1,0
74,22,2,20
74,23,1,0
74,23,2,20
74,24,1,0
74,24,2,20
74,25,1,0
74,25,2,20
74,26,1,0
74,26,2,20
74,27,1,0
74,27,2,20
74,28,1,0
74,28,2,20
74,29,1,0
74,29,2,20
74,30,1,0
74,30,2,20
74,31,1,0
74,31,2,20
74,32,1,0
74,32,2,20
74,33,1,0
74,33,2,20
74,34,1,0
74,34,2,20
74,35,1,0
74,35,2,20
74,36,1,0
74,36,2,20
74,37,1,0
74,37,2,20
74,38,1,0
74,38,2,20
74,39,1,0
74,39,2,20
74,40,1,0
74,40,2,20
74,41,1,0
74,41,2,20
74,42,1,0
74,42,2,20
74,43,1,0
74,43,2,20
74,44,1,0
74,44,2,20
74,45,1,0
74,45,2,20
74,46,1,0
74,46,2,20
74,47,1,0
74,47,2,20
74,48,1,0
74,48,2,20
74,49,1,0
74,49,2,20
74,50,1,0
74,50,2,20
74,51,1,0
74,51,2,20
74,52,1,0
74,52,2,20
74,53,1,0
74,53,2,20
74,54,1,0
74,54,2,20
74,55,1,0
74,55,2,20
74,56,1,0
74,56,2,20
74,57,1,0
74,57,2,20
74,58,1,0
74,58,2,20
74,59,1,0
74,59,2,20
74,60,1,0
74,60,2,20
74,61,1,0
74,61,2,20
74,62,1,0
74,62,2,20
74,63,1,0
74,63,2,20
74,64,1,0
74,64,2,20
74,65,1,0
74,65,2,20
74,66,1,0
74,66,2,20
74,67,1,0
74,67,2,20
74,68,1,0
74,68,2,20
74,69,1,0
74,69,2,20
74,70,1,0
74,70,2,20
74,71,1,0
74,71,2,20
74,72,1,0
74,72,2,20
74,73,1,0
74,73,2,20
74,74,1,0
74,74,2,20
74,75,1,0
74,75,2,20
74,76,1,0
74,76,2,20
74,77,1,0
74,77,2,20
74,78,1,0
74,78,2,20
74,79,1,0
74,79,2,20
74,80,1,0
74,80,2,20
75,0,1,0
75,0,2,20
75,1,1,0
75,1,2,20
75,2,1,0
75,2,2,20
75,3,1,0
75,3,2,20
75,4,1,0
75,4,2,20
75,5,1,0
75,5,2,20
75,6,1,0
75,6,2,20
75,7,1,0
75,7,2,20
75,8,1,0
75,8,2,20
75,9,1,0
75,9,2,20
75,10,1,0
75,10,2,20
75,11,1,0
75,11,2,20
75,12,1,0
75,12,2,20
75,13,1,0
75,13,2,20
75,14,1,0
75,14,2,20
75,15,1,0
75,15,2,20
75,16,1,0
75,16,2,20
75,17,1,0
75,17,2,20
75,18,1,0
75,18,2,20
75,19,1,0
75,19,2,20
75,20,1,0
75,20,2,20
75,21,1,0
75,21,2,20
75,22,1,0
75,22,2,20
75,23,1,0
75,23,2,20
75,24,1,0
75,24,2,20
75,25,1,0
75,25,2,20
75,26,1,0
75,26,2,20
75,27,1,0
75,27,2,20
75,28,1,0
75,28,2,20
75,29,1,0
75,29,2,20
75,30,1,0
75,30,2,20
75,31,1,0
75,31,2,20
75,32,1,0
75,32,2,20
75,33,1,0
75,33,2,20
75,34,1,0
75,34,2,20
75,35,1,0
75,35,2,20
75,36,1,0
75,36,2,20
75,37,1,0
75,37,2,20
75,38,1,0
75,38,2,20
75,39,1,0
75,39,2,20
75,40,1,0
75,40,2,20
75,41,1,0
75,41,2,20
75,42,1,0
75,42,2,20
75,43,1,0
75,43,2,20
75,44,1,0
75,44,2,20
75,45,1,0
75,45,2,20
75,46,1,0
75,46,2,20
75,47,1,0
75,47,2,20
75,48,1,0
75,48,2,20
75,49,1,0
75,49,2,20
75,50,1,0
75,50,2,20
75,51,1,0
75,51,2,20
75,52,1,0
75,52,2,20
75,53,1,0
75,53,2,20
75,54,1,0
75,54,2,20
75,55,1,0
75,55,2,20
75,56,1,0
75,56,2,20
75,57,1,0
75,57,2,20
75,58,1,0
75,58,2,20
75,59,1,0
75,59,2,20
75,60,1,0
75,60,2,20
75,61,1,0
75,61,2,20
75,62,1,0
75,62,2,20
75,63,1,0
75,63,2,20
75,64,1,0
75,64,2,20
75,65,1,0
75,65,2,20
75,66,1,0
75,66,2,20
75,67,1,0
75,67,2,20
75,68,1,0
75,68,2,20
75,69,1,0
75,69,2,20
75,70,1,0
75,70,2,20
75,71,1,0
75,71,2,20
75,72,1,0
75,72,2,20
75,73,1,0
75,73,2,20
75,74,1,0
75,74,2,20
75,75,1,0
75,75,2,20
75,76,1,0
75,76,2,20
75,77,1,0
75,77,2,20
75,78,1,0
75,78,2,20
75,79,1,0
75,79,2,20
75,80,1,0
75,80,2,20
76,0,1,0
76,0,2,20
76,1,1,0
76,1,2,20
76,2,1,0
76,2,2,20
76,3,1,0
76,3,2,20
76,4,1,0
76,4,2,20
76,5,1,0
76,5,2,20
76,6,1,0
76,6,2,20
76,7,1,0
76,7,2,20
76,8,1,0
76,8,2,20
76,9,1,0
76,9,2,20
76,10,1,0
76,10,2,20
76,11,1,0
76,11,2,20
76,12,1,0
76,12,2,20
76,13,1,0
76,13,2,20
76,14,1,0
76,14,2,20
76,15,1,0
76,15,2,20
76,16,1,0
76,16,2,20
76,17,1,0
76,17,2,20
76,18,1,0
76,18,2,20
76,19,1,0
76,19,2,20
76,20,1,0
76,20,2,20
76,21,1,0
76,21,2,20
76,22,1,0
76,22,2,20
76,23,1,0
76,23,2,20
76,24,1,0
76,24,2,20
76,25,1,0
76,25,2,20
76,26,1,0
76,26,2,20
76,27,1,0
76,27,2,20
76,28,1,0
76,28,2,20
76,29,1,0
76,29,2,20
76,30,1,0
76,30,2,20
76,31,1,0
76,31,2,20
76,32,1,0
76,32,2,20
76,33,1,0
76,33,2,20
76,34,1,0
76,34,2,20
76,35,1,0
76,35,2,20
76,36,1,0
76,36,2,20
76,37,1,0
76,37,2,20
76,38,1,0
76,38,2,20
76,39,1,0
76,39,2,20
76,40,1,0
76,40,2,20
76,41,1,0
76,41,2,20
76,42,1,0
76,42,2,20
76,43,1,0
76,43,2,20
76,44,1,0
76,44,2,20
76,45,1,0
76,45,2,20
76,46,1,0
76,46,2,20
76,47,1,0
76,47,2,20
76,48,1,0
76,48,2,20
76,49,1,0
76,49,2,20
76,50,1,0
76,50,2,20
76,51,1,0
76,51,2,20
76,52,1,0
76,52,2,20
76,53,1,0
76,53,2,20
76,54,1,0
76,54,2,20
76,55,1,0
76,55,2,20
76,56,1,0
76,56,2,20
76,57,1,0
76,57,2,20
76,58,1,0
76,58,2,20
76,59,1,0
76,59,2,20
76,60,1,0
76,60,2,20
76,61,1,0
76,61,2,20
76,62,1,0
76,62,2,20
76,63,1,0
76,63,2,20
76,64,1,0
76,64,2,20
76,65,1,0
76,65,2,20
76,66,1,0
76,66,2,20
76,67,1,0
76,67,2,20
76,68,1,0
76,68,2,20
76,69,1,0
76,69,2,20
76,70,1,0
76,70,2,20
76,71,1,0
76,71,2,20
76,72,1,0
76,72,2,20
76,73,1,0
76,73,2,20
76,74,1,0
76,74,2,20
76,75,1,0
76,75,2,20
76,76,1,0
76,76,2,20
76,77,1,0
76,77,2,20
76,78,1,0
76,78,2,20
76,79,1,0
76,79,2,20
76,80,1,0
76,80,2,20
77,0,1,0
77,0,2,20
77,1,1,0
77,1,2,20
77,2,1,0
77,2,2,20
77,3,1,0
77,3,2,20
77,4,1,0
77,4,2,20
77,5,1,0
77,5,2,20
77,6,1,0
77,6,2,20
77,7,1,0
77,7,2,20
77,8,1,0
77,8,2,20
77,9,1,0
77,9,2,20
77,10,1,0
77,10,2,20
77,11,1,0
77,11,2,20
77,12,1,0
77,12,2,20
77,13,1,0
77,13,2,20
77,14,1,0
77,14,2,20
77,15,1,0
77,15,2,20
77,16,1,0
77,16,2,20
77,17,1,0
77,17,2,20
77,18,1,0
77,18,2,20
77,19,1,0
77,19,2,20
77,20,1,0
77,20,2,20
77,21,1,0
77,21,2,20
77,22,1,0
77,22,2,20
77,23,1,0
77,23,2,20
77,24,1,0
77,24,2,20
77,25,1,0
77,25,2,20
77,26,1,0
77,26,2,20
77,27,1,0
77,27,2,20
77,28,1,0
77,28,2,20
77,29,1,0
77,29,2,20
77,30,1,0
77,30,2,20
77,31,1,0
77,31,2,20
77,32,1,0
77,32,2,20
77,33,1,0
77,33,2,20
77,34,1,0
77,34,2,20
77,35,1,0
77,35,2,20
77,36,1,0
77,36,2,20
77,37,1,0
77,37,2,20
77,38,1,0
77,38,2,20
77,39,1,0
77,39,2,20
77,40,1,0
77,40,2,20
77,41,1,0
77,41,2,20
77,42,1,0
77,42,2,20
77,43,1,0
77,43,2,20
77,44,1,0
77,44,2,20
77,45,1,0
77,45,2,20
77,46,1,0
77,46,2,20
77,47,1,0
77,47,2,20
77,48,1,0
77,48,2,20
77,49,1,0
77,49,2,20
77,50,1,0
77,50,2,20
77,51,1,0
77,51,2,20
77,52,1,0
77,52,2,20
77,53,1,0
77,53,2,20
77,54,1,0
77,54,2,20
77,55,1,0
77,55,2,20
77,56,1,0
77,56,2,20
77,57,1,0
77,57,2,20
77,58,1,0
77,58,2,20
77,59,1,0
77,59,2,20
77,60,1,0
77,60,2,20
77,61,1,0
77,61,2,20
77,62,1,0
77,62,2,20
77,63,1,0
77,63,2,20
77,64,1,0
77,64,2,20
77,65,1,0
77,65,2,20
77,66,1,0
77,66,2,20
77,67,1,0
77,67,2,20
77,68,1,0
77,68,2,20
77,69,1,0
77,69,2,20
77,70,1,0
77,70,2,20
77,71,1,0
77,71,2,20
77,72,1,0
77,72,2,20
77,73,1,0
77,73,2,20
77,74,1,0
77,74,2,20
77,75,1,0
77,75,2,20
77,76,1,0
77,76,2,20
77,77,1,0
77,77,2,20
77,78,1,0
77,78,2,20
77,79,1,0
77,79,2,20
77,80,1,0
77,80,2,20
78,0,1,0
78,0,2,20
78,1,1,0
78,1,2,20
78,2,1,0
78,2,2,20
78,3,1,0
78,3,2,20
78,4,1,0
78,4,2,20
78,5,1,0
78,5,2,20
78,6,1,0
78,6,2,20
78,7,1,0
78,7,2,20
78,8,1,0
78,8,2,20
78,9,1,0
78,9,2,20
78,10,1,0
78,10,2,20
78,11,1,0
78,11,2,20
78,12,1,0
78,12,2,20
78,13,1,0
78,13,2,20
78,14,1,0
78,14,2,20
78,15,1,0
78,15,2,20
78,16,1,0
78,16,2,20
78,17,1,0
78,17,2,20
78,18,1,0
78,18,2,20
78,19,1,0
78,19,2,20
78,20,1,0
78,20,2,20
78,21,1,0
78,21,2,20
78,22,1,0
78,22,2,20
78,23,1,0
78,23,2,20
78,24,1,0
78,24,2,20
78,25,1,0
78,25,2,20
78,26,1,0
78,26,2,20
78,27,1,0
78,27,2,20
78,28,1,0
78,28,2,20
78,29,1,0
78,29,2,20
78,30,1,0
78,30,2,20
78,31,1,0
78,31,2,20
78,32,1,0
78,32,2,20
78,33,1,0
78,33,2,20
78,34,1,0
78,34,2,20
78,35,1,0
78,35,2,20
78,36,1,0
78,36,2,20
78,37,1,0
78,37,2,20
78,38,1,0
78,38,2,20
78,39,1,0
78,39,2,20
78,40,1,0
78,40,2,20
78,41,1,0
78,41,2,20
78,42,1,0
78,42,2,20
78,43,1,0
78,43,2,20
78,44,1,0
78,44,2,20
78,45,1,0
78,45,2,20
78,46,1,0
78,46,2,20
78,47,1,0
78,47,2,20
78,48,1,0
78,48,2,20
78,49,1,0
78,49,2,20
78,50,1,0
78,50,2,20
78,51,1,0
78,51,2,20
78,52,1,0
78,52,2,20
78,53,1,0
78,53,2,20
78,54,1,0
78,54,2,20
78,55,1,0
78,55,2,20
78,56,1,0
78,56,2,20
78,57,1,0
78,57,2,20
78,58,1,0
78,58,2,20
78,59,1,0
78,59,2,20
78,60,1,0
78,60,2,20
78,61,1,0
78,61,2,20
78,62,1,0
78,62,2,20
78,63,1,0
78,63,2,20
78,64,1,0
78,64,2,20
78,65,1,0
78,65,2,20
78,66,1,0
78,66,2,20
78,67,1,0
78,67,2,20
78,68,1,0
78,68,2,20
78,69,1,0
78,69,2,20
78,70,1,0
78,70,2,20
78,71,1,0
78,71,2,20
78,72,1,0
78,72,2,20
78,73,1,0
78,73,2,20
78,74,1,0
78,74,2,20
78,75,1,0
78,75,2,20
78,76,1,0
78,76,2,20
78,77,1,0
78,77,2,20
78,78,1,0
78,78,2,20
78,79,1,0
78,79,2,20
78,80,1,0
78,80,2,20
79,0,1,0
79,0,2,20
79,1,1,0
79,1,2,20
79,2,1,0
79,2,2,20
79,3,1,0
79,3,2,20
79,4,1,0
79,4,2,20
79,5,1,0
79,5,2,20
79,6,1,0
79,6,2,20
79,7,1,0
79,7,2,20
79,8,1,0
79,8,2,20
79,9,1,0
79,9,2,20
79,10,1,0
79,10,2,20
79,11,1,0
79,11,2,20
79,12,1,0
79,12,2,20
79,13,1,0
79,13,2,20
79,14,1,0
79,14,2,20
79,15,1,0
79,15,2,20
79,16,1,0
79,16,2,20
79,17,1,0
79,17,2,20
79,18,1,0
79,18,2,20
79,19,1,0
79,19,2,20
79,20,1,0
79,20,2,20
79,21,1,0
79,21,2,20
79,22,1,0
79,22,2,20
79,23,1,0
79,23,2,20
79,24,1,0
79,24,2,20
79,25,1,0
79,25,2,20
79,26,1,0
79,26,2,20
79,27,1,0
79,27,2,20
79,28,1,0
79,28,2,20
79,29,1,0
79,29,2,20
79,30,1,0
79,30,2,20
79,31,1,0
79,31,2,20
79,32,1,0
79,32,2,20
79,33,1,0
79,33,2,20
79,34,1,0
79,34,2,20
79,35,1,0
79,35,2,20
79,36,1,0
79,36,2,20
79,37,1,0
79,37,2,20
79,38,1,0
79,38,2,20
79,39,1,0
79,39,2,20
79,40,1,0
79,40,2,20
79,41,1,0
79,41,2,20
79,42,1,0
79,42,2,20
79,43,1,0
79,43,2,20
79,44,1,0
79,44,2,20
79,45,1,0
79,45,2,20
79,46,1,0
79,46,2,20
79,47,1,0
79,47,2,20
79,48,1,0
79,48,2,20
79,49,1,0
79,49,2,20
79,50,1,0
79,50,2,20
79,51,1,0
79,51,2,20
79,52,1,0
79,52,2,20
79,53,1,0
79,53,2,20
79,54,1,0
79,54,2,20
79,55,1,0
79,55,2,20
79,56,1,0
79,56,2,20
79,57,1,0
79,57,2,20
79,58,1,0
79,58,2,20
79,59,1,0
79,59,2,20
79,60,1,0
79,60,2,20
79,61,1,0
79,61,2,20
79,62,1,0
79,62,2,20
79,63,1,0
79,63,2,20
79,64,1,0
79,64,2,20
79,65,1,0
79,65,2,20
79,66,1,0
79,66,2,20
79,67,1,0
79,67,2,20
79,68,1,0
79,68,2,20
79,69,1,0
79,69,2,20
79,70,1,0
79,70,2,20
79,71,1,0
79,71,2,20
79,72,1,0
79,72,2,20
79,73,1,0
79,73,2,20
79,74,1,0
79,74,2,20
79,75,1,0
79,75,2,20
79,76,1,0
79,76,2,20
79,77,1,0
79,77,2,20
79,78,1,0
79,78,2,20
79,79,1,0
79,79,2,20
79,80,1,0
79,80,2,20
80,0,1,0
80,0,2,20
80,1,1,0
80,1,2,20
80,2,1,0
80,2,2,20
80,3,1,0
80,3,2,20
80,4,1,0
80,4,2,20
80,5,1,0
80,5,2,20
80,6,1,0
80,6,2,20
80,7,1,0
80,7,2,20
80,8,1,0
80,8,2,20
80,9,1,0
80,9,2,20
80,10,1,0
80,10,2,20
80,11,1,0
80,11,2,20
80,12,1,0
80,12,2,20
80,13,1,0
80,13,2,20
80,14,1,0
80,14,2,20
80,15,1,0
80,15,2,20
80,16,1,0
80,16,2,20
80,17,1,0
80,17,2,20
80,18,1,0
80,18,2,20
80,19,1,0
80,19,2,20
80,20,1,0
80,20,2,20
80,21,1,0
80,21,2,20
80,22,1,0
80,22,2,20
80,23,1,0
80,23,2,20
80,24,1,0
80,24,2,20
80,25,1,0
80,25,2,20
80,26,1,0
80,26,2,20
80,27,1,0
80,27,2,20
80,28,1,0
80,28,2,20
80,29,1,0
80,29,2,20
80,30,1,0
80,30,2,20
80,31,1,0
80,31,2,20
80,32,1,0
80,32,2,20
80,33,1,0
80,33,2,20
80,34,1,0
80,34,2,20
80,35,1,0
80,35,2,20
80,36,1,0
80,36,2,20
80,37,1,0
80,37,2,20
80,38,1,0
80,38,2,20
80,39,1,0
80,39,2,20
80,40,1,0
80,40,2,20
80,41,1,0
80,41,2,20
80,42,1,0
80,42,2,20
80,43,1,0
80,43,2,20
80,44,1,0
80,44,2,20
80,45,1,0
80,45,2,20
80,46,1,0
80,46,2,20
80,47,1,0
80,47,2,20
80,48,1,0
80,48,2,20
80,49,1,0
80,49,2,20
80,50,1,0
80,50,2,20
80,51,1,0
80,51,2,20
80,52,1,0
80,52,2,20
80,53,1,0
80,53,2,20
80,54,1,0
80,54,2,20
80,55,1,0
80,55,2,20
80,56,1,0
80,56,2,20
80,57,1,0
80,57,2,20
80,58,1,0
80,58,2,20
80,59,1,0
80,59,2,20
80,60,1,0
80,60,2,20
80,61,1,0
80,61,2,20
80,62,1,0
80,62,2,20
80,63,1,0
80,63,2,20
80,64,1,0
80,64,2,20
80,65,1,0
80,65,2,20
80,66,1,0
80,66,2,20
80,67,1,0
80,67,2,20
80,68,1,0
80,68,2,20
80,69,1,0
80,69,2,20
80,70,1,0
80,70,2,20
80,71,1,0
80,71,2,20
80,72,1,0
80,72,2,20
80,73,1,0
80,73,2,20
80,74,1,0
80,74,2,20
80,75,1,0
80,75,2,20
80,76,1,0
80,76,2,20
80,77,1,0
80,77,2,20
80,78,1,0
80,78,2,20
80,79,1,0
80,79,2,20
80,80,1,0
80,80,2,20
81,0,1,0
81,0,2,20
81,1,1,0
81,1,2,20
81,2,1,0
81,2,2,20
81,3,1,0
81,3,2,20
81,4,1,0
81,4,2,20
81,5,1,0
81,5,2,20
81,6,1,0
81,6,2,20
81,7,1,0
81,7,2,20
81,8,1,0
81,8,2,20
81,9,1,0
81,9,2,20
81,10,1,0
81,10,2,20
81,11,1,0
81,11,2,20
81,12,1,0
81,12,2,20
81,13,1,0
81,13,2,20
81,14,1,0
81,14,2,20
81,15,1,0
81,15,2,20
81,16,1,0
81,16,2,20
81,17,1,0
81,17,2,20
81,18,1,0
81,18,2,20
81,19,1,0
81,19,2,20
81,20,1,0
81,20,2,20
81,21,1,0
81,21,2,20
81,22,1,0
81,22,2,20
81,23,1,0
81,23,2,20
81,24,1,0
81,24,2,20
81,25,1,0
81,25,2,20
81,26,1,0
81,26,2,20
81,27,1,0
81,27,2,20
81,28,1,0
81,28,2,20
81,29,1,0
81,29,2,20
81,30,1,0
81,30,2,20
81,31,1,0
81,31,2,20
81,32,1,0
81,32,2,20
81,33,1,0
81,33,2,20
81,34,1,0
81,34,2,20
81,35,1,0
81,35,2,20
81,36,1,0
81,36,2,20
81,37,1,0
81,37,2,20
81,38,1,0
81,38,2,20
81,39,1,0
81,39,2,20
81,40,1,0
81,40,2,20
81,41,1,0
81,41,2,20
81,42,1,0
81,42,2,20
81,43,1,0
81,43,2,20
81,44,1,0
81,44,2,20
81,45,1,0
81,45,2,20
81,46,1,0
81,46,2,20
81,47,1,0
81,47,2,20
81,48,1,0
81,48,2,20
81,49,1,0
81,49,2,20
81,50,1,0
81,50,2,20
81,51,1,0
81,51,2,20
81,52,1,0
81,52,2,20
81,53,1,0
81,53,2,20
81,54,1,0
81,54,2,20
81,55,1,0
81,55,2,20
81,56,1,0
81,56,2,20
81,57,1,0
81,57,2,20
81,58,1,0
81,58,2,20
81,59,1,0
81,59,2,20
81,60,1,0
81,60,2,20
81,61,1,0
81,61,2,20
81,62,1,0
81,62,2,20
81,63,1,0
81,63,2,20
81,64,1,0
81,64,2,20
81,65,1,0
81,65,2,20
81,66,1,0
81,66,2,20
81,67,1,0
81,67,2,20
81,68,1,0
81,68,2,20
81,69,1,0
81,69,2,20
81,70,1,0
81,70,2,20
81,71,1,0
81,71,2,20
81,72,1,0
81,72,2,20
81,73,1,0
81,73,2,20
81,74,1,0
81,74,2,20
81,75,1,0
81,75,2,20
81,76,1,0
81,76,2,20
81,77,1,0
81,77,2,20
81,78,1,0
81,78,2,20
81,79,1,0
81,79,2,20
81,80,1,0
81,80,2,20
82,0,1,0
82,0,2,20
82,1,1,0
82,1,2,20
82,2,1,0
82,2,2,20
82,3,1,0
82,3,2,20
82,4,1,0
82,4,2,20
82,5,1,0
82,5,2,20
82,6,1,0
82,6,2,20
82,7,1,0
82,7,2,20
82,8,1,0
82,8,2,20
82,9,1,0
82,9,2,20
82,10,1,0
82,10,2,20
82,11,1,0
82,11,2,20
82,12,1,0
82,12,2,20
82,13,1,0
82,13,2,20
82,14,1,0
82,14,2,20
82,15,1,0
82,15,2,20
82,16,1,0
82,16,2,20
82,17,1,0
82,17,2,20
82,18,1,0
82,18,2,20
82,19,1,0
82,19,2,20
82,20,1,0
82,20,2,20
82,21,1,0
82,21,2,20
82,22,1,0
82,22,2,20
82,23,1,0
82,23,2,20
82,24,1,0
82,24,2,20
82,25,1,0
82,25,2,20
82,26,1,0
82,26,2,20
82,27,1,0
82,27,2,20
82,28,1,0
82,28,2,20
82,29,1,0
82,29,2,20
82,30,1,0
82,30,2,20
82,31,1,0
82,31,2,20
82,32,1,0
82,32,2,20
82,33,1,0
82,33,2,20
82,34,1,0
82,34,2,20
82,35,1,0
82,35,2,20
82,36,1,0
82,36,2,20
82,37,1,0
82,37,2,20
82,38,1,0
82,38,2,20
82,39,1,0
82,39,2,20
82,40,1,0
82,40,2,20
82,41,1,0
82,41,2,20
82,42,1,0
82,42,2,20
82,43,1,0
82,43,2,20
82,44,1,0
82,44,2,20
82,45,1,0
82,45,2,20
82,46,1,0
82,46,2,20
82,47,1,0
82,47,2,20
82,48,1,0
82,48,2,20
82,49,1,0
82,49,2,20
82,50,1,0
82,50,2,20
82,51,1,0
82,51,2,20
82,52,1,0
82,52,2,20
82,53,1,0
82,53,2,20
82,54,1,0
82,54,2,20
82,55,1,0
82,55,2,20
82,56,1,0
82,56,2,20
82,57,1,0
82,57,2,20
82,58,1,0
82,58,2,20
82,59,1,0
82,59,2,20
82,60,1,0
82,60,2,20
82,61,1,0
82,61,2,20
82,62,1,0
82,62,2,20
82,63,1,0
82,63,2,20
82,64,1,0
82,64,2,20
82,65,1,0
82,65,2,20
82,66,1,0
82,66,2,20
82,67,1,0
82,67,2,20
82,68,1,0
82,68,2,20
82,69,1,0
82,69,2,20
82,70,1,0
82,70,2,20
82,71,1,0
82,71,2,20
82,72,1,0
82,72,2,20
82,73,1,0
82,73,2,20
82,74,1,0
82,74,2,20
82,75,1,0
82,75,2,20
82,76,1,0
82,76,2,20
82,77,1,0
82,77,2,20
82,78,1,0
82,78,2,20
82,79,1,0
82,79,2,20
82,80,1,0
82,80,2,20
83,0,1,0
83,0,2,20
83,1,1,0
83,1,2,20
83,2,1,0
83,2,2,20
83,3,1,0
83,3,2,20
83,4,1,0
83,4,2,20
83,5,1,0
83,5,2,20
83,6,1,0
83,6,2,20
83,7,1,0
83,7,2,20
83,8,1,0
83,8,2,20
83,9,1,0
83,9,2,20
83,10,1,0
83,10,2,20
83,11,1,0
83,11,2,20
83,12,1,0
83,12,2,20
83,13,1,0
83,13,2,20
83,14,1,0
83,14,2,20
83,15,1,0
83,15,2,20
83,16,1,0
83,16,2,20
83,17,1,0
83,17,2,20
83,18,1,0
83,18,2,20
83,19,1,0
83,19,2,20
83,20,1,0
83,20,2,20
83,21,1,0
83,21,2,20
83,22,1,0
83,22,2,20
83,23,1,0
83,23,2,20
83,24,1,0
83,24,2,20
83,25,1,0
83,25,2,20
83,26,1,0
83,26,2,20
83,27,1,0
83,27,2,20
83,28,1,0
83,28,2,20
83,29,1,0
83,29,2,20
83,30,1,0
83,30,2,20
83,31,1,0
83,31,2,20
83,32,1,0
83,32,2,20
83,33,1,0
83,33,2,20
83,34,1,0
83,34,2,20
83,35,1,0
83,35,2,20
83,36,1,0
83,36,2,20
83,37,1,0
83,37,2,20
83,38,1,0
83,38,2,20
83,39,1,0
83,39,2,20
83,40,1,0
83,40,2,20
83,41,1,0
83,41,2,20
83,42,1,0
83,42,2,20
83,43,1,0
83,43,2,20
83,44,1,0
83,44,2,20
83,45,1,0
83,45,2,20
83,46,1,0
83,46,2,20
83,47,1,0
83,47,2,20
83,48,1,0
83,48,2,20
83,49,1,0
83,49,2,20
83,50,1,0
83,50,2,20
83,51,1,0
83,51,2,20
83,52,1,0
83,52,2,20
83,53,1,0
83,53,2,20
83,54,1,0
83,54,2,20
83,55,1,0
83,55,2,20
83,56,1,0
83,56,2,20
83,57,1,0
83,57,2,20
83,58,1,0
83,58,2,20
83,59,1,0
83,59,2,20
83,60,1,0
83,60,2,20
83,61,1,0
83,61,2,20
83,62,1,0
83,62,2,20
83,63,1,0
83,63,2,20
83,64,1,0
83,64,2,20
83,65,1,0
83,65,2,20
83,66,1,0
83,66,2,20
83,67,1,0
83,67,2,20
83,68,1,0
83,68,2,20
83,69,1,0
83,69,2,20
83,70,1,0
83,70,2,20
83,71,1,0
83,71,2,20
83,72,1,0
83,72,2,20
83,73,1,0
83,73,2,20
83,74,1,0
83,74,2,20
83,75,1,0
83,75,2,20
83,76,1,0
83,76,2,20
83,77,1,0
83,77,2,20
83,78,1,0
83,78,2,20
83,79,1,0
83,79,2,20
83,80,1,0
83,80,2,20
84,0,1,0
84,0,2,20
84,1,1,0
84,1,2,20
84,2,1,0
84,2,2,20
84,3,1,0
84,3,2,20
84,4,1,0
84,4,2,20
84,5,1,0
84,5,2,20
84,6,1,0
84,6,2,20
84,7,1,0
84,7,2,20
84,8,1,0
84,8,2,20
84,9,1,0
84,9,2,20
84,10,1,0
84,10,2,20
84,11,1,0
84,11,2,20
84,12,1,0
84,12,2,20
84,13,1,0
84,13,2,20
84,14,1,0
84,14,2,20
84,15,1,0
84,15,2,20
84,16,1,0
84,16,2,20
84,17,1,0
84,17,2,20
84,18,1,0
84,18,2,20
84,19,1,0
84,19,2,20
84,20,1,0
84,20,2,20
84,21,1,0
84,21,2,20
84,22,1,0
84,22,2,20
84,23,1,0
84,23,2,20
84,24,1,0
84,24,2,20
84,25,1,0
84,25,2,20
84,26,1,0
84,26,2,20
84,27,1,0
84,27,2,20
84,28,1,0
84,28,2,20
84,29,1,0
84,29,2,20
84,30,1,0
84,30,2,20
84,31,1,0
84,31,2,20
84,32,1,0
84,32,2,20
84,33,1,0
84,33,2,20
84,34,1,0
84,34,2,20
84,35,1,0
84,35,2,20
84,36,1,0
84,36,2,20
84,37,1,0
84,37,2,20
84,38,1,0
84,38,2,20
84,39,1,0
84,39,2,20
84,40,1,0
84,40,2,20
84,41,1,0
84,41,2,20
84,42,1,0
84,42,2,20
84,43,1,0
84,43,2,20
84,44,1,0
84,44,2,20
84,45,1,0
84,45,2,20
84,46,1,0
84,46,2,20
84,47,1,0
84,47,2,20
84,48,1,0
84,48,2,20
84,49,1,0
84,49,2,20
84,50,1,0
84,50,2,20
84,51,1,0
84,51,2,20
84,52,1,0
84,52,2,20
84,53,1,0
84,53,2,20
84,54,1,0
84,54,2,20
84,55,1,0
84,55,2,20
84,56,1,0
84,56,2,20
84,57,1,0
84,57,2,20
84,58,1,0
84,58,2,20
84,59,1,0
84,59,2,20
84,60,1,0
84,60,2,20
84,61,1,0
84,61,2,20
84,62,1,0
84,62,2,20
84,63,1,0
84,63,2,20
84,64,1,0
84,64,2,20
84,65,1,0
84,65,2,20
84,66,1,0
84,66,2,20
84,67,1,0
84,67,2,20
84,68,1,0
84,68,2,20
84,69,1,0
84,69,2,20
84,70,1,0
84,70,2,20
84,71,1,0
84,71,2,20
84,72,1,0
84,72,2,20
84,73,1,0
84,73,2,20
84,74,1,0
84,74,2,20
84,75,1,0
84,75,2,20
84,76,1,0
84,76,2,20
84,77,1,0
84,77,2,20
84,78,1,0
84,78,2,20
84,79,1,0
84,79,2,20
84,80,1,0
84,80,2,20
85,0,1,0
85,0,2,20
85,1,1,0
85,1,2,20
85,2,1,0
85,2,2,20
85,3,1,0
85,3,2,20
85,4,1,0
85,4,2,20
85,5,1,0
85,5,2,20
85,6,1,0
85,6,2,20
85,7,1,0
85,7,2,20
85,8,1,0
85,8,2,20
85,9,1,0
85,9,2,20
85,10,1,0
85,10,2,20
85,11,1,0
85,11,2,20
85,12,1,0
85,12,2,20
85,13,1,0
85,13,2,20
85,14,1,0
85,14,2,20
85,15,1,0
85,15,2,20
85,16,1,0
85,16,2,20
85,17,1,0
85,17,2,20
85,18,1,0
85,18,2,20
85,19,1,0
85,19,2,20
85,20,1,0
85,20,2,20
85,21,1,0
85,21,2,20
85,22,1,0
85,22,2,20
85,23,1,0
85,23,2,20
85,24,1,0
85,24,2,20
85,25,1,0
85,25,2,20
85,26,1,0
85,26,2,20
85,27,1,0
85,27,2,20
85,28,1,0
85,28,2,20
85,29,1,0
85,29,2,20
85,30,1,0
85,30,2,20
85,31,1,0
85,31,2,20
85,32,1,0
85,32,2,20
85,33,1,0
85,33,2,20
85,34,1,0
85,34,2,20
85,35,1,0
85,35,2,20
85,36,1,0
85,36,2,20
85,37,1,0
85,37,2,20
85,38,1,0
85,38,2,20
85,39,1,0
85,39,2,20
85,40,1,0
85,40,2,20
85,41,1,0
85,41,2,20
85,42,1,0
85,42,2,20
85,43,1,0
85,43,2,20
85,44,1,0
85,44,2,20
85,45,1,0
85,45,2,20
85,46,1,0
85,46,2,20
85,47,1,0
85,47,2,20
85,48,1,0
85,48,2,20
85,49,1,0
85,49,2,20
85,50,1,0
85,50,2,20
85,51,1,0
85,51,2,20
85,52,1,0
85,52,2,20
85,53,1,0
85,53,2,20
85,54,1,0
85,54,2,20
85,55,1,0
85,55,2,20
85,56,1,0
85,56,2,20
85,57,1,0
85,57,2,20
85,58,1,0
85,58,2,20
85,59,1,0
85,59,2,20
85,60,1,0
85,60,2,20
85,61,1,0
85,61,2,20
85,62,1,0
85,62,2,20
85,63,1,0
85,63,2,20
85,64,1,0
85,64,2,20
85,65,1,0
85,65,2,20
85,66,1,0
85,66,2,20
85,67,1,0
85,67,2,20
85,68,1,0
85,68,2,20
85,69,1,0
85,69,2,20
85,70,1,0
85,70,2,20
85,71,1,0
85,71,2,20
85,72,1,0
85,72,2,20
85,73,1,0
85,73,2,20
85,74,1,0
85,74,2,20
85,75,1,0
85,75,2,20
85,76,1,0
85,76,2,20
85,77,1,0
85,77,2,20
85,78,1,0
85,78,2,20
85,79,1,0
85,79,2,20
85,80,1,0
85,80,2,20
86,0,1,0
86,0,2,20
86,1,1,0
86,1,2,20
86,2,1,0
86,2,2,20
86,3,1,0
86,3,2,20
86,4,1,0
86,4,2,20
86,5,1,0
86,5,2,20
86,6,1,0
86,6,2,20
86,7,1,0
86,7,2,20
86,8,1,0
86,8,2,20
86,9,1,0
86,9,2,20
86,10,1,0
86,10,2,20
86,11,1,0
86,11,2,20
86,12,1,0
86,12,2,20
86,13,1,0
86,13,2,20
86,14,1,0
86,14,2,20
86,15,1,0
86,15,2,20
86,16,1,0
86,16,2,20
86,17,1,0
86,17,2,20
86,18,1,0
86,18,2,20
86,19,1,0
86,19,2,20
86,20,1,0
86,20,2,20
86,21,1,0
86,21,2,20
86,22,1,0
86,22,2,20
86,23,1,0
86,23,2,20
86,24,1,0
86,24,2,20
86,25,1,0
86,25,2,20
86,26,1,0
86,26,2,20
86,27,1,0
86,27,2,20
86,28,1,0
86,28,2,20
86,29,1,0
86,29,2,20
86,30,1,0
86,30,2,20
86,31,1,0
86,31,2,20
86,32,1,0
86,32,2,20
86,33,1,0
86,33,2,20
86,34,1,0
86,34,2,20
86,35,1,0
86,35,2,20
86,36,1,0
86,36,2,20
86,37,1,0
86,37,2,20
86,38,1,0
86,38,2,20
86,39,1,0
86,39,2,20
86,40,1,0
86,40,2,20
86,41,1,0
86,41,2,20
86,42,1,0
86,42,2,20
86,43,1,0
86,43,2,20
86,44,1,0
86,44,2,20
86,45,1,0
86,45,2,20
86,46,1,0
86,46,2,20
86,47,1,0
86,47,2,20
86,48,1,0
86,48,2,20
86,49,1,0
86,49,2,20
86,50,1,0
86,50,2,20
86,51,1,0
86,51,2,20
86,52,1,0
86,52,2,20
86,53,1,0
86,53,2,20
86,54,1,0
86,54,2,20
86,55,1,0
86,55,2,20
86,56,1,0
86,56,2,20
86,57,1,0
86,57,2,20
86,58,1,0
86,58,2,20
86,59,1,0
86,59,2,20
86,60,1,0
86,60,2,20
86,61,1,0
86,61,2,20
86,62,1,0
86,62,2,20
86,63,1,0
86,63,2,20
86,64,1,0
86,64,2,20
86,65,1,0
86,65,2,20
86,66,1,0
86,66,2,20
86,67,1,0
86,67,2,20
86,68,1,0
86,68,2,20
86,69,1,0
86,69,2,20
86,70,1,0
86,70,2,20
86,71,1,0
86,71,2,20
86,72,1,0
86,72,2,20
86,73,1,0
86,73,2,20
86,74,1,0
86,74,2,20
86,75,1,0
86,75,2,20
86,76,1,0
86,76,2,20
86,77,1,0
86,77,2,20
86,78,1,0
86,78,2,20
86,79,1,0
86,79,2,20
86,80,1,0
86,80,2,20
87,0,1,0
87,0,2,20
87,1,1,0
87,1,2,20
87,2,1,0
87,2,2,20
87,3,1,0
87,3,2,20
87,4,1,0
87,4,2,20
87,5,1,0
87,5,2,20
87,6,1,0
87,6,2,20
87,7,1,0
87,7,2,20
87,8,1,0
87,8,2,20
87,9,1,0
87,9,2,20
87,10,1,0
87,10,2,20
87,11,1,0
87,11,2,20
87,12,1,0
87,12,2,20
87,13,1,0
87,13,2,20
87,14,1,0
87,14,2,20
87,15,1,0
87,15,2,20
87,16,1,0
87,16,2,20
87,17,1,0
87,17,2,20
87,18,1,0
87,18,2,20
87,19,1,0
87,19,2,20
87,20,1,0
87,20,2,20
87,21,1,0
87,21,2,20
87,22,1,0
87,22,2,20
87,23,1,0
87,23,2,20
87,24,1,0
87,24,2,20
87,25,1,0
87,25,2,20
87,26,1,0
87,26,2,20
87,27,1,0
87,27,2,20
87,28,1,0
87,28,2,20
87,29,1,0
87,29,2,20
87,30,1,0
87,30,2,20
87,31,1,0
87,31,2,20
87,32,1,0
87,32,2,20
87,33,1,0
87,33,2,20
87,34,1,0
87,34,2,20
87,35,1,0
87,35,2,20
87,36,1,0
87,36,2,20
87,37,1,0
87,37,2,20
87,38,1,0
87,38,2,20
87,39,1,0
87,39,2,20
87,40,1,0
87,40,2,20
87,41,1,0
87,41,2,20
87,42,1,0
87,42,2,20
87,43,1,0
87,43,2,20
87,44,1,0
87,44,2,20
87,45,1,0
87,45,2,20
87,46,1,0
87,46,2,20
87,47,1,0
87,47,2,20
87,48,1,0
87,48,2,20
87,49,1,0
87,49,2,20
87,50,1,0
87,50,2,20
87,51,1,0
87,51,2,20
87,52,1,0
87,52,2,20
87,53,1,0
87,53,2,20
87,54,1,0
87,54,2,20
87,55,1,0
87,55,2,20
87,56,1,0
87,56,2,20
87,57,1,0
87,57,2,20
87,58,1,0
87,58,2,20
87,59,1,0
87,59,2,20
87,60,1,0
87,60,2,20
87,61,1,0
87,61,2,20
87,62,1,0
87,62,2,20
87,63,1,0
87,63,2,20
87,64,1,0
87,64,2,20
87,65,1,0
87,65,2,20
87,66,1,0
87,66,2,20
87,67,1,0
87,67,2,20
87,68,1,0
87,68,2,20
87,69,1,0
87,69,2,20
87,70,1,0
87,70,2,20
87,71,1,0
87,71,2,20
87,72,1,0
87,72,2,20
87,73,1,0
87,73,2,20
87,74,1,0
87,74,2,20
87,75,1,0
87,75,2,20
87,76,1,0
87,76,2,20
87,77,1,0
87,77,2,20
87,78,1,0
87,78,2,20
87,79,1,0
87,79,2,20
87,80,1,0
87,80,2,20
88,0,1,0
88,0,2,20
88,1,1,0
88,1,2,20
88,2,1,0
88,2,2,20
88,3,1,0
88,3,2,20
88,4,1,0
88,4,2,20
88,5,1,0
88,5,2,20
88,6,1,0
88,6,2,20
88,7,1,0
88,7,2,20
88,8,1,0
88,8,2,20
88,9,1,0
88,9,2,20
88,10,1,0
88,10,2,20
88,11,1,0
88,11,2,20
88,12,1,0
88,12,2,20
88,13,1,0
88,13,2,20
88,14,1,0
88,14,2,20
88,15,1,0
88,15,2,20
88,16,1,0
88,16,2,20
88,17,1,0
88,17,2,20
88,18,1,0
88,18,2,20
88,19,1,0
88,19,2,20
88,20,1,0
88,20,2,20
88,21,1,0
88,21,2,20
88,22,1,0
88,22,2,20
88,23,1,0
88,23,2,20
88,24,1,0
88,24,2,20
88,25,1,0
88,25,2,20
88,26,1,0
88,26,2,20
88,27,1,0
88,27,2,20
88,28,1,0
88,28,2,20
88,29,1,0
88,29,2,20
88,30,1,0
88,30,2,20
88,31,1,0
88,31,2,20
88,32,1,0
88,32,2,20
88,33,1,0
88,33,2,20
88,34,1,0
88,34,2,20
88,35,1,0
88,35,2,20
88,36,1,0
88,36,2,20
88,37,1,0
88,37,2,20
88,38,1,0
88,38,2,20
88,39,1,0
88,39,2,20
88,40,1,0
88,40,2,20
88,41,1,0
88,41,2,20
88,42,1,0
88,42,2,20
88,43,1,0
88,43,2,20
88,44,1,0
88,44,2,20
88,45,1,0
88,45,2,20
88,46,1,0
88,46,2,20
88,47,1,0
88,47,2,20
88,48,1,0
88,48,2,20
88,49,1,0
88,49,2,20
88,50,1,0
88,50,2,20
88,51,1,0
88,51,2,20
88,52,1,0
88,52,2,20
88,53,1,0
88,53,2,20
88,54,1,0
88,54,2,20
88,55,1,0
88,55,2,20
88,56,1,0
88,56,2,20
88,57,1,0
88,57,2,20
88,58,1,0
88,58,2,20
88,59,1,0
88,59,2,20
88,60,1,0
88,60,2,20
88,61,1,0
88,61,2,20
88,62,1,0
88,62,2,20
88,63,1,0
88,63,2,20
88,64,1,0
88,64,2,20
88,65,1,0
88,65,2,20
88,66,1,0
88,66,2,20
88,67,1,0
88,67,2,20
88,68,1,0
88,68,2,20
88,69,1,0
88,69,2,20
88,70,1,0
88,70,2,20
88,71,1,0
88,71,2,20
88,72,1,0
88,72,2,20
88,73,1,0
88,73,2,20
88,74,1,0
88,74,2,20
88,75,1,0
88,75,2,20
88,76,1,0
88,76,2,20
88,77,1,0
88,77,2,20
88,78,1,0
88,78,2,20
88,79,1,0
88,79,2,20
88,80,1,0
88,80,2,20
89,0,1,0
89,0,2,20
89,1,1,0
89,1,2,20
89,2,1,0
89,2,2,20
89,3,1,0
89,3,2,20
89,4,1,0
89,4,2,20
89,5,1,0
89,5,2,20
89,6,1,0
89,6,2,20
89,7,1,0
89,7,2,20
89,8,1,0
89,8,2,20
89,9,1,0
89,9,2,20
89,10,1,0
89,10,2,20
89,11,1,0
89,11,2,20
89,12,1,0
89,12,2,20
89,13,1,0
89,13,2,20
89,14,1,0
89,14,2,20
89,15,1,0
89,15,2,20
89,16,1,0
89,16,2,20
89,17,1,0
89,17,2,20
89,18,1,0
89,18,2,20
89,19,1,0
89,19,2,20
89,20,1,0
89,20,2,20
89,21,1,0
89,21,2,20
89,22,1,0
89,22,2,20
89,23,1,0
89,23,2,20
89,24,1,0
89,24,2,20
89,25,1,0
89,25,2,20
89,26,1,0
89,26,2,20
89,27,1,0
89,27,2,20
89,28,1,0
89,28,2,20
89,29,1,0
89,29,2,20
89,30,1,0
89,30,2,20
89,31,1,0
89,31,2,20
89,32,1,0
89,32,2,20
89,33,1,0
89,33,2,20
89,34,1,0
89,34,2,20
89,35,1,0
89,35,2,20
89,36,1,0
89,36,2,20
89,37,1,0
89,37,2,20
89,38,1,0
89,38,2,20
89,39,1,0
89,39,2,20
89,40,1,0
89,40,2,20
89,41,1,0
89,41,2,20
89,42,1,0
89,42,2,20
89,43,1,0
89,43,2,20
89,44,1,0
89,44,2,20
89,45,1,0
89,45,2,20
89,46,1,0
89,46,2,20
89,47,1,0
89,47,2,20
89,48,1,0
89,48,2,20
89,49,1,0
89,49,2,20
89,50,1,0
89,50,2,20
89,51,1,0
89,51,2,20
89,52,1,0
89,52,2,20
89,53,1,0
89,53,2,20
89,54,1,0
89,54,2,20
89,55,1,0
89,55,2,20
89,56,1,0
89,56,2,20
89,57,1,0
89,57,2,20
89,58,1,0
89,58,2,20
89,59,1,0
89,59,2,20
89,60,1,0
89,60,2,20
89,61,1,0
89,61,2,20
89,62,1,0
89,62,2,20
89,63,1,0
89,63,2,20
89,64,1,0
89,64,2,20
89,65,1,0
89,65,2,20
89,66,1,0
89,66,2,20
89,67,1,0
89,67,2,20
89,68,1,0
89,68,2,20
89,69,1,0
89,69,2,20
89,70,1,0
89,70,2,20
89,71,1,0
89,71,2,20
89,72,1,0
89,72,2,20
89,73,1,0
89,73,2,20
89,74,1,0
89,74,2,20
89,75,1,0
89,75,2,20
89,76,1,0
89,76,2,20
89,77,1,0
89,77,2,20
89,78,1,0
89,78,2,20
89,79,1,0
89,79,2,20
89,80,1,0
89,80,2,20
90,0,1,0
90,0,2,20
90,1,1,0
90,1,2,20
90,2,1,0
90,2,2,20
90,3,1,0
90,3,2,20
90,4,1,0
90,4,2,20
90,5,1,0
90,5,2,20
90,6,1,0
90,6,2,20
90,7,1,0
90,7,2,20
90,8,1,0
90,8,2,20
90,9,1,0
90,9,2,20
90,10,1,0
90,10,2,20
90,11,1,0
90,11,2,20
90,12,1,0
90,12,2,20
90,13,1,0
90,13,2,20
90,14,1,0
90,14,2,20
90,15,1,0
90,15,2,20
90,16,1,0
90,16,2,20
90,17,1,0
90,17,2,20
90,18,1,0
90,18,2,20
90,19,1,0
90,19,2,20
90,20,1,0
90,20,2,20
90,21,1,0
90,21,2,20
90,22,1,0
90,22,2,20
90,23,1,0
90,23,2,20
90,24,1,0
90,24,2,20
90,25,1,0
90,25,2,20
90,26,1,0
90,26,2,20
90,27,1,0
90,27,2,20
90,28,1,0
90,28,2,20
90,29,1,0
90,29,2,20
90,30,1,0
90,30,2,20
90,31,1,0
90,31,2,20
90,32,1,0
90,32,2,20
90,33,1,0
90,33,2,20
90,34,1,0
90,34,2,20
90,35,1,0
90,35,2,20
90,36,1,0
90,36,2,20
90,37,1,0
90,37,2,20
90,38,1,0
90,38,2,20
90,39,1,0
90,39,2,20
90,40,1,0
90,40,2,20
90,41,1,0
90,41,2,20
90,42,1,0
90,42,2,20
90,43,1,0
90,43,2,20
90,44,1,0
90,44,2,20
90,45,1,0
90,45,2,20
90,46,1,0
90,46,2,20
90,47,1,0
90,47,2,20
90,48,1,0
90,48,2,20
90,49,1,0
90,49,2,20
90,50,1,0
90,50,2,20
90,51,1,0
90,51,2,20
90,52,1,0
90,52,2,20
90,53,1,0
90,53,2,20
90,54,1,0
90,54,2,20
90,55,1,0
90,55,2,20
90,56,1,0
90,56,2,20
90,57,1,0
90,57,2,20
90,58,1,0
90,58,2,20
90,59,1,0
90,59,2,20
90,60,1,0
90,60,2,20
90,61,1,0
90,61,2,20
90,62,1,0
90,62,2,20
90,63,1,0
90,63,2,20
90,64,1,0
90,64,2,20
90,65,1,0
90,65,2,20
90,66,1,0
90,66,2,20
90,67,1,0
90,67,2,20
90,68,1,0
90,68,2,20
90,69,1,0
90,69,2,20
90,70,1,0
90,70,2,20
90,71,1,0
90,71,2,20
90,72,1,0
90,72,2,20
90,73,1,0
90,73,2,20
90,74,1,0
90,74,2,20
90,75,1,0
90,75,2,20
90,76,1,0
90,76,2,20
90,77,1,0
90,77,2,20
90,78,1,0
90,78,2,20
90,79,1,0
90,79,2,20
90,80,1,0
90,80,2,20
91,0,1,0
91,0,2,20
91,1,1,0
91,1,2,20
91,2,1,0
91,2,2,20
91,3,1,0
91,3,2,20
91,4,1,0
91,4,2,20
91,5,1,0
91,5,2,20
91,6,1,0
91,6,2,20
91,7,1,0
91,7,2,20
91,8,1,0
91,8,2,20
91,9,1,0
91,9,2,20
91,10,1,0
91,10,2,20
91,11,1,0
91,11,2,20
91,12,1,0
91,12,2,20
91,13,1,0
91,13,2,20
91,14,1,0
91,14,2,20
91,15,1,0
91,15,2,20
91,16,1,0
91,16,2,20
91,17,1,0
91,17,2,20
91,18,1,0
91,18,2,20
91,19,1,0
91,19,2,20
91,20,1,0
91,20,2,20
91,21,1,0
91,21,2,20
91,22,1,0
91,22,2,20
91,23,1,0
91,23,2,20
91,24,1,0
91,24,2,20
91,25,1,0
91,25,2,20
91,26,1,0
91,26,2,20
91,27,1,0
91,27,2,20
91,28,1,0
91,28,2,20
91,29,1,0
91,29,2,20
91,30,1,0
91,30,2,20
91,31,1,0
91,31,2,20
91,32,1,0
91,32,2,20
91,33,1,0
91,33,2,20
91,34,1,0
91,34,2,20
91,35,1,0
91,35,2,20
91,36,1,0
91,36,2,20
91,37,1,0
91,37,2,20
91,38,1,0
91,38,2,20
91,39,1,0
91,39,2,20
91,40,1,0
91,40,2,20
91,41,1,0
91,41,2,20
91,42,1,0
91,42,2,20
91,43,1,0
91,43,2,20
91,44,1,0
91,44,2,20
91,45,1,0
91,45,2,20
91,46,1,0
91,46,2,20
91,47,1,0
91,47,2,20
91,48,1,0
91,48,2,20
91,49,1,0
91,49,2,20
91,50,1,0
91,50,2,20
91,51,1,0
91,51,2,20
91,52,1,0
91,52,2,20
91,53,1,0
91,53,2,20
91,54,1,0
91,54,2,20
91,55,1,0
91,55,2,20
91,56,1,0
91,56,2,20
91,57,1,0
91,57,2,20
91,58,1,0
91,58,2,20
91,59,1,0
91,59,2,20
91,60,1,0
91,60,2,20
91,61,1,0
91,61,2,20
91,62,1,0
91,62,2,20
91,63,1,0
91,63,2,20
91,64,1,0
91,64,2,20
91,65,1,0
91,65,2,20
91,66,1,0
91,66,2,20
91,67,1,0
91,67,2,20
91,68,1,0
91,68,2,20
91,69,1,0
91,69,2,20
91,70,1,0
91,70,2,20
91,71,1,0
91,71,2,20
91,72,1,0
91,72,2,20
91,73,1,0
91,73,2,20
91,74,1,0
91,74,2,20
91,75,1,0
91,75,2,20
91,76,1,0
91,76,2,20
91,77,1,0
91,77,2,20
91,78,1,0
91,78,2,20
91,79,1,0
91,79,2,20
91,80,1,0
91,80,2,20
92,0,1,0
92,0,2,20
92,1,1,0
92,1,2,20
92,2,1,0
92,2,2,20
92,3,1,0
92,3,2,20
92,4,1,0
92,4,2,20
92,5,1,0
92,5,2,20
92,6,1,0
92,6,2,20
92,7,1,0
92,7,2,20
92,8,1,0
92,8,2,20
92,9,1,0
92,9,2,20
92,10,1,0
92,10,2,20
92,11,1,0
92,11,2,20
92,12,1,0
92,12,2,20
92,13,1,0
92,13,2,20
92,14,1,0
92,14,2,20
92,15,1,0
92,15,2,20
92,16,1,0
92,16,2,20
92,17,1,0
92,17,2,20
92,18,1,0
92,18,2,20
92,19,1,0
92,19,2,20
92,20,1,0
92,20,2,20
92,21,1,0
92,21,2,20
92,22,1,0
92,22,2,20
92,23,1,0
92,23,2,20
92,24,1,0
92,24,2,20
92,25,1,0
92,25,2,20
92,26,1,0
92,26,2,20
92,27,1,0
92,27,2,20
92,28,1,0
92,28,2,20
92,29,1,0
92,29,2,20
92,30,1,0
92,30,2,20
92,31,1,0
92,31,2,20
92,32,1,0
92,32,2,20
92,33,1,0
92,33,2,20
92,34,1,0
92,34,2,20
92,35,1,0
92,35,2,20
92,36,1,0
92,36,2,20
92,37,1,0
92,37,2,20
92,38,1,0
92,38,2,20
92,39,1,0
92,39,2,20
92,40,1,0
92,40,2,20
92,41,1,0
92,41,2,20
92,42,1,0
92,42,2,20
92,43,1,0
92,43,2,20
92,44,1,0
92,44,2,20
92,45,1,0
92,45,2,20
92,46,1,0
92,46,2,20
92,47,1,0
92,47,2,20
92,48,1,0
92,48,2,20
92,49,1,0
92,49,2,20
92,50,1,0
92,50,2,20
92,51,1,0
92,51,2,20
92,52,1,0
92,52,2,20
92,53,1,0
92,53,2,20
92,54,1,0
92,54,2,20
92,55,1,0
92,55,2,20
92,56,1,0
92,56,2,20
92,57,1,0
92,57,2,20
92,58,1,0
92,58,2,20
92,59,1,0
92,59,2,20
92,60,1,0
92,60,2,20
92,61,1,0
92,61,2,20
92,62,1,0
92,62,2,20
92,63,1,0
92,63,2,20
92,64,1,0
92,64,2,20
92,65,1,0
92,65,2,20
92,66,1,0
92,66,2,20
92,67,1,0
92,67,2,20
92,68,1,0
92,68,2,20
92,69,1,0
92,69,2,20
92,70,1,0
92,70,2,20
92,71,1,0
92,71,2,20
92,72,1,0
92,72,2,20
92,73,1,0
92,73,2,20
92,74,1,0
92,74,2,20
92,75,1,0
92,75,2,20
92,76,1,0
92,76,2,20
92,77,1,0
92,77,2,20
92,78,1,0
92,78,2,20
92,79,1,0
92,79,2,20
92,80,1,0
92,80,2,20
93,0,1,0
93,0,2,20
93,1,1,0
93,1,2,20
93,2,1,0
93,2,2,20
93,3,1,0
93,3,2,20
93,4,1,0
93,4,2,20
93,5,1,0
93,5,2,20
93,6,1,0
93,6,2,20
93,7,1,0
93,7,2,20
93,8,1,0
93,8,2,20
93,9,1,0
93,9,2,20
93,10,1,0
93,10,2,20
93,11,1,0
93,11,2,20
93,12,1,0
93,12,2,20
93,13,1,0
93,13,2,20
93,14,1,0
93,14,2,20
93,15,1,0
93,15,2,20
93,16,1,0
93,16,2,20
93,17,1,0
93,17,2,20
93,18,1,0
93,18,2,20
93,19,1,0
93,19,2,20
93,20,1,0
93,20,2,20
93,21,1,0
93,21,2,20
93,22,1,0
93,22,2,20
93,23,1,0
93,23,2,20
93,24,1,0
93,24,2,20
93,25,1,0
93,25,2,20
93,26,1,0
93,26,2,20
93,27,1,0
93,27,2,20
93,28,1,0
93,28,2,20
93,29,1,0
93,29,2,20
93,30,1,0
93,30,2,20
93,31,1,0
93,31,2,20
93,32,1,0
93,32,2,20
93,33,1,0
93,33,2,20
93,34,1,0
93,34,2,20
93,35,1,0
93,35,2,20
93,36,1,0
93,36,2,20
93,37,1,0
93,37,2,20
93,38,1,0
93,38,2,20
93,39,1,0
93,39,2,20
93,40,1,0
93,40,2,20
93,41,1,0
93,41,2,20
93,42,1,0
93,42,2,20
93,43,1,0
93,43,2,20
93,44,1,0
93,44,2,20
93,45,1,0
93,45,2,20
93,46,1,0
93,46,2,20
93,47,1,0
93,47,2,20
93,48,1,0
93,48,2,20
93,49,1,0
93,49,2,20
93,50,1,0
93,50,2,20
93,51,1,0
93,51,2,20
93,52,1,0
93,52,2,20
93,53,1,0
93,53,2,20
93,54,1,0
93,54,2,20
93,55,1,0
93,55,2,20
93,56,1,0
93,56,2,20
93,57,1,0
93,57,2,20
93,58,1,0
93,58,2,20
93,59,1,0
93,59,2,20
93,60,1,0
93,60,2,20
93,61,1,0
93,61,2,20
93,62,1,0
93,62,2,20
93,63,1,0
93,63,2,20
93,64,1,0
93,64,2,20
93,65,1,0
93,65,2,20
93,66,1,0
93,66,2,20
93,67,1,0
93,67,2,20
93,68,1,0
93,68,2,20
93,69,1,0
93,69,2,20
93,70,1,0
93,70,2,20
93,71,1,0
93,71,2,20
93,72,1,0
93,72,2,20
93,73,1,0
93,73,2,20
93,74,1,0
93,74,2,20
93,75,1,0
93,75,2,20
93,76,1,0
93,76,2,20
93,77,1,0
93,77,2,20
93,78,1,0
93,78,2,20
93,79,1,0
93,79,2,20
93,80,1,0
93,80,2,20
94,0,1,0
94,0,2,20
94,1,1,0
94,1,2,20
94,2,1,0
94,2,2,20
94,3,1,0
94,3,2,20
94,4,1,0
94,4,2,20
94,5,1,0
94,5,2,20
94,6,1,0
94,6,2,20
94,7,1,0
94,7,2,20
94,8,1,0
94,8,2,20
94,9,1,0
94,9,2,20
94,10,1,0
94,10,2,20
94,11,1,0
94,11,2,20
94,12,1,0
94,12,2,20
94,13,1,0
94,13,2,20
94,14,1,0
94,14,2,20
94,15,1,0
94,15,2,20
94,16,1,0
94,16,2,20
94,17,1,0
94,17,2,20
94,18,1,0
94,18,2,20
94,19,1,0
94,19,2,20
94,20,1,0
94,20,2,20
94,21,1,0
94,21,2,20
94,22,1,0
94,22,2,20
94,23,1,0
94,23,2,20
94,24,1,0
94,24,2,20
94,25,1,0
94,25,2,20
94,26,1,0
94,26,2,20
94,27,1,0
94,27,2,20
94,28,1,0
94,28,2,20
94,29,1,0
94,29,2,20
94,30,1,0
94,30,2,20
94,31,1,0
94,31,2,20
94,32,1,0
94,32,2,20
94,33,1,0
94,33,2,20
94,34,1,0
94,34,2,20
94,35,1,0
94,35,2,20
94,36,1,0
94,36,2,20
94,37,1,0
94,37,2,20
94,38,1,0
94,38,2,20
94,39,1,0
94,39,2,20
94,40,1,0
94,40,2,20
94,41,1,0
94,41,2,20
94,42,1,0
94,42,2,20
94,43,1,0
94,43,2,20
94,44,1,0
94,44,2,20
94,45,1,0
94,45,2,20
94,46,1,0
94,46,2,20
94,47,1,0
94,47,2,20
94,48,1,0
94,48,2,20
94,49,1,0
94,49,2,20
94,50,1,0
94,50,2,20
94,51,1,0
94,51,2,20
94,52,1,0
94,52,2,20
94,53,1,0
94,53,2,20
94,54,1,0
94,54,2,20
94,55,1,0
94,55,2,20
94,56,1,0
94,56,2,20
94,57,1,0
94,57,2,20
94,58,1,0
94,58,2,20
94,59,1,0
94,59,2,20
94,60,1,0
94,60,2,20
94,61,1,0
94,61,2,20
94,62,1,0
94,62,2,20
94,63,1,0
94,63,2,20
94,64,1,0
94,64,2,20
94,65,1,0
94,65,2,20
94,66,1,0
94,66,2,20
94,67,1,0
94,67,2,20
94,68,1,0
94,68,2,20
94,69,1,0
94,69,2,20
94,70,1,0
94,70,2,20
94,71,1,0
94,71,2,20
94,72,1,0
94,72,2,20
94,73,1,0
94,73,2,20
94,74,1,0
94,74,2,20
94,75,1,0
94,75,2,20
94,76,1,0
94,76,2,20
94,77,1,0
94,77,2,20
94,78,1,0
94,78,2,20
94,79,1,0
94,79,2,20
94,80,1,0
94,80,2,20
95,0,1,0
95,0,2,20
95,1,1,0
95,1,2,20
95,2,1,0
95,2,2,20
95,3,1,0
95,3,2,20
95,4,1,0
95,4,2,20
95,5,1,0
95,5,2,20
95,6,1,0
95,6,2,20
95,7,1,0
95,7,2,20
95,8,1,0
95,8,2,20
95,9,1,0
95,9,2,20
95,10,1,0
95,10,2,20
95,11,1,0
95,11,2,20
95,12,1,0
95,12,2,20
95,13,1,0
95,13,2,20
95,14,1,0
95,14,2,20
95,15,1,0
95,15,2,20
95,16,1,0
95,16,2,20
95,17,1,0
95,17,2,20
95,18,1,0
95,18,2,20
95,19,1,0
95,19,2,20
95,20,1,0
95,20,2,20
95,21,1,0
95,21,2,20
95,22,1,0
95,22,2,20
95,23,1,0
95,23,2,20
95,24,1,0
95,24,2,20
95,25,1,0
95,25,2,20
95,26,1,0
95,26,2,20
95,27,1,0
95,27,2,20
95,28,1,0
95,28,2,20
95,29,1,0
95,29,2,20
95,30,1,0
95,30,2,20
95,31,1,0
95,31,2,20
95,32,1,0
95,32,2,20
95,33,1,0
95,33,2,20
95,34,1,0
95,34,2,20
95,35,1,0
95,35,2,20
95,36,1,0
95,36,2,20
95,37,1,0
95,37,2,20
95,38,1,0
95,38,2,20
95,39,1,0
95,39,2,20
95,40,1,0
95,40,2,20
95,41,1,0
95,41,2,20
95,42,1,0
95,42,2,20
95,43,1,0
95,43,2,20
95,44,1,0
95,44,2,20
95,45,1,0
95,45,2,20
95,46,1,0
95,46,2,20
95,47,1,0
95,47,2,20
95,48,1,0
95,48,2,20
95,49,1,0
95,49,2,20
95,50,1,0
95,50,2,20
95,51,1,0
95,51,2,20
95,52,1,0
95,52,2,20
95,53,1,0
95,53,2,20
95,54,1,0
95,54,2,20
95,55,1,0
95,55,2,20
95,56,1,0
95,56,2,20
95,57,1,0
95,57,2,20
95,58,1,0
95,58,2,20
95,59,1,0
95,59,2,20
95,60,1,0
95,60,2,20
95,61,1,0
95,61,2,20
95,62,1,0
95,62,2,20
95,63,1,0
95,63,2,20
95,64,1,0
95,64,2,20
95,65,1,0
95,65,2,20
95,66,1,0
95,66,2,20
95,67,1,0
95,67,2,20
95,68,1,0
95,68,2,20
95,69,1,0
95,69,2,20
95,70,1,0
95,70,2,20
95,71,1,0
95,71,2,20
95,72,1,0
95,72,2,20
95,73,1,0
95,73,2,20
95,74,1,0
95,74,2,20
95,75,1,0
95,75,2,20
95,76,1,0
95,76,2,20
95,77,1,0
95,77,2,20
95,78,1,0
95,78,2,20
95,79,1,0
95,79,2,20
95,80,1,0
95,80,2,20
96,0,1,0
96,0,2,20
96,1,1,0
96,1,2,20
96,2,1,0
96,2,2,20
96,3,1,0
96,3,2,20
96,4,1,0
96,4,2,20
96,5,1,0
96,5,2,20
96,6,1,0
96,6,2,20
96,7,1,0
96,7,2,20
96,8,1,0
96,8,2,20
96,9,1,0
96,9,2,20
96,10,1,0
96,10,2,20
96,11,1,0
96,11,2,20
96,12,1,0
96,12,2,20
96,13,1,0
96,13,2,20
96,14,1,0
96,14,2,20
96,15,1,0
96,15,2,20
96,16,1,0
96,16,2,20
96,17,1,0
96,17,2,20
96,18,1,0
96,18,2,20
96,19,1,0
96,19,2,20
96,20,1,0
96,20,2,20
96,21,1,0
96,21,2,20
96,22,1,0
96,22,2,20
96,23,1,0
96,23,2,20
96,24,1,0
96,24,2,20
96,25,1,0
96,25,2,20
96,26,1,0
96,26,2,20
96,27,1,0
96,27,2,20
96,28,1,0
96,28,2,20
96,29,1,0
96,29,2,20
96,30,1,0
96,30,2,20
96,31,1,0
96,31,2,20
96,32,1,0
96,32,2,20
96,33,1,0
96,33,2,20
96,34,1,0
96,34,2,20
96,35,1,0
96,35,2,20
96,36,1,0
96,36,2,20
96,37,1,0
96,37,2,20
96,38,1,0
96,38,2,20
96,39,1,0
96,39,2,20
96,40,1,0
96,40,2,20
96,41,1,0
96,41,2,20
96,42,1,0
96,42,2,20
96,43,1,0
96,43,2,20
96,44,1,0
96,44,2,20
96,45,1,0
96,45,2,20
96,46,1,0
96,46,2,20
96,47,1,0
96,47,2,20
96,48,1,0
96,48,2,20
96,49,1,0
96,49,2,20
96,50,1,0
96,50,2,20
96,51,1,0
96,51,2,20
96,52,1,0
96,52,2,20
96,53,1,0
96,53,2,20
96,54,1,0
96,54,2,20
96,55,1,0
96,55,2,20
96,56,1,0
96,56,2,20
96,57,1,0
96,57,2,20
96,58,1,0
96,58,2,20
96,59,1,0
96,59,2,20
96,60,1,0
96,60,2,20
96,61,1,0
96,61,2,20
96,62,1,0
96,62,2,20
96,63,1,0
96,63,2,20
96,64,1,0
96,64,2,20
96,65,1,0
96,65,2,20
96,66,1,0
96,66,2,20
96,67,1,0
96,67,2,20
96,68,1,0
96,68,2,20
96,69,1,0
96,69,2,20
96,70,1,0
96,70,2,20
96,71,1,0
96,71,2,20
96,72,1,0
96,72,2,20
96,73,1,0
96,73,2,20
96,74,1,0
96,74,2,20
96,75,1,0
96,75,2,20
96,76,1,0
96,76,2,20
96,77,1,0
96,77,2,20
96,78,1,0
96,78,2,20
96,79,1,0
96,79,2,20
96,80,1,0
96,80,2,20
97,0,1,0
97,0,2,20
97,1,1,0
97,1,2,20
97,2,1,0
97,2,2,20
97,3,1,0
97,3,2,20
97,4,1,0
97,4,2,20
97,5,1,0
97,5,2,20
97,6,1,0
97,6,2,20
97,7,1,0
97,7,2,20
97,8,1,0
97,8,2,20
97,9,1,0
97,9,2,20
97,10,1,0
97,10,2,20
97,11,1,0
97,11,2,20
97,12,1,0
97,12,2,20
97,13,1,0
97,13,2,20
97,14,1,0
97,14,2,20
97,15,1,0
97,15,2,20
97,16,1,0
97,16,2,20
97,17,1,0
97,17,2,20
97,18,1,0
97,18,2,20
97,19,1,0
97,19,2,20
97,20,1,0
97,20,2,20
97,21,1,0
97,21,2,20
97,22,1,0
97,22,2,20
97,23,1,0
97,23,2,20
97,24,1,0
97,24,2,20
97,25,1,0
97,25,2,20
97,26,1,0
97,26,2,20
97,27,1,0
97,27,2,20
97,28,1,0
97,28,2,20
97,29,1,0
97,29,2,20
97,30,1,0
97,30,2,20
97,31,1,0
97,31,2,20
97,32,1,0
97,32,2,20
97,33,1,0
97,33,2,20
97,34,1,0
97,34,2,20
97,35,1,0
97,35,2,20
97,36,1,0
97,36,2,20
97,37,1,0
97,37,2,20
97,38,1,0
97,38,2,20
97,39,1,0
97,39,2,20
97,40,1,0
97,40,2,20
97,41,1,0
97,41,2,20
97,42,1,0
97,42,2,20
97,43,1,0
97,43,2,20
97,44,1,0
97,44,2,20
97,45,1,0
97,45,2,20
97,46,1,0
97,46,2,20
97,47,1,0
97,47,2,20
97,48,1,0
97,48,2,20
97,49,1,0
97,49,2,20
97,50,1,0
97,50,2,20
97,51,1,0
97,51,2,20
97,52,1,0
97,52,2,20
97,53,1,0
97,53,2,20
97,54,1,0
97,54,2,20
97,55,1,0
97,55,2,20
97,56,1,0
97,56,2,20
97,57,1,0
97,57,2,20
97,58,1,0
97,58,2,20
97,59,1,0
97,59,2,20
97,60,1,0
97,60,2,20
97,61,1,0
97,61,2,20
97,62,1,0
97,62,2,20
97,63,1,0
97,63,2,20
97,64,1,0
97,64,2,20
97,65,1,0
97,65,2,20
97,66,1,0
97,66,2,20
97,67,1,0
97,67,2,20
97,68,1,0
97,68,2,20
97,69,1,0
97,69,2,20
97,70,1,0
97,70,2,20
97,71,1,0
97,71,2,20
97,72,1,0
97,72,2,20
97,73,1,0
97,73,2,20
97,74,1,0
97,74,2,20
97,75,1,0
97,75,2,20
97,76,1,0
97,76,2,20
97,77,1,0
97,77,2,20
97,78,1,0
97,78,2,20
97,79,1,0
97,79,2,20
97,80,1,0
97,80,2,20
98,0,1,0
98,0,2,20
98,1,1,0
98,1,2,20
98,2,1,0
98,2,2,20
98,3,1,0
98,3,2,20
98,4,1,0
98,4,2,20
98,5,1,0
98,5,2,20
98,6,1,0
98,6,2,20
98,7,1,0
98,7,2,20
98,8,1,0
98,8,2,20
98,9,1,0
98,9,2,20
98,10,1,0
98,10,2,20
98,11,1,0
98,11,2,20
98,12,1,0
98,12,2,20
98,13,1,0
98,13,2,20
98,14,1,0
98,14,2,20
98,15,1,0
98,15,2,20
98,16,1,0
98,16,2,20
98,17,1,0
98,17,2,20
98,18,1,0
98,18,2,20
98,19,1,0
98,19,2,20
98,20,1,0
98,20,2,20
98,21,1,0
98,21,2,20
98,22,1,0
98,22,2,20
98,23,1,0
98,23,2,20
98,24,1,0
98,24,2,20
98,25,1,0
98,25,2,20
98,26,1,0
98,26,2,20
98,27,1,0
98,27,2,20
98,28,1,0
98,28,2,20
98,29,1,0
98,29,2,20
98,30,1,0
98,30,2,20
98,31,1,0
98,31,2,20
98,32,1,0
98,32,2,20
98,33,1,0
98,33,2,20
98,34,1,0
98,34,2,20
98,35,1,0
98,35,2,20
98,36,1,0
98,36,2,20
98,37,1,0
98,37,2,20
98,38,1,0
98,38,2,20
98,39,1,0
98,39,2,20
98,40,1,0
98,40,2,20
98,41,1,0
98,41,2,20
98,42,1,0
98,42,2,20
98,43,1,0
98,43,2,20
98,44,1,0
98,44,2,20
98,45,1,0
98,45,2,20
98,46,1,0
98,46,2,20
98,47,1,0
98,47,2,20
98,48,1,0
98,48,2,20
98,49,1,0
98,49,2,20
98,50,1,0
98,50,2,20
98,51,1,0
98,51,2,20
98,52,1,0
98,52,2,20
98,53,1,0
98,53,2,20
98,54,1,0
98,54,2,20
98,55,1,0
98,55,2,20
98,56,1,0
98,56,2,20
98,57,1,0
98,57,2,20
98,58,1,0
98,58,2,20
98,59,1,0
98,59,2,20
98,60,1,0
98,60,2,20
98,61,1,0
98,61,2,20
98,62,1,0
98,62,2,20
98,63,1,0
98,63,2,20
98,64,1,0
98,64,2,20
98,65,1,0
98,65,2,20
98,66,1,0
98,66,2,20
98,67,1,0
98,67,2,20
98,68,1,0
98,68,2,20
98,69,1,0
98,69,2,20
98,70,1,0
98,70,2,20
98,71,1,0
98,71,2,20
98,72,1,0
98,72,2,20
98,73,1,0
98,73,2,20
98,74,1,0
98,74,2,20
98,75,1,0
98,75,2,20
98,76,1,0
98,76,2,20
98,77,1,0
98,77,2,20
98,78,1,0
98,78,2,20
98,79,1,0
98,79,2,20
98,80,1,0
98,80,2,20
99,0,1,0
99,0,2,20
99,1,1,0
99,1,2,20
99,2,1,0
99,2,2,20
99,3,1,0
99,3,2,20
99,4,1,0
99,4,2,20
99,5,1,0
99,5,2,20
99,6,1,0
99,6,2,20
99,7,1,0
99,7,2,20
99,8,1,0
99,8,2,20
99,9,1,0
99,9,2,20
99,10,1,0
99,10,2,20
99,11,1,0
99,11,2,20
99,12,1,0
99,12,2,20
99,13,1,0
99,13,2,20
99,14,1,0
99,14,2,20
99,15,1,0
99,15,2,20
99,16,1,0
99,16,2,20
99,17,1,0
99,17,2,20
99,18,1,0
99,18,2,20
99,19,1,0
99,19,2,20
99,20,1,0
99,20,2,20
99,21,1,0
99,21,2,20
99,22,1,0
99,22,2,20
99,23,1,0
99,23,2,20
99,24,1,0
99,24,2,20
99,25,1,0
99,25,2,20
99,26,1,0
99,26,2,20
99,27,1,0
99,27,2,20
99,28,1,0
99,28,2,20
99,29,1,0
99,29,2,20
99,30,1,0
99,30,2,20
99,31,1,0
99,31,2,20
99,32,1,0
99,32,2,20
99,33,1,0
99,33,2,20
99,34,1,0
99,34,2,20
99,35,1,0
99,35,2,20
99,36,1,0
99,36,2,20
99,37,1,0
99,37,2,20
99,38,1,0
99,38,2,20
99,39,1,0
99,39,2,20
99,40,1,0
99,40,2,20
99,41,1,0
99,41,2,20
99,42,1,0
99,42,2,20
99,43,1,0
99,43,2,20
99,44,1,0
99,44,2,20
99,45,1,0
99,45,2,20
99,46,1,0
99,46,2,20
99,47,1,0
99,47,2,20
99,48,1,0
99,48,2,20
99,49,1,0
99,49,2,20
99,50,1,0
99,50,2,20
99,51,1,0
99,51,2,20
99,52,1,0
99,52,2,20
99,53,1,0
99,53,2,20
99,54,1,0
99,54,2,20
99,55,1,0
99,55,2,20
99,56,1,0
99,56,2,20
99,57,1,0
99,57,2,20
99,58,1,0
99,58,2,20
99,59,1,0
99,59,2,20
99,60,1,0
99,60,2,20
99,61,1,0
99,61,2,20
99,62,1,0
99,62,2,20
99,63,1,0
99,63,2,20
99,64,1,0
99,64,2,20
99,65,1,0
99,65,2,20
99,66,1,0
99,66,2,20
99,67,1,0
99,67,2,20
99,68,1,0
99,68,2,20
99,69,1,0
99,69,2,20
99,70,1,0
99,70,2,20
99,71,1,0
99,71,2,20
99,72,1,0
99,72,2,20
99,73,1,0
99,73,2,20
99,74,1,0
99,74,2,20
99,75,1,0
99,75,2,20
99,76,1,0
99,76,2,20
99,77,1,0
99,77,2,20
99,78,1,0
99,78,2,20
99,79,1,0
99,79,2,20
99,80,1,0
99,80,2,20
100,0,1,0
100,0,2,20
100,1,1,0
100,1,2,20
100,2,1,0
100,2,2,20
100,3,1,0
100,3,2,20
100,4,1,0
100,4,2,20
100,5,1,0
100,5,2,20
100,6,1,0
100,6,2,20
100,7,1,0
100,7,2,20
100,8,1,0
100,8,2,20
100,9,1,0
100,9,2,20
100,10,1,0
100,10,2,20
100,11,1,0
100,11,2,20
100,12,1,0
100,12,2,20
100,13,1,0
100,13,2,20
100,14,1,0
100,14,2,20
100,15,1,0
100,15,2,20
100,16,1,0
100,16,2,20
100,17,1,0
100,17,2,20
100,18,1,0
100,18,2,20
100,19,1,0
100,19,2,20
100,20,1,0
100,20,2,20
100,21,1,0
100,21,2,20
100,22,1,0
100,22,2,20
100,23,1,0
100,23,2,20
100,24,1,0
100,24,2,20
100,25,1,0
100,25,2,20
100,26,1,0
100,26,2,20
100,27,1,0
100,27,2,20
100,28,1,0
100,28,2,20
100,29,1,0
100,29,2,20
100,30,1,0
100,30,2,20
100,31,1,0
100,31,2,20
100,32,1,0
100,32,2,20
100,33,1,0
100,33,2,20
100,34,1,0
100,34,2,20
100,35,1,0
100,35,2,20
100,36,1,0
100,36,2,20
100,37,1,0
100,37,2,20
100,38,1,0
100,38,2,20
100,39,1,0
100,39,2,20
100,40,1,0
100,40,2,20
100,41,1,0
100,41,2,20
100,42,1,0
100,42,2,20
100,43,1,0
100,43,2,20
100,44,1,0
100,44,2,20
100,45,1,0
100,45,2,20
100,46,1,0
100,46,2,20
100,47,1,0
100,47,2,20
100,48,1,0
100,48,2,20
100,49,1,0
100,49,2,20
100,50,1,0
100,50,2,20
100,51,1,0
100,51,2,20
100,52,1,0
100,52,2,20
100,53,1,0
100,53,2,20
100,54,1,0
100,54,2,20
100,55,1,0
100,55,2,20
100,56,1,0
100,56,2,20
100,57,1,0
100,57,2,20
100,58,1,0
100,58,2,20
100,59,1,0
100,59,2,20
100,60,1,0
100,60,2,20
100,61,1,0
100,61,2,20
100,62,1,0
100,62,2,20
100,63,1,0
100,63,2,20
100,64,1,0
100,64,2,20
100,65,1,0
100,65,2,20
100,66,1,0
100,66,2,20
100,67,1,0
100,67,2,20
100,68,1,0
100,68,2,20
100,69,1,0
100,69,2,20
100,70,1,0
100,70,2,20
100,71,1,0
100,71,2,20
100,72,1,0
100,72,2,20
100,73,1,0
100,73,2,20
100,74,1,0
100,74,2,20
100,75,1,0
100,75,2,20
100,76,1,0
100,76,2,20
100,77,1,0
100,77,2,20
100,78,1,0
100,78,2,20
100,79,1,0
100,79,2,20
100,80,1,0
100,80,2,20
101,0,1,0
101,0,2,20
101,1,1,0
101,1,2,20
101,2,1,0
101,2,2,20
101,3,1,0
101,3,2,20
101,4,1,0
101,4,2,20
101,5,1,0
101,5,2,20
101,6,1,0
101,6,2,20
101,7,1,0
101,7,2,20
101,8,1,0
101,8,2,20
101,9,1,0
101,9,2,20
101,10,1,0
101,10,2,20
101,11,1,0
101,11,2,20
101,12,1,0
101,12,2,20
101,13,1,0
101,13,2,20
101,14,1,0
101,14,2,20
101,15,1,0
101,15,2,20
101,16,1,0
101,16,2,20
101,17,1,0
101,17,2,20
101,18,1,0
101,18,2,20
101,19,1,0
101,19,2,20
101,20,1,0
101,20,2,20
101,21,1,0
101,21,2,20
101,22,1,0
101,22,2,20
101,23,1,0
101,23,2,20
101,24,1,0
101,24,2,20
101,25,1,0
101,25,2,20
101,26,1,0
101,26,2,20
101,27,1,0
101,27,2,20
101,28,1,0
101,28,2,20
101,29,1,0
101,29,2,20
101,30,1,0
101,30,2,20
101,31,1,0
101,31,2,20
101,32,1,0
101,32,2,20
101,33,1,0
101,33,2,20
101,34,1,0
101,34,2,20
101,35,1,0
101,35,2,20
101,36,1,0
101,36,2,20
101,37,1,0
101,37,2,20
101,38,1,0
101,38,2,20
101,39,1,0
101,39,2,20
101,40,1,0
101,40,2,20
101,41,1,0
101,41,2,20
101,42,1,0
101,42,2,20
101,43,1,0
101,43,2,20
101,44,1,0
101,44,2,20
101,45,1,0
101,45,2,20
101,46,1,0
101,46,2,20
101,47,1,0
101,47,2,20
101,48,1,0
101,48,2,20
101,49,1,0
101,49,2,20
101,50,1,0
101,50,2,20
101,51,1,0
101,51,2,20
101,52,1,0
101,52,2,20
101,53,1,0
101,53,2,20
101,54,1,0
101,54,2,20
101,55,1,0
101,55,2,20
101,56,1,0
101,56,2,20
101,57,1,0
101,57,2,20
101,58,1,0
101,58,2,20
101,59,1,0
101,59,2,20
101,60,1,0
101,60,2,20
101,61,1,0
101,61,2,20
101,62,1,0
101,62,2,20
101,63,1,0
101,63,2,20
101,64,1,0
101,64,2,20
101,65,1,0
101,65,2,20
101,66,1,0
101,66,2,20
101,67,1,0
101,67,2,20
101,68,1,0
101,68,2,20
101,69,1,0
101,69,2,20
101,70,1,0
101,70,2,20
101,71,1,0
101,71,2,20
101,72,1,0
101,72,2,20
101,73,1,0
101,73,2,20
101,74,1,0
101,74,2,20
101,75,1,0
101,75,2,20
101,76,1,0
101,76,2,20
101,77,1,0
101,77,2,20
101,78,1,0
101,78,2,20
101,79,1,0
101,79,2,20
101,80,1,0
101,80,2,20
102,0,1,0
102,0,2,20
102,1,1,0
102,1,2,20
102,2,1,0
102,2,2,20
102,3,1,0
102,3,2,20
102,4,1,0
102,4,2,20
102,5,1,0
102,5,2,20
102,6,1,0
102,6,2,20
102,7,1,0
102,7,2,20
102,8,1,0
102,8,2,20
102,9,1,0
102,9,2,20
102,10,1,0
102,10,2,20
102,11,1,0
102,11,2,20
102,12,1,0
102,12,2,20
102,13,1,0
102,13,2,20
102,14,1,0
102,14,2,20
102,15,1,0
102,15,2,20
102,16,1,0
102,16,2,20
102,17,1,0
102,17,2,20
102,18,1,0
102,18,2,20
102,19,1,0
102,19,2,20
102,20,1,0
102,20,2,20
102,21,1,0
102,21,2,20
102,22,1,0
102,22,2,20
102,23,1,0
102,23,2,20
102,24,1,0
102,24,2,20
102,25,1,0
102,25,2,20
102,26,1,0
102,26,2,20
102,27,1,0
102,27,2,20
102,28,1,0
102,28,2,20
102,29,1,0
102,29,2,20
102,30,1,0
102,30,2,20
102,31,1,0
102,31,2,20
102,32,1,0
102,32,2,20
102,33,1,0
102,33,2,20
102,34,1,0
102,34,2,20
102,35,1,0
102,35,2,20
102,36,1,0
102,36,2,20
102,37,1,0
102,37,2,20
102,38,1,0
102,38,2,20
102,39,1,0
102,39,2,20
102,40,1,0
102,40,2,20
102,41,1,0
102,41,2,20
102,42,1,0
102,42,2,20
102,43,1,0
102,43,2,20
102,44,1,0
102,44,2,20
102,45,1,0
102,45,2,20
102,46,1,0
102,46,2,20
102,47,1,0
102,47,2,20
102,48,1,0
102,48,2,20
102,49,1,0
102,49,2,20
102,50,1,0
102,50,2,20
102,51,1,0
102,51,2,20
102,52,1,0
102,52,2,20
102,53,1,0
102,53,2,20
102,54,1,0
102,54,2,20
102,55,1,0
102,55,2,20
102,56,1,0
102,56,2,20
102,57,1,0
102,57,2,20
102,58,1,0
102,58,2,20
102,59,1,0
102,59,2,20
102,60,1,0
102,60,2,20
102,61,1,0
102,61,2,20
102,62,1,0
102,62,2,20
102,63,1,0
102,63,2,20
102,64,1,0
102,64,2,20
102,65,1,0
102,65,2,20
102,66,1,0
102,66,2,20
102,67,1,0
102,67,2,20
102,68,1,0
102,68,2,20
102,69,1,0
102,69,2,20
102,70,1,0
102,70,2,20
102,71,1,0
102,71,2,20
102,72,1,0
102,72,2,20
102,73,1,0
102,73,2,20
102,74,1,0
102,74,2,20
102,75,1,0
102,75,2,20
102,76,1,0
102,76,2,20
102,77,1,0
102,77,2,20
102,78,1,0
102,78,2,20
102,79,1,0
102,79,2,20
102,80,1,0
102,80,2,20
103,0,1,0
103,0,2,20
103,1,1,0
103,1,2,20
103,2,1,0
103,2,2,20
103,3,1,0
103,3,2,20
103,4,1,0
103,4,2,20
103,5,1,0
103,5,2,20
103,6,1,0
103,6,2,20
103,7,1,0
103,7,2,20
103,8,1,0
103,8,2,20
103,9,1,0
103,9,2,20
103,10,1,0
103,10,2,20
103,11,1,0
103,11,2,20
103,12,1,0
103,12,2,20
103,13,1,0
103,13,2,20
103,14,1,0
103,14,2,20
103,15,1,0
103,15,2,20
103,16,1,0
103,16,2,20
103,17,1,0
103,17,2,20
103,18,1,0
103,18,2,20
103,19,1,0
103,19,2,20
103,20,1,0
103,20,2,20
103,21,1,0
103,21,2,20
103,22,1,0
103,22,2,20
103,23,1,0
103,23,2,20
103,24,1,0
103,24,2,20
103,25,1,0
103,25,2,20
103,26,1,0
103,26,2,20
103,27,1,0
103,27,2,20
103,28,1,0
103,28,2,20
103,29,1,0
103,29,2,20
103,30,1,0
103,30,2,20
103,31,1,0
103,31,2,20
103,32,1,0
103,32,2,20
103,33,1,0
103,33,2,20
103,34,1,0
103,34,2,20
103,35,1,0
103,35,2,20
103,36,1,0
103,36,2,20
103,37,1,0
103,37,2,20
103,38,1,0
103,38,2,20
103,39,1,0
103,39,2,20
103,40,1,0
103,40,2,20
103,41,1,0
103,41,2,20
103,42,1,0
103,42,2,20
103,43,1,0
103,43,2,20
103,44,1,0
103,44,2,20
103,45,1,0
103,45,2,20
103,46,1,0
103,46,2,20
103,47,1,0
103,47,2,20
103,48,1,0
103,48,2,20
103,49,1,0
103,49,2,20
103,50,1,0
103,50,2,20
103,51,1,0
103,51,2,20
103,52,1,0
103,52,2,20
103,53,1,0
103,53,2,20
103,54,1,0
103,54,2,20
103,55,1,0
103,55,2,20
103,56,1,0
103,56,2,20
103,57,1,0
103,57,2,20
103,58,1,0
103,58,2,20
103,59,1,0
103,59,2,20
103,60,1,0
103,60,2,20
103,61,1,0
103,61,2,20
103,62,1,0
103,62,2,20
103,63,1,0
103,63,2,20
103,64,1,0
103,64,2,20
103,65,1,0
103,65,2,20
103,66,1,0
103,66,2,20
103,67,1,0
103,67,2,20
103,68,1,0
103,68,2,20
103,69,1,0
103,69,2,20
103,70,1,0
103,70,2,20
103,71,1,0
103,71,2,20
103,72,1,0
103,72,2,20
103,73,1,0
103,73,2,20
103,74,1,0
103,74,2,20
103,75,1,0
103,75,2,20
103,76,1,0
103,76,2,20
103,77,1,0
103,77,2,20
103,78,1,0
103,78,2,20
103,79,1,0
103,79,2,20
103,80,1,0
103,80,2,20
104,0,1,0
104,0,2,20
104,1,1,0
104,1,2,20
104,2,1,0
104,2,2,20
104,3,1,0
104,3,2,20
104,4,1,0
104,4,2,20
104,5,1,0
104,5,2,20
104,6,1,0
104,6,2,20
104,7,1,0
104,7,2,20
104,8,1,0
104,8,2,20
104,9,1,0
104,9,2,20
104,10,1,0
104,10,2,20
104,11,1,0
104,11,2,20
104,12,1,0
104,12,2,20
104,13,1,0
104,13,2,20
104,14,1,0
104,14,2,20
104,15,1,0
104,15,2,20
104,16,1,0
104,16,2,20
104,17,1,0
104,17,2,20
104,18,1,0
104,18,2,20
104,19,1,0
104,19,2,20
104,20,1,0
104,20,2,20
104,21,1,0
104,21,2,20
104,22,1,0
104,22,2,20
104,23,1,0
104,23,2,20
104,24,1,0
104,24,2,20
104,25,1,0
104,25,2,20
104,26,1,0
104,26,2,20
104,27,1,0
104,27,2,20
104,28,1,0
104,28,2,20
104,29,1,0
104,29,2,20
104,30,1,0
104,30,2,20
104,31,1,0
104,31,2,20
104,32,1,0
104,32,2,20
104,33,1,0
104,33,2,20
104,34,1,0
104,34,2,20
104,35,1,0
104,35,2,20
104,36,1,0
104,36,2,20
104,37,1,0
104,37,2,20
104,38,1,0
104,38,2,20
104,39,1,0
104,39,2,20
104,40,1,0
104,40,2,20
104,41,1,0
104,41,2,20
104,42,1,0
104,42,2,20
104,43,1,0
104,43,2,20
104,44,1,0
104,44,2,20
104,45,1,0
104,45,2,20
104,46,1,0
104,46,2,20
104,47,1,0
104,47,2,20
104,48,1,0
104,48,2,20
104,49,1,0
104,49,2,20
104,50,1,0
104,50,2,20
104,51,1,0
104,51,2,20
104,52,1,0
104,52,2,20
104,53,1,0
104,53,2,20
104,54,1,0
104,54,2,20
104,55,1,0
104,55,2,20
104,56,1,0
104,56,2,20
104,57,1,0
104,57,2,20
104,58,1,0
104,58,2,20
104,59,1,0
104,59,2,20
104,60,1,0
104,60,2,20
104,61,1,0
104,61,2,20
104,62,1,0
104,62,2,20
104,63,1,0
104,63,2,20
104,64,1,0
104,64,2,20
104,65,1,0
104,65,2,20
104,66,1,0
104,66,2,20
104,67,1,0
104,67,2,20
104,68,1,0
104,68,2,20
104,69,1,0
104,69,2,20
104,70,1,0
104,70,2,20
104,71,1,0
104,71,2,20
104,72,1,0
104,72,2,20
104,73,1,0
104,73,2,20
104,74,1,0
104,74,2,20
104,75,1,0
104,75,2,20
104,76,1,0
104,76,2,20
104,77,1,0
104,77,2,20
104,78,1,0
104,78,2,20
104,79,1,0
104,79,2,20
104,80,1,0
104,80,2,20
105,0,1,0
105,0,2,20
105,1,1,0
105,1,2,20
105,2,1,0
105,2,2,20
105,3,1,0
105,3,2,20
105,4,1,0
105,4,2,20
105,5,1,0
105,5,2,20
105,6,1,0
105,6,2,20
105,7,1,0
105,7,2,20
105,8,1,0
105,8,2,20
105,9,1,0
105,9,2,20
105,10,1,0
105,10,2,20
105,11,1,0
105,11,2,20
105,12,1,0
105,12,2,20
105,13,1,0
105,13,2,20
105,14,1,0
105,14,2,20
105,15,1,0
105,15,2,20
105,16,1,0
105,16,2,20
105,17,1,0
105,17,2,20
105,18,1,0
105,18,2,20
105,19,1,0
105,19,2,20
105,20,1,0
105,20,2,20
105,21,1,0
105,21,2,20
105,22,1,0
105,22,2,20
105,23,1,0
105,23,2,20
105,24,1,0
105,24,2,20
105,25,1,0
105,25,2,20
105,26,1,0
105,26,2,20
105,27,1,0
105,27,2,20
105,28,1,0
105,28,2,20
105,29,1,0
105,29,2,20
105,30,1,0
105,30,2,20
105,31,1,0
105,31,2,20
105,32,1,0
105,32,2,20
105,33,1,0
105,33,2,20
105,34,1,0
105,34,2,20
105,35,1,0
105,35,2,20
105,36,1,0
105,36,2,20
105,37,1,0
105,37,2,20
105,38,1,0
105,38,2,20
105,39,1,0
105,39,2,20
105,40,1,0
105,40,2,20
105,41,1,0
105,41,2,20
105,42,1,0
105,42,2,20
105,43,1,0
105,43,2,20
105,44,1,0
105,44,2,20
105,45,1,0
105,45,2,20
105,46,1,0
105,46,2,20
105,47,1,0
105,47,2,20
105,48,1,0
105,48,2,20
105,49,1,0
105,49,2,20
105,50,1,0
105,50,2,20
105,51,1,0
105,51,2,20
105,52,1,0
105,52,2,20
105,53,1,0
105,53,2,20
105,54,1,0
105,54,2,20
105,55,1,0
105,55,2,20
105,56,1,0
105,56,2,20
105,57,1,0
105,57,2,20
105,58,1,0
105,58,2,20
105,59,1,0
105,59,2,20
105,60,1,0
105,60,2,20
105,61,1,0
105,61,2,20
105,62,1,0
105,62,2,20
105,63,1,0
105,63,2,20
105,64,1,0
105,64,2,20
105,65,1,0
105,65,2,20
105,66,1,0
105,66,2,20
105,67,1,0
105,67,2,20
105,68,1,0
105,68,2,20
105,69,1,0
105,69,2,20
105,70,1,0
105,70,2,20
105,71,1,0
105,71,2,20
105,72,1,0
105,72,2,20
105,73,1,0
105,73,2,20
105,74,1,0
105,74,2,20
105,75,1,0
105,75,2,20
105,76,1,0
105,76,2,20
105,77,1,0
105,77,2,20
105,78,1,0
105,78,2,20
105,79,1,0
105,79,2,20
105,80,1,0
105,80,2,20
106,0,1,0
106,0,2,20
106,1,1,0
106,1,2,20
106,2,1,0
106,2,2,20
106,3,1,0
106,3,2,20
106,4,1,0
106,4,2,20
106,5,1,0
106,5,2,20
106,6,1,0
106,6,2,20
106,7,1,0
106,7,2,20
106,8,1,0
106,8,2,20
106,9,1,0
106,9,2,20
106,10,1,0
106,10,2,20
106,11,1,0
106,11,2,20
106,12,1,0
106,12,2,20
106,13,1,0
106,13,2,20
106,14,1,0
106,14,2,20
106,15,1,0
106,15,2,20
106,16,1,0
106,16,2,20
106,17,1,0
106,17,2,20
106,18,1,0
106,18,2,20
106,19,1,0
106,19,2,20
106,20,1,0
106,20,2,20
106,21,1,0
106,21,2,20
106,22,1,0
106,22,2,20
106,23,1,0
106,23,2,20
106,24,1,0
106,24,2,20
106,25,1,0
106,25,2,20
106,26,1,0
106,26,2,20
106,27,1,0
106,27,2,20
106,28,1,0
106,28,2,20
106,29,1,0
106,29,2,20
106,30,1,0
106,30,2,20
106,31,1,0
106,31,2,20
106,32,1,0
106,32,2,20
106,33,1,0
106,33,2,20
106,34,1,0
106,34,2,20
106,35,1,0
106,35,2,20
106,36,1,0
106,36,2,20
106,37,1,0
106,37,2,20
106,38,1,0
106,38,2,20
106,39,1,0
106,39,2,20
106,40,1,0
106,40,2,20
106,41,1,0
106,41,2,20
106,42,1,0
106,42,2,20
106,43,1,0
106,43,2,20
106,44,1,0
106,44,2,20
106,45,1,0
106,45,2,20
106,46,1,0
106,46,2,20
106,47,1,0
106,47,2,20
106,48,1,0
106,48,2,20
106,49,1,0
106,49,2,20
106,50,1,0
106,50,2,20
106,51,1,0
106,51,2,20
106,52,1,0
106,52,2,20
106,53,1,0
106,53,2,20
106,54,1,0
106,54,2,20
106,55,1,0
106,55,2,20
106,56,1,0
106,56,2,20
106,57,1,0
106,57,2,20
106,58,1,0
106,58,2,20
106,59,1,0
106,59,2,20
106,60,1,0
106,60,2,20
106,61,1,0
106,61,2,20
106,62,1,0
106,62,2,20
106,63,1,0
106,63,2,20
106,64,1,0
106,64,2,20
106,65,1,0
106,65,2,20
106,66,1,0
106,66,2,20
106,67,1,0
106,67,2,20
106,68,1,0
106,68,2,20
106,69,1,0
106,69,2,20
106,70,1,0
106,70,2,20
106,71,1,0
106,71,2,20
106,72,1,0
106,72,2,20
106,73,1,0
106,73,2,20
106,74,1,0
106,74,2,20
106,75,1,0
106,75,2,20
106,76,1,0
106,76,2,20
106,77,1,0
106,77,2,20
106,78,1,0
106,78,2,20
106,79,1,0
106,79,2,20
106,80,1,0
106,80,2,20
107,0,1,0
107,0,2,20
107,1,1,0
107,1,2,20
107,2,1,0
107,2,2,20
107,3,1,0
107,3,2,20
107,4,1,0
107,4,2,20
107,5,1,0
107,5,2,20
107,6,1,0
107,6,2,20
107,7,1,0
107,7,2,20
107,8,1,0
107,8,2,20
107,9,1,0
107,9,2,20
107,10,1,0
107,10,2,20
107,11,1,0
107,11,2,20
107,12,1,0
107,12,2,20
107,13,1,0
107,13,2,20
107,14,1,0
107,14,2,20
107,15,1,0
107,15,2,20
107,16,1,0
107,16,2,20
107,17,1,0
107,17,2,20
107,18,1,0
107,18,2,20
107,19,1,0
107,19,2,20
107,20,1,0
107,20,2,20
107,21,1,0
107,21,2,20
107,22,1,0
107,22,2,20
107,23,1,0
107,23,2,20
107,24,1,0
107,24,2,20
107,25,1,0
107,25,2,20
107,26,1,0
107,26,2,20
107,27,1,0
107,27,2,20
107,28,1,0
107,28,2,20
107,29,1,0
107,29,2,20
107,30,1,0
107,30,2,20
107,31,1,0
107,31,2,20
107,32,1,0
107,32,2,20
107,33,1,0
107,33,2,20
107,34,1,0
107,34,2,20
107,35,1,0
107,35,2,20
107,36,1,0
107,36,2,20
107,37,1,0
107,37,2,20
107,38,1,0
107,38,2,20
107,39,1,0
107,39,2,20
107,40,1,0
107,40,2,20
107,41,1,0
107,41,2,20
107,42,1,0
107,42,2,20
107,43,1,0
107,43,2,20
107,44,1,0
107,44,2,20
107,45,1,0
107,45,2,20
107,46,1,0
107,46,2,20
107,47,1,0
107,47,2,20
107,48,1,0
107,48,2,20
107,49,1,0
107,49,2,20
107,50,1,0
107,50,2,20
107,51,1,0
107,51,2,20
107,52,1,0
107,52,2,20
107,53,1,0
107,53,2,20
107,54,1,0
107,54,2,20
107,55,1,0
107,55,2,20
107,56,1,0
107,56,2,20
107,57,1,0
107,57,2,20
107,58,1,0
107,58,2,20
107,59,1,0
107,59,2,20
107,60,1,0
107,60,2,20
107,61,1,0
107,61,2,20
107,62,1,0
107,62,2,20
107,63,1,0
107,63,2,20
107,64,1,0
107,64,2,20
107,65,1,0
107,65,2,20
107,66,1,0
107,66,2,20
107,67,1,0
107,67,2,20
107,68,1,0
107,68,2,20
107,69,1,0
107,69,2,20
107,70,1,0
107,70,2,20
107,71,1,0
107,71,2,20
107,72,1,0
107,72,2,20
107,73,1,0
107,73,2,20
107,74,1,0
107,74,2,20
107,75,1,0
107,75,2,20
107,76,1,0
107,76,2,20
107,77,1,0
107,77,2,20
107,78,1,0
107,78,2,20
107,79,1,0
107,79,2,20
107,80,1,0
107,80,2,20
108,0,1,0
108,0,2,20
108,1,1,0
108,1,2,20
108,2,1,0
108,2,2,20
108,3,1,0
108,3,2,20
108,4,1,0
108,4,2,20
108,5,1,0
108,5,2,20
108,6,1,0
108,6,2,20
108,7,1,0
108,7,2,20
108,8,1,0
108,8,2,20
108,9,1,0
108,9,2,20
108,10,1,0
108,10,2,20
108,11,1,0
108,11,2,20
108,12,1,0
108,12,2,20
108,13,1,0
108,13,2,20
108,14,1,0
108,14,2,20
108,15,1,0
108,15,2,20
108,16,1,0
108,16,2,20
108,17,1,0
108,17,2,20
108,18,1,0
108,18,2,20
108,19,1,0
108,19,2,20
108,20,1,0
108,20,2,20
108,21,1,0
108,21,2,20
108,22,1,0
108,22,2,20
108,23,1,0
108,23,2,20
108,24,1,0
108,24,2,20
108,25,1,0
108,25,2,20
108,26,1,0
108,26,2,20
108,27,1,0
108,27,2,20
108,28,1,0
108,28,2,20
108,29,1,0
108,29,2,20
108,30,1,0
108,30,2,20
108,31,1,0
108,31,2,20
108,32,1,0
108,32,2,20
108,33,1,0
108,33,2,20
108,34,1,0
108,34,2,20
108,35,1,0
108,35,2,20
108,36,1,0
108,36,2,20
108,37,1,0
108,37,2,20
108,38,1,0
108,38,2,20
108,39,1,0
108,39,2,20
108,40,1,0
108,40,2,20
108,41,1,0
108,41,2,20
108,42,1,0
108,42,2,20
108,43,1,0
108,43,2,20
108,44,1,0
108,44,2,20
108,45,1,0
108,45,2,20
108,46,1,0
108,46,2,20
108,47,1,0
108,47,2,20
108,48,1,0
108,48,2,20
108,49,1,0
108,49,2,20
108,50,1,0
108,50,2,20
108,51,1,0
108,51,2,20
108,52,1,0
108,52,2,20
108,53,1,0
108,53,2,20
108,54,1,0
108,54,2,20
108,55,1,0
108,55,2,20
108,56,1,0
108,56,2,20
108,57,1,0
108,57,2,20
108,58,1,0
108,58,2,20
108,59,1,0
108,59,2,20
108,60,1,0
108,60,2,20
108,61,1,0
108,61,2,20
108,62,1,0
108,62,2,20
108,63,1,0
108,63,2,20
108,64,1,0
108,64,2,20
108,65,1,0
108,65,2,20
108,66,1,0
108,66,2,20
108,67,1,0
108,67,2,20
108,68,1,0
108,68,2,20
108,69,1,0
108,69,2,20
108,70,1,0
108,70,2,20
108,71,1,0
108,71,2,20
108,72,1,0
108,72,2,20
108,73,1,0
108,73,2,20
108,74,1,0
108,74,2,20
108,75,1,0
108,75,2,20
108,76,1,0
108,76,2,20
108,77,1,0
108,77,2,20
108,78,1,0
108,78,2,20
108,79,1,0
108,79,2,20
108,80,1,0
108,80,2,20
109,0,1,0
109,0,2,20
109,1,1,0
109,1,2,20
109,2,1,0
109,2,2,20
109,3,1,0
109,3,2,20
109,4,1,0
109,4,2,20
109,5,1,0
109,5,2,20
109,6,1,0
109,6,2,20
109,7,1,0
109,7,2,20
109,8,1,0
109,8,2,20
109,9,1,0
109,9,2,20
109,10,1,0
109,10,2,20
109,11,1,0
109,11,2,20
109,12,1,0
109,12,2,20
109,13,1,0
109,13,2,20
109,14,1,0
109,14,2,20
109,15,1,0
109,15,2,20
109,16,1,0
109,16,2,20
109,17,1,0
109,17,2,20
109,18,1,0
109,18,2,20
109,19,1,0
109,19,2,20
109,20,1,0
109,20,2,20
109,21,1,0
109,21,2,20
109,22,1,0
109,22,2,20
109,23,1,0
109,23,2,20
109,24,1,0
109,24,2,20
109,25,1,0
109,25,2,20
109,26,1,0
109,26,2,20
109,27,1,0
109,27,2,20
109,28,1,0
109,28,2,20
109,29,1,0
109,29,2,20
109,30,1,0
109,30,2,20
109,31,1,0
109,31,2,20
109,32,1,0
109,32,2,20
109,33,1,0
109,33,2,20
109,34,1,0
109,34,2,20
109,35,1,0
109,35,2,20
109,36,1,0
109,36,2,20
109,37,1,0
109,37,2,20
109,38,1,0
109,38,2,20
109,39,1,0
109,39,2,20
109,40,1,0
109,40,2,20
109,41,1,0
109,41,2,20
109,42,1,0
109,42,2,20
109,43,1,0
109,43,2,20
109,44,1,0
109,44,2,20
109,45,1,0
109,45,2,20
109,46,1,0
109,46,2,20
109,47,1,0
109,47,2,20
109,48,1,0
109,48,2,20
109,49,1,0
109,49,2,20
109,50,1,0
109,50,2,20
109,51,1,0
109,51,2,20
109,52,1,0
109,52,2,20
109,53,1,0
109,53,2,20
109,54,1,0
109,54,2,20
109,55,1,0
109,55,2,20
109,56,1,0
109,56,2,20
109,57,1,0
109,57,2,20
109,58,1,0
109,58,2,20
109,59,1,0
109,59,2,20
109,60,1,0
109,60,2,20
109,61,1,0
109,61,2,20
109,62,1,0
109,62,2,20
109,63,1,0
109,63,2,20
109,64,1,0
109,64,2,20
109,65,1,0
109,65,2,20
109,66,1,0
109,66,2,20
109,67,1,0
109,67,2,20
109,68,1,0
109,68,2,20
109,69,1,0
109,69,2,20
109,70,1,0
109,70,2,20
109,71,1,0
109,71,2,20
109,72,1,0
109,72,2,20
109,73,1,0
109,73,2,20
109,74,1,0
109,74,2,20
109,75,1,0
109,75,2,20
109,76,1,0
109,76,2,20
109,77,1,0
109,77,2,20
109,78,1,0
109,78,2,20
109,79,1,0
109,79,2,20
109,80,1,0
109,80,2,20
110,0,1,0
110,0,2,20
110,1,1,0
110,1,2,20
110,2,1,0
110,2,2,20
110,3,1,0
110,3,2,20
110,4,1,0
110,4,2,20
110,5,1,0
110,5,2,20
110,6,1,0
110,6,2,20
110,7,1,0
110,7,2,20
110,8,1,0
110,8,2,20
110,9,1,0
110,9,2,20
110,10,1,0
110,10,2,20
110,11,1,0
110,11,2,20
110,12,1,0
110,12,2,20
110,13,1,0
110,13,2,20
110,14,1,0
110,14,2,20
110,15,1,0
110,15,2,20
110,16,1,0
110,16,2,20
110,17,1,0
110,17,2,20
110,18,1,0
110,18,2,20
110,19,1,0
110,19,2,20
110,20,1,0
110,20,2,20
110,21,1,0
110,21,2,20
110,22,1,0
110,22,2,20
110,23,1,0
110,23,2,20
110,24,1,0
110,24,2,20
110,25,1,0
110,25,2,20
110,26,1,0
110,26,2,20
110,27,1,0
110,27,2,20
110,28,1,0
110,28,2,20
110,29,1,0
110,29,2,20
110,30,1,0
110,30,2,20
110,31,1,0
110,31,2,20
110,32,1,0
110,32,2,20
110,33,1,0
110,33,2,20
110,34,1,0
110,34,2,20
110,35,1,0
110,35,2,20
110,36,1,0
110,36,2,20
110,37,1,0
110,37,2,20
110,38,1,0
110,38,2,20
110,39,1,0
110,39,2,20
110,40,1,0
110,40,2,20
110,41,1,0
110,41,2,20
110,42,1,0
110,42,2,20
110,43,1,0
110,43,2,20
110,44,1,0
110,44,2,20
110,45,1,0
110,45,2,20
110,46,1,0
110,46,2,20
110,47,1,0
110,47,2,20
110,48,1,0
110,48,2,20
110,49,1,0
110,49,2,20
110,50,1,0
110,50,2,20
110,51,1,0
110,51,2,20
110,52,1,0
110,52,2,20
110,53,1,0
110,53,2,20
110,54,1,0
110,54,2,20
110,55,1,0
110,55,2,20
110,56,1,0
110,56,2,20
110,57,1,0
110,57,2,20
110,58,1,0
110,58,2,20
110,59,1,0
110,59,2,20
110,60,1,0
110,60,2,20
110,61,1,0
110,61,2,20
110,62,1,0
110,62,2,20
110,63,1,0
110,63,2,20
110,64,1,0
110,64,2,20
110,65,1,0
110,65,2,20
110,66,1,0
110,66,2,20
110,67,1,0
110,67,2,20
110,68,1,0
110,68,2,20
110,69,1,0
110,69,2,20
110,70,1,0
110,70,2,20
110,71,1,0
110,71,2,20
110,72,1,0
110,72,2,20
110,73,1,0
110,73,2,20
110,74,1,0
110,74,2,20
110,75,1,0
110,75,2,20
110,76,1,0
110,76,2,20
110,77,1,0
110,77,2,20
110,78,1,0
110,78,2,20
110,79,1,0
110,79,2,20
110,80,1,0
110,80,2,20
111,0,1,0
111,0,2,20
111,1,1,0
111,1,2,20
111,2,1,0
111,2,2,20
111,3,1,0
111,3,2,20
111,4,1,0
111,4,2,20
111,5,1,0
111,5,2,20
111,6,1,0
111,6,2,20
111,7,1,0
111,7,2,20
111,8,1,0
111,8,2,20
111,9,1,0
111,9,2,20
111,10,1,0
111,10,2,20
111,11,1,0
111,11,2,20
111,12,1,0
111,12,2,20
111,13,1,0
111,13,2,20
111,14,1,0
111,14,2,20
111,15,1,0
111,15,2,20
111,16,1,0
111,16,2,20
111,17,1,0
111,17,2,20
111,18,1,0
111,18,2,20
111,19,1,0
111,19,2,20
111,20,1,0
111,20,2,20
111,21,1,0
111,21,2,20
111,22,1,0
111,22,2,20
111,23,1,0
111,23,2,20
111,24,1,0
111,24,2,20
111,25,1,0
111,25,2,20
111,26,1,0
111,26,2,20
111,27,1,0
111,27,2,20
111,28,1,0
111,28,2,20
111,29,1,0
111,29,2,20
111,30,1,0
111,30,2,20
111,31,1,0
111,31,2,20
111,32,1,0
111,32,2,20
111,33,1,0
111,33,2,20
111,34,1,0
111,34,2,20
111,35,1,0
111,35,2,20
111,36,1,0
111,36,2,20
111,37,1,0
111,37,2,20
111,38,1,0
111,38,2,20
111,39,1,0
111,39,2,20
111,40,1,0
111,40,2,20
111,41,1,0
111,41,2,20
111,42,1,0
111,42,2,20
111,43,1,0
111,43,2,20
111,44,1,0
111,44,2,20
111,45,1,0
111,45,2,20
111,46,1,0
111,46,2,20
111,47,1,0
111,47,2,20
111,48,1,0
111,48,2,20
111,49,1,0
111,49,2,20
111,50,1,0
111,50,2,20
111,51,1,0
111,51,2,20
111,52,1,0
111,52,2,20
111,53,1,0
111,53,2,20
111,54,1,0
111,54,2,20
111,55,1,0
111,55,2,20
111,56,1,0
111,56,2,20
111,57,1,0
111,57,2,20
111,58,1,0
111,58,2,20
111,59,1,0
111,59,2,20
111,60,1,0
111,60,2,20
111,61,1,0
111,61,2,20
111,62,1,0
111,62,2,20
111,63,1,0
111,63,2,20
111,64,1,0
111,64,2,20
111,65,1,0
111,65,2,20
111,66,1,0
111,66,2,20
111,67,1,0
111,67,2,20
111,68,1,0
111,68,2,20
111,69,1,0
111,69,2,20
111,70,1,0
111,70,2,20
111,71,1,0
111,71,2,20
111,72,1,0
111,72,2,20
111,73,1,0
111,73,2,20
111,74,1,0
111,74,2,20
111,75,1,0
111,75,2,20
111,76,1,0
111,76,2,20
111,77,1,0
111,77,2,20
111,78,1,0
111,78,2,20
111,79,1,0
111,79,2,20
111,80,1,0
111,80,2,20
112,0,1,0
112,0,2,20
112,1,1,0
112,1,2,20
112,2,1,0
112,2,2,20
112,3,1,0
112,3,2,20
112,4,1,0
112,4,2,20
112,5,1,0
112,5,2,20
112,6,1,0
112,6,2,20
112,7,1,0
112,7,2,20
112,8,1,0
112,8,2,20
112,9,1,0
112,9,2,20
112,10,1,0
112,10,2,20
112,11,1,0
112,11,2,20
112,12,1,0
112,12,2,20
112,13,1,0
112,13,2,20
112,14,1,0
112,14,2,20
112,15,1,0
112,15,2,20
112,16,1,0
112,16,2,20
112,17,1,0
112,17,2,20
112,18,1,0
112,18,2,20
112,19,1,0
112,19,2,20
112,20,1,0
112,20,2,20
112,21,1,0
112,21,2,20
112,22,1,0
112,22,2,20
112,23,1,0
112,23,2,20
112,24,1,0
112,24,2,20
112,25,1,0
112,25,2,20
112,26,1,0
112,26,2,20
112,27,1,0
112,27,2,20
112,28,1,0
112,28,2,20
112,29,1,0
112,29,2,20
112,30,1,0
112,30,2,20
112,31,1,0
112,31,2,20
112,32,1,0
112,32,2,20
112,33,1,0
112,33,2,20
112,34,1,0
112,34,2,20
112,35,1,0
112,35,2,20
112,36,1,0
112,36,2,20
112,37,1,0
112,37,2,20
112,38,1,0
112,38,2,20
112,39,1,0
112,39,2,20
112,40,1,0
112,40,2,20
112,41,1,0
112,41,2,20
112,42,1,0
112,42,2,20
112,43,1,0
112,43,2,20
112,44,1,0
112,44,2,20
112,45,1,0
112,45,2,20
112,46,1,0
112,46,2,20
112,47,1,0
112,47,2,20
112,48,1,0
112,48,2,20
112,49,1,0
112,49,2,20
112,50,1,0
112,50,2,20
112,51,1,0
112,51,2,20
112,52,1,0
112,52,2,20
112,53,1,0
112,53,2,20
112,54,1,0
112,54,2,20
112,55,1,0
112,55,2,20
112,56,1,0
112,56,2,20
112,57,1,0
112,57,2,20
112,58,1,0
112,58,2,20
112,59,1,0
112,59,2,20
112,60,1,0
112,60,2,20
112,61,1,0
112,61,2,20
112,62,1,0
112,62,2,20
112,63,1,0
112,63,2,20
112,64,1,0
112,64,2,20
112,65,1,0
112,65,2,20
112,66,1,0
112,66,2,20
112,67,1,0
112,67,2,20
112,68,1,0
112,68,2,20
112,69,1,0
112,69,2,20
112,70,1,0
112,70,2,20
112,71,1,0
112,71,2,20
112,72,1,0
112,72,2,20
112,73,1,0
112,73,2,20
112,74,1,0
112,74,2,20
112,75,1,0
112,75,2,20
112,76,1,0
112,76,2,20
112,77,1,0
112,77,2,20
112,78,1,0
112,78,2,20
112,79,1,0
112,79,2,20
112,80,1,0
112,80,2,20
113,0,1,0
113,0,2,20
113,1,1,0
113,1,2,20
113,2,1,0
113,2,2,20
113,3,1,0
113,3,2,20
113,4,1,0
113,4,2,20
113,5,1,0
113,5,2,20
113,6,1,0
113,6,2,20
113,7,1,0
113,7,2,20
113,8,1,0
113,8,2,20
113,9,1,0
113,9,2,20
113,10,1,0
113,10,2,20
113,11,1,0
113,11,2,20
113,12,1,0
113,12,2,20
113,13,1,0
113,13,2,20
113,14,1,0
113,14,2,20
113,15,1,0
113,15,2,20
113,16,1,0
113,16,2,20
113,17,1,0
113,17,2,20
113,18,1,0
113,18,2,20
113,19,1,0
113,19,2,20
113,20,1,0
113,20,2,20
113,21,1,0
113,21,2,20
113,22,1,0
113,22,2,20
113,23,1,0
113,23,2,20
113,24,1,0
113,24,2,20
113,25,1,0
113,25,2,20
113,26,1,0
113,26,2,20
113,27,1,0
113,27,2,20
113,28,1,0
113,28,2,20
113,29,1,0
113,29,2,20
113,30,1,0
113,30,2,20
113,31,1,0
113,31,2,20
113,32,1,0
113,32,2,20
113,33,1,0
113,33,2,20
113,34,1,0
113,34,2,20
113,35,1,0
113,35,2,20
113,36,1,0
113,36,2,20
113,37,1,0
113,37,2,20
113,38,1,0
113,38,2,20
113,39,1,0
113,39,2,20
113,40,1,0
113,40,2,20
113,41,1,0
113,41,2,20
113,42,1,0
113,42,2,20
113,43,1,0
113,43,2,20
113,44,1,0
113,44,2,20
113,45,1,0
113,45,2,20
113,46,1,0
113,46,2,20
113,47,1,0
113,47,2,20
113,48,1,0
113,48,2,20
113,49,1,0
113,49,2,20
113,50,1,0
113,50,2,20
113,51,1,0
113,51,2,20
113,52,1,0
113,52,2,20
113,53,1,0
113,53,2,20
113,54,1,0
113,54,2,20
113,55,1,0
113,55,2,20
113,56,1,0
113,56,2,20
113,57,1,0
113,57,2,20
113,58,1,0
113,58,2,20
113,59,1,0
113,59,2,20
113,60,1,0
113,60,2,20
113,61,1,0
113,61,2,20
113,62,1,0
113,62,2,20
113,63,1,0
113,63,2,20
113,64,1,0
113,64,2,20
113,65,1,0
113,65,2,20
113,66,1,0
113,66,2,20
113,67,1,0
113,67,2,20
113,68,1,0
113,68,2,20
113,69,1,0
113,69,2,20
113,70,1,0
113,70,2,20
113,71,1,0
113,71,2,20
113,72,1,0
113,72,2,20
113,73,1,0
113,73,2,20
113,74,1,0
113,74,2,20
113,75,1,0
113,75,2,20
113,76,1,0
113,76,2,20
113,77,1,0
113,77,2,20
113,78,1,0
113,78,2,20
113,79,1,0
113,79,2,20
113,80,1,0
113,80,2,20
114,0,1,0
114,0,2,20
114,1,1,0
114,1,2,20
114,2,1,0
114,2,2,20
114,3,1,0
114,3,2,20
114,4,1,0
114,4,2,20
114,5,1,0
114,5,2,20
114,6,1,0
114,6,2,20
114,7,1,0
114,7,2,20
114,8,1,0
114,8,2,20
114,9,1,0
114,9,2,20
114,10,1,0
114,10,2,20
114,11,1,0
114,11,2,20
114,12,1,0
114,12,2,20
114,13,1,0
114,13,2,20
114,14,1,0
114,14,2,20
114,15,1,0
114,15,2,20
114,16,1,0
114,16,2,20
114,17,1,0
114,17,2,20
114,18,1,0
114,18,2,20
114,19,1,0
114,19,2,20
114,20,1,0
114,20,2,20
114,21,1,0
114,21,2,20
114,22,1,0
114,22,2,20
114,23,1,0
114,23,2,20
114,24,1,0
114,24,2,20
114,25,1,0
114,25,2,20
114,26,1,0
114,26,2,20
114,27,1,0
114,27,2,20
114,28,1,0
114,28,2,20
114,29,1,0
114,29,2,20
114,30,1,0
114,30,2,20
114,31,1,0
114,31,2,20
114,32,1,0
114,32,2,20
114,33,1,0
114,33,2,20
114,34,1,0
114,34,2,20
114,35,1,0
114,35,2,20
114,36,1,0
114,36,2,20
114,37,1,0
114,37,2,20
114,38,1,0
114,38,2,20
114,39,1,0
114,39,2,20
114,40,1,0
114,40,2,20
114,41,1,0
114,41,2,20
114,42,1,0
114,42,2,20
114,43,1,0
114,43,2,20
114,44,1,0
114,44,2,20
114,45,1,0
114,45,2,20
114,46,1,0
114,46,2,20
114,47,1,0
114,47,2,20
114,48,1,0
114,48,2,20
114,49,1,0
114,49,2,20
114,50,1,0
114,50,2,20
114,51,1,0
114,51,2,20
114,52,1,0
114,52,2,20
114,53,1,0
114,53,2,20
114,54,1,0
114,54,2,20
114,55,1,0
114,55,2,20
114,56,1,0
114,56,2,20
114,57,1,0
114,57,2,20
114,58,1,0
114,58,2,20
114,59,1,0
114,59,2,20
114,60,1,0
114,60,2,20
114,61,1,0
114,61,2,20
114,62,1,0
114,62,2,20
114,63,1,0
114,63,2,20
114,64,1,0
114,64,2,20
114,65,1,0
114,65,2,20
114,66,1,0
114,66,2,20
114,67,1,0
114,67,2,20
114,68,1,0
114,68,2,20
114,69,1,0
114,69,2,20
114,70,1,0
114,70,2,20
114,71,1,0
114,71,2,20
114,72,1,0
114,72,2,20
114,73,1,0
114,73,2,20
114,74,1,0
114,74,2,20
114,75,1,0
114,75,2,20
114,76,1,0
114,76,2,20
114,77,1,0
114,77,2,20
114,78,1,0
114,78,2,20
114,79,1,0
114,79,2,20
114,80,1,0
114,80,2,20
115,0,1,0
115,0,2,20
115,1,1,0
115,1,2,20
115,2,1,0
115,2,2,20
115,3,1,0
115,3,2,20
115,4,1,0
115,4,2,20
115,5,1,0
115,5,2,20
115,6,1,0
115,6,2,20
115,7,1,0
115,7,2,20
115,8,1,0
115,8,2,20
115,9,1,0
115,9,2,20
115,10,1,0
115,10,2,20
115,11,1,0
115,11,2,20
115,12,1,0
115,12,2,20
115,13,1,0
115,13,2,20
115,14,1,0
115,14,2,20
115,15,1,0
115,15,2,20
115,16,1,0
115,16,2,20
115,17,1,0
115,17,2,20
115,18,1,0
115,18,2,20
115,19,1,0
115,19,2,20
115,20,1,0
115,20,2,20
115,21,1,0
115,21,2,20
115,22,1,0
115,22,2,20
115,23,1,0
115,23,2,20
115,24,1,0
115,24,2,20
115,25,1,0
115,25,2,20
115,26,1,0
115,26,2,20
115,27,1,0
115,27,2,20
115,28,1,0
115,28,2,20
115,29,1,0
115,29,2,20
115,30,1,0
115,30,2,20
115,31,1,0
115,31,2,20
115,32,1,0
115,32,2,20
115,33,1,0
115,33,2,20
115,34,1,0
115,34,2,20
115,35,1,0
115,35,2,20
115,36,1,0
115,36,2,20
115,37,1,0
115,37,2,20
115,38,1,0
115,38,2,20
115,39,1,0
115,39,2,20
115,40,1,0
115,40,2,20
115,41,1,0
115,41,2,20
115,42,1,0
115,42,2,20
115,43,1,0
115,43,2,20
115,44,1,0
115,44,2,20
115,45,1,0
115,45,2,20
115,46,1,0
115,46,2,20
115,47,1,0
115,47,2,20
115,48,1,0
115,48,2,20
115,49,1,0
115,49,2,20
115,50,1,0
115,50,2,20
115,51,1,0
115,51,2,20
115,52,1,0
115,52,2,20
115,53,1,0
115,53,2,20
115,54,1,0
115,54,2,20
115,55,1,0
115,55,2,20
115,56,1,0
115,56,2,20
115,57,1,0
115,57,2,20
115,58,1,0
115,58,2,20
115,59,1,0
115,59,2,20
115,60,1,0
115,60,2,20
115,61,1,0
115,61,2,20
115,62,1,0
115,62,2,20
115,63,1,0
115,63,2,20
115,64,1,0
115,64,2,20
115,65,1,0
115,65,2,20
115,66,1,0
115,66,2,20
115,67,1,0
115,67,2,20
115,68,1,0
115,68,2,20
115,69,1,0
115,69,2,20
115,70,1,0
115,70,2,20
115,71,1,0
115,71,2,20
115,72,1,0
115,72,2,20
115,73,1,0
115,73,2,20
115,74,1,0
115,74,2,20
115,75,1,0
115,75,2,20
115,76,1,0
115,76,2,20
115,77,1,0
115,77,2,20
115,78,1,0
115,78,2,20
115,79,1,0
115,79,2,20
115,80,1,0
115,80,2,20
116,0,1,0
116,0,2,20
116,1,1,0
116,1,2,20
116,2,1,0
116,2,2,20
116,3,1,0
116,3,2,20
116,4,1,0
116,4,2,20
116,5,1,0
116,5,2,20
116,6,1,0
116,6,2,20
116,7,1,0
116,7,2,20
116,8,1,0
116,8,2,20
116,9,1,0
116,9,2,20
116,10,1,0
116,10,2,20
116,11,1,0
116,11,2,20
116,12,1,0
116,12,2,20
116,13,1,0
116,13,2,20
116,14,1,0
116,14,2,20
116,15,1,0
116,15,2,20
116,16,1,0
116,16,2,20
116,17,1,0
116,17,2,20
116,18,1,0
116,18,2,20
116,19,1,0
116,19,2,20
116,20,1,0
116,20,2,20
116,21,1,0
116,21,2,20
116,22,1,0
116,22,2,20
116,23,1,0
116,23,2,20
116,24,1,0
116,24,2,20
116,25,1,0
116,25,2,20
116,26,1,0
116,26,2,20
116,27,1,0
116,27,2,20
116,28,1,0
116,28,2,20
116,29,1,0
116,29,2,20
116,30,1,0
116,30,2,20
116,31,1,0
116,31,2,20
116,32,1,0
116,32,2,20
116,33,1,0
116,33,2,20
116,34,1,0
116,34,2,20
116,35,1,0
116,35,2,20
116,36,1,0
116,36,2,20
116,37,1,0
116,37,2,20
116,38,1,0
116,38,2,20
116,39,1,0
116,39,2,20
116,40,1,0
116,40,2,20
116,41,1,0
116,41,2,20
116,42,1,0
116,42,2,20
116,43,1,0
116,43,2,20
116,44,1,0
116,44,2,20
116,45,1,0
116,45,2,20
116,46,1,0
116,46,2,20
116,47,1,0
116,47,2,20
116,48,1,0
116,48,2,20
116,49,1,0
116,49,2,20
116,50,1,0
116,50,2,20
116,51,1,0
116,51,2,20
116,52,1,0
116,52,2,20
116,53,1,0
116,53,2,20
116,54,1,0
116,54,2,20
116,55,1,0
116,55,2,20
116,56,1,0
116,56,2,20
116,57,1,0
116,57,2,20
116,58,1,0
116,58,2,20
116,59,1,0
116,59,2,20
116,60,1,0
116,60,2,20
116,61,1,0
116,61,2,20
116,62,1,0
116,62,2,20
116,63,1,0
116,63,2,20
116,64,1,0
116,64,2,20
116,65,1,0
116,65,2,20
116,66,1,0
116,66,2,20
116,67,1,0
116,67,2,20
116,68,1,0
116,68,2,20
116,69,1,0
116,69,2,20
116,70,1,0
116,70,2,20
116,71,1,0
116,71,2,20
116,72,1,0
116,72,2,20
116,73,1,0
116,73,2,20
116,74,1,0
116,74,2,20
116,75,1,0
116,75,2,20
116,76,1,0
116,76,2,20
116,77,1,0
116,77,2,20
116,78,1,0
116,78,2,20
116,79,1,0
116,79,2,20
116,80,1,0
116,80,2,20
117,0,1,0
117,0,2,20
117,1,1,0
117,1,2,20
117,2,1,0
117,2,2,20
117,3,1,0
117,3,2,20
117,4,1,0
117,4,2,20
117,5,1,0
117,5,2,20
117,6,1,0
117,6,2,20
117,7,1,0
117,7,2,20
117,8,1,0
117,8,2,20
117,9,1,0
117,9,2,20
117,10,1,0
117,10,2,20
117,11,1,0
117,11,2,20
117,12,1,0
117,12,2,20
117,13,1,0
117,13,2,20
117,14,1,0
117,14,2,20
117,15,1,0
117,15,2,20
117,16,1,0
117,16,2,20
117,17,1,0
117,17,2,20
117,18,1,0
117,18,2,20
117,19,1,0
117,19,2,20
117,20,1,0
117,20,2,20
117,21,1,0
117,21,2,20
117,22,1,0
117,22,2,20
117,23,1,0
117,23,2,20
117,24,1,0
117,24,2,20
117,25,1,0
117,25,2,20
117,26,1,0
117,26,2,20
117,27,1,0
117,27,2,20
117,28,1,0
117,28,2,20
117,29,1,0
117,29,2,20
117,30,1,0
117,30,2,20
117,31,1,0
117,31,2,20
117,32,1,0
117,32,2,20
117,33,1,0
117,33,2,20
117,34,1,0
117,34,2,20
117,35,1,0
117,35,2,20
117,36,1,0
117,36,2,20
117,37,1,0
117,37,2,20
117,38,1,0
117,38,2,20
117,39,1,0
117,39,2,20
117,40,1,0
117,40,2,20
117,41,1,0
117,41,2,20
117,42,1,0
117,42,2,20
117,43,1,0
117,43,2,20
117,44,1,0
117,44,2,20
117,45,1,0
117,45,2,20
117,46,1,0
117,46,2,20
117,47,1,0
117,47,2,20
117,48,1,0
117,48,2,20
117,49,1,0
117,49,2,20
117,50,1,0
117,50,2,20
117,51,1,0
117,51,2,20
117,52,1,0
117,52,2,20
117,53,1,0
117,53,2,20
117,54,1,0
117,54,2,20
117,55,1,0
117,55,2,20
117,56,1,0
117,56,2,20
117,57,1,0
117,57,2,20
117,58,1,0
117,58,2,20
117,59,1,0
117,59,2,20
117,60,1,0
117,60,2,20
117,61,1,0
117,61,2,20
117,62,1,0
117,62,2,20
117,63,1,0
117,63,2,20
117,64,1,0
117,64,2,20
117,65,1,0
117,65,2,20
117,66,1,0
117,66,2,20
117,67,1,0
117,67,2,20
117,68,1,0
117,68,2,20
117,69,1,0
117,69,2,20
117,70,1,0
117,70,2,20
117,71,1,0
117,71,2,20
117,72,1,0
117,72,2,20
117,73,1,0
117,73,2,20
117,74,1,0
117,74,2,20
117,75,1,0
117,75,2,20
117,76,1,0
117,76,2,20
117,77,1,0
117,77,2,20
117,78,1,0
117,78,2,20
117,79,1,0
117,79,2,20
117,80,1,0
117,80,2,20
118,0,1,0
118,0,2,20
118,1,1,0
118,1,2,20
118,2,1,0
118,2,2,20
118,3,1,0
118,3,2,20
118,4,1,0
118,4,2,20
118,5,1,0
118,5,2,20
118,6,1,0
118,6,2,20
118,7,1,0
118,7,2,20
118,8,1,0
118,8,2,20
118,9,1,0
118,9,2,20
118,10,1,0
118,10,2,20
118,11,1,0
118,11,2,20
118,12,1,0
118,12,2,20
118,13,1,0
118,13,2,20
118,14,1,0
118,14,2,20
118,15,1,0
118,15,2,20
118,16,1,0
118,16,2,20
118,17,1,0
118,17,2,20
118,18,1,0
118,18,2,20
118,19,1,0
118,19,2,20
118,20,1,0
118,20,2,20
118,21,1,0
118,21,2,20
118,22,1,0
118,22,2,20
118,23,1,0
118,23,2,20
118,24,1,0
118,24,2,20
118,25,1,0
118,25,2,20
118,26,1,0
118,26,2,20
118,27,1,0
118,27,2,20
118,28,1,0
118,28,2,20
118,29,1,0
118,29,2,20
118,30,1,0
118,30,2,20
118,31,1,0
118,31,2,20
118,32,1,0
118,32,2,20
118,33,1,0
118,33,2,20
118,34,1,0
118,34,2,20
118,35,1,0
118,35,2,20
118,36,1,0
118,36,2,20
118,37,1,0
118,37,2,20
118,38,1,0
118,38,2,20
118,39,1,0
118,39,2,20
118,40,1,0
118,40,2,20
118,41,1,0
118,41,2,20
118,42,1,0
118,42,2,20
118,43,1,0
118,43,2,20
118,44,1,0
118,44,2,20
118,45,1,0
118,45,2,20
118,46,1,0
118,46,2,20
118,47,1,0
118,47,2,20
118,48,1,0
118,48,2,20
118,49,1,0
118,49,2,20
118,50,1,0
118,50,2,20
118,51,1,0
118,51,2,20
118,52,1,0
118,52,2,20
118,53,1,0
118,53,2,20
118,54,1,0
118,54,2,20
118,55,1,0
118,55,2,20
118,56,1,0
118,56,2,20
118,57,1,0
118,57,2,20
118,58,1,0
118,58,2,20
118,59,1,0
118,59,2,20
118,60,1,0
118,60,2,20
118,61,1,0
118,61,2,20
118,62,1,0
118,62,2,20
118,63,1,0
118,63,2,20
118,64,1,0
118,64,2,20
118,65,1,0
118,65,2,20
118,66,1,0
118,66,2,20
118,67,1,0
118,67,2,20
118,68,1,0
118,68,2,20
118,69,1,0
118,69,2,20
118,70,1,0
118,70,2,20
118,71,1,0
118,71,2,20
118,72,1,0
118,72,2,20
118,73,1,0
118,73,2,20
118,74,1,0
118,74,2,20
118,75,1,0
118,75,2,20
118,76,1,0
118,76,2,20
118,77,1,0
118,77,2,20
118,78,1,0
118,78,2,20
118,79,1,0
118,79,2,20
118,80,1,0
118,80,2,20
119,0,1,0
119,0,2,20
119,1,1,0
119,1,2,20
119,2,1,0
119,2,2,20
119,3,1,0
119,3,2,20
119,4,1,0
119,4,2,20
119,5,1,0
119,5,2,20
119,6,1,0
119,6,2,20
119,7,1,0
119,7,2,20
119,8,1,0
119,8,2,20
119,9,1,0
119,9,2,20
119,10,1,0
119,10,2,20
119,11,1,0
119,11,2,20
119,12,1,0
119,12,2,20
119,13,1,0
119,13,2,20
119,14,1,0
119,14,2,20
119,15,1,0
119,15,2,20
119,16,1,0
119,16,2,20
119,17,1,0
119,17,2,20
119,18,1,0
119,18,2,20
119,19,1,0
119,19,2,20
119,20,1,0
119,20,2,20
119,21,1,0
119,21,2,20
119,22,1,0
119,22,2,20
119,23,1,0
119,23,2,20
119,24,1,0
119,24,2,20
119,25,1,0
119,25,2,20
119,26,1,0
119,26,2,20
119,27,1,0
119,27,2,20
119,28,1,0
119,28,2,20
119,29,1,0
119,29,2,20
119,30,1,0
119,30,2,20
119,31,1,0
119,31,2,20
119,32,1,0
119,32,2,20
119,33,1,0
119,33,2,20
119,34,1,0
119,34,2,20
119,35,1,0
119,35,2,20
119,36,1,0
119,36,2,20
119,37,1,0
119,37,2,20
119,38,1,0
119,38,2,20
119,39,1,0
119,39,2,20
119,40,1,0
119,40,2,20
119,41,1,0
119,41,2,20
119,42,1,0
119,42,2,20
119,43,1,0
119,43,2,20
119,44,1,0
119,44,2,20
119,45,1,0
119,45,2,20
119,46,1,0
119,46,2,20
119,47,1,0
119,47,2,20
119,48,1,0
119,48,2,20
119,49,1,0
119,49,2,20
119,50,1,0
119,50,2,20
119,51,1,0
119,51,2,20
119,52,1,0
119,52,2,20
119,53,1,0
119,53,2,20
119,54,1,0
119,54,2,20
119,55,1,0
119,55,2,20
119,56,1,0
119,56,2,20
119,57,1,0
119,57,2,20
119,58,1,0
119,58,2,20
119,59,1,0
119,59,2,20
119,60,1,0
119,60,2,20
119,61,1,0
119,61,2,20
119,62,1,0
119,62,2,20
119,63,1,0
119,63,2,20
119,64,1,0
119,64,2,20
119,65,1,0
119,65,2,20
119,66,1,0
119,66,2,20
119,67,1,0
119,67,2,20
119,68,1,0
119,68,2,20
119,69,1,0
119,69,2,20
119,70,1,0
119,70,2,20
119,71,1,0
119,71,2,20
119,72,1,0
119,72,2,20
119,73,1,0
119,73,2,20
119,74,1,0
119,74,2,20
119,75,1,0
119,75,2,20
119,76,1,0
119,76,2,20
119,77,1,0
119,77,2,20
119,78,1,0
119,78,2,20
119,79,1,0
119,79,2,20
119,80,1,0
119,80,2,20
120,0,1,0
120,0,2,20
120,1,1,0
120,1,2,20
120,2,1,0
120,2,2,20
120,3,1,0
120,3,2,20
120,4,1,0
120,4,2,20
120,5,1,0
120,5,2,20
120,6,1,0
120,6,2,20
120,7,1,0
120,7,2,20
120,8,1,0
120,8,2,20
120,9,1,0
120,9,2,20
120,10,1,0
120,10,2,20
120,11,1,0
120,11,2,20
120,12,1,0
120,12,2,20
120,13,1,0
120,13,2,20
120,14,1,0
120,14,2,20
120,15,1,0
120,15,2,20
120,16,1,0
120,16,2,20
120,17,1,0
120,17,2,20
120,18,1,0
120,18,2,20
120,19,1,0
120,19,2,20
120,20,1,0
120,20,2,20
120,21,1,0
120,21,2,20
120,22,1,0
120,22,2,20
120,23,1,0
120,23,2,20
120,24,1,0
120,24,2,20
120,25,1,0
120,25,2,20
120,26,1,0
120,26,2,20
120,27,1,0
120,27,2,20
120,28,1,0
120,28,2,20
120,29,1,0
120,29,2,20
120,30,1,0
120,30,2,20
120,31,1,0
120,31,2,20
120,32,1,0
120,32,2,20
120,33,1,0
120,33,2,20
120,34,1,0
120,34,2,20
120,35,1,0
120,35,2,20
120,36,1,0
120,36,2,20
120,37,1,0
120,37,2,20
120,38,1,0
120,38,2,20
120,39,1,0
120,39,2,20
120,40,1,0
120,40,2,20
120,41,1,0
120,41,2,20
120,42,1,0
120,42,2,20
120,43,1,0
120,43,2,20
120,44,1,0
120,44,2,20
120,45,1,0
120,45,2,20
120,46,1,0
120,46,2,20
120,47,1,0
120,47,2,20
120,48,1,0
120,48,2,20
120,49,1,0
120,49,2,20
120,50,1,0
120,50,2,20
120,51,1,0
120,51,2,20
120,52,1,0
120,52,2,20
120,53,1,0
120,53,2,20
120,54,1,0
120,54,2,20
120,55,1,0
120,55,2,20
120,56,1,0
120,56,2,20
120,57,1,0
120,57,2,20
120,58,1,0
120,58,2,20
120,59,1,0
120,59,2,20
120,60,1,0
120,60,2,20
120,61,1,0
120,61,2,20
120,62,1,0
120,62,2,20
120,63,1,0
120,63,2,20
120,64,1,0
120,64,2,20
120,65,1,0
120,65,2,20
120,66,1,0
120,66,2,20
120,67,1,0
120,67,2,20
120,68,1,0
120,68,2,20
120,69,1,0
120,69,2,20
120,70,1,0
120,70,2,20
120,71,1,0
120,71,2,20
120,72,1,0
120,72,2,20
120,73,1,0
120,73,2,20
120,74,1,0
120,74,2,20
120,75,1,0
120,75,2,20
120,76,1,0
120,76,2,20
120,77,1,0
120,77,2,20
120,78,1,0
120,78,2,20
120,79,1,0
120,79,2,20
120,80,1,0
120,80,2,20
121,0,1,0
121,0,2,20
121,1,1,0
121,1,2,20
121,2,1,0
121,2,2,20
121,3,1,0
121,3,2,20
121,4,1,0
121,4,2,20
121,5,1,0
121,5,2,20
121,6,1,0
121,6,2,20
121,7,1,0
121,7,2,20
121,8,1,0
121,8,2,20
121,9,1,0
121,9,2,20
121,10,1,0
121,10,2,20
121,11,1,0
121,11,2,20
121,12,1,0
121,12,2,20
121,13,1,0
121,13,2,20
121,14,1,0
121,14,2,20
121,15,1,0
121,15,2,20
121,16,1,0
121,16,2,20
121,17,1,0
121,17,2,20
121,18,1,0
121,18,2,20
121,19,1,0
121,19,2,20
121,20,1,0
121,20,2,20
121,21,1,0
121,21,2,20
121,22,1,0
121,22,2,20
121,23,1,0
121,23,2,20
121,24,1,0
121,24,2,20
121,25,1,0
121,25,2,20
121,26,1,0
121,26,2,20
121,27,1,0
121,27,2,20
121,28,1,0
121,28,2,20
121,29,1,0
121,29,2,20
121,30,1,0
121,30,2,20
121,31,1,0
121,31,2,20
121,32,1,0
121,32,2,20
121,33,1,0
121,33,2,20
121,34,1,0
121,34,2,20
121,35,1,0
121,35,2,20
121,36,1,0
121,36,2,20
121,37,1,0
121,37,2,20
121,38,1,0
121,38,2,20
121,39,1,0
121,39,2,20
121,40,1,0
121,40,2,20
121,41,1,0
121,41,2,20
121,42,1,0
121,42,2,20
121,43,1,0
121,43,2,20
121,44,1,0
121,44,2,20
121,45,1,0
121,45,2,20
121,46,1,0
121,46,2,20
121,47,1,0
121,47,2,20
121,48,1,0
121,48,2,20
121,49,1,0
121,49,2,20
121,50,1,0
121,50,2,20
121,51,1,0
121,51,2,20
121,52,1,0
121,52,2,20
121,53,1,0
121,53,2,20
121,54,1,0
121,54,2,20
121,55,1,0
121,55,2,20
121,56,1,0
121,56,2,20
121,57,1,0
121,57,2,20
121,58,1,0
121,58,2,20
121,59,1,0
121,59,2,20
121,60,1,0
121,60,2,20
121,61,1,0
121,61,2,20
121,62,1,0
121,62,2,20
121,63,1,0
121,63,2,20
121,64,1,0
121,64,2,20
121,65,1,0
121,65,2,20
121,66,1,0
121,66,2,20
121,67,1,0
121,67,2,20
121,68,1,0
121,68,2,20
121,69,1,0
121,69,2,20
121,70,1,0
121,70,2,20
121,71,1,0
121,71,2,20
121,72,1,0
121,72,2,20
121,73,1,0
121,73,2,20
121,74,1,0
121,74,2,20
121,75,1,0
121,75,2,20
121,76,1,0
121,76,2,20
121,77,1,0
121,77,2,20
121,78,1,0
121,78,2,20
121,79,1,0
121,79,2,20
121,80,1,0
121,80,2,20
122,0,1,0
122,0,2,20
122,1,1,0
122,1,2,20
122,2,1,0
122,2,2,20
122,3,1,0
122,3,2,20
122,4,1,0
122,4,2,20
122,5,1,0
122,5,2,20
122,6,1,0
122,6,2,20
122,7,1,0
122,7,2,20
122,8,1,0
122,8,2,20
122,9,1,0
122,9,2,20
122,10,1,0
122,10,2,20
122,11,1,0
122,11,2,20
122,12,1,0
122,12,2,20
122,13,1,0
122,13,2,20
122,14,1,0
122,14,2,20
122,15,1,0
122,15,2,20
122,16,1,0
122,16,2,20
122,17,1,0
122,17,2,20
122,18,1,0
122,18,2,20
122,19,1,0
122,19,2,20
122,20,1,0
122,20,2,20
122,21,1,0
122,21,2,20
122,22,1,0
122,22,2,20
122,23,1,0
122,23,2,20
122,24,1,0
122,24,2,20
122,25,1,0
122,25,2,20
122,26,1,0
122,26,2,20
122,27,1,0
122,27,2,20
122,28,1,0
122,28,2,20
122,29,1,0
122,29,2,20
122,30,1,0
122,30,2,20
122,31,1,0
122,31,2,20
122,32,1,0
122,32,2,20
122,33,1,0
122,33,2,20
122,34,1,0
122,34,2,20
122,35,1,0
122,35,2,20
122,36,1,0
122,36,2,20
122,37,1,0
122,37,2,20
122,38,1,0
122,38,2,20
122,39,1,0
122,39,2,20
122,40,1,0
122,40,2,20
122,41,1,0
122,41,2,20
122,42,1,0
122,42,2,20
122,43,1,0
122,43,2,20
122,44,1,0
122,44,2,20
122,45,1,0
122,45,2,20
122,46,1,0
122,46,2,20
122,47,1,0
122,47,2,20
122,48,1,0
122,48,2,20
122,49,1,0
122,49,2,20
122,50,1,0
122,50,2,20
122,51,1,0
122,51,2,20
122,52,1,0
122,52,2,20
122,53,1,0
122,53,2,20
122,54,1,0
122,54,2,20
122,55,1,0
122,55,2,20
122,56,1,0
122,56,2,20
122,57,1,0
122,57,2,20
122,58,1,0
122,58,2,20
122,59,1,0
122,59,2,20
122,60,1,0
122,60,2,20
122,61,1,0
122,61,2,20
122,62,1,0
122,62,2,20
122,63,1,0
122,63,2,20
122,64,1,0
122,64,2,20
122,65,1,0
122,65,2,20
122,66,1,0
122,66,2,20
122,67,1,0
122,67,2,20
122,68,1,0
122,68,2,20
122,69,1,0
122,69,2,20
122,70,1,0
122,70,2,20
122,71,1,0
122,71,2,20
122,72,1,0
122,72,2,20
122,73,1,0
122,73,2,20
122,74,1,0
122,74,2,20
122,75,1,0
122,75,2,20
122,76,1,0
122,76,2,20
122,77,1,0
122,77,2,20
122,78,1,0
122,78,2,20
122,79,1,0
122,79,2,20
122,80,1,0
122,80,2,20
123,0,1,0
123,0,2,20
123,1,1,0
123,1,2,20
123,2,1,0
123,2,2,20
123,3,1,0
123,3,2,20
123,4,1,0
123,4,2,20
123,5,1,0
123,5,2,20
123,6,1,0
123,6,2,20
123,7,1,0
123,7,2,20
123,8,1,0
123,8,2,20
123,9,1,0
123,9,2,20
123,10,1,0
123,10,2,20
123,11,1,0
123,11,2,20
123,12,1,0
123,12,2,20
123,13,1,0
123,13,2,20
123,14,1,0
123,14,2,20
123,15,1,0
123,15,2,20
123,16,1,0
123,16,2,20
123,17,1,0
123,17,2,20
123,18,1,0
123,18,2,20
123,19,1,0
123,19,2,20
123,20,1,0
123,20,2,20
123,21,1,0
123,21,2,20
123,22,1,0
123,22,2,20
123,23,1,0
123,23,2,20
123,24,1,0
123,24,2,20
123,25,1,0
123,25,2,20
123,26,1,0
123,26,2,20
123,27,1,0
123,27,2,20
123,28,1,0
123,28,2,20
123,29,1,0
123,29,2,20
123,30,1,0
123,30,2,20
123,31,1,0
123,31,2,20
123,32,1,0
123,32,2,20
123,33,1,0
123,33,2,20
123,34,1,0
123,34,2,20
123,35,1,0
123,35,2,20
123,36,1,0
123,36,2,20
123,37,1,0
123,37,2,20
123,38,1,0
123,38,2,20
123,39,1,0
123,39,2,20
123,40,1,0
123,40,2,20
123,41,1,0
123,41,2,20
123,42,1,0
123,42,2,20
123,43,1,0
123,43,2,20
123,44,1,0
123,44,2,20
123,45,1,0
123,45,2,20
123,46,1,0
123,46,2,20
123,47,1,0
123,47,2,20
123,48,1,0
123,48,2,20
123,49,1,0
123,49,2,20
123,50,1,0
123,50,2,20
123,51,1,0
123,51,2,20
123,52,1,0
123,52,2,20
123,53,1,0
123,53,2,20
123,54,1,0
123,54,2,20
123,55,1,0
123,55,2,20
123,56,1,0
123,56,2,20
123,57,1,0
123,57,2,20
123,58,1,0
123,58,2,20
123,59,1,0
123,59,2,20
123,60,1,0
123,60,2,20
123,61,1,0
123,61,2,20
123,62,1,0
123,62,2,20
123,63,1,0
123,63,2,20
123,64,1,0
123,64,2,20
123,65,1,0
123,65,2,20
123,66,1,0
123,66,2,20
123,67,1,0
123,67,2,20
123,68,1,0
123,68,2,20
123,69,1,0
123,69,2,20
123,70,1,0
123,70,2,20
123,71,1,0
123,71,2,20
123,72,1,0
123,72,2,20
123,73,1,0
123,73,2,20
123,74,1,0
123,74,2,20
123,75,1,0
123,75,2,20
123,76,1,0
123,76,2,20
123,77,1,0
123,77,2,20
123,78,1,0
123,78,2,20
123,79,1,0
123,79,2,20
123,80,1,0
123,80,2,20
124,0,1,0
124,0,2,20
124,1,1,0
124,1,2,20
124,2,1,0
124,2,2,20
124,3,1,0
124,3,2,20
124,4,1,0
124,4,2,20
124,5,1,0
124,5,2,20
124,6,1,0
124,6,2,20
124,7,1,0
124,7,2,20
124,8,1,0
124,8,2,20
124,9,1,0
124,9,2,20
124,10,1,0
124,10,2,20
124,11,1,0
124,11,2,20
124,12,1,0
124,12,2,20
124,13,1,0
124,13,2,20
124,14,1,0
124,14,2,20
124,15,1,0
124,15,2,20
124,16,1,0
124,16,2,20
124,17,1,0
124,17,2,20
124,18,1,0
124,18,2,20
124,19,1,0
124,19,2,20
124,20,1,0
124,20,2,20
124,21,1,0
124,21,2,20
124,22,1,0
124,22,2,20
124,23,1,0
124,23,2,20
124,24,1,0
124,24,2,20
124,25,1,0
124,25,2,20
124,26,1,0
124,26,2,20
124,27,1,0
124,27,2,20
124,28,1,0
124,28,2,20
124,29,1,0
124,29,2,20
124,30,1,0
124,30,2,20
124,31,1,0
124,31,2,20
124,32,1,0
124,32,2,20
124,33,1,0
124,33,2,20
124,34,1,0
124,34,2,20
124,35,1,0
124,35,2,20
124,36,1,0
124,36,2,20
124,37,1,0
124,37,2,20
124,38,1,0
124,38,2,20
124,39,1,0
124,39,2,20
124,40,1,0
124,40,2,20
124,41,1,0
124,41,2,20
124,42,1,0
124,42,2,20
124,43,1,0
124,43,2,20
124,44,1,0
124,44,2,20
124,45,1,0
124,45,2,20
124,46,1,0
124,46,2,20
124,47,1,0
124,47,2,20
124,48,1,0
124,48,2,20
124,49,1,0
124,49,2,20
124,50,1,0
124,50,2,20
124,51,1,0
124,51,2,20
124,52,1,0
124,52,2,20
124,53,1,0
124,53,2,20
124,54,1,0
124,54,2,20
124,55,1,0
124,55,2,20
124,56,1,0
124,56,2,20
124,57,1,0
124,57,2,20
124,58,1,0
124,58,2,20
124,59,1,0
124,59,2,20
124,60,1,0
124,60,2,20
124,61,1,0
124,61,2,20
124,62,1,0
124,62,2,20
124,63,1,0
124,63,2,20
124,64,1,0
124,64,2,20
124,65,1,0
124,65,2,20
124,66,1,0
124,66,2,20
124,67,1,0
124,67,2,20
124,68,1,0
124,68,2,20
124,69,1,0
124,69,2,20
124,70,1,0
124,70,2,20
124,71,1,0
124,71,2,20
124,72,1,0
124,72,2,20
124,73,1,0
124,73,2,20
124,74,1,0
124,74,2,20
124,75,1,0
124,75,2,20
124,76,1,0
124,76,2,20
124,77,1,0
124,77,2,20
124,78,1,0
124,78,2,20
124,79,1,0
124,79,2,20
124,80,1,0
124,80,2,20
125,0,1,0
125,0,2,20
125,1,1,0
125,1,2,20
125,2,1,0
125,2,2,20
125,3,1,0
125,3,2,20
125,4,1,0
125,4,2,20
125,5,1,0
125,5,2,20
125,6,1,0
125,6,2,20
125,7,1,0
125,7,2,20
125,8,1,0
125,8,2,20
125,9,1,0
125,9,2,20
125,10,1,0
125,10,2,20
125,11,1,0
125,11,2,20
125,12,1,0
125,12,2,20
125,13,1,0
125,13,2,20
125,14,1,0
125,14,2,20
125,15,1,0
125,15,2,20
125,16,1,0
125,16,2,20
125,17,1,0
125,17,2,20
125,18,1,0
125,18,2,20
125,19,1,0
125,19,2,20
125,20,1,0
125,20,2,20
125,21,1,0
125,21,2,20
125,22,1,0
125,22,2,20
125,23,1,0
125,23,2,20
125,24,1,0
125,24,2,20
125,25,1,0
125,25,2,20
125,26,1,0
125,26,2,20
125,27,1,0
125,27,2,20
125,28,1,0
125,28,2,20
125,29,1,0
125,29,2,20
125,30,1,0
125,30,2,20
125,31,1,0
125,31,2,20
125,32,1,0
125,32,2,20
125,33,1,0
125,33,2,20
125,34,1,0
125,34,2,20
125,35,1,0
125,35,2,20
125,36,1,0
125,36,2,20
125,37,1,0
125,37,2,20
125,38,1,0
125,38,2,20
125,39,1,0
125,39,2,20
125,40,1,0
125,40,2,20
125,41,1,0
125,41,2,20
125,42,1,0
125,42,2,20
125,43,1,0
125,43,2,20
125,44,1,0
125,44,2,20
125,45,1,0
125,45,2,20
125,46,1,0
125,46,2,20
125,47,1,0
125,47,2,20
125,48,1,0
125,48,2,20
125,49,1,0
125,49,2,20
125,50,1,0
125,50,2,20
125,51,1,0
125,51,2,20
125,52,1,0
125,52,2,20
125,53,1,0
125,53,2,20
125,54,1,0
125,54,2,20
125,55,1,0
125,55,2,20
125,56,1,0
125,56,2,20
125,57,1,0
125,57,2,20
125,58,1,0
125,58,2,20
125,59,1,0
125,59,2,20
125,60,1,0
125,60,2,20
125,61,1,0
125,61,2,20
125,62,1,0
125,62,2,20
125,63,1,0
125,63,2,20
125,64,1,0
125,64,2,20
125,65,1,0
125,65,2,20
125,66,1,0
125,66,2,20
125,67,1,0
125,67,2,20
125,68,1,0
125,68,2,20
125,69,1,0
125,69,2,20
125,70,1,0
125,70,2,20
125,71,1,0
125,71,2,20
125,72,1,0
125,72,2,20
125,73,1,0
125,73,2,20
125,74,1,0
125,74,2,20
125,75,1,0
125,75,2,20
125,76,1,0
125,76,2,20
125,77,1,0
125,77,2,20
125,78,1,0
125,78,2,20
125,79,1,0
125,79,2,20
125,80,1,0
125,80,2,20
126,0,1,0
126,0,2,20
126,1,1,0
126,1,2,20
126,2,1,0
126,2,2,20
126,3,1,0
126,3,2,20
126,4,1,0
126,4,2,20
126,5,1,0
126,5,2,20
126,6,1,0
126,6,2,20
126,7,1,0
126,7,2,20
126,8,1,0
126,8,2,20
126,9,1,0
126,9,2,20
126,10,1,0
126,10,2,20
126,11,1,0
126,11,2,20
126,12,1,0
126,12,2,20
126,13,1,0
126,13,2,20
126,14,1,0
126,14,2,20
126,15,1,0
126,15,2,20
126,16,1,0
126,16,2,20
126,17,1,0
126,17,2,20
126,18,1,0
126,18,2,20
126,19,1,0
126,19,2,20
126,20,1,0
126,20,2,20
126,21,1,0
126,21,2,20
126,22,1,0
126,22,2,20
126,23,1,0
126,23,2,20
126,24,1,0
126,24,2,20
126,25,1,0
126,25,2,20
126,26,1,0
126,26,2,20
126,27,1,0
126,27,2,20
126,28,1,0
126,28,2,20
126,29,1,0
126,29,2,20
126,30,1,0
126,30,2,20
126,31,1,0
126,31,2,20
126,32,1,0
126,32,2,20
126,33,1,0
126,33,2,20
126,34,1,0
126,34,2,20
126,35,1,0
126,35,2,20
126,36,1,0
126,36,2,20
126,37,1,0
126,37,2,20
126,38,1,0
126,38,2,20
126,39,1,0
126,39,2,20
126,40,1,0
126,40,2,20
126,41,1,0
126,41,2,20
126,42,1,0
126,42,2,20
126,43,1,0
126,43,2,20
126,44,1,0
126,44,2,20
126,45,1,0
126,45,2,20
126,46,1,0
126,46,2,20
126,47,1,0
126,47,2,20
126,48,1,0
126,48,2,20
126,49,1,0
126,49,2,20
126,50,1,0
126,50,2,20
126,51,1,0
126,51,2,20
126,52,1,0
126,52,2,20
126,53,1,0
126,53,2,20
126,54,1,0
126,54,2,20
126,55,1,0
126,55,2,20
126,56,1,0
126,56,2,20
126,57,1,0
126,57,2,20
126,58,1,0
126,58,2,20
126,59,1,0
126,59,2,20
126,60,1,0
126,60,2,20
126,61,1,0
126,61,2,20
126,62,1,0
126,62,2,20
126,63,1,0
126,63,2,20
126,64,1,0
126,64,2,20
126,65,1,0
126,65,2,20
126,66,1,0
126,66,2,20
126,67,1,0
126,67,2,20
126,68,1,0
126,68,2,20
126,69,1,0
126,69,2,20
126,70,1,0
126,70,2,20
126,71,1,0
126,71,2,20
126,72,1,0
126,72,2,20
126,73,1,0
126,73,2,20
126,74,1,0
126,74,2,20
126,75,1,0
126,75,2,20
126,76,1,0
126,76,2,20
126,77,1,0
126,77,2,20
126,78,1,0
126,78,2,20
126,79,1,0
126,79,2,20
126,80,1,0
126,80,2,20
127,0,1,0
127,0,2,20
127,1,1,0
127,1,2,20
127,2,1,0
127,2,2,20
127,3,1,0
127,3,2,20
127,4,1,0
127,4,2,20
127,5,1,0
127,5,2,20
127,6,1,0
127,6,2,20
127,7,1,0
127,7,2,20
127,8,1,0
127,8,2,20
127,9,1,0
127,9,2,20
127,10,1,0
127,10,2,20
127,11,1,0
127,11,2,20
127,12,1,0
127,12,2,20
127,13,1,0
127,13,2,20
127,14,1,0
127,14,2,20
127,15,1,0
127,15,2,20
127,16,1,0
127,16,2,20
127,17,1,0
127,17,2,20
127,18,1,0
127,18,2,20
127,19,1,0
127,19,2,20
127,20,1,0
127,20,2,20
127,21,1,0
127,21,2,20
127,22,1,0
127,22,2,20
127,23,1,0
127,23,2,20
127,24,1,0
127,24,2,20
127,25,1,0
127,25,2,20
127,26,1,0
127,26,2,20
127,27,1,0
127,27,2,20
127,28,1,0
127,28,2,20
127,29,1,0
127,29,2,20
127,30,1,0
127,30,2,20
127,31,1,0
127,31,2,20
127,32,1,0
127,32,2,20
127,33,1,0
127,33,2,20
127,34,1,0
127,34,2,20
127,35,1,0
127,35,2,20
127,36,1,0
127,36,2,20
127,37,1,0
127,37,2,20
127,38,1,0
127,38,2,20
127,39,1,0
127,39,2,20
127,40,1,0
127,40,2,20
127,41,1,0
127,41,2,20
127,42,1,0
127,42,2,20
127,43,1,0
127,43,2,20
127,44,1,0
127,44,2,20
127,45,1,0
127,45,2,20
127,46,1,0
127,46,2,20
127,47,1,0
127,47,2,20
127,48,1,0
127,48,2,20
127,49,1,0
127,49,2,20
127,50,1,0
127,50,2,20
127,51,1,0
127,51,2,20
127,52,1,0
127,52,2,20
127,53,1,0
127,53,2,20
127,54,1,0
127,54,2,20
127,55,1,0
127,55,2,20
127,56,1,0
127,56,2,20
127,57,1,0
127,57,2,20
127,58,1,0
127,58,2,20
127,59,1,0
127,59,2,20
127,60,1,0
127,60,2,20
127,61,1,0
127,61,2,20
127,62,1,0
127,62,2,20
127,63,1,0
127,63,2,20
127,64,1,0
127,64,2,20
127,65,1,0
127,65,2,20
127,66,1,0
127,66,2,20
127,67,1,0
127,67,2,20
127,68,1,0
127,68,2,20
127,69,1,0
127,69,2,20
127,70,1,0
127,70,2,20
127,71,1,0
127,71,2,20
127,72,1,0
127,72,2,20
127,73,1,0
127,73,2,20
127,74,1,0
127,74,2,20
127,75,1,0
127,75,2,20
127,76,1,0
127,76,2,20
127,77,1,0
127,77,2,20
127,78,1,0
127,78,2,20
127,79,1,0
127,79,2,20
127,80,1,0
127,80,2,20
128,0,1,0
128,0,2,20
128,1,1,0
128,1,2,20
128,2,1,0
128,2,2,20
128,3,1,0
128,3,2,20
128,4,1,0
128,4,2,20
128,5,1,0
128,5,2,20
128,6,1,0
128,6,2,20
128,7,1,0
128,7,2,20
128,8,1,0
128,8,2,20
128,9,1,0
128,9,2,20
128,10,1,0
128,10,2,20
128,11,1,0
128,11,2,20
128,12,1,0
128,12,2,20
128,13,1,0
128,13,2,20
128,14,1,0
128,14,2,20
128,15,1,0
128,15,2,20
128,16,1,0
128,16,2,20
128,17,1,0
128,17,2,20
128,18,1,0
128,18,2,20
128,19,1,0
128,19,2,20
128,20,1,0
128,20,2,20
128,21,1,0
128,21,2,20
128,22,1,0
128,22,2,20
128,23,1,0
128,23,2,20
128,24,1,0
128,24,2,20
128,25,1,0
128,25,2,20
128,26,1,0
128,26,2,20
128,27,1,0
128,27,2,20
128,28,1,0
128,28,2,20
128,29,1,0
128,29,2,20
128,30,1,0
128,30,2,20
128,31,1,0
128,31,2,20
128,32,1,0
128,32,2,20
128,33,1,0
128,33,2,20
128,34,1,0
128,34,2,20
128,35,1,0
128,35,2,20
128,36,1,0
128,36,2,20
128,37,1,0
128,37,2,20
128,38,1,0
128,38,2,20
128,39,1,0
128,39,2,20
128,40,1,0
128,40,2,20
128,41,1,0
128,41,2,20
128,42,1,0
128,42,2,20
128,43,1,0
128,43,2,20
128,44,1,0
128,44,2,20
128,45,1,0
128,45,2,20
128,46,1,0
128,46,2,20
128,47,1,0
128,47,2,20
128,48,1,0
128,48,2,20
128,49,1,0
128,49,2,20
128,50,1,0
128,50,2,20
128,51,1,0
128,51,2,20
128,52,1,0
128,52,2,20
128,53,1,0
128,53,2,20
128,54,1,0
128,54,2,20
128,55,1,0
128,55,2,20
128,56,1,0
128,56,2,20
128,57,1,0
128,57,2,20
128,58,1,0
128,58,2,20
128,59,1,0
128,59,2,20
128,60,1,0
128,60,2,20
128,61,1,0
128,61,2,20
128,62,1,0
128,62,2,20
128,63,1,0
128,63,2,20
128,64,1,0
128,64,2,20
128,65,1,0
128,65,2,20
128,66,1,0
128,66,2,20
128,67,1,0
128,67,2,20
128,68,1,0
128,68,2,20
128,69,1,0
128,69,2,20
128,70,1,0
128,70,2,20
128,71,1,0
128,71,2,20
128,72,1,0
128,72,2,20
128,73,1,0
128,73,2,20
128,74,1,0
128,74,2,20
128,75,1,0
128,75,2,20
128,76,1,0
128,76,2,20
128,77,1,0
128,77,2,20
128,78,1,0
128,78,2,20
128,79,1,0
128,79,2,20
128,80,1,0
128,80,2,20
129,0,1,0
129,0,2,20
129,1,1,0
129,1,2,20
129,2,1,0
129,2,2,20
129,3,1,0
129,3,2,20
129,4,1,0
129,4,2,20
129,5,1,0
129,5,2,20
129,6,1,0
129,6,2,20
129,7,1,0
129,7,2,20
129,8,1,0
129,8,2,20
129,9,1,0
129,9,2,20
129,10,1,0
129,10,2,20
129,11,1,0
129,11,2,20
129,12,1,0
129,12,2,20
129,13,1,0
129,13,2,20
129,14,1,0
129,14,2,20
129,15,1,0
129,15,2,20
129,16,1,0
129,16,2,20
129,17,1,0
129,17,2,20
129,18,1,0
129,18,2,20
129,19,1,0
129,19,2,20
129,20,1,0
129,20,2,20
129,21,1,0
129,21,2,20
129,22,1,0
129,22,2,20
129,23,1,0
129,23,2,20
129,24,1,0
129,24,2,20
129,25,1,0
129,25,2,20
129,26,1,0
129,26,2,20
129,27,1,0
129,27,2,20
129,28,1,0
129,28,2,20
129,29,1,0
129,29,2,20
129,30,1,0
129,30,2,20
129,31,1,0
129,31,2,20
129,32,1,0
129,32,2,20
129,33,1,0
129,33,2,20
129,34,1,0
129,34,2,20
129,35,1,0
129,35,2,20
129,36,1,0
129,36,2,20
129,37,1,0
129,37,2,20
129,38,1,0
129,38,2,20
129,39,1,0
129,39,2,20
129,40,1,0
129,40,2,20
129,41,1,0
129,41,2,20
129,42,1,0
129,42,2,20
129,43,1,0
129,43,2,20
129,44,1,0
129,44,2,20
129,45,1,0
129,45,2,20
129,46,1,0
129,46,2,20
129,47,1,0
129,47,2,20
129,48,1,0
129,48,2,20
129,49,1,0
129,49,2,20
129,50,1,0
129,50,2,20
129,51,1,0
129,51,2,20
129,52,1,0
129,52,2,20
129,53,1,0
129,53,2,20
129,54,1,0
129,54,2,20
129,55,1,0
129,55,2,20
129,56,1,0
129,56,2,20
129,57,1,0
129,57,2,20
129,58,1,0
129,58,2,20
129,59,1,0
129,59,2,20
129,60,1,0
129,60,2,20
129,61,1,0
129,61,2,20
129,62,1,0
129,62,2,20
129,63,1,0
129,63,2,20
129,64,1,0
129,64,2,20
129,65,1,0
129,65,2,20
129,66,1,0
129,66,2,20
129,67,1,0
129,67,2,20
129,68,1,0
129,68,2,20
129,69,1,0
129,69,2,20
129,70,1,0
129,70,2,20
129,71,1,0
129,71,2,20
129,72,1,0
129,72,2,20
129,73,1,0
129,73,2,20
129,74,1,0
129,74,2,20
129,75,1,0
129,75,2,20
129,76,1,0
129,76,2,20
129,77,1,0
129,77,2,20
129,78,1,0
129,78,2,20
129,79,1,0
129,79,2,20
129,80,1,0
129,80,2,20
130,0,1,0
130,0,2,20
130,1,1,0
130,1,2,20
130,2,1,0
130,2,2,20
130,3,1,0
130,3,2,20
130,4,1,0
130,4,2,20
130,5,1,0
130,5,2,20
130,6,1,0
130,6,2,20
130,7,1,0
130,7,2,20
130,8,1,0
130,8,2,20
130,9,1,0
130,9,2,20
130,10,1,0
130,10,2,20
130,11,1,0
130,11,2,20
130,12,1,0
130,12,2,20
130,13,1,0
130,13,2,20
130,14,1,0
130,14,2,20
130,15,1,0
130,15,2,20
130,16,1,0
130,16,2,20
130,17,1,0
130,17,2,20
130,18,1,0
130,18,2,20
130,19,1,0
130,19,2,20
130,20,1,0
130,20,2,20
130,21,1,0
130,21,2,20
130,22,1,0
130,22,2,20
130,23,1,0
130,23,2,20
130,24,1,0
130,24,2,20
130,25,1,0
130,25,2,20
130,26,1,0
130,26,2,20
130,27,1,0
130,27,2,20
130,28,1,0
130,28,2,20
130,29,1,0
130,29,2,20
130,30,1,0
130,30,2,20
130,31,1,0
130,31,2,20
130,32,1,0
130,32,2,20
130,33,1,0
130,33,2,20
130,34,1,0
130,34,2,20
130,35,1,0
130,35,2,20
130,36,1,0
130,36,2,20
130,37,1,0
130,37,2,20
130,38,1,0
130,38,2,20
130,39,1,0
130,39,2,20
130,40,1,0
130,40,2,20
130,41,1,0
130,41,2,20
130,42,1,0
130,42,2,20
130,43,1,0
130,43,2,20
130,44,1,0
130,44,2,20
130,45,1,0
130,45,2,20
130,46,1,0
130,46,2,20
130,47,1,0
130,47,2,20
130,48,1,0
130,48,2,20
130,49,1,0
130,49,2,20
130,50,1,0
130,50,2,20
130,51,1,0
130,51,2,20
130,52,1,0
130,52,2,20
130,53,1,0
130,53,2,20
130,54,1,0
130,54,2,20
130,55,1,0
130,55,2,20
130,56,1,0
130,56,2,20
130,57,1,0
130,57,2,20
130,58,1,0
130,58,2,20
130,59,1,0
130,59,2,20
130,60,1,0
130,60,2,20
130,61,1,0
130,61,2,20
130,62,1,0
130,62,2,20
130,63,1,0
130,63,2,20
130,64,1,0
130,64,2,20
130,65,1,0
130,65,2,20
130,66,1,0
130,66,2,20
130,67,1,0
130,67,2,20
130,68,1,0
130,68,2,20
130,69,1,0
130,69,2,20
130,70,1,0
130,70,2,20
130,71,1,0
130,71,2,20
130,72,1,0
130,72,2,20
130,73,1,0
130,73,2,20
130,74,1,0
130,74,2,20
130,75,1,0
130,75,2,20
130,76,1,0
130,76,2,20
130,77,1,0
130,77,2,20
130,78,1,0
130,78,2,20
130,79,1,0
130,79,2,20
130,80,1,0
130,80,2,20
131,0,1,0
131,0,2,20
131,1,1,0
131,1,2,20
131,2,1,0
131,2,2,20
131,3,1,0
131,3,2,20
131,4,1,0
131,4,2,20
131,5,1,0
131,5,2,20
131,6,1,0
131,6,2,20
131,7,1,0
131,7,2,20
131,8,1,0
131,8,2,20
131,9,1,0
131,9,2,20
131,10,1,0
131,10,2,20
131,11,1,0
131,11,2,20
131,12,1,0
131,12,2,20
131,13,1,0
131,13,2,20
131,14,1,0
131,14,2,20
131,15,1,0
131,15,2,20
131,16,1,0
131,16,2,20
131,17,1,0
131,17,2,20
131,18,1,0
131,18,2,20
131,19,1,0
131,19,2,20
131,20,1,0
131,20,2,20
131,21,1,0
131,21,2,20
131,22,1,0
131,22,2,20
131,23,1,0
131,23,2,20
131,24,1,0
131,24,2,20
131,25,1,0
131,25,2,20
131,26,1,0
131,26,2,20
131,27,1,0
131,27,2,20
131,28,1,0
131,28,2,20
131,29,1,0
131,29,2,20
131,30,1,0
131,30,2,20
131,31,1,0
131,31,2,20
131,32,1,0
131,32,2,20
131,33,1,0
131,33,2,20
131,34,1,0
131,34,2,20
131,35,1,0
131,35,2,20
131,36,1,0
131,36,2,20
131,37,1,0
131,37,2,20
131,38,1,0
131,38,2,20
131,39,1,0
131,39,2,20
131,40,1,0
131,40,2,20
131,41,1,0
131,41,2,20
131,42,1,0
131,42,2,20
131,43,1,0
131,43,2,20
131,44,1,0
131,44,2,20
131,45,1,0
131,45,2,20
131,46,1,0
131,46,2,20
131,47,1,0
131,47,2,20
131,48,1,0
131,48,2,20
131,49,1,0
131,49,2,20
131,50,1,0
131,50,2,20
131,51,1,0
131,51,2,20
131,52,1,0
131,52,2,20
131,53,1,0
131,53,2,20
131,54,1,0
131,54,2,20
131,55,1,0
131,55,2,20
131,56,1,0
131,56,2,20
131,57,1,0
131,57,2,20
131,58,1,0
131,58,2,20
131,59,1,0
131,59,2,20
131,60,1,0
131,60,2,20
131,61,1,0
131,61,2,20
131,62,1,0
131,62,2,20
131,63,1,0
131,63,2,20
131,64,1,0
131,64,2,20
131,65,1,0
131,65,2,20
131,66,1,0
131,66,2,20
131,67,1,0
131,67,2,20
131,68,1,0
131,68,2,20
131,69,1,0
131,69,2,20
131,70,1,0
131,70,2,20
131,71,1,0
131,71,2,20
131,72,1,0
131,72,2,20
131,73,1,0
131,73,2,20
131,74,1,0
131,74,2,20
131,75,1,0
131,75,2,20
131,76,1,0
131,76,2,20
131,77,1,0
131,77,2,20
131,78,1,0
131,78,2,20
131,79,1,0
131,79,2,20
131,80,1,0
131,80,2,20
132,0,1,0
132,0,2,20
132,1,1,0
132,1,2,20
132,2,1,0
132,2,2,20
132,3,1,0
132,3,2,20
132,4,1,0
132,4,2,20
132,5,1,0
132,5,2,20
132,6,1,0
132,6,2,20
132,7,1,0
132,7,2,20
132,8,1,0
132,8,2,20
132,9,1,0
132,9,2,20
132,10,1,0
132,10,2,20
132,11,1,0
132,11,2,20
132,12,1,0
132,12,2,20
132,13,1,0
132,13,2,20
132,14,1,0
132,14,2,20
132,15,1,0
132,15,2,20
132,16,1,0
132,16,2,20
132,17,1,0
132,17,2,20
132,18,1,0
132,18,2,20
132,19,1,0
132,19,2,20
132,20,1,0
132,20,2,20
132,21,1,0
132,21,2,20
132,22,1,0
132,22,2,20
132,23,1,0
132,23,2,20
132,24,1,0
132,24,2,20
132,25,1,0
132,25,2,20
132,26,1,0
132,26,2,20
132,27,1,0
132,27,2,20
132,28,1,0
132,28,2,20
132,29,1,0
132,29,2,20
132,30,1,0
132,30,2,20
132,31,1,0
132,31,2,20
132,32,1,0
132,32,2,20
132,33,1,0
132,33,2,20
132,34,1,0
132,34,2,20
132,35,1,0
132,35,2,20
132,36,1,0
132,36,2,20
132,37,1,0
132,37,2,20
132,38,1,0
132,38,2,20
132,39,1,0
132,39,2,20
132,40,1,0
132,40,2,20
132,41,1,0
132,41,2,20
132,42,1,0
132,42,2,20
132,43,1,0
132,43,2,20
132,44,1,0
132,44,2,20
132,45,1,0
132,45,2,20
132,46,1,0
132,46,2,20
132,47,1,0
132,47,2,20
132,48,1,0
132,48,2,20
132,49,1,0
132,49,2,20
132,50,1,0
132,50,2,20
132,51,1,0
132,51,2,20
132,52,1,0
132,52,2,20
132,53,1,0
132,53,2,20
132,54,1,0
132,54,2,20
132,55,1,0
132,55,2,20
132,56,1,0
132,56,2,20
132,57,1,0
132,57,2,20
132,58,1,0
132,58,2,20
132,59,1,0
132,59,2,20
132,60,1,0
132,60,2,20
132,61,1,0
132,61,2,20
132,62,1,0
132,62,2,20
132,63,1,0
132,63,2,20
132,64,1,0
132,64,2,20
132,65,1,0
132,65,2,20
132,66,1,0
132,66,2,20
132,67,1,0
132,67,2,20
132,68,1,0
132,68,2,20
132,69,1,0
132,69,2,20
132,70,1,0
132,70,2,20
132,71,1,0
132,71,2,20
132,72,1,0
132,72,2,20
132,73,1,0
132,73,2,20
132,74,1,0
132,74,2,20
132,75,1,0
132,75,2,20
132,76,1,0
132,76,2,20
132,77,1,0
132,77,2,20
132,78,1,0
132,78,2,20
132,79,1,0
132,79,2,20
132,80,1,0
132,80,2,20
133,0,1,0
133,0,2,20
133,1,1,0
133,1,2,20
133,2,1,0
133,2,2,20
133,3,1,0
133,3,2,20
133,4,1,0
133,4,2,20
133,5,1,0
133,5,2,20
133,6,1,0
133,6,2,20
133,7,1,0
133,7,2,20
133,8,1,0
133,8,2,20
133,9,1,0
133,9,2,20
133,10,1,0
133,10,2,20
133,11,1,0
133,11,2,20
133,12,1,0
133,12,2,20
133,13,1,0
133,13,2,20
133,14,1,0
133,14,2,20
133,15,1,0
133,15,2,20
133,16,1,0
133,16,2,20
133,17,1,0
133,17,2,20
133,18,1,0
133,18,2,20
133,19,1,0
133,19,2,20
133,20,1,0
133,20,2,20
133,21,1,0
133,21,2,20
133,22,1,0
133,22,2,20
133,23,1,0
133,23,2,20
133,24,1,0
133,24,2,20
133,25,1,0
133,25,2,20
133,26,1,0
133,26,2,20
133,27,1,0
133,27,2,20
133,28,1,0
133,28,2,20
133,29,1,0
133,29,2,20
133,30,1,0
133,30,2,20
133,31,1,0
133,31,2,20
133,32,1,0
133,32,2,20
133,33,1,0
133,33,2,20
133,34,1,0
133,34,2,20
133,35,1,0
133,35,2,20
133,36,1,0
133,36,2,20
133,37,1,0
133,37,2,20
133,38,1,0
133,38,2,20
133,39,1,0
133,39,2,20
133,40,1,0
133,40,2,20
133,41,1,0
133,41,2,20
133,42,1,0
133,42,2,20
133,43,1,0
133,43,2,20
133,44,1,0
133,44,2,20
133,45,1,0
133,45,2,20
133,46,1,0
133,46,2,20
133,47,1,0
133,47,2,20
133,48,1,0
133,48,2,20
133,49,1,0
133,49,2,20
133,50,1,0
133,50,2,20
133,51,1,0
133,51,2,20
133,52,1,0
133,52,2,20
133,53,1,0
133,53,2,20
133,54,1,0
133,54,2,20
133,55,1,0
133,55,2,20
133,56,1,0
133,56,2,20
133,57,1,0
133,57,2,20
133,58,1,0
133,58,2,20
133,59,1,0
133,59,2,20
133,60,1,0
133,60,2,20
133,61,1,0
133,61,2,20
133,62,1,0
133,62,2,20
133,63,1,0
133,63,2,20
133,64,1,0
133,64,2,20
133,65,1,0
133,65,2,20
133,66,1,0
133,66,2,20
133,67,1,0
133,67,2,20
133,68,1,0
133,68,2,20
133,69,1,0
133,69,2,20
133,70,1,0
133,70,2,20
133,71,1,0
133,71,2,20
133,72,1,0
133,72,2,20
133,73,1,0
133,73,2,20
133,74,1,0
133,74,2,20
133,75,1,0
133,75,2,20
133,76,1,0
133,76,2,20
133,77,1,0
133,77,2,20
133,78,1,0
133,78,2,20
133,79,1,0
133,79,2,20
133,80,1,0
133,80,2,20
134,0,1,0
134,0,2,20
134,1,1,0
134,1,2,20
134,2,1,0
134,2,2,20
134,3,1,0
134,3,2,20
134,4,1,0
134,4,2,20
134,5,1,0
134,5,2,20
134,6,1,0
134,6,2,20
134,7,1,0
134,7,2,20
134,8,1,0
134,8,2,20
134,9,1,0
134,9,2,20
134,10,1,0
134,10,2,20
134,11,1,0
134,11,2,20
134,12,1,0
134,12,2,20
134,13,1,0
134,13,2,20
134,14,1,0
134,14,2,20
134,15,1,0
134,15,2,20
134,16,1,0
134,16,2,20
134,17,1,0
134,17,2,20
134,18,1,0
134,18,2,20
134,19,1,0
134,19,2,20
134,20,1,0
134,20,2,20
134,21,1,0
134,21,2,20
134,22,1,0
134,22,2,20
134,23,1,0
134,23,2,20
134,24,1,0
134,24,2,20
134,25,1,0
134,25,2,20
134,26,1,0
134,26,2,20
134,27,1,0
134,27,2,20
134,28,1,0
134,28,2,20
134,29,1,0
134,29,2,20
134,30,1,0
134,30,2,20
134,31,1,0
134,31,2,20
134,32,1,0
134,32,2,20
134,33,1,0
134,33,2,20
134,34,1,0
134,34,2,20
134,35,1,0
134,35,2,20
134,36,1,0
134,36,2,20
134,37,1,0
134,37,2,20
134,38,1,0
134,38,2,20
134,39,1,0
134,39,2,20
134,40,1,0
134,40,2,20
134,41,1,0
134,41,2,20
134,42,1,0
134,42,2,20
134,43,1,0
134,43,2,20
134,44,1,0
134,44,2,20
134,45,1,0
134,45,2,20
134,46,1,0
134,46,2,20
134,47,1,0
134,47,2,20
134,48,1,0
134,48,2,20
134,49,1,0
134,49,2,20
134,50,1,0
134,50,2,20
134,51,1,0
134,51,2,20
134,52,1,0
134,52,2,20
134,53,1,0
134,53,2,20
134,54,1,0
134,54,2,20
134,55,1,0
134,55,2,20
134,56,1,0
134,56,2,20
134,57,1,0
134,57,2,20
134,58,1,0
134,58,2,20
134,59,1,0
134,59,2,20
134,60,1,0
134,60,2,20
134,61,1,0
134,61,2,20
134,62,1,0
134,62,2,20
134,63,1,0
134,63,2,20
134,64,1,0
134,64,2,20
134,65,1,0
134,65,2,20
134,66,1,0
134,66,2,20
134,67,1,0
134,67,2,20
134,68,1,0
134,68,2,20
134,69,1,0
134,69,2,20
134,70,1,0
134,70,2,20
134,71,1,0
134,71,2,20
134,72,1,0
134,72,2,20
134,73,1,0
134,73,2,20
134,74,1,0
134,74,2,20
134,75,1,0
134,75,2,20
134,76,1,0
134,76,2,20
134,77,1,0
134,77,2,20
134,78,1,0
134,78,2,20
134,79,1,0
134,79,2,20
134,80,1,0
134,80,2,20
135,0,1,0
135,0,2,20
135,1,1,0
135,1,2,20
135,2,1,0
135,2,2,20
135,3,1,0
135,3,2,20
135,4,1,0
135,4,2,20
135,5,1,0
135,5,2,20
135,6,1,0
135,6,2,20
135,7,1,0
135,7,2,20
135,8,1,0
135,8,2,20
135,9,1,0
135,9,2,20
135,10,1,0
135,10,2,20
135,11,1,0
135,11,2,20
135,12,1,0
135,12,2,20
135,13,1,0
135,13,2,20
135,14,1,0
135,14,2,20
135,15,1,0
135,15,2,20
135,16,1,0
135,16,2,20
135,17,1,0
135,17,2,20
135,18,1,0
135,18,2,20
135,19,1,0
135,19,2,20
135,20,1,0
135,20,2,20
135,21,1,0
135,21,2,20
135,22,1,0
135,22,2,20
135,23,1,0
135,23,2,20
135,24,1,0
135,24,2,20
135,25,1,0
135,25,2,20
135,26,1,0
135,26,2,20
135,27,1,0
135,27,2,20
135,28,1,0
135,28,2,20
135,29,1,0
135,29,2,20
135,30,1,0
135,30,2,20
135,31,1,0
135,31,2,20
135,32,1,0
135,32,2,20
135,33,1,0
135,33,2,20
135,34,1,0
135,34,2,20
135,35,1,0
135,35,2,20
135,36,1,0
135,36,2,20
135,37,1,0
135,37,2,20
135,38,1,0
135,38,2,20
135,39,1,0
135,39,2,20
135,40,1,0
135,40,2,20
135,41,1,0
135,41,2,20
135,42,1,0
135,42,2,20
135,43,1,0
135,43,2,20
135,44,1,0
135,44,2,20
135,45,1,0
135,45,2,20
135,46,1,0
135,46,2,20
135,47,1,0
135,47,2,20
135,48,1,0
135,48,2,20
135,49,1,0
135,49,2,20
135,50,1,0
135,50,2,20
135,51,1,0
135,51,2,20
135,52,1,0
135,52,2,20
135,53,1,0
135,53,2,20
135,54,1,0
135,54,2,20
135,55,1,0
135,55,2,20
135,56,1,0
135,56,2,20
135,57,1,0
135,57,2,20
135,58,1,0
135,58,2,20
135,59,1,0
135,59,2,20
135,60,1,0
135,60,2,20
135,61,1,0
135,61,2,20
135,62,1,0
135,62,2,20
135,63,1,0
135,63,2,20
135,64,1,0
135,64,2,20
135,65,1,0
135,65,2,20
135,66,1,0
135,66,2,20
135,67,1,0
135,67,2,20
135,68,1,0
135,68,2,20
135,69,1,0
135,69,2,20
135,70,1,0
135,70,2,20
135,71,1,0
135,71,2,20
135,72,1,0
135,72,2,20
135,73,1,0
135,73,2,20
135,74,1,0
135,74,2,20
135,75,1,0
135,75,2,20
135,76,1,0
135,76,2,20
135,77,1,0
135,77,2,20
135,78,1,0
135,78,2,20
135,79,1,0
135,79,2,20
135,80,1,0
135,80,2,20
136,0,1,0
136,0,2,20
136,1,1,0
136,1,2,20
136,2,1,0
136,2,2,20
136,3,1,0
136,3,2,20
136,4,1,0
136,4,2,20
136,5,1,0
136,5,2,20
136,6,1,0
136,6,2,20
136,7,1,0
136,7,2,20
136,8,1,0
136,8,2,20
136,9,1,0
136,9,2,20
136,10,1,0
136,10,2,20
136,11,1,0
136,11,2,20
136,12,1,0
136,12,2,20
136,13,1,0
136,13,2,20
136,14,1,0
136,14,2,20
136,15,1,0
136,15,2,20
136,16,1,0
136,16,2,20
136,17,1,0
136,17,2,20
136,18,1,0
136,18,2,20
136,19,1,0
136,19,2,20
136,20,1,0
136,20,2,20
136,21,1,0
136,21,2,20
136,22,1,0
136,22,2,20
136,23,1,0
136,23,2,20
136,24,1,0
136,24,2,20
136,25,1,0
136,25,2,20
136,26,1,0
136,26,2,20
136,27,1,0
136,27,2,20
136,28,1,0
136,28,2,20
136,29,1,0
136,29,2,20
136,30,1,0
136,30,2,20
136,31,1,0
136,31,2,20
136,32,1,0
136,32,2,20
136,33,1,0
136,33,2,20
136,34,1,0
136,34,2,20
136,35,1,0
136,35,2,20
136,36,1,0
136,36,2,20
136,37,1,0
136,37,2,20
136,38,1,0
136,38,2,20
136,39,1,0
136,39,2,20
136,40,1,0
136,40,2,20
136,41,1,0
136,41,2,20
136,42,1,0
136,42,2,20
136,43,1,0
136,43,2,20
136,44,1,0
136,44,2,20
136,45,1,0
136,45,2,20
136,46,1,0
136,46,2,20
136,47,1,0
136,47,2,20
136,48,1,0
136,48,2,20
136,49,1,0
136,49,2,20
136,50,1,0
136,50,2,20
136,51,1,0
136,51,2,20
136,52,1,0
136,52,2,20
136,53,1,0
136,53,2,20
136,54,1,0
136,54,2,20
136,55,1,0
136,55,2,20
136,56,1,0
136,56,2,20
136,57,1,0
136,57,2,20
136,58,1,0
136,58,2,20
136,59,1,0
136,59,2,20
136,60,1,0
136,60,2,20
136,61,1,0
136,61,2,20
136,62,1,0
136,62,2,20
136,63,1,0
136,63,2,20
136,64,1,0
136,64,2,20
136,65,1,0
136,65,2,20
136,66,1,0
136,66,2,20
136,67,1,0
136,67,2,20
136,68,1,0
136,68,2,20
136,69,1,0
136,69,2,20
136,70,1,0
136,70,2,20
136,71,1,0
136,71,2,20
136,72,1,0
136,72,2,20
136,73,1,0
136,73,2,20
136,74,1,0
136,74,2,20
136,75,1,0
136,75,2,20
136,76,1,0
136,76,2,20
136,77,1,0
136,77,2,20
136,78,1,0
136,78,2,20
136,79,1,0
136,79,2,20
136,80,1,0
136,80,2,20
137,0,1,0
137,0,2,20
137,1,1,0
137,1,2,20
137,2,1,0
137,2,2,20
137,3,1,0
137,3,2,20
137,4,1,0
137,4,2,20
137,5,1,0
137,5,2,20
137,6,1,0
137,6,2,20
137,7,1,0
137,7,2,20
137,8,1,0
137,8,2,20
137,9,1,0
137,9,2,20
137,10,1,0
137,10,2,20
137,11,1,0
137,11,2,20
137,12,1,0
137,12,2,20
137,13,1,0
137,13,2,20
137,14,1,0
137,14,2,20
137,15,1,0
137,15,2,20
137,16,1,0
137,16,2,20
137,17,1,0
137,17,2,20
137,18,1,0
137,18,2,20
137,19,1,0
137,19,2,20
137,20,1,0
137,20,2,20
137,21,1,0
137,21,2,20
137,22,1,0
137,22,2,20
137,23,1,0
137,23,2,20
137,24,1,0
137,24,2,20
137,25,1,0
137,25,2,20
137,26,1,0
137,26,2,20
137,27,1,0
137,27,2,20
137,28,1,0
137,28,2,20
137,29,1,0
137,29,2,20
137,30,1,0
137,30,2,20
137,31,1,0
137,31,2,20
137,32,1,0
137,32,2,20
137,33,1,0
137,33,2,20
137,34,1,0
137,34,2,20
137,35,1,0
137,35,2,20
137,36,1,0
137,36,2,20
137,37,1,0
137,37,2,20
137,38,1,0
137,38,2,20
137,39,1,0
137,39,2,20
137,40,1,0
137,40,2,20
137,41,1,0
137,41,2,20
137,42,1,0
137,42,2,20
137,43,1,0
137,43,2,20
137,44,1,0
137,44,2,20
137,45,1,0
137,45,2,20
137,46,1,0
137,46,2,20
137,47,1,0
137,47,2,20
137,48,1,0
137,48,2,20
137,49,1,0
137,49,2,20
137,50,1,0
137,50,2,20
137,51,1,0
137,51,2,20
137,52,1,0
137,52,2,20
137,53,1,0
137,53,2,20
137,54,1,0
137,54,2,20
137,55,1,0
137,55,2,20
137,56,1,0
137,56,2,20
137,57,1,0
137,57,2,20
137,58,1,0
137,58,2,20
137,59,1,0
137,59,2,20
137,60,1,0
137,60,2,20
137,61,1,0
137,61,2,20
137,62,1,0
137,62,2,20
137,63,1,0
137,63,2,20
137,64,1,0
137,64,2,20
137,65,1,0
137,65,2,20
137,66,1,0
137,66,2,20
137,67,1,0
137,67,2,20
137,68,1,0
137,68,2,20
137,69,1,0
137,69,2,20
137,70,1,0
137,70,2,20
137,71,1,0
137,71,2,20
137,72,1,0
137,72,2,20
137,73,1,0
137,73,2,20
137,74,1,0
137,74,2,20
137,75,1,0
137,75,2,20
137,76,1,0
137,76,2,20
137,77,1,0
137,77,2,20
137,78,1,0
137,78,2,20
137,79,1,0
137,79,2,20
137,80,1,0
137,80,2,20
138,0,1,0
138,0,2,20
138,1,1,0
138,1,2,20
138,2,1,0
138,2,2,20
138,3,1,0
138,3,2,20
138,4,1,0
138,4,2,20
138,5,1,0
138,5,2,20
138,6,1,0
138,6,2,20
138,7,1,0
138,7,2,20
138,8,1,0
138,8,2,20
138,9,1,0
138,9,2,20
138,10,1,0
138,10,2,20
138,11,1,0
138,11,2,20
138,12,1,0
138,12,2,20
138,13,1,0
138,13,2,20
138,14,1,0
138,14,2,20
138,15,1,0
138,15,2,20
138,16,1,0
138,16,2,20
138,17,1,0
138,17,2,20
138,18,1,0
138,18,2,20
138,19,1,0
138,19,2,20
138,20,1,0
138,20,2,20
138,21,1,0
138,21,2,20
138,22,1,0
138,22,2,20
138,23,1,0
138,23,2,20
138,24,1,0
138,24,2,20
138,25,1,0
138,25,2,20
138,26,1,0
138,26,2,20
138,27,1,0
138,27,2,20
138,28,1,0
138,28,2,20
138,29,1,0
138,29,2,20
138,30,1,0
138,30,2,20
138,31,1,0
138,31,2,20
138,32,1,0
138,32,2,20
138,33,1,0
138,33,2,20
138,34,1,0
138,34,2,20
138,35,1,0
138,35,2,20
138,36,1,0
138,36,2,20
138,37,1,0
138,37,2,20
138,38,1,0
138,38,2,20
138,39,1,0
138,39,2,20
138,40,1,0
138,40,2,20
138,41,1,0
138,41,2,20
138,42,1,0
138,42,2,20
138,43,1,0
138,43,2,20
138,44,1,0
138,44,2,20
138,45,1,0
138,45,2,20
138,46,1,0
138,46,2,20
138,47,1,0
138,47,2,20
138,48,1,0
138,48,2,20
138,49,1,0
138,49,2,20
138,50,1,0
138,50,2,20
138,51,1,0
138,51,2,20
138,52,1,0
138,52,2,20
138,53,1,0
138,53,2,20
138,54,1,0
138,54,2,20
138,55,1,0
138,55,2,20
138,56,1,0
138,56,2,20
138,57,1,0
138,57,2,20
138,58,1,0
138,58,2,20
138,59,1,0
138,59,2,20
138,60,1,0
138,60,2,20
138,61,1,0
138,61,2,20
138,62,1,0
138,62,2,20
138,63,1,0
138,63,2,20
138,64,1,0
138,64,2,20
138,65,1,0
138,65,2,20
138,66,1,0
138,66,2,20
138,67,1,0
138,67,2,20
138,68,1,0
138,68,2,20
138,69,1,0
138,69,2,20
138,70,1,0
138,70,2,20
138,71,1,0
138,71,2,20
138,72,1,0
138,72,2,20
138,73,1,0
138,73,2,20
138,74,1,0
138,74,2,20
138,75,1,0
138,75,2,20
138,76,1,0
138,76,2,20
138,77,1,0
138,77,2,20
138,78,1,0
138,78,2,20
138,79,1,0
138,79,2,20
138,80,1,0
138,80,2,20
139,0,1,0
139,0,2,20
139,1,1,0
139,1,2,20
139,2,1,0
139,2,2,20
139,3,1,0
139,3,2,20
139,4,1,0
139,4,2,20
139,5,1,0
139,5,2,20
139,6,1,0
139,6,2,20
139,7,1,0
139,7,2,20
139,8,1,0
139,8,2,20
139,9,1,0
139,9,2,20
139,10,1,0
139,10,2,20
139,11,1,0
139,11,2,20
139,12,1,0
139,12,2,20
139,13,1,0
139,13,2,20
139,14,1,0
139,14,2,20
139,15,1,0
139,15,2,20
139,16,1,0
139,16,2,20
139,17,1,0
139,17,2,20
139,18,1,0
139,18,2,20
139,19,1,0
139,19,2,20
139,20,1,0
139,20,2,20
139,21,1,0
139,21,2,20
139,22,1,0
139,22,2,20
139,23,1,0
139,23,2,20
139,24,1,0
139,24,2,20
139,25,1,0
139,25,2,20
139,26,1,0
139,26,2,20
139,27,1,0
139,27,2,20
139,28,1,0
139,28,2,20
139,29,1,0
139,29,2,20
139,30,1,0
139,30,2,20
139,31,1,0
139,31,2,20
139,32,1,0
139,32,2,20
139,33,1,0
139,33,2,20
139,34,1,0
139,34,2,20
139,35,1,0
139,35,2,20
139,36,1,0
139,36,2,20
139,37,1,0
139,37,2,20
139,38,1,0
139,38,2,20
139,39,1,0
139,39,2,20
139,40,1,0
139,40,2,20
139,41,1,0
139,41,2,20
139,42,1,0
139,42,2,20
139,43,1,0
139,43,2,20
139,44,1,0
139,44,2,20
139,45,1,0
139,45,2,20
139,46,1,0
139,46,2,20
139,47,1,0
139,47,2,20
139,48,1,0
139,48,2,20
139,49,1,0
139,49,2,20
139,50,1,0
139,50,2,20
139,51,1,0
139,51,2,20
139,52,1,0
139,52,2,20
139,53,1,0
139,53,2,20
139,54,1,0
139,54,2,20
139,55,1,0
139,55,2,20
139,56,1,0
139,56,2,20
139,57,1,0
139,57,2,20
139,58,1,0
139,58,2,20
139,59,1,0
139,59,2,20
139,60,1,0
139,60,2,20
139,61,1,0
139,61,2,20
139,62,1,0
139,62,2,20
139,63,1,0
139,63,2,20
139,64,1,0
139,64,2,20
139,65,1,0
139,65,2,20
139,66,1,0
139,66,2,20
139,67,1,0
139,67,2,20
139,68,1,0
139,68,2,20
139,69,1,0
139,69,2,20
139,70,1,0
139,70,2,20
139,71,1,0
139,71,2,20
139,72,1,0
139,72,2,20
139,73,1,0
139,73,2,20
139,74,1,0
139,74,2,20
139,75,1,0
139,75,2,20
139,76,1,0
139,76,2,20
139,77,1,0
139,77,2,20
139,78,1,0
139,78,2,20
139,79,1,0
139,79,2,20
139,80,1,0
139,80,2,20
140,0,1,0
140,0,2,20
140,1,1,0
140,1,2,20
140,2,1,0
140,2,2,20
140,3,1,0
140,3,2,20
140,4,1,0
140,4,2,20
140,5,1,0
140,5,2,20
140,6,1,0
140,6,2,20
140,7,1,0
140,7,2,20
140,8,1,0
140,8,2,20
140,9,1,0
140,9,2,20
140,10,1,0
140,10,2,20
140,11,1,0
140,11,2,20
140,12,1,0
140,12,2,20
140,13,1,0
140,13,2,20
140,14,1,0
140,14,2,20
140,15,1,0
140,15,2,20
140,16,1,0
140,16,2,20
140,17,1,0
140,17,2,20
140,18,1,0
140,18,2,20
140,19,1,0
140,19,2,20
140,20,1,0
140,20,2,20
140,21,1,0
140,21,2,20
140,22,1,0
140,22,2,20
140,23,1,0
140,23,2,20
140,24,1,0
140,24,2,20
140,25,1,0
140,25,2,20
140,26,1,0
140,26,2,20
140,27,1,0
140,27,2,20
140,28,1,0
140,28,2,20
140,29,1,0
140,29,2,20
140,30,1,0
140,30,2,20
140,31,1,0
140,31,2,20
140,32,1,0
140,32,2,20
140,33,1,0
140,33,2,20
140,34,1,0
140,34,2,20
140,35,1,0
140,35,2,20
140,36,1,0
140,36,2,20
140,37,1,0
140,37,2,20
140,38,1,0
140,38,2,20
140,39,1,0
140,39,2,20
140,40,1,0
140,40,2,20
140,41,1,0
140,41,2,20
140,42,1,0
140,42,2,20
140,43,1,0
140,43,2,20
140,44,1,0
140,44,2,20
140,45,1,0
140,45,2,20
140,46,1,0
140,46,2,20
140,47,1,0
140,47,2,20
140,48,1,0
140,48,2,20
140,49,1,0
140,49,2,20
140,50,1,0
140,50,2,20
140,51,1,0
140,51,2,20
140,52,1,0
140,52,2,20
140,53,1,0
140,53,2,20
140,54,1,0
140,54,2,20
140,55,1,0
140,55,2,20
140,56,1,0
140,56,2,20
140,57,1,0
140,57,2,20
140,58,1,0
140,58,2,20
140,59,1,0
140,59,2,20
140,60,1,0
140,60,2,20
140,61,1,0
140,61,2,20
140,62,1,0
140,62,2,20
140,63,1,0
140,63,2,20
140,64,1,0
140,64,2,20
140,65,1,0
140,65,2,20
140,66,1,0
140,66,2,20
140,67,1,0
140,67,2,20
140,68,1,0
140,68,2,20
140,69,1,0
140,69,2,20
140,70,1,0
140,70,2,20
140,71,1,0
140,71,2,20
140,72,1,0
140,72,2,20
140,73,1,0
140,73,2,20
140,74,1,0
140,74,2,20
140,75,1,0
140,75,2,20
140,76,1,0
140,76,2,20
140,77,1,0
140,77,2,20
140,78,1,0
140,78,2,20
140,79,1,0
140,79,2,20
140,80,1,0
140,80,2,20
141,0,1,0
141,0,2,20
141,1,1,0
141,1,2,20
141,2,1,0
141,2,2,20
141,3,1,0
141,3,2,20
141,4,1,0
141,4,2,20
141,5,1,0
141,5,2,20
141,6,1,0
141,6,2,20
141,7,1,0
141,7,2,20
141,8,1,0
141,8,2,20
141,9,1,0
141,9,2,20
141,10,1,0
141,10,2,20
141,11,1,0
141,11,2,20
141,12,1,0
141,12,2,20
141,13,1,0
141,13,2,20
141,14,1,0
141,14,2,20
141,15,1,0
141,15,2,20
141,16,1,0
141,16,2,20
141,17,1,0
141,17,2,20
141,18,1,0
141,18,2,20
141,19,1,0
141,19,2,20
141,20,1,0
141,20,2,20
141,21,1,0
141,21,2,20
141,22,1,0
141,22,2,20
141,23,1,0
141,23,2,20
141,24,1,0
141,24,2,20
141,25,1,0
141,25,2,20
141,26,1,0
141,26,2,20
141,27,1,0
141,27,2,20
141,28,1,0
141,28,2,20
141,29,1,0
141,29,2,20
141,30,1,0
141,30,2,20
141,31,1,0
141,31,2,20
141,32,1,0
141,32,2,20
141,33,1,0
141,33,2,20
141,34,1,0
141,34,2,20
141,35,1,0
141,35,2,20
141,36,1,0
141,36,2,20
141,37,1,0
141,37,2,20
141,38,1,0
141,38,2,20
141,39,1,0
141,39,2,20
141,40,1,0
141,40,2,20
141,41,1,0
141,41,2,20
141,42,1,0
141,42,2,20
141,43,1,0
141,43,2,20
141,44,1,0
141,44,2,20
141,45,1,0
141,45,2,20
141,46,1,0
141,46,2,20
141,47,1,0
141,47,2,20
141,48,1,0
141,48,2,20
141,49,1,0
141,49,2,20
141,50,1,0
141,50,2,20
141,51,1,0
141,51,2,20
141,52,1,0
141,52,2,20
141,53,1,0
141,53,2,20
141,54,1,0
141,54,2,20
141,55,1,0
141,55,2,20
141,56,1,0
141,56,2,20
141,57,1,0
141,57,2,20
141,58,1,0
141,58,2,20
141,59,1,0
141,59,2,20
141,60,1,0
141,60,2,20
141,61,1,0
141,61,2,20
141,62,1,0
141,62,2,20
141,63,1,0
141,63,2,20
141,64,1,0
141,64,2,20
141,65,1,0
141,65,2,20
141,66,1,0
141,66,2,20
141,67,1,0
141,67,2,20
141,68,1,0
141,68,2,20
141,69,1,0
141,69,2,20
141,70,1,0
141,70,2,20
141,71,1,0
141,71,2,20
141,72,1,0
141,72,2,20
141,73,1,0
141,73,2,20
141,74,1,0
141,74,2,20
141,75,1,0
141,75,2,20
141,76,1,0
141,76,2,20
141,77,1,0
141,77,2,20
141,78,1,0
141,78,2,20
141,79,1,0
141,79,2,20
141,80,1,0
141,80,2,20
142,0,1,0
142,0,2,20
142,1,1,0
142,1,2,20
142,2,1,0
142,2,2,20
142,3,1,0
142,3,2,20
142,4,1,0
142,4,2,20
142,5,1,0
142,5,2,20
142,6,1,0
142,6,2,20
142,7,1,0
142,7,2,20
142,8,1,0
142,8,2,20
142,9,1,0
142,9,2,20
142,10,1,0
142,10,2,20
142,11,1,0
142,11,2,20
142,12,1,0
142,12,2,20
142,13,1,0
142,13,2,20
142,14,1,0
142,14,2,20
142,15,1,0
142,15,2,20
142,16,1,0
142,16,2,20
142,17,1,0
142,17,2,20
142,18,1,0
142,18,2,20
142,19,1,0
142,19,2,20
142,20,1,0
142,20,2,20
142,21,1,0
142,21,2,20
142,22,1,0
142,22,2,20
142,23,1,0
142,23,2,20
142,24,1,0
142,24,2,20
142,25,1,0
142,25,2,20
142,26,1,0
142,26,2,20
142,27,1,0
142,27,2,20
142,28,1,0
142,28,2,20
142,29,1,0
142,29,2,20
142,30,1,0
142,30,2,20
142,31,1,0
142,31,2,20
142,32,1,0
142,32,2,20
142,33,1,0
142,33,2,20
142,34,1,0
142,34,2,20
142,35,1,0
142,35,2,20
142,36,1,0
142,36,2,20
142,37,1,0
142,37,2,20
142,38,1,0
142,38,2,20
142,39,1,0
142,39,2,20
142,40,1,0
142,40,2,20
142,41,1,0
142,41,2,20
142,42,1,0
142,42,2,20
142,43,1,0
142,43,2,20
142,44,1,0
142,44,2,20
142,45,1,0
142,45,2,20
142,46,1,0
142,46,2,20
142,47,1,0
142,47,2,20
142,48,1,0
142,48,2,20
142,49,1,0
142,49,2,20
142,50,1,0
142,50,2,20
142,51,1,0
142,51,2,20
142,52,1,0
142,52,2,20
142,53,1,0
142,53,2,20
142,54,1,0
142,54,2,20
142,55,1,0
142,55,2,20
142,56,1,0
142,56,2,20
142,57,1,0
142,57,2,20
142,58,1,0
142,58,2,20
142,59,1,0
142,59,2,20
142,60,1,0
142,60,2,20
142,61,1,0
142,61,2,20
142,62,1,0
142,62,2,20
142,63,1,0
142,63,2,20
142,64,1,0
142,64,2,20
142,65,1,0
142,65,2,20
142,66,1,0
142,66,2,20
142,67,1,0
142,67,2,20
142,68,1,0
142,68,2,20
142,69,1,0
142,69,2,20
142,70,1,0
142,70,2,20
142,71,1,0
142,71,2,20
142,72,1,0
142,72,2,20
142,73,1,0
142,73,2,20
142,74,1,0
142,74,2,20
142,75,1,0
142,75,2,20
142,76,1,0
142,76,2,20
142,77,1,0
142,77,2,20
142,78,1,0
142,78,2,20
142,79,1,0
142,79,2,20
142,80,1,0
142,80,2,20
143,0,1,0
143,0,2,20
143,1,1,0
143,1,2,20
143,2,1,0
143,2,2,20
143,3,1,0
143,3,2,20
143,4,1,0
143,4,2,20
143,5,1,0
143,5,2,20
143,6,1,0
143,6,2,20
143,7,1,0
143,7,2,20
143,8,1,0
143,8,2,20
143,9,1,0
143,9,2,20
143,10,1,0
143,10,2,20
143,11,1,0
143,11,2,20
143,12,1,0
143,12,2,20
143,13,1,0
143,13,2,20
143,14,1,0
143,14,2,20
143,15,1,0
143,15,2,20
143,16,1,0
143,16,2,20
143,17,1,0
143,17,2,20
143,18,1,0
143,18,2,20
143,19,1,0
143,19,2,20
143,20,1,0
143,20,2,20
143,21,1,0
143,21,2,20
143,22,1,0
143,22,2,20
143,23,1,0
143,23,2,20
143,24,1,0
143,24,2,20
143,25,1,0
143,25,2,20
143,26,1,0
143,26,2,20
143,27,1,0
143,27,2,20
143,28,1,0
143,28,2,20
143,29,1,0
143,29,2,20
143,30,1,0
143,30,2,20
143,31,1,0
143,31,2,20
143,32,1,0
143,32,2,20
143,33,1,0
143,33,2,20
143,34,1,0
143,34,2,20
143,35,1,0
143,35,2,20
143,36,1,0
143,36,2,20
143,37,1,0
143,37,2,20
143,38,1,0
143,38,2,20
143,39,1,0
143,39,2,20
143,40,1,0
143,40,2,20
143,41,1,0
143,41,2,20
143,42,1,0
143,42,2,20
143,43,1,0
143,43,2,20
143,44,1,0
143,44,2,20
143,45,1,0
143,45,2,20
143,46,1,0
143,46,2,20
143,47,1,0
143,47,2,20
143,48,1,0
143,48,2,20
143,49,1,0
143,49,2,20
143,50,1,0
143,50,2,20
143,51,1,0
143,51,2,20
143,52,1,0
143,52,2,20
143,53,1,0
143,53,2,20
143,54,1,0
143,54,2,20
143,55,1,0
143,55,2,20
143,56,1,0
143,56,2,20
143,57,1,0
143,57,2,20
143,58,1,0
143,58,2,20
143,59,1,0
143,59,2,20
143,60,1,0
143,60,2,20
143,61,1,0
143,61,2,20
143,62,1,0
143,62,2,20
143,63,1,0
143,63,2,20
143,64,1,0
143,64,2,20
143,65,1,0
143,65,2,20
143,66,1,0
143,66,2,20
143,67,1,0
143,67,2,20
143,68,1,0
143,68,2,20
143,69,1,0
143,69,2,20
143,70,1,0
143,70,2,20
143,71,1,0
143,71,2,20
143,72,1,0
143,72,2,20
143,73,1,0
143,73,2,20
143,74,1,0
143,74,2,20
143,75,1,0
143,75,2,20
143,76,1,0
143,76,2,20
143,77,1,0
143,77,2,20
143,78,1,0
143,78,2,20
143,79,1,0
143,79,2,20
143,80,1,0
143,80,2,20
144,0,1,0
144,0,2,20
144,1,1,0
144,1,2,20
144,2,1,0
144,2,2,20
144,3,1,0
144,3,2,20
144,4,1,0
144,4,2,20
144,5,1,0
144,5,2,20
144,6,1,0
144,6,2,20
144,7,1,0
144,7,2,20
144,8,1,0
144,8,2,20
144,9,1,0
144,9,2,20
144,10,1,0
144,10,2,20
144,11,1,0
144,11,2,20
144,12,1,0
144,12,2,20
144,13,1,0
144,13,2,20
144,14,1,0
144,14,2,20
144,15,1,0
144,15,2,20
144,16,1,0
144,16,2,20
144,17,1,0
144,17,2,20
144,18,1,0
144,18,2,20
144,19,1,0
144,19,2,20
144,20,1,0
144,20,2,20
144,21,1,0
144,21,2,20
144,22,1,0
144,22,2,20
144,23,1,0
144,23,2,20
144,24,1,0
144,24,2,20
144,25,1,0
144,25,2,20
144,26,1,0
144,26,2,20
144,27,1,0
144,27,2,20
144,28,1,0
144,28,2,20
144,29,1,0
144,29,2,20
144,30,1,0
144,30,2,20
144,31,1,0
144,31,2,20
144,32,1,0
144,32,2,20
144,33,1,0
144,33,2,20
144,34,1,0
144,34,2,20
144,35,1,0
144,35,2,20
144,36,1,0
144,36,2,20
144,37,1,0
144,37,2,20
144,38,1,0
144,38,2,20
144,39,1,0
144,39,2,20
144,40,1,0
144,40,2,20
144,41,1,0
144,41,2,20
144,42,1,0
144,42,2,20
144,43,1,0
144,43,2,20
144,44,1,0
144,44,2,20
144,45,1,0
144,45,2,20
144,46,1,0
144,46,2,20
144,47,1,0
144,47,2,20
144,48,1,0
144,48,2,20
144,49,1,0
144,49,2,20
144,50,1,0
144,50,2,20
144,51,1,0
144,51,2,20
144,52,1,0
144,52,2,20
144,53,1,0
144,53,2,20
144,54,1,0
144,54,2,20
144,55,1,0
144,55,2,20
144,56,1,0
144,56,2,20
144,57,1,0
144,57,2,20
144,58,1,0
144,58,2,20
144,59,1,0
144,59,2,20
144,60,1,0
144,60,2,20
144,61,1,0
144,61,2,20
144,62,1,0
144,62,2,20
144,63,1,0
144,63,2,20
144,64,1,0
144,64,2,20
144,65,1,0
144,65,2,20
144,66,1,0
144,66,2,20
144,67,1,0
144,67,2,20
144,68,1,0
144,68,2,20
144,69,1,0
144,69,2,20
144,70,1,0
144,70,2,20
144,71,1,0
144,71,2,20
144,72,1,0
144,72,2,20
144,73,1,0
144,73,2,20
144,74,1,0
144,74,2,20
144,75,1,0
144,75,2,20
144,76,1,0
144,76,2,20
144,77,1,0
144,77,2,20
144,78,1,0
144,78,2,20
144,79,1,0
144,79,2,20
144,80,1,0
144,80,2,20
145,0,1,0
145,0,2,20
145,1,1,0
145,1,2,20
145,2,1,0
145,2,2,20
145,3,1,0
145,3,2,20
145,4,1,0
145,4,2,20
145,5,1,0
145,5,2,20
145,6,1,0
145,6,2,20
145,7,1,0
145,7,2,20
145,8,1,0
145,8,2,20
145,9,1,0
145,9,2,20
145,10,1,0
145,10,2,20
145,11,1,0
145,11,2,20
145,12,1,0
145,12,2,20
145,13,1,0
145,13,2,20
145,14,1,0
145,14,2,20
145,15,1,0
145,15,2,20
145,16,1,0
145,16,2,20
145,17,1,0
145,17,2,20
145,18,1,0
145,18,2,20
145,19,1,0
145,19,2,20
145,20,1,0
145,20,2,20
145,21,1,0
145,21,2,20
145,22,1,0
145,22,2,20
145,23,1,0
145,23,2,20
145,24,1,0
145,24,2,20
145,25,1,0
145,25,2,20
145,26,1,0
145,26,2,20
145,27,1,0
145,27,2,20
145,28,1,0
145,28,2,20
145,29,1,0
145,29,2,20
145,30,1,0
145,30,2,20
145,31,1,0
145,31,2,20
145,32,1,0
145,32,2,20
145,33,1,0
145,33,2,20
145,34,1,0
145,34,2,20
145,35,1,0
145,35,2,20
145,36,1,0
145,36,2,20
145,37,1,0
145,37,2,20
145,38,1,0
145,38,2,20
145,39,1,0
145,39,2,20
145,40,1,0
145,40,2,20
145,41,1,0
145,41,2,20
145,42,1,0
145,42,2,20
145,43,1,0
145,43,2,20
145,44,1,0
145,44,2,20
145,45,1,0
145,45,2,20
145,46,1,0
145,46,2,20
145,47,1,0
145,47,2,20
145,48,1,0
145,48,2,20
145,49,1,0
145,49,2,20
145,50,1,0
145,50,2,20
145,51,1,0
145,51,2,20
145,52,1,0
145,52,2,20
145,53,1,0
145,53,2,20
145,54,1,0
145,54,2,20
145,55,1,0
145,55,2,20
145,56,1,0
145,56,2,20
145,57,1,0
145,57,2,20
145,58,1,0
145,58,2,20
145,59,1,0
145,59,2,20
145,60,1,0
145,60,2,20
145,61,1,0
145,61,2,20
145,62,1,0
145,62,2,20
145,63,1,0
145,63,2,20
145,64,1,0
145,64,2,20
145,65,1,0
145,65,2,20
145,66,1,0
145,66,2,20
145,67,1,0
145,67,2,20
145,68,1,0
145,68,2,20
145,69,1,0
145,69,2,20
145,70,1,0
145,70,2,20
145,71,1,0
145,71,2,20
145,72,1,0
145,72,2,20
145,73,1,0
145,73,2,20
145,74,1,0
145,74,2,20
145,75,1,0
145,75,2,20
145,76,1,0
145,76,2,20
145,77,1,0
145,77,2,20
145,78,1,0
145,78,2,20
145,79,1,0
145,79,2,20
145,80,1,0
145,80,2,20
146,0,1,0
146,0,2,20
146,1,1,0
146,1,2,20
146,2,1,0
146,2,2,20
146,3,1,0
146,3,2,20
146,4,1,0
146,4,2,20
146,5,1,0
146,5,2,20
146,6,1,0
146,6,2,20
146,7,1,0
146,7,2,20
146,8,1,0
146,8,2,20
146,9,1,0
146,9,2,20
146,10,1,0
146,10,2,20
146,11,1,0
146,11,2,20
146,12,1,0
146,12,2,20
146,13,1,0
146,13,2,20
146,14,1,0
146,14,2,20
146,15,1,0
146,15,2,20
146,16,1,0
146,16,2,20
146,17,1,0
146,17,2,20
146,18,1,0
146,18,2,20
146,19,1,0
146,19,2,20
146,20,1,0
146,20,2,20
146,21,1,0
146,21,2,20
146,22,1,0
146,22,2,20
146,23,1,0
146,23,2,20
146,24,1,0
146,24,2,20
146,25,1,0
146,25,2,20
146,26,1,0
146,26,2,20
146,27,1,0
146,27,2,20
146,28,1,0
146,28,2,20
146,29,1,0
146,29,2,20
146,30,1,0
146,30,2,20
146,31,1,0
146,31,2,20
146,32,1,0
146,32,2,20
146,33,1,0
146,33,2,20
146,34,1,0
146,34,2,20
146,35,1,0
146,35,2,20
146,36,1,0
146,36,2,20
146,37,1,0
146,37,2,20
146,38,1,0
146,38,2,20
146,39,1,0
146,39,2,20
146,40,1,0
146,40,2,20
146,41,1,0
146,41,2,20
146,42,1,0
146,42,2,20
146,43,1,0
146,43,2,20
146,44,1,0
146,44,2,20
146,45,1,0
146,45,2,20
146,46,1,0
146,46,2,20
146,47,1,0
146,47,2,20
146,48,1,0
146,48,2,20
146,49,1,0
146,49,2,20
146,50,1,0
146,50,2,20
146,51,1,0
146,51,2,20
146,52,1,0
146,52,2,20
146,53,1,0
146,53,2,20
146,54,1,0
146,54,2,20
146,55,1,0
146,55,2,20
146,56,1,0
146,56,2,20
146,57,1,0
146,57,2,20
146,58,1,0
146,58,2,20
146,59,1,0
146,59,2,20
146,60,1,0
146,60,2,20
146,61,1,0
146,61,2,20
146,62,1,0
146,62,2,20
146,63,1,0
146,63,2,20
146,64,1,0
146,64,2,20
146,65,1,0
146,65,2,20
146,66,1,0
146,66,2,20
146,67,1,0
146,67,2,20
146,68,1,0
146,68,2,20
146,69,1,0
146,69,2,20
146,70,1,0
146,70,2,20
146,71,1,0
146,71,2,20
146,72,1,0
146,72,2,20
146,73,1,0
146,73,2,20
146,74,1,0
146,74,2,20
146,75,1,0
146,75,2,20
146,76,1,0
146,76,2,20
146,77,1,0
146,77,2,20
146,78,1,0
146,78,2,20
146,79,1,0
146,79,2,20
146,80,1,0
146,80,2,20
147,0,1,0
147,0,2,20
147,1,1,0
147,1,2,20
147,2,1,0
147,2,2,20
147,3,1,0
147,3,2,20
147,4,1,0
147,4,2,20
147,5,1,0
147,5,2,20
147,6,1,0
147,6,2,20
147,7,1,0
147,7,2,20
147,8,1,0
147,8,2,20
147,9,1,0
147,9,2,20
147,10,1,0
147,10,2,20
147,11,1,0
147,11,2,20
147,12,1,0
147,12,2,20
147,13,1,0
147,13,2,20
147,14,1,0
147,14,2,20
147,15,1,0
147,15,2,20
147,16,1,0
147,16,2,20
147,17,1,0
147,17,2,20
147,18,1,0
147,18,2,20
147,19,1,0
147,19,2,20
147,20,1,0
147,20,2,20
147,21,1,0
147,21,2,20
147,22,1,0
147,22,2,20
147,23,1,0
147,23,2,20
147,24,1,0
147,24,2,20
147,25,1,0
147,25,2,20
147,26,1,0
147,26,2,20
147,27,1,0
147,27,2,20
147,28,1,0
147,28,2,20
147,29,1,0
147,29,2,20
147,30,1,0
147,30,2,20
147,31,1,0
147,31,2,20
147,32,1,0
147,32,2,20
147,33,1,0
147,33,2,20
147,34,1,0
147,34,2,20
147,35,1,0
147,35,2,20
147,36,1,0
147,36,2,20
147,37,1,0
147,37,2,20
147,38,1,0
147,38,2,20
147,39,1,0
147,39,2,20
147,40,1,0
147,40,2,20
147,41,1,0
147,41,2,20
147,42,1,0
147,42,2,20
147,43,1,0
147,43,2,20
147,44,1,0
147,44,2,20
147,45,1,0
147,45,2,20
147,46,1,0
147,46,2,20
147,47,1,0
147,47,2,20
147,48,1,0
147,48,2,20
147,49,1,0
147,49,2,20
147,50,1,0
147,50,2,20
147,51,1,0
147,51,2,20
147,52,1,0
147,52,2,20
147,53,1,0
147,53,2,20
147,54,1,0
147,54,2,20
147,55,1,0
147,55,2,20
147,56,1,0
147,56,2,20
147,57,1,0
147,57,2,20
147,58,1,0
147,58,2,20
147,59,1,0
147,59,2,20
147,60,1,0
147,60,2,20
147,61,1,0
147,61,2,20
147,62,1,0
147,62,2,20
147,63,1,0
147,63,2,20
147,64,1,0
147,64,2,20
147,65,1,0
147,65,2,20
147,66,1,0
147,66,2,20
147,67,1,0
147,67,2,20
147,68,1,0
147,68,2,20
147,69,1,0
147,69,2,20
147,70,1,0
147,70,2,20
147,71,1,0
147,71,2,20
147,72,1,0
147,72,2,20
147,73,1,0
147,73,2,20
147,74,1,0
147,74,2,20
147,75,1,0
147,75,2,20
147,76,1,0
147,76,2,20
147,77,1,0
147,77,2,20
147,78,1,0
147,78,2,20
147,79,1,0
147,79,2,20
147,80,1,0
147,80,2,20
148,0,1,0
148,0,2,20
148,1,1,0
148,1,2,20
148,2,1,0
148,2,2,20
148,3,1,0
148,3,2,20
148,4,1,0
148,4,2,20
148,5,1,0
148,5,2,20
148,6,1,0
148,6,2,20
148,7,1,0
148,7,2,20
148,8,1,0
148,8,2,20
148,9,1,0
148,9,2,20
148,10,1,0
148,10,2,20
148,11,1,0
148,11,2,20
148,12,1,0
148,12,2,20
148,13,1,0
148,13,2,20
148,14,1,0
148,14,2,20
148,15,1,0
148,15,2,20
148,16,1,0
148,16,2,20
148,17,1,0
148,17,2,20
148,18,1,0
148,18,2,20
148,19,1,0
148,19,2,20
148,20,1,0
148,20,2,20
148,21,1,0
148,21,2,20
148,22,1,0
148,22,2,20
148,23,1,0
148,23,2,20
148,24,1,0
148,24,2,20
148,25,1,0
148,25,2,20
148,26,1,0
148,26,2,20
148,27,1,0
148,27,2,20
148,28,1,0
148,28,2,20
148,29,1,0
148,29,2,20
148,30,1,0
148,30,2,20
148,31,1,0
148,31,2,20
148,32,1,0
148,32,2,20
148,33,1,0
148,33,2,20
148,34,1,0
148,34,2,20
148,35,1,0
148,35,2,20
148,36,1,0
148,36,2,20
148,37,1,0
148,37,2,20
148,38,1,0
148,38,2,20
148,39,1,0
148,39,2,20
148,40,1,0
148,40,2,20
148,41,1,0
148,41,2,20
148,42,1,0
148,42,2,20
148,43,1,0
148,43,2,20
148,44,1,0
148,44,2,20
148,45,1,0
148,45,2,20
148,46,1,0
148,46,2,20
148,47,1,0
148,47,2,20
148,48,1,0
148,48,2,20
148,49,1,0
148,49,2,20
148,50,1,0
148,50,2,20
148,51,1,0
148,51,2,20
148,52,1,0
148,52,2,20
148,53,1,0
148,53,2,20
148,54,1,0
148,54,2,20
148,55,1,0
148,55,2,20
148,56,1,0
148,56,2,20
148,57,1,0
148,57,2,20
148,58,1,0
148,58,2,20
148,59,1,0
148,59,2,20
148,60,1,0
148,60,2,20
148,61,1,0
148,61,2,20
148,62,1,0
148,62,2,20
148,63,1,0
148,63,2,20
148,64,1,0
148,64,2,20
148,65,1,0
148,65,2,20
148,66,1,0
148,66,2,20
148,67,1,0
148,67,2,20
148,68,1,0
148,68,2,20
148,69,1,0
148,69,2,20
148,70,1,0
148,70,2,20
148,71,1,0
148,71,2,20
148,72,1,0
148,72,2,20
148,73,1,0
148,73,2,20
148,74,1,0
148,74,2,20
148,75,1,0
148,75,2,20
148,76,1,0
148,76,2,20
148,77,1,0
148,77,2,20
148,78,1,0
148,78,2,20
148,79,1,0
148,79,2,20
148,80,1,0
148,80,2,20
149,0,1,0
149,0,2,20
149,1,1,0
149,1,2,20
149,2,1,0
149,2,2,20
149,3,1,0
149,3,2,20
149,4,1,0
149,4,2,20
149,5,1,0
149,5,2,20
149,6,1,0
149,6,2,20
149,7,1,0
149,7,2,20
149,8,1,0
149,8,2,20
149,9,1,0
149,9,2,20
149,10,1,0
149,10,2,20
149,11,1,0
149,11,2,20
149,12,1,0
149,12,2,20
149,13,1,0
149,13,2,20
149,14,1,0
149,14,2,20
149,15,1,0
149,15,2,20
149,16,1,0
149,16,2,20
149,17,1,0
149,17,2,20
149,18,1,0
149,18,2,20
149,19,1,0
149,19,2,20
149,20,1,0
149,20,2,20
149,21,1,0
149,21,2,20
149,22,1,0
149,22,2,20
149,23,1,0
149,23,2,20
149,24,1,0
149,24,2,20
149,25,1,0
149,25,2,20
149,26,1,0
149,26,2,20
149,27,1,0
149,27,2,20
149,28,1,0
149,28,2,20
149,29,1,0
149,29,2,20
149,30,1,0
149,30,2,20
149,31,1,0
149,31,2,20
149,32,1,0
149,32,2,20
149,33,1,0
149,33,2,20
149,34,1,0
149,34,2,20
149,35,1,0
149,35,2,20
149,36,1,0
149,36,2,20
149,37,1,0
149,37,2,20
149,38,1,0
149,38,2,20
149,39,1,0
149,39,2,20
149,40,1,0
149,40,2,20
149,41,1,0
149,41,2,20
149,42,1,0
149,42,2,20
149,43,1,0
149,43,2,20
149,44,1,0
149,44,2,20
149,45,1,0
149,45,2,20
149,46,1,0
149,46,2,20
149,47,1,0
149,47,2,20
149,48,1,0
149,48,2,20
149,49,1,0
149,49,2,20
149,50,1,0
149,50,2,20
149,51,1,0
149,51,2,20
149,52,1,0
149,52,2,20
149,53,1,0
149,53,2,20
149,54,1,0
149,54,2,20
149,55,1,0
149,55,2,20
149,56,1,0
149,56,2,20
149,57,1,0
149,57,2,20
149,58,1,0
149,58,2,20
149,59,1,0
149,59,2,20
149,60,1,0
149,60,2,20
149,61,1,0
149,61,2,20
149,62,1,0
149,62,2,20
149,63,1,0
149,63,2,20
149,64,1,0
149,64,2,20
149,65,1,0
149,65,2,20
149,66,1,0
149,66,2,20
149,67,1,0
149,67,2,20
149,68,1,0
149,68,2,20
149,69,1,0
149,69,2,20
149,70,1,0
149,70,2,20
149,71,1,0
149,71,2,20
149,72,1,0
149,72,2,20
149,73,1,0
149,73,2,20
149,74,1,0
149,74,2,20
149,75,1,0
149,75,2,20
149,76,1,0
149,76,2,20
149,77,1,0
149,77,2,20
149,78,1,0
149,78,2,20
149,79,1,0
149,79,2,20
149,80,1,0
149,80,2,20
150,0,1,0
150,0,2,20
150,1,1,0
150,1,2,20
150,2,1,0
150,2,2,20
150,3,1,0
150,3,2,20
150,4,1,0
150,4,2,20
150,5,1,0
150,5,2,20
150,6,1,0
150,6,2,20
150,7,1,0
150,7,2,20
150,8,1,0
150,8,2,20
150,9,1,0
150,9,2,20
150,10,1,0
150,10,2,20
150,11,1,0
150,11,2,20
150,12,1,0
150,12,2,20
150,13,1,0
150,13,2,20
150,14,1,0
150,14,2,20
150,15,1,0
150,15,2,20
150,16,1,0
150,16,2,20
150,17,1,0
150,17,2,20
150,18,1,0
150,18,2,20
150,19,1,0
150,19,2,20
150,20,1,0
150,20,2,20
150,21,1,0
150,21,2,20
150,22,1,0
150,22,2,20
150,23,1,0
150,23,2,20
150,24,1,0
150,24,2,20
150,25,1,0
150,25,2,20
150,26,1,0
150,26,2,20
150,27,1,0
150,27,2,20
150,28,1,0
150,28,2,20
150,29,1,0
150,29,2,20
150,30,1,0
150,30,2,20
150,31,1,0
150,31,2,20
150,32,1,0
150,32,2,20
150,33,1,0
150,33,2,20
150,34,1,0
150,34,2,20
150,35,1,0
150,35,2,20
150,36,1,0
150,36,2,20
150,37,1,0
150,37,2,20
150,38,1,0
150,38,2,20
150,39,1,0
150,39,2,20
150,40,1,0
150,40,2,20
150,41,1,0
150,41,2,20
150,42,1,0
150,42,2,20
150,43,1,0
150,43,2,20
150,44,1,0
150,44,2,20
150,45,1,0
150,45,2,20
150,46,1,0
150,46,2,20
150,47,1,0
150,47,2,20
150,48,1,0
150,48,2,20
150,49,1,0
150,49,2,20
150,50,1,0
150,50,2,20
150,51,1,0
150,51,2,20
150,52,1,0
150,52,2,20
150,53,1,0
150,53,2,20
150,54,1,0
150,54,2,20
150,55,1,0
150,55,2,20
150,56,1,0
150,56,2,20
150,57,1,0
150,57,2,20
150,58,1,0
150,58,2,20
150,59,1,0
150,59,2,20
150,60,1,0
150,60,2,20
150,61,1,0
150,61,2,20
150,62,1,0
150,62,2,20
150,63,1,0
150,63,2,20
150,64,1,0
150,64,2,20
150,65,1,0
150,65,2,20
150,66,1,0
150,66,2,20
150,67,1,0
150,67,2,20
150,68,1,0
150,68,2,20
150,69,1,0
150,69,2,20
150,70,1,0
150,70,2,20
150,71,1,0
150,71,2,20
150,72,1,0
150,72,2,20
150,73,1,0
150,73,2,20
150,74,1,0
150,74,2,20
150,75,1,0
150,75,2,20
150,76,1,0
150,76,2,20
150,77,1,0
150,77,2,20
150,78,1,0
150,78,2,20
150,79,1,0
150,79,2,20
150,80,1,0
150,80,2,20
151,0,1,0
151,0,2,20
151,1,1,0
151,1,2,20
151,2,1,0
151,2,2,20
151,3,1,0
151,3,2,20
151,4,1,0
151,4,2,20
151,5,1,0
151,5,2,20
151,6,1,0
151,6,2,20
151,7,1,0
151,7,2,20
151,8,1,0
151,8,2,20
151,9,1,0
151,9,2,20
151,10,1,0
151,10,2,20
151,11,1,0
151,11,2,20
151,12,1,0
151,12,2,20
151,13,1,0
151,13,2,20
151,14,1,0
151,14,2,20
151,15,1,0
151,15,2,20
151,16,1,0
151,16,2,20
151,17,1,0
151,17,2,20
151,18,1,0
151,18,2,20
151,19,1,0
151,19,2,20
151,20,1,0
151,20,2,20
151,21,1,0
151,21,2,20
151,22,1,0
151,22,2,20
151,23,1,0
151,23,2,20
151,24,1,0
151,24,2,20
151,25,1,0
151,25,2,20
151,26,1,0
151,26,2,20
151,27,1,0
151,27,2,20
151,28,1,0
151,28,2,20
151,29,1,0
151,29,2,20
151,30,1,0
151,30,2,20
151,31,1,0
151,31,2,20
151,32,1,0
151,32,2,20
151,33,1,0
151,33,2,20
151,34,1,0
151,34,2,20
151,35,1,0
151,35,2,20
151,36,1,0
151,36,2,20
151,37,1,0
151,37,2,20
151,38,1,0
151,38,2,20
151,39,1,0
151,39,2,20
151,40,1,0
151,40,2,20
151,41,1,0
151,41,2,20
151,42,1,0
151,42,2,20
151,43,1,0
151,43,2,20
151,44,1,0
151,44,2,20
151,45,1,0
151,45,2,20
151,46,1,0
151,46,2,20
151,47,1,0
151,47,2,20
151,48,1,0
151,48,2,20
151,49,1,0
151,49,2,20
151,50,1,0
151,50,2,20
151,51,1,0
151,51,2,20
151,52,1,0
151,52,2,20
151,53,1,0
151,53,2,20
151,54,1,0
151,54,2,20
151,55,1,0
151,55,2,20
151,56,1,0
151,56,2,20
151,57,1,0
151,57,2,20
151,58,1,0
151,58,2,20
151,59,1,0
151,59,2,20
151,60,1,0
151,60,2,20
151,61,1,0
151,61,2,20
151,62,1,0
151,62,2,20
151,63,1,0
151,63,2,20
151,64,1,0
151,64,2,20
151,65,1,0
151,65,2,20
151,66,1,0
151,66,2,20
151,67,1,0
151,67,2,20
151,68,1,0
151,68,2,20
151,69,1,0
151,69,2,20
151,70,1,0
151,70,2,20
151,71,1,0
151,71,2,20
151,72,1,0
151,72,2,20
151,73,1,0
151,73,2,20
151,74,1,0
151,74,2,20
151,75,1,0
151,75,2,20
151,76,1,0
151,76,2,20
151,77,1,0
151,77,2,20
151,78,1,0
151,78,2,20
151,79,1,0
151,79,2,20
151,80,1,0
151,80,2,20
152,0,1,0
152,0,2,20
152,1,1,0
152,1,2,20
152,2,1,0
152,2,2,20
152,3,1,0
152,3,2,20
152,4,1,0
152,4,2,20
152,5,1,0
152,5,2,20
152,6,1,0
152,6,2,20
152,7,1,0
152,7,2,20
152,8,1,0
152,8,2,20
152,9,1,0
152,9,2,20
152,10,1,0
152,10,2,20
152,11,1,0
152,11,2,20
152,12,1,0
152,12,2,20
152,13,1,0
152,13,2,20
152,14,1,0
152,14,2,20
152,15,1,0
152,15,2,20
152,16,1,0
152,16,2,20
152,17,1,0
152,17,2,20
152,18,1,0
152,18,2,20
152,19,1,0
152,19,2,20
152,20,1,0
152,20,2,20
152,21,1,0
152,21,2,20
152,22,1,0
152,22,2,20
152,23,1,0
152,23,2,20
152,24,1,0
152,24,2,20
152,25,1,0
152,25,2,20
152,26,1,0
152,26,2,20
152,27,1,0
152,27,2,20
152,28,1,0
152,28,2,20
152,29,1,0
152,29,2,20
152,30,1,0
152,30,2,20
152,31,1,0
152,31,2,20
152,32,1,0
152,32,2,20
152,33,1,0
152,33,2,20
152,34,1,0
152,34,2,20
152,35,1,0
152,35,2,20
152,36,1,0
152,36,2,20
152,37,1,0
152,37,2,20
152,38,1,0
152,38,2,20
152,39,1,0
152,39,2,20
152,40,1,0
152,40,2,20
152,41,1,0
152,41,2,20
152,42,1,0
152,42,2,20
152,43,1,0
152,43,2,20
152,44,1,0
152,44,2,20
152,45,1,0
152,45,2,20
152,46,1,0
152,46,2,20
152,47,1,0
152,47,2,20
152,48,1,0
152,48,2,20
152,49,1,0
152,49,2,20
152,50,1,0
152,50,2,20
152,51,1,0
152,51,2,20
152,52,1,0
152,52,2,20
152,53,1,0
152,53,2,20
152,54,1,0
152,54,2,20
152,55,1,0
152,55,2,20
152,56,1,0
152,56,2,20
152,57,1,0
152,57,2,20
152,58,1,0
152,58,2,20
152,59,1,0
152,59,2,20
152,60,1,0
152,60,2,20
152,61,1,0
152,61,2,20
152,62,1,0
152,62,2,20
152,63,1,0
152,63,2,20
152,64,1,0
152,64,2,20
152,65,1,0
152,65,2,20
152,66,1,0
152,66,2,20
152,67,1,0
152,67,2,20
152,68,1,0
152,68,2,20
152,69,1,0
152,69,2,20
152,70,1,0
152,70,2,20
152,71,1,0
152,71,2,20
152,72,1,0
152,72,2,20
152,73,1,0
152,73,2,20
152,74,1,0
152,74,2,20
152,75,1,0
152,75,2,20
152,76,1,0
152,76,2,20
152,77,1,0
152,77,2,20
152,78,1,0
152,78,2,20
152,79,1,0
152,79,2,20
152,80,1,0
152,80,2,20
153,0,1,0
153,0,2,20
153,1,1,0
153,1,2,20
153,2,1,0
153,2,2,20
153,3,1,0
153,3,2,20
153,4,1,0
153,4,2,20
153,5,1,0
153,5,2,20
153,6,1,0
153,6,2,20
153,7,1,0
153,7,2,20
153,8,1,0
153,8,2,20
153,9,1,0
153,9,2,20
153,10,1,0
153,10,2,20
153,11,1,0
153,11,2,20
153,12,1,0
153,12,2,20
153,13,1,0
153,13,2,20
153,14,1,0
153,14,2,20
153,15,1,0
153,15,2,20
153,16,1,0
153,16,2,20
153,17,1,0
153,17,2,20
153,18,1,0
153,18,2,20
153,19,1,0
153,19,2,20
153,20,1,0
153,20,2,20
153,21,1,0
153,21,2,20
153,22,1,0
153,22,2,20
153,23,1,0
153,23,2,20
153,24,1,0
153,24,2,20
153,25,1,0
153,25,2,20
153,26,1,0
153,26,2,20
153,27,1,0
153,27,2,20
153,28,1,0
153,28,2,20
153,29,1,0
153,29,2,20
153,30,1,0
153,30,2,20
153,31,1,0
153,31,2,20
153,32,1,0
153,32,2,20
153,33,1,0
153,33,2,20
153,34,1,0
153,34,2,20
153,35,1,0
153,35,2,20
153,36,1,0
153,36,2,20
153,37,1,0
153,37,2,20
153,38,1,0
153,38,2,20
153,39,1,0
153,39,2,20
153,40,1,0
153,40,2,20
153,41,1,0
153,41,2,20
153,42,1,0
153,42,2,20
153,43,1,0
153,43,2,20
153,44,1,0
153,44,2,20
153,45,1,0
153,45,2,20
153,46,1,0
153,46,2,20
153,47,1,0
153,47,2,20
153,48,1,0
153,48,2,20
153,49,1,0
153,49,2,20
153,50,1,0
153,50,2,20
153,51,1,0
153,51,2,20
153,52,1,0
153,52,2,20
153,53,1,0
153,53,2,20
153,54,1,0
153,54,2,20
153,55,1,0
153,55,2,20
153,56,1,0
153,56,2,20
153,57,1,0
153,57,2,20
153,58,1,0
153,58,2,20
153,59,1,0
153,59,2,20
153,60,1,0
153,60,2,20
153,61,1,0
153,61,2,20
153,62,1,0
153,62,2,20
153,63,1,0
153,63,2,20
153,64,1,0
153,64,2,20
153,65,1,0
153,65,2,20
153,66,1,0
153,66,2,20
153,67,1,0
153,67,2,20
153,68,1,0
153,68,2,20
153,69,1,0
153,69,2,20
153,70,1,0
153,70,2,20
153,71,1,0
153,71,2,20
153,72,1,0
153,72,2,20
153,73,1,0
153,73,2,20
153,74,1,0
153,74,2,20
153,75,1,0
153,75,2,20
153,76,1,0
153,76,2,20
153,77,1,0
153,77,2,20
153,78,1,0
153,78,2,20
153,79,1,0
153,79,2,20
153,80,1,0
153,80,2,20
154,0,1,0
154,0,2,20
154,1,1,0
154,1,2,20
154,2,1,0
154,2,2,20
154,3,1,0
154,3,2,20
154,4,1,0
154,4,2,20
154,5,1,0
154,5,2,20
154,6,1,0
154,6,2,20
154,7,1,0
154,7,2,20
154,8,1,0
154,8,2,20
154,9,1,0
154,9,2,20
154,10,1,0
154,10,2,20
154,11,1,0
154,11,2,20
154,12,1,0
154,12,2,20
154,13,1,0
154,13,2,20
154,14,1,0
154,14,2,20
154,15,1,0
154,15,2,20
154,16,1,0
154,16,2,20
154,17,1,0
154,17,2,20
154,18,1,0
154,18,2,20
154,19,1,0
154,19,2,20
154,20,1,0
154,20,2,20
154,21,1,0
154,21,2,20
154,22,1,0
154,22,2,20
154,23,1,0
154,23,2,20
154,24,1,0
154,24,2,20
154,25,1,0
154,25,2,20
154,26,1,0
154,26,2,20
154,27,1,0
154,27,2,20
154,28,1,0
154,28,2,20
154,29,1,0
154,29,2,20
154,30,1,0
154,30,2,20
154,31,1,0
154,31,2,20
154,32,1,0
154,32,2,20
154,33,1,0
154,33,2,20
154,34,1,0
154,34,2,20
154,35,1,0
154,35,2,20
154,36,1,0
154,36,2,20
154,37,1,0
154,37,2,20
154,38,1,0
154,38,2,20
154,39,1,0
154,39,2,20
154,40,1,0
154,40,2,20
154,41,1,0
154,41,2,20
154,42,1,0
154,42,2,20
154,43,1,0
154,43,2,20
154,44,1,0
154,44,2,20
154,45,1,0
154,45,2,20
154,46,1,0
154,46,2,20
154,47,1,0
154,47,2,20
154,48,1,0
154,48,2,20
154,49,1,0
154,49,2,20
154,50,1,0
154,50,2,20
154,51,1,0
154,51,2,20
154,52,1,0
154,52,2,20
154,53,1,0
154,53,2,20
154,54,1,0
154,54,2,20
154,55,1,0
154,55,2,20
154,56,1,0
154,56,2,20
154,57,1,0
154,57,2,20
154,58,1,0
154,58,2,20
154,59,1,0
154,59,2,20
154,60,1,0
154,60,2,20
154,61,1,0
154,61,2,20
154,62,1,0
154,62,2,20
154,63,1,0
154,63,2,20
154,64,1,0
154,64,2,20
154,65,1,0
154,65,2,20
154,66,1,0
154,66,2,20
154,67,1,0
154,67,2,20
154,68,1,0
154,68,2,20
154,69,1,0
154,69,2,20
154,70,1,0
154,70,2,20
154,71,1,0
154,71,2,20
154,72,1,0
154,72,2,20
154,73,1,0
154,73,2,20
154,74,1,0
154,74,2,20
154,75,1,0
154,75,2,20
154,76,1,0
154,76,2,20
154,77,1,0
154,77,2,20
154,78,1,0
154,78,2,20
154,79,1,0
154,79,2,20
154,80,1,0
154,80,2,20
155,0,1,0
155,0,2,20
155,1,1,0
155,1,2,20
155,2,1,0
155,2,2,20
155,3,1,0
155,3,2,20
155,4,1,0
155,4,2,20
155,5,1,0
155,5,2,20
155,6,1,0
155,6,2,20
155,7,1,0
155,7,2,20
155,8,1,0
155,8,2,20
155,9,1,0
155,9,2,20
155,10,1,0
155,10,2,20
155,11,1,0
155,11,2,20
155,12,1,0
155,12,2,20
155,13,1,0
155,13,2,20
155,14,1,0
155,14,2,20
155,15,1,0
155,15,2,20
155,16,1,0
155,16,2,20
155,17,1,0
155,17,2,20
155,18,1,0
155,18,2,20
155,19,1,0
155,19,2,20
155,20,1,0
155,20,2,20
155,21,1,0
155,21,2,20
155,22,1,0
155,22,2,20
155,23,1,0
155,23,2,20
155,24,1,0
155,24,2,20
155,25,1,0
155,25,2,20
155,26,1,0
155,26,2,20
155,27,1,0
155,27,2,20
155,28,1,0
155,28,2,20
155,29,1,0
155,29,2,20
155,30,1,0
155,30,2,20
155,31,1,0
155,31,2,20
155,32,1,0
155,32,2,20
155,33,1,0
155,33,2,20
155,34,1,0
155,34,2,20
155,35,1,0
155,35,2,20
155,36,1,0
155,36,2,20
155,37,1,0
155,37,2,20
155,38,1,0
155,38,2,20
155,39,1,0
155,39,2,20
155,40,1,0
155,40,2,20
155,41,1,0
155,41,2,20
155,42,1,0
155,42,2,20
155,43,1,0
155,43,2,20
155,44,1,0
155,44,2,20
155,45,1,0
155,45,2,20
155,46,1,0
155,46,2,20
155,47,1,0
155,47,2,20
155,48,1,0
155,48,2,20
155,49,1,0
155,49,2,20
155,50,1,0
155,50,2,20
155,51,1,0
155,51,2,20
155,52,1,0
155,52,2,20
155,53,1,0
155,53,2,20
155,54,1,0
155,54,2,20
155,55,1,0
155,55,2,20
155,56,1,0
155,56,2,20
155,57,1,0
155,57,2,20
155,58,1,0
155,58,2,20
155,59,1,0
155,59,2,20
155,60,1,0
155,60,2,20
155,61,1,0
155,61,2,20
155,62,1,0
155,62,2,20
155,63,1,0
155,63,2,20
155,64,1,0
155,64,2,20
155,65,1,0
155,65,2,20
155,66,1,0
155,66,2,20
155,67,1,0
155,67,2,20
155,68,1,0
155,68,2,20
155,69,1,0
155,69,2,20
155,70,1,0
155,70,2,20
155,71,1,0
155,71,2,20
155,72,1,0
155,72,2,20
155,73,1,0
155,73,2,20
155,74,1,0
155,74,2,20
155,75,1,0
155,75,2,20
155,76,1,0
155,76,2,20
155,77,1,0
155,77,2,20
155,78,1,0
155,78,2,20
155,79,1,0
155,79,2,20
155,80,1,0
155,80,2,20
156,0,1,0
156,0,2,20
156,1,1,0
156,1,2,20
156,2,1,0
156,2,2,20
156,3,1,0
156,3,2,20
156,4,1,0
156,4,2,20
156,5,1,0
156,5,2,20
156,6,1,0
156,6,2,20
156,7,1,0
156,7,2,20
156,8,1,0
156,8,2,20
156,9,1,0
156,9,2,20
156,10,1,0
156,10,2,20
156,11,1,0
156,11,2,20
156,12,1,0
156,12,2,20
156,13,1,0
156,13,2,20
156,14,1,0
156,14,2,20
156,15,1,0
156,15,2,20
156,16,1,0
156,16,2,20
156,17,1,0
156,17,2,20
156,18,1,0
156,18,2,20
156,19,1,0
156,19,2,20
156,20,1,0
156,20,2,20
156,21,1,0
156,21,2,20
156,22,1,0
156,22,2,20
156,23,1,0
156,23,2,20
156,24,1,0
156,24,2,20
156,25,1,0
156,25,2,20
156,26,1,0
156,26,2,20
156,27,1,0
156,27,2,20
156,28,1,0
156,28,2,20
156,29,1,0
156,29,2,20
156,30,1,0
156,30,2,20
156,31,1,0
156,31,2,20
156,32,1,0
156,32,2,20
156,33,1,0
156,33,2,20
156,34,1,0
156,34,2,20
156,35,1,0
156,35,2,20
156,36,1,0
156,36,2,20
156,37,1,0
156,37,2,20
156,38,1,0
156,38,2,20
156,39,1,0
156,39,2,20
156,40,1,0
156,40,2,20
156,41,1,0
156,41,2,20
156,42,1,0
156,42,2,20
156,43,1,0
156,43,2,20
156,44,1,0
156,44,2,20
156,45,1,0
156,45,2,20
156,46,1,0
156,46,2,20
156,47,1,0
156,47,2,20
156,48,1,0
156,48,2,20
156,49,1,0
156,49,2,20
156,50,1,0
156,50,2,20
156,51,1,0
156,51,2,20
156,52,1,0
156,52,2,20
156,53,1,0
156,53,2,20
156,54,1,0
156,54,2,20
156,55,1,0
156,55,2,20
156,56,1,0
156,56,2,20
156,57,1,0
156,57,2,20
156,58,1,0
156,58,2,20
156,59,1,0
156,59,2,20
156,60,1,0
156,60,2,20
156,61,1,0
156,61,2,20
156,62,1,0
156,62,2,20
156,63,1,0
156,63,2,20
156,64,1,0
156,64,2,20
156,65,1,0
156,65,2,20
156,66,1,0
156,66,2,20
156,67,1,0
156,67,2,20
156,68,1,0
156,68,2,20
156,69,1,0
156,69,2,20
156,70,1,0
156,70,2,20
156,71,1,0
156,71,2,20
156,72,1,0
156,72,2,20
156,73,1,0
156,73,2,20
156,74,1,0
156,74,2,20
156,75,1,0
156,75,2,20
156,76,1,0
156,76,2,20
156,77,1,0
156,77,2,20
156,78,1,0
156,78,2,20
156,79,1,0
156,79,2,20
156,80,1,0
156,80,2,20
157,0,1,0
157,0,2,20
157,1,1,0
157,1,2,20
157,2,1,0
157,2,2,20
157,3,1,0
157,3,2,20
157,4,1,0
157,4,2,20
157,5,1,0
157,5,2,20
157,6,1,0
157,6,2,20
157,7,1,0
157,7,2,20
157,8,1,0
157,8,2,20
157,9,1,0
157,9,2,20
157,10,1,0
157,10,2,20
157,11,1,0
157,11,2,20
157,12,1,0
157,12,2,20
157,13,1,0
157,13,2,20
157,14,1,0
157,14,2,20
157,15,1,0
157,15,2,20
157,16,1,0
157,16,2,20
157,17,1,0
157,17,2,20
157,18,1,0
157,18,2,20
157,19,1,0
157,19,2,20
157,20,1,0
157,20,2,20
157,21,1,0
157,21,2,20
157,22,1,0
157,22,2,20
157,23,1,0
157,23,2,20
157,24,1,0
157,24,2,20
157,25,1,0
157,25,2,20
157,26,1,0
157,26,2,20
157,27,1,0
157,27,2,20
157,28,1,0
157,28,2,20
157,29,1,0
157,29,2,20
157,30,1,0
157,30,2,20
157,31,1,0
157,31,2,20
157,32,1,0
157,32,2,20
157,33,1,0
157,33,2,20
157,34,1,0
157,34,2,20
157,35,1,0
157,35,2,20
157,36,1,0
157,36,2,20
157,37,1,0
157,37,2,20
157,38,1,0
157,38,2,20
157,39,1,0
157,39,2,20
157,40,1,0
157,40,2,20
157,41,1,0
157,41,2,20
157,42,1,0
157,42,2,20
157,43,1,0
157,43,2,20
157,44,1,0
157,44,2,20
157,45,1,0
157,45,2,20
157,46,1,0
157,46,2,20
157,47,1,0
157,47,2,20
157,48,1,0
157,48,2,20
157,49,1,0
157,49,2,20
157,50,1,0
157,50,2,20
157,51,1,0
157,51,2,20
157,52,1,0
157,52,2,20
157,53,1,0
157,53,2,20
157,54,1,0
157,54,2,20
157,55,1,0
157,55,2,20
157,56,1,0
157,56,2,20
157,57,1,0
157,57,2,20
157,58,1,0
157,58,2,20
157,59,1,0
157,59,2,20
157,60,1,0
157,60,2,20
157,61,1,0
157,61,2,20
157,62,1,0
157,62,2,20
157,63,1,0
157,63,2,20
157,64,1,0
157,64,2,20
157,65,1,0
157,65,2,20
157,66,1,0
157,66,2,20
157,67,1,0
157,67,2,20
157,68,1,0
157,68,2,20
157,69,1,0
157,69,2,20
157,70,1,0
157,70,2,20
157,71,1,0
157,71,2,20
157,72,1,0
157,72,2,20
157,73,1,0
157,73,2,20
157,74,1,0
157,74,2,20
157,75,1,0
157,75,2,20
157,76,1,0
157,76,2,20
157,77,1,0
157,77,2,20
157,78,1,0
157,78,2,20
157,79,1,0
157,79,2,20
157,80,1,0
157,80,2,20
158,0,1,0
158,0,2,20
158,1,1,0
158,1,2,20
158,2,1,0
158,2,2,20
158,3,1,0
158,3,2,20
158,4,1,0
158,4,2,20
158,5,1,0
158,5,2,20
158,6,1,0
158,6,2,20
158,7,1,0
158,7,2,20
158,8,1,0
158,8,2,20
158,9,1,0
158,9,2,20
158,10,1,0
158,10,2,20
158,11,1,0
158,11,2,20
158,12,1,0
158,12,2,20
158,13,1,0
158,13,2,20
158,14,1,0
158,14,2,20
158,15,1,0
158,15,2,20
158,16,1,0
158,16,2,20
158,17,1,0
158,17,2,20
158,18,1,0
158,18,2,20
158,19,1,0
158,19,2,20
158,20,1,0
158,20,2,20
158,21,1,0
158,21,2,20
158,22,1,0
158,22,2,20
158,23,1,0
158,23,2,20
158,24,1,0
158,24,2,20
158,25,1,0
158,25,2,20
158,26,1,0
158,26,2,20
158,27,1,0
158,27,2,20
158,28,1,0
158,28,2,20
158,29,1,0
158,29,2,20
158,30,1,0
158,30,2,20
158,31,1,0
158,31,2,20
158,32,1,0
158,32,2,20
158,33,1,0
158,33,2,20
158,34,1,0
158,34,2,20
158,35,1,0
158,35,2,20
158,36,1,0
158,36,2,20
158,37,1,0
158,37,2,20
158,38,1,0
158,38,2,20
158,39,1,0
158,39,2,20
158,40,1,0
158,40,2,20
158,41,1,0
158,41,2,20
158,42,1,0
158,42,2,20
158,43,1,0
158,43,2,20
158,44,1,0
158,44,2,20
158,45,1,0
158,45,2,20
158,46,1,0
158,46,2,20
158,47,1,0
158,47,2,20
158,48,1,0
158,48,2,20
158,49,1,0
158,49,2,20
158,50,1,0
158,50,2,20
158,51,1,0
158,51,2,20
158,52,1,0
158,52,2,20
158,53,1,0
158,53,2,20
158,54,1,0
158,54,2,20
158,55,1,0
158,55,2,20
158,56,1,0
158,56,2,20
158,57,1,0
158,57,2,20
158,58,1,0
158,58,2,20
158,59,1,0
158,59,2,20
158,60,1,0
158,60,2,20
158,61,1,0
158,61,2,20
158,62,1,0
158,62,2,20
158,63,1,0
158,63,2,20
158,64,1,0
158,64,2,20
158,65,1,0
158,65,2,20
158,66,1,0
158,66,2,20
158,67,1,0
158,67,2,20
158,68,1,0
158,68,2,20
158,69,1,0
158,69,2,20
158,70,1,0
158,70,2,20
158,71,1,0
158,71,2,20
158,72,1,0
158,72,2,20
158,73,1,0
158,73,2,20
158,74,1,0
158,74,2,20
158,75,1,0
158,75,2,20
158,76,1,0
158,76,2,20
158,77,1,0
158,77,2,20
158,78,1,0
158,78,2,20
158,79,1,0
158,79,2,20
158,80,1,0
158,80,2,20
159,0,1,0
159,0,2,20
159,1,1,0
159,1,2,20
159,2,1,0
159,2,2,20
159,3,1,0
159,3,2,20
159,4,1,0
159,4,2,20
159,5,1,0
159,5,2,20
159,6,1,0
159,6,2,20
159,7,1,0
159,7,2,20
159,8,1,0
159,8,2,20
159,9,1,0
159,9,2,20
159,10,1,0
159,10,2,20
159,11,1,0
159,11,2,20
159,12,1,0
159,12,2,20
159,13,1,0
159,13,2,20
159,14,1,0
159,14,2,20
159,15,1,0
159,15,2,20
159,16,1,0
159,16,2,20
159,17,1,0
159,17,2,20
159,18,1,0
159,18,2,20
159,19,1,0
159,19,2,20
159,20,1,0
159,20,2,20
159,21,1,0
159,21,2,20
159,22,1,0
159,22,2,20
159,23,1,0
159,23,2,20
159,24,1,0
159,24,2,20
159,25,1,0
159,25,2,20
159,26,1,0
159,26,2,20
159,27,1,0
159,27,2,20
159,28,1,0
159,28,2,20
159,29,1,0
159,29,2,20
159,30,1,0
159,30,2,20
159,31,1,0
159,31,2,20
159,32,1,0
159,32,2,20
159,33,1,0
159,33,2,20
159,34,1,0
159,34,2,20
159,35,1,0
159,35,2,20
159,36,1,0
159,36,2,20
159,37,1,0
159,37,2,20
159,38,1,0
159,38,2,20
159,39,1,0
159,39,2,20
159,40,1,0
159,40,2,20
159,41,1,0
159,41,2,20
159,42,1,0
159,42,2,20
159,43,1,0
159,43,2,20
159,44,1,0
159,44,2,20
159,45,1,0
159,45,2,20
159,46,1,0
159,46,2,20
159,47,1,0
159,47,2,20
159,48,1,0
159,48,2,20
159,49,1,0
159,49,2,20
159,50,1,0
159,50,2,20
159,51,1,0
159,51,2,20
159,52,1,0
159,52,2,20
159,53,1,0
159,53,2,20
159,54,1,0
159,54,2,20
159,55,1,0
159,55,2,20
159,56,1,0
159,56,2,20
159,57,1,0
159,57,2,20
159,58,1,0
159,58,2,20
159,59,1,0
159,59,2,20
159,60,1,0
159,60,2,20
159,61,1,0
159,61,2,20
159,62,1,0
159,62,2,20
159,63,1,0
159,63,2,20
159,64,1,0
159,64,2,20
159,65,1,0
159,65,2,20
159,66,1,0
159,66,2,20
159,67,1,0
159,67,2,20
159,68,1,0
159,68,2,20
159,69,1,0
159,69,2,20
159,70,1,0
159,70,2,20
159,71,1,0
159,71,2,20
159,72,1,0
159,72,2,20
159,73,1,0
159,73,2,20
159,74,1,0
159,74,2,20
159,75,1,0
159,75,2,20
159,76,1,0
159,76,2,20
159,77,1,0
159,77,2,20
159,78,1,0
159,78,2,20
159,79,1,0
159,79,2,20
159,80,1,0
159,80,2,20
160,0,1,0
160,0,2,20
160,1,1,0
160,1,2,20
160,2,1,0
160,2,2,20
160,3,1,0
160,3,2,20
160,4,1,0
160,4,2,20
160,5,1,0
160,5,2,20
160,6,1,0
160,6,2,20
160,7,1,0
160,7,2,20
160,8,1,0
160,8,2,20
160,9,1,0
160,9,2,20
160,10,1,0
160,10,2,20
160,11,1,0
160,11,2,20
160,12,1,0
160,12,2,20
160,13,1,0
160,13,2,20
160,14,1,0
160,14,2,20
160,15,1,0
160,15,2,20
160,16,1,0
160,16,2,20
160,17,1,0
160,17,2,20
160,18,1,0
160,18,2,20
160,19,1,0
160,19,2,20
160,20,1,0
160,20,2,20
160,21,1,0
160,21,2,20
160,22,1,0
160,22,2,20
160,23,1,0
160,23,2,20
160,24,1,0
160,24,2,20
160,25,1,0
160,25,2,20
160,26,1,0
160,26,2,20
160,27,1,0
160,27,2,20
160,28,1,0
160,28,2,20
160,29,1,0
160,29,2,20
160,30,1,0
160,30,2,20
160,31,1,0
160,31,2,20
160,32,1,0
160,32,2,20
160,33,1,0
160,33,2,20
160,34,1,0
160,34,2,20
160,35,1,0
160,35,2,20
160,36,1,0
160,36,2,20
160,37,1,0
160,37,2,20
160,38,1,0
160,38,2,20
160,39,1,0
160,39,2,20
160,40,1,0
160,40,2,20
160,41,1,0
160,41,2,20
160,42,1,0
160,42,2,20
160,43,1,0
160,43,2,20
160,44,1,0
160,44,2,20
160,45,1,0
160,45,2,20
160,46,1,0
160,46,2,20
160,47,1,0
160,47,2,20
160,48,1,0
160,48,2,20
160,49,1,0
160,49,2,20
160,50,1,0
160,50,2,20
160,51,1,0
160,51,2,20
160,52,1,0
160,52,2,20
160,53,1,0
160,53,2,20
160,54,1,0
160,54,2,20
160,55,1,0
160,55,2,20
160,56,1,0
160,56,2,20
160,57,1,0
160,57,2,20
160,58,1,0
160,58,2,20
160,59,1,0
160,59,2,20
160,60,1,0
160,60,2,20
160,61,1,0
160,61,2,20
160,62,1,0
160,62,2,20
160,63,1,0
160,63,2,20
160,64,1,0
160,64,2,20
160,65,1,0
160,65,2,20
160,66,1,0
160,66,2,20
160,67,1,0
160,67,2,20
160,68,1,0
160,68,2,20
160,69,1,0
160,69,2,20
160,70,1,0
160,70,2,20
160,71,1,0
160,71,2,20
160,72,1,0
160,72,2,20
160,73,1,0
160,73,2,20
160,74,1,0
160,74,2,20
160,75,1,0
160,75,2,20
160,76,1,0
160,76,2,20
160,77,1,0
160,77,2,20
160,78,1,0
160,78,2,20
160,79,1,0
160,79,2,20
160,80,1,0
160,80,2,20
161,0,1,0
161,0,2,20
161,1,1,0
161,1,2,20
161,2,1,0
161,2,2,20
161,3,1,0
161,3,2,20
161,4,1,0
161,4,2,20
161,5,1,0
161,5,2,20
161,6,1,0
161,6,2,20
161,7,1,0
161,7,2,20
161,8,1,0
161,8,2,20
161,9,1,0
161,9,2,20
161,10,1,0
161,10,2,20
161,11,1,0
161,11,2,20
161,12,1,0
161,12,2,20
161,13,1,0
161,13,2,20
161,14,1,0
161,14,2,20
161,15,1,0
161,15,2,20
161,16,1,0
161,16,2,20
161,17,1,0
161,17,2,20
161,18,1,0
161,18,2,20
161,19,1,0
161,19,2,20
161,20,1,0
161,20,2,20
161,21,1,0
161,21,2,20
161,22,1,0
161,22,2,20
161,23,1,0
161,23,2,20
161,24,1,0
161,24,2,20
161,25,1,0
161,25,2,20
161,26,1,0
161,26,2,20
161,27,1,0
161,27,2,20
161,28,1,0
161,28,2,20
161,29,1,0
161,29,2,20
161,30,1,0
161,30,2,20
161,31,1,0
161,31,2,20
161,32,1,0
161,32,2,20
161,33,1,0
161,33,2,20
161,34,1,0
161,34,2,20
161,35,1,0
161,35,2,20
161,36,1,0
161,36,2,20
161,37,1,0
161,37,2,20
161,38,1,0
161,38,2,20
161,39,1,0
161,39,2,20
161,40,1,0
161,40,2,20
161,41,1,0
161,41,2,20
161,42,1,0
161,42,2,20
161,43,1,0
161,43,2,20
161,44,1,0
161,44,2,20
161,45,1,0
161,45,2,20
161,46,1,0
161,46,2,20
161,47,1,0
161,47,2,20
161,48,1,0
161,48,2,20
161,49,1,0
161,49,2,20
161,50,1,0
161,50,2,20
161,51,1,0
161,51,2,20
161,52,1,0
161,52,2,20
161,53,1,0
161,53,2,20
161,54,1,0
161,54,2,20
161,55,1,0
161,55,2,20
161,56,1,0
161,56,2,20
161,57,1,0
161,57,2,20
161,58,1,0
161,58,2,20
161,59,1,0
161,59,2,20
161,60,1,0
161,60,2,20
161,61,1,0
161,61,2,20
161,62,1,0
161,62,2,20
161,63,1,0
161,63,2,20
161,64,1,0
161,64,2,20
161,65,1,0
161,65,2,20
161,66,1,0
161,66,2,20
161,67,1,0
161,67,2,20
161,68,1,0
161,68,2,20
161,69,1,0
161,69,2,20
161,70,1,0
161,70,2,20
161,71,1,0
161,71,2,20
161,72,1,0
161,72,2,20
161,73,1,0
161,73,2,20
161,74,1,0
161,74,2,20
161,75,1,0
161,75,2,20
161,76,1,0
161,76,2,20
161,77,1,0
161,77,2,20
161,78,1,0
161,78,2,20
161,79,1,0
161,79,2,20
161,80,1,0
161,80,2,20
162,0,1,0
162,0,2,20
162,1,1,0
162,1,2,20
162,2,1,0
162,2,2,20
162,3,1,0
162,3,2,20
162,4,1,0
162,4,2,20
162,5,1,0
162,5,2,20
162,6,1,0
162,6,2,20
162,7,1,0
162,7,2,20
162,8,1,0
162,8,2,20
162,9,1,0
162,9,2,20
162,10,1,0
162,10,2,20
162,11,1,0
162,11,2,20
162,12,1,0
162,12,2,20
162,13,1,0
162,13,2,20
162,14,1,0
162,14,2,20
162,15,1,0
162,15,2,20
162,16,1,0
162,16,2,20
162,17,1,0
162,17,2,20
162,18,1,0
162,18,2,20
162,19,1,0
162,19,2,20
162,20,1,0
162,20,2,20
162,21,1,0
162,21,2,20
162,22,1,0
162,22,2,20
162,23,1,0
162,23,2,20
162,24,1,0
162,24,2,20
162,25,1,0
162,25,2,20
162,26,1,0
162,26,2,20
162,27,1,0
162,27,2,20
162,28,1,0
162,28,2,20
162,29,1,0
162,29,2,20
162,30,1,0
162,30,2,20
162,31,1,0
162,31,2,20
162,32,1,0
162,32,2,20
162,33,1,0
162,33,2,20
162,34,1,0
162,34,2,20
162,35,1,0
162,35,2,20
162,36,1,0
162,36,2,20
162,37,1,0
162,37,2,20
162,38,1,0
162,38,2,20
162,39,1,0
162,39,2,20
162,40,1,0
162,40,2,20
162,41,1,0
162,41,2,20
162,42,1,0
162,42,2,20
162,43,1,0
162,43,2,20
162,44,1,0
162,44,2,20
162,45,1,0
162,45,2,20
162,46,1,0
162,46,2,20
162,47,1,0
162,47,2,20
162,48,1,0
162,48,2,20
162,49,1,0
162,49,2,20
162,50,1,0
162,50,2,20
162,51,1,0
162,51,2,20
162,52,1,0
162,52,2,20
162,53,1,0
162,53,2,20
162,54,1,0
162,54,2,20
162,55,1,0
162,55,2,20
162,56,1,0
162,56,2,20
162,57,1,0
162,57,2,20
162,58,1,0
162,58,2,20
162,59,1,0
162,59,2,20
162,60,1,0
162,60,2,20
162,61,1,0
162,61,2,20
162,62,1,0
162,62,2,20
162,63,1,0
162,63,2,20
162,64,1,0
162,64,2,20
162,65,1,0
162,65,2,20
162,66,1,0
162,66,2,20
162,67,1,0
162,67,2,20
162,68,1,0
162,68,2,20
162,69,1,0
162,69,2,20
162,70,1,0
162,70,2,20
162,71,1,0
162,71,2,20
162,72,1,0
162,72,2,20
162,73,1,0
162,73,2,20
162,74,1,0
162,74,2,20
162,75,1,0
162,75,2,20
162,76,1,0
162,76,2,20
162,77,1,0
162,77,2,20
162,78,1,0
162,78,2,20
162,79,1,0
162,79,2,20
162,80,1,0
162,80,2,20
163,0,1,0
163,0,2,20
163,1,1,0
163,1,2,20
163,2,1,0
163,2,2,20
163,3,1,0
163,3,2,20
163,4,1,0
163,4,2,20
163,5,1,0
163,5,2,20
163,6,1,0
163,6,2,20
163,7,1,0
163,7,2,20
163,8,1,0
163,8,2,20
163,9,1,0
163,9,2,20
163,10,1,0
163,10,2,20
163,11,1,0
163,11,2,20
163,12,1,0
163,12,2,20
163,13,1,0
163,13,2,20
163,14,1,0
163,14,2,20
163,15,1,0
163,15,2,20
163,16,1,0
163,16,2,20
163,17,1,0
163,17,2,20
163,18,1,0
163,18,2,20
163,19,1,0
163,19,2,20
163,20,1,0
163,20,2,20
163,21,1,0
163,21,2,20
163,22,1,0
163,22,2,20
163,23,1,0
163,23,2,20
163,24,1,0
163,24,2,20
163,25,1,0
163,25,2,20
163,26,1,0
163,26,2,20
163,27,1,0
163,27,2,20
163,28,1,0
163,28,2,20
163,29,1,0
163,29,2,20
163,30,1,0
163,30,2,20
163,31,1,0
163,31,2,20
163,32,1,0
163,32,2,20
163,33,1,0
163,33,2,20
163,34,1,0
163,34,2,20
163,35,1,0
163,35,2,20
163,36,1,0
163,36,2,20
163,37,1,0
163,37,2,20
163,38,1,0
163,38,2,20
163,39,1,0
163,39,2,20
163,40,1,0
163,40,2,20
163,41,1,0
163,41,2,20
163,42,1,0
163,42,2,20
163,43,1,0
163,43,2,20
163,44,1,0
163,44,2,20
163,45,1,0
163,45,2,20
163,46,1,0
163,46,2,20
163,47,1,0
163,47,2,20
163,48,1,0
163,48,2,20
163,49,1,0
163,49,2,20
163,50,1,0
163,50,2,20
163,51,1,0
163,51,2,20
163,52,1,0
163,52,2,20
163,53,1,0
163,53,2,20
163,54,1,0
163,54,2,20
163,55,1,0
163,55,2,20
163,56,1,0
163,56,2,20
163,57,1,0
163,57,2,20
163,58,1,0
163,58,2,20
163,59,1,0
163,59,2,20
163,60,1,0
163,60,2,20
163,61,1,0
163,61,2,20
163,62,1,0
163,62,2,20
163,63,1,0
163,63,2,20
163,64,1,0
163,64,2,20
163,65,1,0
163,65,2,20
163,66,1,0
163,66,2,20
163,67,1,0
163,67,2,20
163,68,1,0
163,68,2,20
163,69,1,0
163,69,2,20
163,70,1,0
163,70,2,20
163,71,1,0
163,71,2,20
163,72,1,0
163,72,2,20
163,73,1,0
163,73,2,20
163,74,1,0
163,74,2,20
163,75,1,0
163,75,2,20
163,76,1,0
163,76,2,20
163,77,1,0
163,77,2,20
163,78,1,0
163,78,2,20
163,79,1,0
163,79,2,20
163,80,1,0
163,80,2,20
164,0,1,0
164,0,2,20
164,1,1,0
164,1,2,20
164,2,1,0
164,2,2,20
164,3,1,0
164,3,2,20
164,4,1,0
164,4,2,20
164,5,1,0
164,5,2,20
164,6,1,0
164,6,2,20
164,7,1,0
164,7,2,20
164,8,1,0
164,8,2,20
164,9,1,0
164,9,2,20
164,10,1,0
164,10,2,20
164,11,1,0
164,11,2,20
164,12,1,0
164,12,2,20
164,13,1,0
164,13,2,20
164,14,1,0
164,14,2,20
164,15,1,0
164,15,2,20
164,16,1,0
164,16,2,20
164,17,1,0
164,17,2,20
164,18,1,0
164,18,2,20
164,19,1,0
164,19,2,20
164,20,1,0
164,20,2,20
164,21,1,0
164,21,2,20
164,22,1,0
164,22,2,20
164,23,1,0
164,23,2,20
164,24,1,0
164,24,2,20
164,25,1,0
164,25,2,20
164,26,1,0
164,26,2,20
164,27,1,0
164,27,2,20
164,28,1,0
164,28,2,20
164,29,1,0
164,29,2,20
164,30,1,0
164,30,2,20
164,31,1,0
164,31,2,20
164,32,1,0
164,32,2,20
164,33,1,0
164,33,2,20
164,34,1,0
164,34,2,20
164,35,1,0
164,35,2,20
164,36,1,0
164,36,2,20
164,37,1,0
164,37,2,20
164,38,1,0
164,38,2,20
164,39,1,0
164,39,2,20
164,40,1,0
164,40,2,20
164,41,1,0
164,41,2,20
164,42,1,0
164,42,2,20
164,43,1,0
164,43,2,20
164,44,1,0
164,44,2,20
164,45,1,0
164,45,2,20
164,46,1,0
164,46,2,20
164,47,1,0
164,47,2,20
164,48,1,0
164,48,2,20
164,49,1,0
164,49,2,20
164,50,1,0
164,50,2,20
164,51,1,0
164,51,2,20
164,52,1,0
164,52,2,20
164,53,1,0
164,53,2,20
164,54,1,0
164,54,2,20
164,55,1,0
164,55,2,20
164,56,1,0
164,56,2,20
164,57,1,0
164,57,2,20
164,58,1,0
164,58,2,20
164,59,1,0
164,59,2,20
164,60,1,0
164,60,2,20
164,61,1,0
164,61,2,20
164,62,1,0
164,62,2,20
164,63,1,0
164,63,2,20
164,64,1,0
164,64,2,20
164,65,1,0
164,65,2,20
164,66,1,0
164,66,2,20
164,67,1,0
164,67,2,20
164,68,1,0
164,68,2,20
164,69,1,0
164,69,2,20
164,70,1,0
164,70,2,20
164,71,1,0
164,71,2,20
164,72,1,0
164,72,2,20
164,73,1,0
164,73,2,20
164,74,1,0
164,74,2,20
164,75,1,0
164,75,2,20
164,76,1,0
164,76,2,20
164,77,1,0
164,77,2,20
164,78,1,0
164,78,2,20
164,79,1,0
164,79,2,20
164,80,1,0
164,80,2,20
165,0,1,0
165,0,2,20
165,1,1,0
165,1,2,20
165,2,1,0
165,2,2,20
165,3,1,0
165,3,2,20
165,4,1,0
165,4,2,20
165,5,1,0
165,5,2,20
165,6,1,0
165,6,2,20
165,7,1,0
165,7,2,20
165,8,1,0
165,8,2,20
165,9,1,0
165,9,2,20
165,10,1,0
165,10,2,20
165,11,1,0
165,11,2,20
165,12,1,0
165,12,2,20
165,13,1,0
165,13,2,20
165,14,1,0
165,14,2,20
165,15,1,0
165,15,2,20
165,16,1,0
165,16,2,20
165,17,1,0
165,17,2,20
165,18,1,0
165,18,2,20
165,19,1,0
165,19,2,20
165,20,1,0
165,20,2,20
165,21,1,0
165,21,2,20
165,22,1,0
165,22,2,20
165,23,1,0
165,23,2,20
165,24,1,0
165,24,2,20
165,25,1,0
165,25,2,20
165,26,1,0
165,26,2,20
165,27,1,0
165,27,2,20
165,28,1,0
165,28,2,20
165,29,1,0
165,29,2,20
165,30,1,0
165,30,2,20
165,31,1,0
165,31,2,20
165,32,1,0
165,32,2,20
165,33,1,0
165,33,2,20
165,34,1,0
165,34,2,20
165,35,1,0
165,35,2,20
165,36,1,0
165,36,2,20
165,37,1,0
165,37,2,20
165,38,1,0
165,38,2,20
165,39,1,0
165,39,2,20
165,40,1,0
165,40,2,20
165,41,1,0
165,41,2,20
165,42,1,0
165,42,2,20
165,43,1,0
165,43,2,20
165,44,1,0
165,44,2,20
165,45,1,0
165,45,2,20
165,46,1,0
165,46,2,20
165,47,1,0
165,47,2,20
165,48,1,0
165,48,2,20
165,49,1,0
165,49,2,20
165,50,1,0
165,50,2,20
165,51,1,0
165,51,2,20
165,52,1,0
165,52,2,20
165,53,1,0
165,53,2,20
165,54,1,0
165,54,2,20
165,55,1,0
165,55,2,20
165,56,1,0
165,56,2,20
165,57,1,0
165,57,2,20
165,58,1,0
165,58,2,20
165,59,1,0
165,59,2,20
165,60,1,0
165,60,2,20
165,61,1,0
165,61,2,20
165,62,1,0
165,62,2,20
165,63,1,0
165,63,2,20
165,64,1,0
165,64,2,20
165,65,1,0
165,65,2,20
165,66,1,0
165,66,2,20
165,67,1,0
165,67,2,20
165,68,1,0
165,68,2,20
165,69,1,0
165,69,2,20
165,70,1,0
165,70,2,20
165,71,1,0
165,71,2,20
165,72,1,0
165,72,2,20
165,73,1,0
165,73,2,20
165,74,1,0
165,74,2,20
165,75,1,0
165,75,2,20
165,76,1,0
165,76,2,20
165,77,1,0
165,77,2,20
165,78,1,0
165,78,2,20
165,79,1,0
165,79,2,20
165,80,1,0
165,80,2,20
166,0,1,0
166,0,2,20
166,1,1,0
166,1,2,20
166,2,1,0
166,2,2,20
166,3,1,0
166,3,2,20
166,4,1,0
166,4,2,20
166,5,1,0
166,5,2,20
166,6,1,0
166,6,2,20
166,7,1,0
166,7,2,20
166,8,1,0
166,8,2,20
166,9,1,0
166,9,2,20
166,10,1,0
166,10,2,20
166,11,1,0
166,11,2,20
166,12,1,0
166,12,2,20
166,13,1,0
166,13,2,20
166,14,1,0
166,14,2,20
166,15,1,0
166,15,2,20
166,16,1,0
166,16,2,20
166,17,1,0
166,17,2,20
166,18,1,0
166,18,2,20
166,19,1,0
166,19,2,20
166,20,1,0
166,20,2,20
166,21,1,0
166,21,2,20
166,22,1,0
166,22,2,20
166,23,1,0
166,23,2,20
166,24,1,0
166,24,2,20
166,25,1,0
166,25,2,20
166,26,1,0
166,26,2,20
166,27,1,0
166,27,2,20
166,28,1,0
166,28,2,20
166,29,1,0
166,29,2,20
166,30,1,0
166,30,2,20
166,31,1,0
166,31,2,20
166,32,1,0
166,32,2,20
166,33,1,0
166,33,2,20
166,34,1,0
166,34,2,20
166,35,1,0
166,35,2,20
166,36,1,0
166,36,2,20
166,37,1,0
166,37,2,20
166,38,1,0
166,38,2,20
166,39,1,0
166,39,2,20
166,40,1,0
166,40,2,20
166,41,1,0
166,41,2,20
166,42,1,0
166,42,2,20
166,43,1,0
166,43,2,20
166,44,1,0
166,44,2,20
166,45,1,0
166,45,2,20
166,46,1,0
166,46,2,20
166,47,1,0
166,47,2,20
166,48,1,0
166,48,2,20
166,49,1,0
166,49,2,20
166,50,1,0
166,50,2,20
166,51,1,0
166,51,2,20
166,52,1,0
166,52,2,20
166,53,1,0
166,53,2,20
166,54,1,0
166,54,2,20
166,55,1,0
166,55,2,20
166,56,1,0
166,56,2,20
166,57,1,0
166,57,2,20
166,58,1,0
166,58,2,20
166,59,1,0
166,59,2,20
166,60,1,0
166,60,2,20
166,61,1,0
166,61,2,20
166,62,1,0
166,62,2,20
166,63,1,0
166,63,2,20
166,64,1,0
166,64,2,20
166,65,1,0
166,65,2,20
166,66,1,0
166,66,2,20
166,67,1,0
166,67,2,20
166,68,1,0
166,68,2,20
166,69,1,0
166,69,2,20
166,70,1,0
166,70,2,20
166,71,1,0
166,71,2,20
166,72,1,0
166,72,2,20
166,73,1,0
166,73,2,20
166,74,1,0
166,74,2,20
166,75,1,0
166,75,2,20
166,76,1,0
166,76,2,20
166,77,1,0
166,77,2,20
166,78,1,0
166,78,2,20
166,79,1,0
166,79,2,20
166,80,1,0
166,80,2,20
167,0,1,0
167,0,2,20
167,1,1,0
167,1,2,20
167,2,1,0
167,2,2,20
167,3,1,0
167,3,2,20
167,4,1,0
167,4,2,20
167,5,1,0
167,5,2,20
167,6,1,0
167,6,2,20
167,7,1,0
167,7,2,20
167,8,1,0
167,8,2,20
167,9,1,0
167,9,2,20
167,10,1,0
167,10,2,20
167,11,1,0
167,11,2,20
167,12,1,0
167,12,2,20
167,13,1,0
167,13,2,20
167,14,1,0
167,14,2,20
167,15,1,0
167,15,2,20
167,16,1,0
167,16,2,20
167,17,1,0
167,17,2,20
167,18,1,0
167,18,2,20
167,19,1,0
167,19,2,20
167,20,1,0
167,20,2,20
167,21,1,0
167,21,2,20
167,22,1,0
167,22,2,20
167,23,1,0
167,23,2,20
167,24,1,0
167,24,2,20
167,25,1,0
167,25,2,20
167,26,1,0
167,26,2,20
167,27,1,0
167,27,2,20
167,28,1,0
167,28,2,20
167,29,1,0
167,29,2,20
167,30,1,0
167,30,2,20
167,31,1,0
167,31,2,20
167,32,1,0
167,32,2,20
167,33,1,0
167,33,2,20
167,34,1,0
167,34,2,20
167,35,1,0
167,35,2,20
167,36,1,0
167,36,2,20
167,37,1,0
167,37,2,20
167,38,1,0
167,38,2,20
167,39,1,0
167,39,2,20
167,40,1,0
167,40,2,20
167,41,1,0
167,41,2,20
167,42,1,0
167,42,2,20
167,43,1,0
167,43,2,20
167,44,1,0
167,44,2,20
167,45,1,0
167,45,2,20
167,46,1,0
167,46,2,20
167,47,1,0
167,47,2,20
167,48,1,0
167,48,2,20
167,49,1,0
167,49,2,20
167,50,1,0
167,50,2,20
167,51,1,0
167,51,2,20
167,52,1,0
167,52,2,20
167,53,1,0
167,53,2,20
167,54,1,0
167,54,2,20
167,55,1,0
167,55,2,20
167,56,1,0
167,56,2,20
167,57,1,0
167,57,2,20
167,58,1,0
167,58,2,20
167,59,1,0
167,59,2,20
167,60,1,0
167,60,2,20
167,61,1,0
167,61,2,20
167,62,1,0
167,62,2,20
167,63,1,0
167,63,2,20
167,64,1,0
167,64,2,20
167,65,1,0
167,65,2,20
167,66,1,0
167,66,2,20
167,67,1,0
167,67,2,20
167,68,1,0
167,68,2,20
167,69,1,0
167,69,2,20
167,70,1,0
167,70,2,20
167,71,1,0
167,71,2,20
167,72,1,0
167,72,2,20
167,73,1,0
167,73,2,20
167,74,1,0
167,74,2,20
167,75,1,0
167,75,2,20
167,76,1,0
167,76,2,20
167,77,1,0
167,77,2,20
167,78,1,0
167,78,2,20
167,79,1,0
167,79,2,20
167,80,1,0
167,80,2,20
168,0,1,0
168,0,2,20
168,1,1,0
168,1,2,20
168,2,1,0
168,2,2,20
168,3,1,0
168,3,2,20
168,4,1,0
168,4,2,20
168,5,1,0
168,5,2,20
168,6,1,0
168,6,2,20
168,7,1,0
168,7,2,20
168,8,1,0
168,8,2,20
168,9,1,0
168,9,2,20
168,10,1,0
168,10,2,20
168,11,1,0
168,11,2,20
168,12,1,0
168,12,2,20
168,13,1,0
168,13,2,20
168,14,1,0
168,14,2,20
168,15,1,0
168,15,2,20
168,16,1,0
168,16,2,20
168,17,1,0
168,17,2,20
168,18,1,0
168,18,2,20
168,19,1,0
168,19,2,20
168,20,1,0
168,20,2,20
168,21,1,0
168,21,2,20
168,22,1,0
168,22,2,20
168,23,1,0
168,23,2,20
168,24,1,0
168,24,2,20
168,25,1,0
168,25,2,20
168,26,1,0
168,26,2,20
168,27,1,0
168,27,2,20
168,28,1,0
168,28,2,20
168,29,1,0
168,29,2,20
168,30,1,0
168,30,2,20
168,31,1,0
168,31,2,20
168,32,1,0
168,32,2,20
168,33,1,0
168,33,2,20
168,34,1,0
168,34,2,20
168,35,1,0
168,35,2,20
168,36,1,0
168,36,2,20
168,37,1,0
168,37,2,20
168,38,1,0
168,38,2,20
168,39,1,0
168,39,2,20
168,40,1,0
168,40,2,20
168,41,1,0
168,41,2,20
168,42,1,0
168,42,2,20
168,43,1,0
168,43,2,20
168,44,1,0
168,44,2,20
168,45,1,0
168,45,2,20
168,46,1,0
168,46,2,20
168,47,1,0
168,47,2,20
168,48,1,0
168,48,2,20
168,49,1,0
168,49,2,20
168,50,1,0
168,50,2,20
168,51,1,0
168,51,2,20
168,52,1,0
168,52,2,20
168,53,1,0
168,53,2,20
168,54,1,0
168,54,2,20
168,55,1,0
168,55,2,20
168,56,1,0
168,56,2,20
168,57,1,0
168,57,2,20
168,58,1,0
168,58,2,20
168,59,1,0
168,59,2,20
168,60,1,0
168,60,2,20
168,61,1,0
168,61,2,20
168,62,1,0
168,62,2,20
168,63,1,0
168,63,2,20
168,64,1,0
168,64,2,20
168,65,1,0
168,65,2,20
168,66,1,0
168,66,2,20
168,67,1,0
168,67,2,20
168,68,1,0
168,68,2,20
168,69,1,0
168,69,2,20
168,70,1,0
168,70,2,20
168,71,1,0
168,71,2,20
168,72,1,0
168,72,2,20
168,73,1,0
168,73,2,20
168,74,1,0
168,74,2,20
168,75,1,0
168,75,2,20
168,76,1,0
168,76,2,20
168,77,1,0
168,77,2,20
168,78,1,0
168,78,2,20
168,79,1,0
168,79,2,20
168,80,1,0
168,80,2,20
169,0,1,0
169,0,2,20
169,1,1,0
169,1,2,20
169,2,1,0
169,2,2,20
169,3,1,0
169,3,2,20
169,4,1,0
169,4,2,20
169,5,1,0
169,5,2,20
169,6,1,0
169,6,2,20
169,7,1,0
169,7,2,20
169,8,1,0
169,8,2,20
169,9,1,0
169,9,2,20
169,10,1,0
169,10,2,20
169,11,1,0
169,11,2,20
169,12,1,0
169,12,2,20
169,13,1,0
169,13,2,20
169,14,1,0
169,14,2,20
169,15,1,0
169,15,2,20
169,16,1,0
169,16,2,20
169,17,1,0
169,17,2,20
169,18,1,0
169,18,2,20
169,19,1,0
169,19,2,20
169,20,1,0
169,20,2,20
169,21,1,0
169,21,2,20
169,22,1,0
169,22,2,20
169,23,1,0
169,23,2,20
169,24,1,0
169,24,2,20
169,25,1,0
169,25,2,20
169,26,1,0
169,26,2,20
169,27,1,0
169,27,2,20
169,28,1,0
169,28,2,20
169,29,1,0
169,29,2,20
169,30,1,0
169,30,2,20
169,31,1,0
169,31,2,20
169,32,1,0
169,32,2,20
169,33,1,0
169,33,2,20
169,34,1,0
169,34,2,20
169,35,1,0
169,35,2,20
169,36,1,0
169,36,2,20
169,37,1,0
169,37,2,20
169,38,1,0
169,38,2,20
169,39,1,0
169,39,2,20
169,40,1,0
169,40,2,20
169,41,1,0
169,41,2,20
169,42,1,0
169,42,2,20
169,43,1,0
169,43,2,20
169,44,1,0
169,44,2,20
169,45,1,0
169,45,2,20
169,46,1,0
169,46,2,20
169,47,1,0
169,47,2,20
169,48,1,0
169,48,2,20
169,49,1,0
169,49,2,20
169,50,1,0
169,50,2,20
169,51,1,0
169,51,2,20
169,52,1,0
169,52,2,20
169,53,1,0
169,53,2,20
169,54,1,0
169,54,2,20
169,55,1,0
169,55,2,20
169,56,1,0
169,56,2,20
169,57,1,0
169,57,2,20
169,58,1,0
169,58,2,20
169,59,1,0
169,59,2,20
169,60,1,0
169,60,2,20
169,61,1,0
169,61,2,20
169,62,1,0
169,62,2,20
169,63,1,0
169,63,2,20
169,64,1,0
169,64,2,20
169,65,1,0
169,65,2,20
169,66,1,0
169,66,2,20
169,67,1,0
169,67,2,20
169,68,1,0
169,68,2,20
169,69,1,0
169,69,2,20
169,70,1,0
169,70,2,20
169,71,1,0
169,71,2,20
169,72,1,0
169,72,2,20
169,73,1,0
169,73,2,20
169,74,1,0
169,74,2,20
169,75,1,0
169,75,2,20
169,76,1,0
169,76,2,20
169,77,1,0
169,77,2,20
169,78,1,0
169,78,2,20
169,79,1,0
169,79,2,20
169,80,1,0
169,80,2,20
170,0,1,0
170,0,2,20
170,1,1,0
170,1,2,20
170,2,1,0
170,2,2,20
170,3,1,0
170,3,2,20
170,4,1,0
170,4,2,20
170,5,1,0
170,5,2,20
170,6,1,0
170,6,2,20
170,7,1,0
170,7,2,20
170,8,1,0
170,8,2,20
170,9,1,0
170,9,2,20
170,10,1,0
170,10,2,20
170,11,1,0
170,11,2,20
170,12,1,0
170,12,2,20
170,13,1,0
170,13,2,20
170,14,1,0
170,14,2,20
170,15,1,0
170,15,2,20
170,16,1,0
170,16,2,20
170,17,1,0
170,17,2,20
170,18,1,0
170,18,2,20
170,19,1,0
170,19,2,20
170,20,1,0
170,20,2,20
170,21,1,0
170,21,2,20
170,22,1,0
170,22,2,20
170,23,1,0
170,23,2,20
170,24,1,0
170,24,2,20
170,25,1,0
170,25,2,20
170,26,1,0
170,26,2,20
170,27,1,0
170,27,2,20
170,28,1,0
170,28,2,20
170,29,1,0
170,29,2,20
170,30,1,0
170,30,2,20
170,31,1,0
170,31,2,20
170,32,1,0
170,32,2,20
170,33,1,0
170,33,2,20
170,34,1,0
170,34,2,20
170,35,1,0
170,35,2,20
170,36,1,0
170,36,2,20
170,37,1,0
170,37,2,20
170,38,1,0
170,38,2,20
170,39,1,0
170,39,2,20
170,40,1,0
170,40,2,20
170,41,1,0
170,41,2,20
170,42,1,0
170,42,2,20
170,43,1,0
170,43,2,20
170,44,1,0
170,44,2,20
170,45,1,0
170,45,2,20
170,46,1,0
170,46,2,20
170,47,1,0
170,47,2,20
170,48,1,0
170,48,2,20
170,49,1,0
170,49,2,20
170,50,1,0
170,50,2,20
170,51,1,0
170,51,2,20
170,52,1,0
170,52,2,20
170,53,1,0
170,53,2,20
170,54,1,0
170,54,2,20
170,55,1,0
170,55,2,20
170,56,1,0
170,56,2,20
170,57,1,0
170,57,2,20
170,58,1,0
170,58,2,20
170,59,1,0
170,59,2,20
170,60,1,0
170,60,2,20
170,61,1,0
170,61,2,20
170,62,1,0
170,62,2,20
170,63,1,0
170,63,2,20
170,64,1,0
170,64,2,20
170,65,1,0
170,65,2,20
170,66,1,0
170,66,2,20
170,67,1,0
170,67,2,20
170,68,1,0
170,68,2,20
170,69,1,0
170,69,2,20
170,70,1,0
170,70,2,20
170,71,1,0
170,71,2,20
170,72,1,0
170,72,2,20
170,73,1,0
170,73,2,20
170,74,1,0
170,74,2,20
170,75,1,0
170,75,2,20
170,76,1,0
170,76,2,20
170,77,1,0
170,77,2,20
170,78,1,0
170,78,2,20
170,79,1,0
170,79,2,20
170,80,1,0
170,80,2,20
171,0,1,0
171,0,2,20
171,1,1,0
171,1,2,20
171,2,1,0
171,2,2,20
171,3,1,0
171,3,2,20
171,4,1,0
171,4,2,20
171,5,1,0
171,5,2,20
171,6,1,0
171,6,2,20
171,7,1,0
171,7,2,20
171,8,1,0
171,8,2,20
171,9,1,0
171,9,2,20
171,10,1,0
171,10,2,20
171,11,1,0
171,11,2,20
171,12,1,0
171,12,2,20
171,13,1,0
171,13,2,20
171,14,1,0
171,14,2,20
171,15,1,0
171,15,2,20
171,16,1,0
171,16,2,20
171,17,1,0
171,17,2,20
171,18,1,0
171,18,2,20
171,19,1,0
171,19,2,20
171,20,1,0
171,20,2,20
171,21,1,0
171,21,2,20
171,22,1,0
171,22,2,20
171,23,1,0
171,23,2,20
171,24,1,0
171,24,2,20
171,25,1,0
171,25,2,20
171,26,1,0
171,26,2,20
171,27,1,0
171,27,2,20
171,28,1,0
171,28,2,20
171,29,1,0
171,29,2,20
171,30,1,0
171,30,2,20
171,31,1,0
171,31,2,20
171,32,1,0
171,32,2,20
171,33,1,0
171,33,2,20
171,34,1,0
171,34,2,20
171,35,1,0
171,35,2,20
171,36,1,0
171,36,2,20
171,37,1,0
171,37,2,20
171,38,1,0
171,38,2,20
171,39,1,0
171,39,2,20
171,40,1,0
171,40,2,20
171,41,1,0
171,41,2,20
171,42,1,0
171,42,2,20
171,43,1,0
171,43,2,20
171,44,1,0
171,44,2,20
171,45,1,0
171,45,2,20
171,46,1,0
171,46,2,20
171,47,1,0
171,47,2,20
171,48,1,0
171,48,2,20
171,49,1,0
171,49,2,20
171,50,1,0
171,50,2,20
171,51,1,0
171,51,2,20
171,52,1,0
171,52,2,20
171,53,1,0
171,53,2,20
171,54,1,0
171,54,2,20
171,55,1,0
171,55,2,20
171,56,1,0
171,56,2,20
171,57,1,0
171,57,2,20
171,58,1,0
171,58,2,20
171,59,1,0
171,59,2,20
171,60,1,0
171,60,2,20
171,61,1,0
171,61,2,20
171,62,1,0
171,62,2,20
171,63,1,0
171,63,2,20
171,64,1,0
171,64,2,20
171,65,1,0
171,65,2,20
171,66,1,0
171,66,2,20
171,67,1,0
171,67,2,20
171,68,1,0
171,68,2,20
171,69,1,0
171,69,2,20
171,70,1,0
171,70,2,20
171,71,1,0
171,71,2,20
171,72,1,0
171,72,2,20
171,73,1,0
171,73,2,20
171,74,1,0
171,74,2,20
171,75,1,0
171,75,2,20
171,76,1,0
171,76,2,20
171,77,1,0
171,77,2,20
171,78,1,0
171,78,2,20
171,79,1,0
171,79,2,20
171,80,1,0
171,80,2,20
172,0,1,0
172,0,2,20
172,1,1,0
172,1,2,20
172,2,1,0
172,2,2,20
172,3,1,0
172,3,2,20
172,4,1,0
172,4,2,20
172,5,1,0
172,5,2,20
172,6,1,0
172,6,2,20
172,7,1,0
172,7,2,20
172,8,1,0
172,8,2,20
172,9,1,0
172,9,2,20
172,10,1,0
172,10,2,20
172,11,1,0
172,11,2,20
172,12,1,0
172,12,2,20
172,13,1,0
172,13,2,20
172,14,1,0
172,14,2,20
172,15,1,0
172,15,2,20
172,16,1,0
172,16,2,20
172,17,1,0
172,17,2,20
172,18,1,0
172,18,2,20
172,19,1,0
172,19,2,20
172,20,1,0
172,20,2,20
172,21,1,0
172,21,2,20
172,22,1,0
172,22,2,20
172,23,1,0
172,23,2,20
172,24,1,0
172,24,2,20
172,25,1,0
172,25,2,20
172,26,1,0
172,26,2,20
172,27,1,0
172,27,2,20
172,28,1,0
172,28,2,20
172,29,1,0
172,29,2,20
172,30,1,0
172,30,2,20
172,31,1,0
172,31,2,20
172,32,1,0
172,32,2,20
172,33,1,0
172,33,2,20
172,34,1,0
172,34,2,20
172,35,1,0
172,35,2,20
172,36,1,0
172,36,2,20
172,37,1,0
172,37,2,20
172,38,1,0
172,38,2,20
172,39,1,0
172,39,2,20
172,40,1,0
172,40,2,20
172,41,1,0
172,41,2,20
172,42,1,0
172,42,2,20
172,43,1,0
172,43,2,20
172,44,1,0
172,44,2,20
172,45,1,0
172,45,2,20
172,46,1,0
172,46,2,20
172,47,1,0
172,47,2,20
172,48,1,0
172,48,2,20
172,49,1,0
172,49,2,20
172,50,1,0
172,50,2,20
172,51,1,0
172,51,2,20
172,52,1,0
172,52,2,20
172,53,1,0
172,53,2,20
172,54,1,0
172,54,2,20
172,55,1,0
172,55,2,20
172,56,1,0
172,56,2,20
172,57,1,0
172,57,2,20
172,58,1,0
172,58,2,20
172,59,1,0
172,59,2,20
172,60,1,0
172,60,2,20
172,61,1,0
172,61,2,20
172,62,1,0
172,62,2,20
172,63,1,0
172,63,2,20
172,64,1,0
172,64,2,20
172,65,1,0
172,65,2,20
172,66,1,0
172,66,2,20
172,67,1,0
172,67,2,20
172,68,1,0
172,68,2,20
172,69,1,0
172,69,2,20
172,70,1,0
172,70,2,20
172,71,1,0
172,71,2,20
172,72,1,0
172,72,2,20
172,73,1,0
172,73,2,20
172,74,1,0
172,74,2,20
172,75,1,0
172,75,2,20
172,76,1,0
172,76,2,20
172,77,1,0
172,77,2,20
172,78,1,0
172,78,2,20
172,79,1,0
172,79,2,20
172,80,1,0
172,80,2,20
173,0,1,0
173,0,2,20
173,1,1,0
173,1,2,20
173,2,1,0
173,2,2,20
173,3,1,0
173,3,2,20
173,4,1,0
173,4,2,20
173,5,1,0
173,5,2,20
173,6,1,0
173,6,2,20
173,7,1,0
173,7,2,20
173,8,1,0
173,8,2,20
173,9,1,0
173,9,2,20
173,10,1,0
173,10,2,20
173,11,1,0
173,11,2,20
173,12,1,0
173,12,2,20
173,13,1,0
173,13,2,20
173,14,1,0
173,14,2,20
173,15,1,0
173,15,2,20
173,16,1,0
173,16,2,20
173,17,1,0
173,17,2,20
173,18,1,0
173,18,2,20
173,19,1,0
173,19,2,20
173,20,1,0
173,20,2,20
173,21,1,0
173,21,2,20
173,22,1,0
173,22,2,20
173,23,1,0
173,23,2,20
173,24,1,0
173,24,2,20
173,25,1,0
173,25,2,20
173,26,1,0
173,26,2,20
173,27,1,0
173,27,2,20
173,28,1,0
173,28,2,20
173,29,1,0
173,29,2,20
173,30,1,0
173,30,2,20
173,31,1,0
173,31,2,20
173,32,1,0
173,32,2,20
173,33,1,0
173,33,2,20
173,34,1,0
173,34,2,20
173,35,1,0
173,35,2,20
173,36,1,0
173,36,2,20
173,37,1,0
173,37,2,20
173,38,1,0
173,38,2,20
173,39,1,0
173,39,2,20
173,40,1,0
173,40,2,20
173,41,1,0
173,41,2,20
173,42,1,0
173,42,2,20
173,43,1,0
173,43,2,20
173,44,1,0
173,44,2,20
173,45,1,0
173,45,2,20
173,46,1,0
173,46,2,20
173,47,1,0
173,47,2,20
173,48,1,0
173,48,2,20
173,49,1,0
173,49,2,20
173,50,1,0
173,50,2,20
173,51,1,0
173,51,2,20
173,52,1,0
173,52,2,20
173,53,1,0
173,53,2,20
173,54,1,0
173,54,2,20
173,55,1,0
173,55,2,20
173,56,1,0
173,56,2,20
173,57,1,0
173,57,2,20
173,58,1,0
173,58,2,20
173,59,1,0
173,59,2,20
173,60,1,0
173,60,2,20
173,61,1,0
173,61,2,20
173,62,1,0
173,62,2,20
173,63,1,0
173,63,2,20
173,64,1,0
173,64,2,20
173,65,1,0
173,65,2,20
173,66,1,0
173,66,2,20
173,67,1,0
173,67,2,20
173,68,1,0
173,68,2,20
173,69,1,0
173,69,2,20
173,70,1,0
173,70,2,20
173,71,1,0
173,71,2,20
173,72,1,0
173,72,2,20
173,73,1,0
173,73,2,20
173,74,1,0
173,74,2,20
173,75,1,0
173,75,2,20
173,76,1,0
173,76,2,20
173,77,1,0
173,77,2,20
173,78,1,0
173,78,2,20
173,79,1,0
173,79,2,20
173,80,1,0
173,80,2,20
174,0,1,0
174,0,2,20
174,1,1,0
174,1,2,20
174,2,1,0
174,2,2,20
174,3,1,0
174,3,2,20
174,4,1,0
174,4,2,20
174,5,1,0
174,5,2,20
174,6,1,0
174,6,2,20
174,7,1,0
174,7,2,20
174,8,1,0
174,8,2,20
174,9,1,0
174,9,2,20
174,10,1,0
174,10,2,20
174,11,1,0
174,11,2,20
174,12,1,0
174,12,2,20
174,13,1,0
174,13,2,20
174,14,1,0
174,14,2,20
174,15,1,0
174,15,2,20
174,16,1,0
174,16,2,20
174,17,1,0
174,17,2,20
174,18,1,0
174,18,2,20
174,19,1,0
174,19,2,20
174,20,1,0
174,20,2,20
174,21,1,0
174,21,2,20
174,22,1,0
174,22,2,20
174,23,1,0
174,23,2,20
174,24,1,0
174,24,2,20
174,25,1,0
174,25,2,20
174,26,1,0
174,26,2,20
174,27,1,0
174,27,2,20
174,28,1,0
174,28,2,20
174,29,1,0
174,29,2,20
174,30,1,0
174,30,2,20
174,31,1,0
174,31,2,20
174,32,1,0
174,32,2,20
174,33,1,0
174,33,2,20
174,34,1,0
174,34,2,20
174,35,1,0
174,35,2,20
174,36,1,0
174,36,2,20
174,37,1,0
174,37,2,20
174,38,1,0
174,38,2,20
174,39,1,0
174,39,2,20
174,40,1,0
174,40,2,20
174,41,1,0
174,41,2,20
174,42,1,0
174,42,2,20
174,43,1,0
174,43,2,20
174,44,1,0
174,44,2,20
174,45,1,0
174,45,2,20
174,46,1,0
174,46,2,20
174,47,1,0
174,47,2,20
174,48,1,0
174,48,2,20
174,49,1,0
174,49,2,20
174,50,1,0
174,50,2,20
174,51,1,0
174,51,2,20
174,52,1,0
174,52,2,20
174,53,1,0
174,53,2,20
174,54,1,0
174,54,2,20
174,55,1,0
174,55,2,20
174,56,1,0
174,56,2,20
174,57,1,0
174,57,2,20
174,58,1,0
174,58,2,20
174,59,1,0
174,59,2,20
174,60,1,0
174,60,2,20
174,61,1,0
174,61,2,20
174,62,1,0
174,62,2,20
174,63,1,0
174,63,2,20
174,64,1,0
174,64,2,20
174,65,1,0
174,65,2,20
174,66,1,0
174,66,2,20
174,67,1,0
174,67,2,20
174,68,1,0
174,68,2,20
174,69,1,0
174,69,2,20
174,70,1,0
174,70,2,20
174,71,1,0
174,71,2,20
174,72,1,0
174,72,2,20
174,73,1,0
174,73,2,20
174,74,1,0
174,74,2,20
174,75,1,0
174,75,2,20
174,76,1,0
174,76,2,20
174,77,1,0
174,77,2,20
174,78,1,0
174,78,2,20
174,79,1,0
174,79,2,20
174,80,1,0
174,80,2,20
175,0,1,0
175,0,2,20
175,1,1,0
175,1,2,20
175,2,1,0
175,2,2,20
175,3,1,0
175,3,2,20
175,4,1,0
175,4,2,20
175,5,1,0
175,5,2,20
175,6,1,0
175,6,2,20
175,7,1,0
175,7,2,20
175,8,1,0
175,8,2,20
175,9,1,0
175,9,2,20
175,10,1,0
175,10,2,20
175,11,1,0
175,11,2,20
175,12,1,0
175,12,2,20
175,13,1,0
175,13,2,20
175,14,1,0
175,14,2,20
175,15,1,0
175,15,2,20
175,16,1,0
175,16,2,20
175,17,1,0
175,17,2,20
175,18,1,0
175,18,2,20
175,19,1,0
175,19,2,20
175,20,1,0
175,20,2,20
175,21,1,0
175,21,2,20
175,22,1,0
175,22,2,20
175,23,1,0
175,23,2,20
175,24,1,0
175,24,2,20
175,25,1,0
175,25,2,20
175,26,1,0
175,26,2,20
175,27,1,0
175,27,2,20
175,28,1,0
175,28,2,20
175,29,1,0
175,29,2,20
175,30,1,0
175,30,2,20
175,31,1,0
175,31,2,20
175,32,1,0
175,32,2,20
175,33,1,0
175,33,2,20
175,34,1,0
175,34,2,20
175,35,1,0
175,35,2,20
175,36,1,0
175,36,2,20
175,37,1,0
175,37,2,20
175,38,1,0
175,38,2,20
175,39,1,0
175,39,2,20
175,40,1,0
175,40,2,20
175,41,1,0
175,41,2,20
175,42,1,0
175,42,2,20
175,43,1,0
175,43,2,20
175,44,1,0
175,44,2,20
175,45,1,0
175,45,2,20
175,46,1,0
175,46,2,20
175,47,1,0
175,47,2,20
175,48,1,0
175,48,2,20
175,49,1,0
175,49,2,20
175,50,1,0
175,50,2,20
175,51,1,0
175,51,2,20
175,52,1,0
175,52,2,20
175,53,1,0
175,53,2,20
175,54,1,0
175,54,2,20
175,55,1,0
175,55,2,20
175,56,1,0
175,56,2,20
175,57,1,0
175,57,2,20
175,58,1,0
175,58,2,20
175,59,1,0
175,59,2,20
175,60,1,0
175,60,2,20
175,61,1,0
175,61,2,20
175,62,1,0
175,62,2,20
175,63,1,0
175,63,2,20
175,64,1,0
175,64,2,20
175,65,1,0
175,65,2,20
175,66,1,0
175,66,2,20
175,67,1,0
175,67,2,20
175,68,1,0
175,68,2,20
175,69,1,0
175,69,2,20
175,70,1,0
175,70,2,20
175,71,1,0
175,71,2,20
175,72,1,0
175,72,2,20
175,73,1,0
175,73,2,20
175,74,1,0
175,74,2,20
175,75,1,0
175,75,2,20
175,76,1,0
175,76,2,20
175,77,1,0
175,77,2,20
175,78,1,0
175,78,2,20
175,79,1,0
175,79,2,20
175,80,1,0
175,80,2,20
176,0,1,0
176,0,2,20
176,1,1,0
176,1,2,20
176,2,1,0
176,2,2,20
176,3,1,0
176,3,2,20
176,4,1,0
176,4,2,20
176,5,1,0
176,5,2,20
176,6,1,0
176,6,2,20
176,7,1,0
176,7,2,20
176,8,1,0
176,8,2,20
176,9,1,0
176,9,2,20
176,10,1,0
176,10,2,20
176,11,1,0
176,11,2,20
176,12,1,0
176,12,2,20
176,13,1,0
176,13,2,20
176,14,1,0
176,14,2,20
176,15,1,0
176,15,2,20
176,16,1,0
176,16,2,20
176,17,1,0
176,17,2,20
176,18,1,0
176,18,2,20
176,19,1,0
176,19,2,20
176,20,1,0
176,20,2,20
176,21,1,0
176,21,2,20
176,22,1,0
176,22,2,20
176,23,1,0
176,23,2,20
176,24,1,0
176,24,2,20
176,25,1,0
176,25,2,20
176,26,1,0
176,26,2,20
176,27,1,0
176,27,2,20
176,28,1,0
176,28,2,20
176,29,1,0
176,29,2,20
176,30,1,0
176,30,2,20
176,31,1,0
176,31,2,20
176,32,1,0
176,32,2,20
176,33,1,0
176,33,2,20
176,34,1,0
176,34,2,20
176,35,1,0
176,35,2,20
176,36,1,0
176,36,2,20
176,37,1,0
176,37,2,20
176,38,1,0
176,38,2,20
176,39,1,0
176,39,2,20
176,40,1,0
176,40,2,20
176,41,1,0
176,41,2,20
176,42,1,0
176,42,2,20
176,43,1,0
176,43,2,20
176,44,1,0
176,44,2,20
176,45,1,0
176,45,2,20
176,46,1,0
176,46,2,20
176,47,1,0
176,47,2,20
176,48,1,0
176,48,2,20
176,49,1,0
176,49,2,20
176,50,1,0
176,50,2,20
176,51,1,0
176,51,2,20
176,52,1,0
176,52,2,20
176,53,1,0
176,53,2,20
176,54,1,0
176,54,2,20
176,55,1,0
176,55,2,20
176,56,1,0
176,56,2,20
176,57,1,0
176,57,2,20
176,58,1,0
176,58,2,20
176,59,1,0
176,59,2,20
176,60,1,0
176,60,2,20
176,61,1,0
176,61,2,20
176,62,1,0
176,62,2,20
176,63,1,0
176,63,2,20
176,64,1,0
176,64,2,20
176,65,1,0
176,65,2,20
176,66,1,0
176,66,2,20
176,67,1,0
176,67,2,20
176,68,1,0
176,68,2,20
176,69,1,0
176,69,2,20
176,70,1,0
176,70,2,20
176,71,1,0
176,71,2,20
176,72,1,0
176,72,2,20
176,73,1,0
176,73,2,20
176,74,1,0
176,74,2,20
176,75,1,0
176,75,2,20
176,76,1,0
176,76,2,20
176,77,1,0
176,77,2,20
176,78,1,0
176,78,2,20
176,79,1,0
176,79,2,20
176,80,1,0
176,80,2,20
177,0,1,0
177,0,2,20
177,1,1,0
177,1,2,20
177,2,1,0
177,2,2,20
177,3,1,0
177,3,2,20
177,4,1,0
177,4,2,20
177,5,1,0
177,5,2,20
177,6,1,0
177,6,2,20
177,7,1,0
177,7,2,20
177,8,1,0
177,8,2,20
177,9,1,0
177,9,2,20
177,10,1,0
177,10,2,20
177,11,1,0
177,11,2,20
177,12,1,0
177,12,2,20
177,13,1,0
177,13,2,20
177,14,1,0
177,14,2,20
177,15,1,0
177,15,2,20
177,16,1,0
177,16,2,20
177,17,1,0
177,17,2,20
177,18,1,0
177,18,2,20
177,19,1,0
177,19,2,20
177,20,1,0
177,20,2,20
177,21,1,0
177,21,2,20
177,22,1,0
177,22,2,20
177,23,1,0
177,23,2,20
177,24,1,0
177,24,2,20
177,25,1,0
177,25,2,20
177,26,1,0
177,26,2,20
177,27,1,0
177,27,2,20
177,28,1,0
177,28,2,20
177,29,1,0
177,29,2,20
177,30,1,0
177,30,2,20
177,31,1,0
177,31,2,20
177,32,1,0
177,32,2,20
177,33,1,0
177,33,2,20
177,34,1,0
177,34,2,20
177,35,1,0
177,35,2,20
177,36,1,0
177,36,2,20
177,37,1,0
177,37,2,20
177,38,1,0
177,38,2,20
177,39,1,0
177,39,2,20
177,40,1,0
177,40,2,20
177,41,1,0
177,41,2,20
177,42,1,0
177,42,2,20
177,43,1,0
177,43,2,20
177,44,1,0
177,44,2,20
177,45,1,0
177,45,2,20
177,46,1,0
177,46,2,20
177,47,1,0
177,47,2,20
177,48,1,0
177,48,2,20
177,49,1,0
177,49,2,20
177,50,1,0
177,50,2,20
177,51,1,0
177,51,2,20
177,52,1,0
177,52,2,20
177,53,1,0
177,53,2,20
177,54,1,0
177,54,2,20
177,55,1,0
177,55,2,20
177,56,1,0
177,56,2,20
177,57,1,0
177,57,2,20
177,58,1,0
177,58,2,20
177,59,1,0
177,59,2,20
177,60,1,0
177,60,2,20
177,61,1,0
177,61,2,20
177,62,1,0
177,62,2,20
177,63,1,0
177,63,2,20
177,64,1,0
177,64,2,20
177,65,1,0
177,65,2,20
177,66,1,0
177,66,2,20
177,67,1,0
177,67,2,20
177,68,1,0
177,68,2,20
177,69,1,0
177,69,2,20
177,70,1,0
177,70,2,20
177,71,1,0
177,71,2,20
177,72,1,0
177,72,2,20
177,73,1,0
177,73,2,20
177,74,1,0
177,74,2,20
177,75,1,0
177,75,2,20
177,76,1,0
177,76,2,20
177,77,1,0
177,77,2,20
177,78,1,0
177,78,2,20
177,79,1,0
177,79,2,20
177,80,1,0
177,80,2,20
178,0,1,0
178,0,2,20
178,1,1,0
178,1,2,20
178,2,1,0
178,2,2,20
178,3,1,0
178,3,2,20
178,4,1,0
178,4,2,20
178,5,1,0
178,5,2,20
178,6,1,0
178,6,2,20
178,7,1,0
178,7,2,20
178,8,1,0
178,8,2,20
178,9,1,0
178,9,2,20
178,10,1,0
178,10,2,20
178,11,1,0
178,11,2,20
178,12,1,0
178,12,2,20
178,13,1,0
178,13,2,20
178,14,1,0
178,14,2,20
178,15,1,0
178,15,2,20
178,16,1,0
178,16,2,20
178,17,1,0
178,17,2,20
178,18,1,0
178,18,2,20
178,19,1,0
178,19,2,20
178,20,1,0
178,20,2,20
178,21,1,0
178,21,2,20
178,22,1,0
178,22,2,20
178,23,1,0
178,23,2,20
178,24,1,0
178,24,2,20
178,25,1,0
178,25,2,20
178,26,1,0
178,26,2,20
178,27,1,0
178,27,2,20
178,28,1,0
178,28,2,20
178,29,1,0
178,29,2,20
178,30,1,0
178,30,2,20
178,31,1,0
178,31,2,20
178,32,1,0
178,32,2,20
178,33,1,0
178,33,2,20
178,34,1,0
178,34,2,20
178,35,1,0
178,35,2,20
178,36,1,0
178,36,2,20
178,37,1,0
178,37,2,20
178,38,1,0
178,38,2,20
178,39,1,0
178,39,2,20
178,40,1,0
178,40,2,20
178,41,1,0
178,41,2,20
178,42,1,0
178,42,2,20
178,43,1,0
178,43,2,20
178,44,1,0
178,44,2,20
178,45,1,0
178,45,2,20
178,46,1,0
178,46,2,20
178,47,1,0
178,47,2,20
178,48,1,0
178,48,2,20
178,49,1,0
178,49,2,20
178,50,1,0
178,50,2,20
178,51,1,0
178,51,2,20
178,52,1,0
178,52,2,20
178,53,1,0
178,53,2,20
178,54,1,0
178,54,2,20
178,55,1,0
178,55,2,20
178,56,1,0
178,56,2,20
178,57,1,0
178,57,2,20
178,58,1,0
178,58,2,20
178,59,1,0
178,59,2,20
178,60,1,0
178,60,2,20
178,61,1,0
178,61,2,20
178,62,1,0
178,62,2,20
178,63,1,0
178,63,2,20
178,64,1,0
178,64,2,20
178,65,1,0
178,65,2,20
178,66,1,0
178,66,2,20
178,67,1,0
178,67,2,20
178,68,1,0
178,68,2,20
178,69,1,0
178,69,2,20
178,70,1,0
178,70,2,20
178,71,1,0
178,71,2,20
178,72,1,0
178,72,2,20
178,73,1,0
178,73,2,20
178,74,1,0
178,74,2,20
178,75,1,0
178,75,2,20
178,76,1,0
178,76,2,20
178,77,1,0
178,77,2,20
178,78,1,0
178,78,2,20
178,79,1,0
178,79,2,20
178,80,1,0
178,80,2,20
179,0,1,0
179,0,2,20
179,1,1,0
179,1,2,20
179,2,1,0
179,2,2,20
179,3,1,0
179,3,2,20
179,4,1,0
179,4,2,20
179,5,1,0
179,5,2,20
179,6,1,0
179,6,2,20
179,7,1,0
179,7,2,20
179,8,1,0
179,8,2,20
179,9,1,0
179,9,2,20
179,10,1,0
179,10,2,20
179,11,1,0
179,11,2,20
179,12,1,0
179,12,2,20
179,13,1,0
179,13,2,20
179,14,1,0
179,14,2,20
179,15,1,0
179,15,2,20
179,16,1,0
179,16,2,20
179,17,1,0
179,17,2,20
179,18,1,0
179,18,2,20
179,19,1,0
179,19,2,20
179,20,1,0
179,20,2,20
179,21,1,0
179,21,2,20
179,22,1,0
179,22,2,20
179,23,1,0
179,23,2,20
179,24,1,0
179,24,2,20
179,25,1,0
179,25,2,20
179,26,1,0
179,26,2,20
179,27,1,0
179,27,2,20
179,28,1,0
179,28,2,20
179,29,1,0
179,29,2,20
179,30,1,0
179,30,2,20
179,31,1,0
179,31,2,20
179,32,1,0
179,32,2,20
179,33,1,0
179,33,2,20
179,34,1,0
179,34,2,20
179,35,1,0
179,35,2,20
179,36,1,0
179,36,2,20
179,37,1,0
179,37,2,20
179,38,1,0
179,38,2,20
179,39,1,0
179,39,2,20
179,40,1,0
179,40,2,20
179,41,1,0
179,41,2,20
179,42,1,0
179,42,2,20
179,43,1,0
179,43,2,20
179,44,1,0
179,44,2,20
179,45,1,0
179,45,2,20
179,46,1,0
179,46,2,20
179,47,1,0
179,47,2,20
179,48,1,0
179,48,2,20
179,49,1,0
179,49,2,20
179,50,1,0
179,50,2,20
179,51,1,0
179,51,2,20
179,52,1,0
179,52,2,20
179,53,1,0
179,53,2,20
179,54,1,0
179,54,2,20
179,55,1,0
179,55,2,20
179,56,1,0
179,56,2,20
179,57,1,0
179,57,2,20
179,58,1,0
179,58,2,20
179,59,1,0
179,59,2,20
179,60,1,0
179,60,2,20
179,61,1,0
179,61,2,20
179,62,1,0
179,62,2,20
179,63,1,0
179,63,2,20
179,64,1,0
179,64,2,20
179,65,1,0
179,65,2,20
179,66,1,0
179,66,2,20
179,67,1,0
179,67,2,20
179,68,1,0
179,68,2,20
179,69,1,0
179,69,2,20
179,70,1,0
179,70,2,20
179,71,1,0
179,71,2,20
179,72,1,0
179,72,2,20
179,73,1,0
179,73,2,20
179,74,1,0
179,74,2,20
179,75,1,0
179,75,2,20
179,76,1,0
179,76,2,20
179,77,1,0
179,77,2,20
179,78,1,0
179,78,2,20
179,79,1,0
179,79,2,20
179,80,1,0
179,80,2,20
180,0,1,0
180,0,2,20
180,1,1,0
180,1,2,20
180,2,1,0
180,2,2,20
180,3,1,0
180,3,2,20
180,4,1,0
180,4,2,20
180,5,1,0
180,5,2,20
180,6,1,0
180,6,2,20
180,7,1,0
180,7,2,20
180,8,1,0
180,8,2,20
180,9,1,0
180,9,2,20
180,10,1,0
180,10,2,20
180,11,1,0
180,11,2,20
180,12,1,0
180,12,2,20
180,13,1,0
180,13,2,20
180,14,1,0
180,14,2,20
180,15,1,0
180,15,2,20
180,16,1,0
180,16,2,20
180,17,1,0
180,17,2,20
180,18,1,0
180,18,2,20
180,19,1,0
180,19,2,20
180,20,1,0
180,20,2,20
180,21,1,0
180,21,2,20
180,22,1,0
180,22,2,20
180,23,1,0
180,23,2,20
180,24,1,0
180,24,2,20
180,25,1,0
180,25,2,20
180,26,1,0
180,26,2,20
180,27,1,0
180,27,2,20
180,28,1,0
180,28,2,20
180,29,1,0
180,29,2,20
180,30,1,0
180,30,2,20
180,31,1,0
180,31,2,20
180,32,1,0
180,32,2,20
180,33,1,0
180,33,2,20
180,34,1,0
180,34,2,20
180,35,1,0
180,35,2,20
180,36,1,0
180,36,2,20
180,37,1,0
180,37,2,20
180,38,1,0
180,38,2,20
180,39,1,0
180,39,2,20
180,40,1,0
180,40,2,20
180,41,1,0
180,41,2,20
180,42,1,0
180,42,2,20
180,43,1,0
180,43,2,20
180,44,1,0
180,44,2,20
180,45,1,0
180,45,2,20
180,46,1,0
180,46,2,20
180,47,1,0
180,47,2,20
180,48,1,0
180,48,2,20
180,49,1,0
180,49,2,20
180,50,1,0
180,50,2,20
180,51,1,0
180,51,2,20
180,52,1,0
180,52,2,20
180,53,1,0
180,53,2,20
180,54,1,0
180,54,2,20
180,55,1,0
180,55,2,20
180,56,1,0
180,56,2,20
180,57,1,0
180,57,2,20
180,58,1,0
180,58,2,20
180,59,1,0
180,59,2,20
180,60,1,0
180,60,2,20
180,61,1,0
180,61,2,20
180,62,1,0
180,62,2,20
180,63,1,0
180,63,2,20
180,64,1,0
180,64,2,20
180,65,1,0
180,65,2,20
180,66,1,0
180,66,2,20
180,67,1,0
180,67,2,20
180,68,1,0
180,68,2,20
180,69,1,0
180,69,2,20
180,70,1,0
180,70,2,20
180,71,1,0
180,71,2,20
180,72,1,0
180,72,2,20
180,73,1,0
180,73,2,20
180,74,1,0
180,74,2,20
180,75,1,0
180,75,2,20
180,76,1,0
180,76,2,20
180,77,1,0
180,77,2,20
180,78,1,0
180,78,2,20
180,79,1,0
180,79,2,20
180,80,1,0
180,80,2,20
181,0,1,0
181,0,2,20
181,1,1,0
181,1,2,20
181,2,1,0
181,2,2,20
181,3,1,0
181,3,2,20
181,4,1,0
181,4,2,20
181,5,1,0
181,5,2,20
181,6,1,0
181,6,2,20
181,7,1,0
181,7,2,20
181,8,1,0
181,8,2,20
181,9,1,0
181,9,2,20
181,10,1,0
181,10,2,20
181,11,1,0
181,11,2,20
181,12,1,0
181,12,2,20
181,13,1,0
181,13,2,20
181,14,1,0
181,14,2,20
181,15,1,0
181,15,2,20
181,16,1,0
181,16,2,20
181,17,1,0
181,17,2,20
181,18,1,0
181,18,2,20
181,19,1,0
181,19,2,20
181,20,1,0
181,20,2,20
181,21,1,0
181,21,2,20
181,22,1,0
181,22,2,20
181,23,1,0
181,23,2,20
181,24,1,0
181,24,2,20
181,25,1,0
181,25,2,20
181,26,1,0
181,26,2,20
181,27,1,0
181,27,2,20
181,28,1,0
181,28,2,20
181,29,1,0
181,29,2,20
181,30,1,0
181,30,2,20
181,31,1,0
181,31,2,20
181,32,1,0
181,32,2,20
181,33,1,0
181,33,2,20
181,34,1,0
181,34,2,20
181,35,1,0
181,35,2,20
181,36,1,0
181,36,2,20
181,37,1,0
181,37,2,20
181,38,1,0
181,38,2,20
181,39,1,0
181,39,2,20
181,40,1,0
181,40,2,20
181,41,1,0
181,41,2,20
181,42,1,0
181,42,2,20
181,43,1,0
181,43,2,20
181,44,1,0
181,44,2,20
181,45,1,0
181,45,2,20
181,46,1,0
181,46,2,20
181,47,1,0
181,47,2,20
181,48,1,0
181,48,2,20
181,49,1,0
181,49,2,20
181,50,1,0
181,50,2,20
181,51,1,0
181,51,2,20
181,52,1,0
181,52,2,20
181,53,1,0
181,53,2,20
181,54,1,0
181,54,2,20
181,55,1,0
181,55,2,20
181,56,1,0
181,56,2,20
181,57,1,0
181,57,2,20
181,58,1,0
181,58,2,20
181,59,1,0
181,59,2,20
181,60,1,0
181,60,2,20
181,61,1,0
181,61,2,20
181,62,1,0
181,62,2,20
181,63,1,0
181,63,2,20
181,64,1,0
181,64,2,20
181,65,1,0
181,65,2,20
181,66,1,0
181,66,2,20
181,67,1,0
181,67,2,20
181,68,1,0
181,68,2,20
181,69,1,0
181,69,2,20
181,70,1,0
181,70,2,20
181,71,1,0
181,71,2,20
181,72,1,0
181,72,2,20
181,73,1,0
181,73,2,20
181,74,1,0
181,74,2,20
181,75,1,0
181,75,2,20
181,76,1,0
181,76,2,20
181,77,1,0
181,77,2,20
181,78,1,0
181,78,2,20
181,79,1,0
181,79,2,20
181,80,1,0
181,80,2,20
182,0,1,0
182,0,2,20
182,1,1,0
182,1,2,20
182,2,1,0
182,2,2,20
182,3,1,0
182,3,2,20
182,4,1,0
182,4,2,20
182,5,1,0
182,5,2,20
182,6,1,0
182,6,2,20
182,7,1,0
182,7,2,20
182,8,1,0
182,8,2,20
182,9,1,0
182,9,2,20
182,10,1,0
182,10,2,20
182,11,1,0
182,11,2,20
182,12,1,0
182,12,2,20
182,13,1,0
182,13,2,20
182,14,1,0
182,14,2,20
182,15,1,0
182,15,2,20
182,16,1,0
182,16,2,20
182,17,1,0
182,17,2,20
182,18,1,0
182,18,2,20
182,19,1,0
182,19,2,20
182,20,1,0
182,20,2,20
182,21,1,0
182,21,2,20
182,22,1,0
182,22,2,20
182,23,1,0
182,23,2,20
182,24,1,0
182,24,2,20
182,25,1,0
182,25,2,20
182,26,1,0
182,26,2,20
182,27,1,0
182,27,2,20
182,28,1,0
182,28,2,20
182,29,1,0
182,29,2,20
182,30,1,0
182,30,2,20
182,31,1,0
182,31,2,20
182,32,1,0
182,32,2,20
182,33,1,0
182,33,2,20
182,34,1,0
182,34,2,20
182,35,1,0
182,35,2,20
182,36,1,0
182,36,2,20
182,37,1,0
182,37,2,20
182,38,1,0
182,38,2,20
182,39,1,0
182,39,2,20
182,40,1,0
182,40,2,20
182,41,1,0
182,41,2,20
182,42,1,0
182,42,2,20
182,43,1,0
182,43,2,20
182,44,1,0
182,44,2,20
182,45,1,0
182,45,2,20
182,46,1,0
182,46,2,20
182,47,1,0
182,47,2,20
182,48,1,0
182,48,2,20
182,49,1,0
182,49,2,20
182,50,1,0
182,50,2,20
182,51,1,0
182,51,2,20
182,52,1,0
182,52,2,20
182,53,1,0
182,53,2,20
182,54,1,0
182,54,2,20
182,55,1,0
182,55,2,20
182,56,1,0
182,56,2,20
182,57,1,0
182,57,2,20
182,58,1,0
182,58,2,20
182,59,1,0
182,59,2,20
182,60,1,0
182,60,2,20
182,61,1,0
182,61,2,20
182,62,1,0
182,62,2,20
182,63,1,0
182,63,2,20
182,64,1,0
182,64,2,20
182,65,1,0
182,65,2,20
182,66,1,0
182,66,2,20
182,67,1,0
182,67,2,20
182,68,1,0
182,68,2,20
182,69,1,0
182,69,2,20
182,70,1,0
182,70,2,20
182,71,1,0
182,71,2,20
182,72,1,0
182,72,2,20
182,73,1,0
182,73,2,20
182,74,1,0
182,74,2,20
182,75,1,0
182,75,2,20
182,76,1,0
182,76,2,20
182,77,1,0
182,77,2,20
182,78,1,0
182,78,2,20
182,79,1,0
182,79,2,20
182,80,1,0
182,80,2,20
183,0,1,0
183,0,2,20
183,1,1,0
183,1,2,20
183,2,1,0
183,2,2,20
183,3,1,0
183,3,2,20
183,4,1,0
183,4,2,20
183,5,1,0
183,5,2,20
183,6,1,0
183,6,2,20
183,7,1,0
183,7,2,20
183,8,1,0
183,8,2,20
183,9,1,0
183,9,2,20
183,10,1,0
183,10,2,20
183,11,1,0
183,11,2,20
183,12,1,0
183,12,2,20
183,13,1,0
183,13,2,20
183,14,1,0
183,14,2,20
183,15,1,0
183,15,2,20
183,16,1,0
183,16,2,20
183,17,1,0
183,17,2,20
183,18,1,0
183,18,2,20
183,19,1,0
183,19,2,20
183,20,1,0
183,20,2,20
183,21,1,0
183,21,2,20
183,22,1,0
183,22,2,20
183,23,1,0
183,23,2,20
183,24,1,0
183,24,2,20
183,25,1,0
183,25,2,20
183,26,1,0
183,26,2,20
183,27,1,0
183,27,2,20
183,28,1,0
183,28,2,20
183,29,1,0
183,29,2,20
183,30,1,0
183,30,2,20
183,31,1,0
183,31,2,20
183,32,1,0
183,32,2,20
183,33,1,0
183,33,2,20
183,34,1,0
183,34,2,20
183,35,1,0
183,35,2,20
183,36,1,0
183,36,2,20
183,37,1,0
183,37,2,20
183,38,1,0
183,38,2,20
183,39,1,0
183,39,2,20
183,40,1,0
183,40,2,20
183,41,1,0
183,41,2,20
183,42,1,0
183,42,2,20
183,43,1,0
183,43,2,20
183,44,1,0
183,44,2,20
183,45,1,0
183,45,2,20
183,46,1,0
183,46,2,20
183,47,1,0
183,47,2,20
183,48,1,0
183,48,2,20
183,49,1,0
183,49,2,20
183,50,1,0
183,50,2,20
183,51,1,0
183,51,2,20
183,52,1,0
183,52,2,20
183,53,1,0
183,53,2,20
183,54,1,0
183,54,2,20
183,55,1,0
183,55,2,20
183,56,1,0
183,56,2,20
183,57,1,0
183,57,2,20
183,58,1,0
183,58,2,20
183,59,1,0
183,59,2,20
183,60,1,0
183,60,2,20
183,61,1,0
183,61,2,20
183,62,1,0
183,62,2,20
183,63,1,0
183,63,2,20
183,64,1,0
183,64,2,20
183,65,1,0
183,65,2,20
183,66,1,0
183,66,2,20
183,67,1,0
183,67,2,20
183,68,1,0
183,68,2,20
183,69,1,0
183,69,2,20
183,70,1,0
183,70,2,20
183,71,1,0
183,71,2,20
183,72,1,0
183,72,2,20
183,73,1,0
183,73,2,20
183,74,1,0
183,74,2,20
183,75,1,0
183,75,2,20
183,76,1,0
183,76,2,20
183,77,1,0
183,77,2,20
183,78,1,0
183,78,2,20
183,79,1,0
183,79,2,20
183,80,1,0
183,80,2,20
184,0,1,0
184,0,2,20
184,1,1,0
184,1,2,20
184,2,1,0
184,2,2,20
184,3,1,0
184,3,2,20
184,4,1,0
184,4,2,20
184,5,1,0
184,5,2,20
184,6,1,0
184,6,2,20
184,7,1,0
184,7,2,20
184,8,1,0
184,8,2,20
184,9,1,0
184,9,2,20
184,10,1,0
184,10,2,20
184,11,1,0
184,11,2,20
184,12,1,0
184,12,2,20
184,13,1,0
184,13,2,20
184,14,1,0
184,14,2,20
184,15,1,0
184,15,2,20
184,16,1,0
184,16,2,20
184,17,1,0
184,17,2,20
184,18,1,0
184,18,2,20
184,19,1,0
184,19,2,20
184,20,1,0
184,20,2,20
184,21,1,0
184,21,2,20
184,22,1,0
184,22,2,20
184,23,1,0
184,23,2,20
184,24,1,0
184,24,2,20
184,25,1,0
184,25,2,20
184,26,1,0
184,26,2,20
184,27,1,0
184,27,2,20
184,28,1,0
184,28,2,20
184,29,1,0
184,29,2,20
184,30,1,0
184,30,2,20
184,31,1,0
184,31,2,20
184,32,1,0
184,32,2,20
184,33,1,0
184,33,2,20
184,34,1,0
184,34,2,20
184,35,1,0
184,35,2,20
184,36,1,0
184,36,2,20
184,37,1,0
184,37,2,20
184,38,1,0
184,38,2,20
184,39,1,0
184,39,2,20
184,40,1,0
184,40,2,20
184,41,1,0
184,41,2,20
184,42,1,0
184,42,2,20
184,43,1,0
184,43,2,20
184,44,1,0
184,44,2,20
184,45,1,0
184,45,2,20
184,46,1,0
184,46,2,20
184,47,1,0
184,47,2,20
184,48,1,0
184,48,2,20
184,49,1,0
184,49,2,20
184,50,1,0
184,50,2,20
184,51,1,0
184,51,2,20
184,52,1,0
184,52,2,20
184,53,1,0
184,53,2,20
184,54,1,0
184,54,2,20
184,55,1,0
184,55,2,20
184,56,1,0
184,56,2,20
184,57,1,0
184,57,2,20
184,58,1,0
184,58,2,20
184,59,1,0
184,59,2,20
184,60,1,0
184,60,2,20
184,61,1,0
184,61,2,20
184,62,1,0
184,62,2,20
184,63,1,0
184,63,2,20
184,64,1,0
184,64,2,20
184,65,1,0
184,65,2,20
184,66,1,0
184,66,2,20
184,67,1,0
184,67,2,20
184,68,1,0
184,68,2,20
184,69,1,0
184,69,2,20
184,70,1,0
184,70,2,20
184,71,1,0
184,71,2,20
184,72,1,0
184,72,2,20
184,73,1,0
184,73,2,20
184,74,1,0
184,74,2,20
184,75,1,0
184,75,2,20
184,76,1,0
184,76,2,20
184,77,1,0
184,77,2,20
184,78,1,0
184,78,2,20
184,79,1,0
184,79,2,20
184,80,1,0
184,80,2,20
185,0,1,0
185,0,2,20
185,1,1,0
185,1,2,20
185,2,1,0
185,2,2,20
185,3,1,0
185,3,2,20
185,4,1,0
185,4,2,20
185,5,1,0
185,5,2,20
185,6,1,0
185,6,2,20
185,7,1,0
185,7,2,20
185,8,1,0
185,8,2,20
185,9,1,0
185,9,2,20
185,10,1,0
185,10,2,20
185,11,1,0
185,11,2,20
185,12,1,0
185,12,2,20
185,13,1,0
185,13,2,20
185,14,1,0
185,14,2,20
185,15,1,0
185,15,2,20
185,16,1,0
185,16,2,20
185,17,1,0
185,17,2,20
185,18,1,0
185,18,2,20
185,19,1,0
185,19,2,20
185,20,1,0
185,20,2,20
185,21,1,0
185,21,2,20
185,22,1,0
185,22,2,20
185,23,1,0
185,23,2,20
185,24,1,0
185,24,2,20
185,25,1,0
185,25,2,20
185,26,1,0
185,26,2,20
185,27,1,0
185,27,2,20
185,28,1,0
185,28,2,20
185,29,1,0
185,29,2,20
185,30,1,0
185,30,2,20
185,31,1,0
185,31,2,20
185,32,1,0
185,32,2,20
185,33,1,0
185,33,2,20
185,34,1,0
185,34,2,20
185,35,1,0
185,35,2,20
185,36,1,0
185,36,2,20
185,37,1,0
185,37,2,20
185,38,1,0
185,38,2,20
185,39,1,0
185,39,2,20
185,40,1,0
185,40,2,20
185,41,1,0
185,41,2,20
185,42,1,0
185,42,2,20
185,43,1,0
185,43,2,20
185,44,1,0
185,44,2,20
185,45,1,0
185,45,2,20
185,46,1,0
185,46,2,20
185,47,1,0
185,47,2,20
185,48,1,0
185,48,2,20
185,49,1,0
185,49,2,20
185,50,1,0
185,50,2,20
185,51,1,0
185,51,2,20
185,52,1,0
185,52,2,20
185,53,1,0
185,53,2,20
185,54,1,0
185,54,2,20
185,55,1,0
185,55,2,20
185,56,1,0
185,56,2,20
185,57,1,0
185,57,2,20
185,58,1,0
185,58,2,20
185,59,1,0
185,59,2,20
185,60,1,0
185,60,2,20
185,61,1,0
185,61,2,20
185,62,1,0
185,62,2,20
185,63,1,0
185,63,2,20
185,64,1,0
185,64,2,20
185,65,1,0
185,65,2,20
185,66,1,0
185,66,2,20
185,67,1,0
185,67,2,20
185,68,1,0
185,68,2,20
185,69,1,0
185,69,2,20
185,70,1,0
185,70,2,20
185,71,1,0
185,71,2,20
185,72,1,0
185,72,2,20
185,73,1,0
185,73,2,20
185,74,1,0
185,74,2,20
185,75,1,0
185,75,2,20
185,76,1,0
185,76,2,20
185,77,1,0
185,77,2,20
185,78,1,0
185,78,2,20
185,79,1,0
185,79,2,20
185,80,1,0
185,80,2,20
186,0,1,0
186,0,2,20
186,1,1,0
186,1,2,20
186,2,1,0
186,2,2,20
186,3,1,0
186,3,2,20
186,4,1,0
186,4,2,20
186,5,1,0
186,5,2,20
186,6,1,0
186,6,2,20
186,7,1,0
186,7,2,20
186,8,1,0
186,8,2,20
186,9,1,0
186,9,2,20
186,10,1,0
186,10,2,20
186,11,1,0
186,11,2,20
186,12,1,0
186,12,2,20
186,13,1,0
186,13,2,20
186,14,1,0
186,14,2,20
186,15,1,0
186,15,2,20
186,16,1,0
186,16,2,20
186,17,1,0
186,17,2,20
186,18,1,0
186,18,2,20
186,19,1,0
186,19,2,20
186,20,1,0
186,20,2,20
186,21,1,0
186,21,2,20
186,22,1,0
186,22,2,20
186,23,1,0
186,23,2,20
186,24,1,0
186,24,2,20
186,25,1,0
186,25,2,20
186,26,1,0
186,26,2,20
186,27,1,0
186,27,2,20
186,28,1,0
186,28,2,20
186,29,1,0
186,29,2,20
186,30,1,0
186,30,2,20
186,31,1,0
186,31,2,20
186,32,1,0
186,32,2,20
186,33,1,0
186,33,2,20
186,34,1,0
186,34,2,20
186,35,1,0
186,35,2,20
186,36,1,0
186,36,2,20
186,37,1,0
186,37,2,20
186,38,1,0
186,38,2,20
186,39,1,0
186,39,2,20
186,40,1,0
186,40,2,20
186,41,1,0
186,41,2,20
186,42,1,0
186,42,2,20
186,43,1,0
186,43,2,20
186,44,1,0
186,44,2,20
186,45,1,0
186,45,2,20
186,46,1,0
186,46,2,20
186,47,1,0
186,47,2,20
186,48,1,0
186,48,2,20
186,49,1,0
186,49,2,20
186,50,1,0
186,50,2,20
186,51,1,0
186,51,2,20
186,52,1,0
186,52,2,20
186,53,1,0
186,53,2,20
186,54,1,0
186,54,2,20
186,55,1,0
186,55,2,20
186,56,1,0
186,56,2,20
186,57,1,0
186,57,2,20
186,58,1,0
186,58,2,20
186,59,1,0
186,59,2,20
186,60,1,0
186,60,2,20
186,61,1,0
186,61,2,20
186,62,1,0
186,62,2,20
186,63,1,0
186,63,2,20
186,64,1,0
186,64,2,20
186,65,1,0
186,65,2,20
186,66,1,0
186,66,2,20
186,67,1,0
186,67,2,20
186,68,1,0
186,68,2,20
186,69,1,0
186,69,2,20
186,70,1,0
186,70,2,20
186,71,1,0
186,71,2,20
186,72,1,0
186,72,2,20
186,73,1,0
186,73,2,20
186,74,1,0
186,74,2,20
186,75,1,0
186,75,2,20
186,76,1,0
186,76,2,20
186,77,1,0
186,77,2,20
186,78,1,0
186,78,2,20
186,79,1,0
186,79,2,20
186,80,1,0
186,80,2,20
187,0,1,0
187,0,2,20
187,1,1,0
187,1,2,20
187,2,1,0
187,2,2,20
187,3,1,0
187,3,2,20
187,4,1,0
187,4,2,20
187,5,1,0
187,5,2,20
187,6,1,0
187,6,2,20
187,7,1,0
187,7,2,20
187,8,1,0
187,8,2,20
187,9,1,0
187,9,2,20
187,10,1,0
187,10,2,20
187,11,1,0
187,11,2,20
187,12,1,0
187,12,2,20
187,13,1,0
187,13,2,20
187,14,1,0
187,14,2,20
187,15,1,0
187,15,2,20
187,16,1,0
187,16,2,20
187,17,1,0
187,17,2,20
187,18,1,0
187,18,2,20
187,19,1,0
187,19,2,20
187,20,1,0
187,20,2,20
187,21,1,0
187,21,2,20
187,22,1,0
187,22,2,20
187,23,1,0
187,23,2,20
187,24,1,0
187,24,2,20
187,25,1,0
187,25,2,20
187,26,1,0
187,26,2,20
187,27,1,0
187,27,2,20
187,28,1,0
187,28,2,20
187,29,1,0
187,29,2,20
187,30,1,0
187,30,2,20
187,31,1,0
187,31,2,20
187,32,1,0
187,32,2,20
187,33,1,0
187,33,2,20
187,34,1,0
187,34,2,20
187,35,1,0
187,35,2,20
187,36,1,0
187,36,2,20
187,37,1,0
187,37,2,20
187,38,1,0
187,38,2,20
187,39,1,0
187,39,2,20
187,40,1,0
187,40,2,20
187,41,1,0
187,41,2,20
187,42,1,0
187,42,2,20
187,43,1,0
187,43,2,20
187,44,1,0
187,44,2,20
187,45,1,0
187,45,2,20
187,46,1,0
187,46,2,20
187,47,1,0
187,47,2,20
187,48,1,0
187,48,2,20
187,49,1,0
187,49,2,20
187,50,1,0
187,50,2,20
187,51,1,0
187,51,2,20
187,52,1,0
187,52,2,20
187,53,1,0
187,53,2,20
187,54,1,0
187,54,2,20
187,55,1,0
187,55,2,20
187,56,1,0
187,56,2,20
187,57,1,0
187,57,2,20
187,58,1,0
187,58,2,20
187,59,1,0
187,59,2,20
187,60,1,0
187,60,2,20
187,61,1,0
187,61,2,20
187,62,1,0
187,62,2,20
187,63,1,0
187,63,2,20
187,64,1,0
187,64,2,20
187,65,1,0
187,65,2,20
187,66,1,0
187,66,2,20
187,67,1,0
187,67,2,20
187,68,1,0
187,68,2,20
187,69,1,0
187,69,2,20
187,70,1,0
187,70,2,20
187,71,1,0
187,71,2,20
187,72,1,0
187,72,2,20
187,73,1,0
187,73,2,20
187,74,1,0
187,74,2,20
187,75,1,0
187,75,2,20
187,76,1,0
187,76,2,20
187,77,1,0
187,77,2,20
187,78,1,0
187,78,2,20
187,79,1,0
187,79,2,20
187,80,1,0
187,80,2,20
188,0,1,0
188,0,2,20
188,1,1,0
188,1,2,20
188,2,1,0
188,2,2,20
188,3,1,0
188,3,2,20
188,4,1,0
188,4,2,20
188,5,1,0
188,5,2,20
188,6,1,0
188,6,2,20
188,7,1,0
188,7,2,20
188,8,1,0
188,8,2,20
188,9,1,0
188,9,2,20
188,10,1,0
188,10,2,20
188,11,1,0
188,11,2,20
188,12,1,0
188,12,2,20
188,13,1,0
188,13,2,20
188,14,1,0
188,14,2,20
188,15,1,0
188,15,2,20
188,16,1,0
188,16,2,20
188,17,1,0
188,17,2,20
188,18,1,0
188,18,2,20
188,19,1,0
188,19,2,20
188,20,1,0
188,20,2,20
188,21,1,0
188,21,2,20
188,22,1,0
188,22,2,20
188,23,1,0
188,23,2,20
188,24,1,0
188,24,2,20
188,25,1,0
188,25,2,20
188,26,1,0
188,26,2,20
188,27,1,0
188,27,2,20
188,28,1,0
188,28,2,20
188,29,1,0
188,29,2,20
188,30,1,0
188,30,2,20
188,31,1,0
188,31,2,20
188,32,1,0
188,32,2,20
188,33,1,0
188,33,2,20
188,34,1,0
188,34,2,20
188,35,1,0
188,35,2,20
188,36,1,0
188,36,2,20
188,37,1,0
188,37,2,20
188,38,1,0
188,38,2,20
188,39,1,0
188,39,2,20
188,40,1,0
188,40,2,20
188,41,1,0
188,41,2,20
188,42,1,0
188,42,2,20
188,43,1,0
188,43,2,20
188,44,1,0
188,44,2,20
188,45,1,0
188,45,2,20
188,46,1,0
188,46,2,20
188,47,1,0
188,47,2,20
188,48,1,0
188,48,2,20
188,49,1,0
188,49,2,20
188,50,1,0
188,50,2,20
188,51,1,0
188,51,2,20
188,52,1,0
188,52,2,20
188,53,1,0
188,53,2,20
188,54,1,0
188,54,2,20
188,55,1,0
188,55,2,20
188,56,1,0
188,56,2,20
188,57,1,0
188,57,2,20
188,58,1,0
188,58,2,20
188,59,1,0
188,59,2,20
188,60,1,0
188,60,2,20
188,61,1,0
188,61,2,20
188,62,1,0
188,62,2,20
188,63,1,0
188,63,2,20
188,64,1,0
188,64,2,20
188,65,1,0
188,65,2,20
188,66,1,0
188,66,2,20
188,67,1,0
188,67,2,20
188,68,1,0
188,68,2,20
188,69,1,0
188,69,2,20
188,70,1,0
188,70,2,20
188,71,1,0
188,71,2,20
188,72,1,0
188,72,2,20
188,73,1,0
188,73,2,20
188,74,1,0
188,74,2,20
188,75,1,0
188,75,2,20
188,76,1,0
188,76,2,20
188,77,1,0
188,77,2,20
188,78,1,0
188,78,2,20
188,79,1,0
188,79,2,20
188,80,1,0
188,80,2,20
189,0,1,0
189,0,2,20
189,1,1,0
189,1,2,20
189,2,1,0
189,2,2,20
189,3,1,0
189,3,2,20
189,4,1,0
189,4,2,20
189,5,1,0
189,5,2,20
189,6,1,0
189,6,2,20
189,7,1,0
189,7,2,20
189,8,1,0
189,8,2,20
189,9,1,0
189,9,2,20
189,10,1,0
189,10,2,20
189,11,1,0
189,11,2,20
189,12,1,0
189,12,2,20
189,13,1,0
189,13,2,20
189,14,1,0
189,14,2,20
189,15,1,0
189,15,2,20
189,16,1,0
189,16,2,20
189,17,1,0
189,17,2,20
189,18,1,0
189,18,2,20
189,19,1,0
189,19,2,20
189,20,1,0
189,20,2,20
189,21,1,0
189,21,2,20
189,22,1,0
189,22,2,20
189,23,1,0
189,23,2,20
189,24,1,0
189,24,2,20
189,25,1,0
189,25,2,20
189,26,1,0
189,26,2,20
189,27,1,0
189,27,2,20
189,28,1,0
189,28,2,20
189,29,1,0
189,29,2,20
189,30,1,0
189,30,2,20
189,31,1,0
189,31,2,20
189,32,1,0
189,32,2,20
189,33,1,0
189,33,2,20
189,34,1,0
189,34,2,20
189,35,1,0
189,35,2,20
189,36,1,0
189,36,2,20
189,37,1,0
189,37,2,20
189,38,1,0
189,38,2,20
189,39,1,0
189,39,2,20
189,40,1,0
189,40,2,20
189,41,1,0
189,41,2,20
189,42,1,0
189,42,2,20
189,43,1,0
189,43,2,20
189,44,1,0
189,44,2,20
189,45,1,0
189,45,2,20
189,46,1,0
189,46,2,20
189,47,1,0
189,47,2,20
189,48,1,0
189,48,2,20
189,49,1,0
189,49,2,20
189,50,1,0
189,50,2,20
189,51,1,0
189,51,2,20
189,52,1,0
189,52,2,20
189,53,1,0
189,53,2,20
189,54,1,0
189,54,2,20
189,55,1,0
189,55,2,20
189,56,1,0
189,56,2,20
189,57,1,0
189,57,2,20
189,58,1,0
189,58,2,20
189,59,1,0
189,59,2,20
189,60,1,0
189,60,2,20
189,61,1,0
189,61,2,20
189,62,1,0
189,62,2,20
189,63,1,0
189,63,2,20
189,64,1,0
189,64,2,20
189,65,1,0
189,65,2,20
189,66,1,0
189,66,2,20
189,67,1,0
189,67,2,20
189,68,1,0
189,68,2,20
189,69,1,0
189,69,2,20
189,70,1,0
189,70,2,20
189,71,1,0
189,71,2,20
189,72,1,0
189,72,2,20
189,73,1,0
189,73,2,20
189,74,1,0
189,74,2,20
189,75,1,0
189,75,2,20
189,76,1,0
189,76,2,20
189,77,1,0
189,77,2,20
189,78,1,0
189,78,2,20
189,79,1,0
189,79,2,20
189,80,1,0
189,80,2,20
190,0,1,0
190,0,2,20
190,1,1,0
190,1,2,20
190,2,1,0
190,2,2,20
190,3,1,0
190,3,2,20
190,4,1,0
190,4,2,20
190,5,1,0
190,5,2,20
190,6,1,0
190,6,2,20
190,7,1,0
190,7,2,20
190,8,1,0
190,8,2,20
190,9,1,0
190,9,2,20
190,10,1,0
190,10,2,20
190,11,1,0
190,11,2,20
190,12,1,0
190,12,2,20
190,13,1,0
190,13,2,20
190,14,1,0
190,14,2,20
190,15,1,0
190,15,2,20
190,16,1,0
190,16,2,20
190,17,1,0
190,17,2,20
190,18,1,0
190,18,2,20
190,19,1,0
190,19,2,20
190,20,1,0
190,20,2,20
190,21,1,0
190,21,2,20
190,22,1,0
190,22,2,20
190,23,1,0
190,23,2,20
190,24,1,0
190,24,2,20
190,25,1,0
190,25,2,20
190,26,1,0
190,26,2,20
190,27,1,0
190,27,2,20
190,28,1,0
190,28,2,20
190,29,1,0
190,29,2,20
190,30,1,0
190,30,2,20
190,31,1,0
190,31,2,20
190,32,1,0
190,32,2,20
190,33,1,0
190,33,2,20
190,34,1,0
190,34,2,20
190,35,1,0
190,35,2,20
190,36,1,0
190,36,2,20
190,37,1,0
190,37,2,20
190,38,1,0
190,38,2,20
190,39,1,0
190,39,2,20
190,40,1,0
190,40,2,20
190,41,1,0
190,41,2,20
190,42,1,0
190,42,2,20
190,43,1,0
190,43,2,20
190,44,1,0
190,44,2,20
190,45,1,0
190,45,2,20
190,46,1,0
190,46,2,20
190,47,1,0
190,47,2,20
190,48,1,0
190,48,2,20
190,49,1,0
190,49,2,20
190,50,1,0
190,50,2,20
190,51,1,0
190,51,2,20
190,52,1,0
190,52,2,20
190,53,1,0
190,53,2,20
190,54,1,0
190,54,2,20
190,55,1,0
190,55,2,20
190,56,1,0
190,56,2,20
190,57,1,0
190,57,2,20
190,58,1,0
190,58,2,20
190,59,1,0
190,59,2,20
190,60,1,0
190,60,2,20
190,61,1,0
190,61,2,20
190,62,1,0
190,62,2,20
190,63,1,0
190,63,2,20
190,64,1,0
190,64,2,20
190,65,1,0
190,65,2,20
190,66,1,0
190,66,2,20
190,67,1,0
190,67,2,20
190,68,1,0
190,68,2,20
190,69,1,0
190,69,2,20
190,70,1,0
190,70,2,20
190,71,1,0
190,71,2,20
190,72,1,0
190,72,2,20
190,73,1,0
190,73,2,20
190,74,1,0
190,74,2,20
190,75,1,0
190,75,2,20
190,76,1,0
190,76,2,20
190,77,1,0
190,77,2,20
190,78,1,0
190,78,2,20
190,79,1,0
190,79,2,20
190,80,1,0
190,80,2,20
191,0,1,0
191,0,2,20
191,1,1,0
191,1,2,20
191,2,1,0
191,2,2,20
191,3,1,0
191,3,2,20
191,4,1,0
191,4,2,20
191,5,1,0
191,5,2,20
191,6,1,0
191,6,2,20
191,7,1,0
191,7,2,20
191,8,1,0
191,8,2,20
191,9,1,0
191,9,2,20
191,10,1,0
191,10,2,20
191,11,1,0
191,11,2,20
191,12,1,0
191,12,2,20
191,13,1,0
191,13,2,20
191,14,1,0
191,14,2,20
191,15,1,0
191,15,2,20
191,16,1,0
191,16,2,20
191,17,1,0
191,17,2,20
191,18,1,0
191,18,2,20
191,19,1,0
191,19,2,20
191,20,1,0
191,20,2,20
191,21,1,0
191,21,2,20
191,22,1,0
191,22,2,20
191,23,1,0
191,23,2,20
191,24,1,0
191,24,2,20
191,25,1,0
191,25,2,20
191,26,1,0
191,26,2,20
191,27,1,0
191,27,2,20
191,28,1,0
191,28,2,20
191,29,1,0
191,29,2,20
191,30,1,0
191,30,2,20
191,31,1,0
191,31,2,20
191,32,1,0
191,32,2,20
191,33,1,0
191,33,2,20
191,34,1,0
191,34,2,20
191,35,1,0
191,35,2,20
191,36,1,0
191,36,2,20
191,37,1,0
191,37,2,20
191,38,1,0
191,38,2,20
191,39,1,0
191,39,2,20
191,40,1,0
191,40,2,20
191,41,1,0
191,41,2,20
191,42,1,0
191,42,2,20
191,43,1,0
191,43,2,20
191,44,1,0
191,44,2,20
191,45,1,0
191,45,2,20
191,46,1,0
191,46,2,20
191,47,1,0
191,47,2,20
191,48,1,0
191,48,2,20
191,49,1,0
191,49,2,20
191,50,1,0
191,50,2,20
191,51,1,0
191,51,2,20
191,52,1,0
191,52,2,20
191,53,1,0
191,53,2,20
191,54,1,0
191,54,2,20
191,55,1,0
191,55,2,20
191,56,1,0
191,56,2,20
191,57,1,0
191,57,2,20
191,58,1,0
191,58,2,20
191,59,1,0
191,59,2,20
191,60,1,0
191,60,2,20
191,61,1,0
191,61,2,20
191,62,1,0
191,62,2,20
191,63,1,0
191,63,2,20
191,64,1,0
191,64,2,20
191,65,1,0
191,65,2,20
191,66,1,0
191,66,2,20
191,67,1,0
191,67,2,20
191,68,1,0
191,68,2,20
191,69,1,0
191,69,2,20
191,70,1,0
191,70,2,20
191,71,1,0
191,71,2,20
191,72,1,0
191,72,2,20
191,73,1,0
191,73,2,20
191,74,1,0
191,74,2,20
191,75,1,0
191,75,2,20
191,76,1,0
191,76,2,20
191,77,1,0
191,77,2,20
191,78,1,0
191,78,2,20
191,79,1,0
191,79,2,20
191,80,1,0
191,80,2,20
192,0,1,0
192,0,2,20
192,1,1,0
192,1,2,20
192,2,1,0
192,2,2,20
192,3,1,0
192,3,2,20
192,4,1,0
192,4,2,20
192,5,1,0
192,5,2,20
192,6,1,0
192,6,2,20
192,7,1,0
192,7,2,20
192,8,1,0
192,8,2,20
192,9,1,0
192,9,2,20
192,10,1,0
192,10,2,20
192,11,1,0
192,11,2,20
192,12,1,0
192,12,2,20
192,13,1,0
192,13,2,20
192,14,1,0
192,14,2,20
192,15,1,0
192,15,2,20
192,16,1,0
192,16,2,20
192,17,1,0
192,17,2,20
192,18,1,0
192,18,2,20
192,19,1,0
192,19,2,20
192,20,1,0
192,20,2,20
192,21,1,0
192,21,2,20
192,22,1,0
192,22,2,20
192,23,1,0
192,23,2,20
192,24,1,0
192,24,2,20
192,25,1,0
192,25,2,20
192,26,1,0
192,26,2,20
192,27,1,0
192,27,2,20
192,28,1,0
192,28,2,20
192,29,1,0
192,29,2,20
192,30,1,0
192,30,2,20
192,31,1,0
192,31,2,20
192,32,1,0
192,32,2,20
192,33,1,0
192,33,2,20
192,34,1,0
192,34,2,20
192,35,1,0
192,35,2,20
192,36,1,0
192,36,2,20
192,37,1,0
192,37,2,20
192,38,1,0
192,38,2,20
192,39,1,0
192,39,2,20
192,40,1,0
192,40,2,20
192,41,1,0
192,41,2,20
192,42,1,0
192,42,2,20
192,43,1,0
192,43,2,20
192,44,1,0
192,44,2,20
192,45,1,0
192,45,2,20
192,46,1,0
192,46,2,20
192,47,1,0
192,47,2,20
192,48,1,0
192,48,2,20
192,49,1,0
192,49,2,20
192,50,1,0
192,50,2,20
192,51,1,0
192,51,2,20
192,52,1,0
192,52,2,20
192,53,1,0
192,53,2,20
192,54,1,0
192,54,2,20
192,55,1,0
192,55,2,20
192,56,1,0
192,56,2,20
192,57,1,0
192,57,2,20
192,58,1,0
192,58,2,20
192,59,1,0
192,59,2,20
192,60,1,0
192,60,2,20
192,61,1,0
192,61,2,20
192,62,1,0
192,62,2,20
192,63,1,0
192,63,2,20
192,64,1,0
192,64,2,20
192,65,1,0
192,65,2,20
192,66,1,0
192,66,2,20
192,67,1,0
192,67,2,20
192,68,1,0
192,68,2,20
192,69,1,0
192,69,2,20
192,70,1,0
192,70,2,20
192,71,1,0
192,71,2,20
192,72,1,0
192,72,2,20
192,73,1,0
192,73,2,20
192,74,1,0
192,74,2,20
192,75,1,0
192,75,2,20
192,76,1,0
192,76,2,20
192,77,1,0
192,77,2,20
192,78,1,0
192,78,2,20
192,79,1,0
192,79,2,20
192,80,1,0
192,80,2,20
193,0,1,0
193,0,2,20
193,1,1,0
193,1,2,20
193,2,1,0
193,2,2,20
193,3,1,0
193,3,2,20
193,4,1,0
193,4,2,20
193,5,1,0
193,5,2,20
193,6,1,0
193,6,2,20
193,7,1,0
193,7,2,20
193,8,1,0
193,8,2,20
193,9,1,0
193,9,2,20
193,10,1,0
193,10,2,20
193,11,1,0
193,11,2,20
193,12,1,0
193,12,2,20
193,13,1,0
193,13,2,20
193,14,1,0
193,14,2,20
193,15,1,0
193,15,2,20
193,16,1,0
193,16,2,20
193,17,1,0
193,17,2,20
193,18,1,0
193,18,2,20
193,19,1,0
193,19,2,20
193,20,1,0
193,20,2,20
193,21,1,0
193,21,2,20
193,22,1,0
193,22,2,20
193,23,1,0
193,23,2,20
193,24,1,0
193,24,2,20
193,25,1,0
193,25,2,20
193,26,1,0
193,26,2,20
193,27,1,0
193,27,2,20
193,28,1,0
193,28,2,20
193,29,1,0
193,29,2,20
193,30,1,0
193,30,2,20
193,31,1,0
193,31,2,20
193,32,1,0
193,32,2,20
193,33,1,0
193,33,2,20
193,34,1,0
193,34,2,20
193,35,1,0
193,35,2,20
193,36,1,0
193,36,2,20
193,37,1,0
193,37,2,20
193,38,1,0
193,38,2,20
193,39,1,0
193,39,2,20
193,40,1,0
193,40,2,20
193,41,1,0
193,41,2,20
193,42,1,0
193,42,2,20
193,43,1,0
193,43,2,20
193,44,1,0
193,44,2,20
193,45,1,0
193,45,2,20
193,46,1,0
193,46,2,20
193,47,1,0
193,47,2,20
193,48,1,0
193,48,2,20
193,49,1,0
193,49,2,20
193,50,1,0
193,50,2,20
193,51,1,0
193,51,2,20
193,52,1,0
193,52,2,20
193,53,1,0
193,53,2,20
193,54,1,0
193,54,2,20
193,55,1,0
193,55,2,20
193,56,1,0
193,56,2,20
193,57,1,0
193,57,2,20
193,58,1,0
193,58,2,20
193,59,1,0
193,59,2,20
193,60,1,0
193,60,2,20
193,61,1,0
193,61,2,20
193,62,1,0
193,62,2,20
193,63,1,0
193,63,2,20
193,64,1,0
193,64,2,20
193,65,1,0
193,65,2,20
193,66,1,0
193,66,2,20
193,67,1,0
193,67,2,20
193,68,1,0
193,68,2,20
193,69,1,0
193,69,2,20
193,70,1,0
193,70,2,20
193,71,1,0
193,71,2,20
193,72,1,0
193,72,2,20
193,73,1,0
193,73,2,20
193,74,1,0
193,74,2,20
193,75,1,0
193,75,2,20
193,76,1,0
193,76,2,20
193,77,1,0
193,77,2,20
193,78,1,0
193,78,2,20
193,79,1,0
193,79,2,20
193,80,1,0
193,80,2,20
194,0,1,0
194,0,2,20
194,1,1,0
194,1,2,20
194,2,1,0
194,2,2,20
194,3,1,0
194,3,2,20
194,4,1,0
194,4,2,20
194,5,1,0
194,5,2,20
194,6,1,0
194,6,2,20
194,7,1,0
194,7,2,20
194,8,1,0
194,8,2,20
194,9,1,0
194,9,2,20
194,10,1,0
194,10,2,20
194,11,1,0
194,11,2,20
194,12,1,0
194,12,2,20
194,13,1,0
194,13,2,20
194,14,1,0
194,14,2,20
194,15,1,0
194,15,2,20
194,16,1,0
194,16,2,20
194,17,1,0
194,17,2,20
194,18,1,0
194,18,2,20
194,19,1,0
194,19,2,20
194,20,1,0
194,20,2,20
194,21,1,0
194,21,2,20
194,22,1,0
194,22,2,20
194,23,1,0
194,23,2,20
194,24,1,0
194,24,2,20
194,25,1,0
194,25,2,20
194,26,1,0
194,26,2,20
194,27,1,0
194,27,2,20
194,28,1,0
194,28,2,20
194,29,1,0
194,29,2,20
194,30,1,0
194,30,2,20
194,31,1,0
194,31,2,20
194,32,1,0
194,32,2,20
194,33,1,0
194,33,2,20
194,34,1,0
194,34,2,20
194,35,1,0
194,35,2,20
194,36,1,0
194,36,2,20
194,37,1,0
194,37,2,20
194,38,1,0
194,38,2,20
194,39,1,0
194,39,2,20
194,40,1,0
194,40,2,20
194,41,1,0
194,41,2,20
194,42,1,0
194,42,2,20
194,43,1,0
194,43,2,20
194,44,1,0
194,44,2,20
194,45,1,0
194,45,2,20
194,46,1,0
194,46,2,20
194,47,1,0
194,47,2,20
194,48,1,0
194,48,2,20
194,49,1,0
194,49,2,20
194,50,1,0
194,50,2,20
194,51,1,0
194,51,2,20
194,52,1,0
194,52,2,20
194,53,1,0
194,53,2,20
194,54,1,0
194,54,2,20
194,55,1,0
194,55,2,20
194,56,1,0
194,56,2,20
194,57,1,0
194,57,2,20
194,58,1,0
194,58,2,20
194,59,1,0
194,59,2,20
194,60,1,0
194,60,2,20
194,61,1,0
194,61,2,20
194,62,1,0
194,62,2,20
194,63,1,0
194,63,2,20
194,64,1,0
194,64,2,20
194,65,1,0
194,65,2,20
194,66,1,0
194,66,2,20
194,67,1,0
194,67,2,20
194,68,1,0
194,68,2,20
194,69,1,0
194,69,2,20
194,70,1,0
194,70,2,20
194,71,1,0
194,71,2,20
194,72,1,0
194,72,2,20
194,73,1,0
194,73,2,20
194,74,1,0
194,74,2,20
194,75,1,0
194,75,2,20
194,76,1,0
194,76,2,20
194,77,1,0
194,77,2,20
194,78,1,0
194,78,2,20
194,79,1,0
194,79,2,20
194,80,1,0
194,80,2,20
195,0,1,0
195,0,2,20
195,1,1,0
195,1,2,20
195,2,1,0
195,2,2,20
195,3,1,0
195,3,2,20
195,4,1,0
195,4,2,20
195,5,1,0
195,5,2,20
195,6,1,0
195,6,2,20
195,7,1,0
195,7,2,20
195,8,1,0
195,8,2,20
195,9,1,0
195,9,2,20
195,10,1,0
195,10,2,20
195,11,1,0
195,11,2,20
195,12,1,0
195,12,2,20
195,13,1,0
195,13,2,20
195,14,1,0
195,14,2,20
195,15,1,0
195,15,2,20
195,16,1,0
195,16,2,20
195,17,1,0
195,17,2,20
195,18,1,0
195,18,2,20
195,19,1,0
195,19,2,20
195,20,1,0
195,20,2,20
195,21,1,0
195,21,2,20
195,22,1,0
195,22,2,20
195,23,1,0
195,23,2,20
195,24,1,0
195,24,2,20
195,25,1,0
195,25,2,20
195,26,1,0
195,26,2,20
195,27,1,0
195,27,2,20
195,28,1,0
195,28,2,20
195,29,1,0
195,29,2,20
195,30,1,0
195,30,2,20
195,31,1,0
195,31,2,20
195,32,1,0
195,32,2,20
195,33,1,0
195,33,2,20
195,34,1,0
195,34,2,20
195,35,1,0
195,35,2,20
195,36,1,0
195,36,2,20
195,37,1,0
195,37,2,20
195,38,1,0
195,38,2,20
195,39,1,0
195,39,2,20
195,40,1,0
195,40,2,20
195,41,1,0
195,41,2,20
195,42,1,0
195,42,2,20
195,43,1,0
195,43,2,20
195,44,1,0
195,44,2,20
195,45,1,0
195,45,2,20
195,46,1,0
195,46,2,20
195,47,1,0
195,47,2,20
195,48,1,0
195,48,2,20
195,49,1,0
195,49,2,20
195,50,1,0
195,50,2,20
195,51,1,0
195,51,2,20
195,52,1,0
195,52,2,20
195,53,1,0
195,53,2,20
195,54,1,0
195,54,2,20
195,55,1,0
195,55,2,20
195,56,1,0
195,56,2,20
195,57,1,0
195,57,2,20
195,58,1,0
195,58,2,20
195,59,1,0
195,59,2,20
195,60,1,0
195,60,2,20
195,61,1,0
195,61,2,20
195,62,1,0
195,62,2,20
195,63,1,0
195,63,2,20
195,64,1,0
195,64,2,20
195,65,1,0
195,65,2,20
195,66,1,0
195,66,2,20
195,67,1,0
195,67,2,20
195,68,1,0
195,68,2,20
195,69,1,0
195,69,2,20
195,70,1,0
195,70,2,20
195,71,1,0
195,71,2,20
195,72,1,0
195,72,2,20
195,73,1,0
195,73,2,20
195,74,1,0
195,74,2,20
195,75,1,0
195,75,2,20
195,76,1,0
195,76,2,20
195,77,1,0
195,77,2,20
195,78,1,0
195,78,2,20
195,79,1,0
195,79,2,20
195,80,1,0
195,80,2,20
196,0,1,0
196,0,2,20
196,1,1,0
196,1,2,20
196,2,1,0
196,2,2,20
196,3,1,0
196,3,2,20
196,4,1,0
196,4,2,20
196,5,1,0
196,5,2,20
196,6,1,0
196,6,2,20
196,7,1,0
196,7,2,20
196,8,1,0
196,8,2,20
196,9,1,0
196,9,2,20
196,10,1,0
196,10,2,20
196,11,1,0
196,11,2,20
196,12,1,0
196,12,2,20
196,13,1,0
196,13,2,20
196,14,1,0
196,14,2,20
196,15,1,0
196,15,2,20
196,16,1,0
196,16,2,20
196,17,1,0
196,17,2,20
196,18,1,0
196,18,2,20
196,19,1,0
196,19,2,20
196,20,1,0
196,20,2,20
196,21,1,0
196,21,2,20
196,22,1,0
196,22,2,20
196,23,1,0
196,23,2,20
196,24,1,0
196,24,2,20
196,25,1,0
196,25,2,20
196,26,1,0
196,26,2,20
196,27,1,0
196,27,2,20
196,28,1,0
196,28,2,20
196,29,1,0
196,29,2,20
196,30,1,0
196,30,2,20
196,31,1,0
196,31,2,20
196,32,1,0
196,32,2,20
196,33,1,0
196,33,2,20
196,34,1,0
196,34,2,20
196,35,1,0
196,35,2,20
196,36,1,0
196,36,2,20
196,37,1,0
196,37,2,20
196,38,1,0
196,38,2,20
196,39,1,0
196,39,2,20
196,40,1,0
196,40,2,20
196,41,1,0
196,41,2,20
196,42,1,0
196,42,2,20
196,43,1,0
196,43,2,20
196,44,1,0
196,44,2,20
196,45,1,0
196,45,2,20
196,46,1,0
196,46,2,20
196,47,1,0
196,47,2,20
196,48,1,0
196,48,2,20
196,49,1,0
196,49,2,20
196,50,1,0
196,50,2,20
196,51,1,0
196,51,2,20
196,52,1,0
196,52,2,20
196,53,1,0
196,53,2,20
196,54,1,0
196,54,2,20
196,55,1,0
196,55,2,20
196,56,1,0
196,56,2,20
196,57,1,0
196,57,2,20
196,58,1,0
196,58,2,20
196,59,1,0
196,59,2,20
196,60,1,0
196,60,2,20
196,61,1,0
196,61,2,20
196,62,1,0
196,62,2,20
196,63,1,0
196,63,2,20
196,64,1,0
196,64,2,20
196,65,1,0
196,65,2,20
196,66,1,0
196,66,2,20
196,67,1,0
196,67,2,20
196,68,1,0
196,68,2,20
196,69,1,0
196,69,2,20
196,70,1,0
196,70,2,20
196,71,1,0
196,71,2,20
196,72,1,0
196,72,2,20
196,73,1,0
196,73,2,20
196,74,1,0
196,74,2,20
196,75,1,0
196,75,2,20
196,76,1,0
196,76,2,20
196,77,1,0
196,77,2,20
196,78,1,0
196,78,2,20
196,79,1,0
196,79,2,20
196,80,1,0
196,80,2,20
197,0,1,0
197,0,2,20
197,1,1,0
197,1,2,20
197,2,1,0
197,2,2,20
197,3,1,0
197,3,2,20
197,4,1,0
197,4,2,20
197,5,1,0
197,5,2,20
197,6,1,0
197,6,2,20
197,7,1,0
197,7,2,20
197,8,1,0
197,8,2,20
197,9,1,0
197,9,2,20
197,10,1,0
197,10,2,20
197,11,1,0
197,11,2,20
197,12,1,0
197,12,2,20
197,13,1,0
197,13,2,20
197,14,1,0
197,14,2,20
197,15,1,0
197,15,2,20
197,16,1,0
197,16,2,20
197,17,1,0
197,17,2,20
197,18,1,0
197,18,2,20
197,19,1,0
197,19,2,20
197,20,1,0
197,20,2,20
197,21,1,0
197,21,2,20
197,22,1,0
197,22,2,20
197,23,1,0
197,23,2,20
197,24,1,0
197,24,2,20
197,25,1,0
197,25,2,20
197,26,1,0
197,26,2,20
197,27,1,0
197,27,2,20
197,28,1,0
197,28,2,20
197,29,1,0
197,29,2,20
197,30,1,0
197,30,2,20
197,31,1,0
197,31,2,20
197,32,1,0
197,32,2,20
197,33,1,0
197,33,2,20
197,34,1,0
197,34,2,20
197,35,1,0
197,35,2,20
197,36,1,0
197,36,2,20
197,37,1,0
197,37,2,20
197,38,1,0
197,38,2,20
197,39,1,0
197,39,2,20
197,40,1,0
197,40,2,20
197,41,1,0
197,41,2,20
197,42,1,0
197,42,2,20
197,43,1,0
197,43,2,20
197,44,1,0
197,44,2,20
197,45,1,0
197,45,2,20
197,46,1,0
197,46,2,20
197,47,1,0
197,47,2,20
197,48,1,0
197,48,2,20
197,49,1,0
197,49,2,20
197,50,1,0
197,50,2,20
197,51,1,0
197,51,2,20
197,52,1,0
197,52,2,20
197,53,1,0
197,53,2,20
197,54,1,0
197,54,2,20
197,55,1,0
197,55,2,20
197,56,1,0
197,56,2,20
197,57,1,0
197,57,2,20
197,58,1,0
197,58,2,20
197,59,1,0
197,59,2,20
197,60,1,0
197,60,2,20
197,61,1,0
197,61,2,20
197,62,1,0
197,62,2,20
197,63,1,0
197,63,2,20
197,64,1,0
197,64,2,20
197,65,1,0
197,65,2,20
197,66,1,0
197,66,2,20
197,67,1,0
197,67,2,20
197,68,1,0
197,68,2,20
197,69,1,0
197,69,2,20
197,70,1,0
197,70,2,20
197,71,1,0
197,71,2,20
197,72,1,0
197,72,2,20
197,73,1,0
197,73,2,20
197,74,1,0
197,74,2,20
197,75,1,0
197,75,2,20
197,76,1,0
197,76,2,20
197,77,1,0
197,77,2,20
197,78,1,0
197,78,2,20
197,79,1,0
197,79,2,20
197,80,1,0
197,80,2,20
198,0,1,0
198,0,2,20
198,1,1,0
198,1,2,20
198,2,1,0
198,2,2,20
198,3,1,0
198,3,2,20
198,4,1,0
198,4,2,20
198,5,1,0
198,5,2,20
198,6,1,0
198,6,2,20
198,7,1,0
198,7,2,20
198,8,1,0
198,8,2,20
198,9,1,0
198,9,2,20
198,10,1,0
198,10,2,20
198,11,1,0
198,11,2,20
198,12,1,0
198,12,2,20
198,13,1,0
198,13,2,20
198,14,1,0
198,14,2,20
198,15,1,0
198,15,2,20
198,16,1,0
198,16,2,20
198,17,1,0
198,17,2,20
198,18,1,0
198,18,2,20
198,19,1,0
198,19,2,20
198,20,1,0
198,20,2,20
198,21,1,0
198,21,2,20
198,22,1,0
198,22,2,20
198,23,1,0
198,23,2,20
198,24,1,0
198,24,2,20
198,25,1,0
198,25,2,20
198,26,1,0
198,26,2,20
198,27,1,0
198,27,2,20
198,28,1,0
198,28,2,20
198,29,1,0
198,29,2,20
198,30,1,0
198,30,2,20
198,31,1,0
198,31,2,20
198,32,1,0
198,32,2,20
198,33,1,0
198,33,2,20
198,34,1,0
198,34,2,20
198,35,1,0
198,35,2,20
198,36,1,0
198,36,2,20
198,37,1,0
198,37,2,20
198,38,1,0
198,38,2,20
198,39,1,0
198,39,2,20
198,40,1,0
198,40,2,20
198,41,1,0
198,41,2,20
198,42,1,0
198,42,2,20
198,43,1,0
198,43,2,20
198,44,1,0
198,44,2,20
198,45,1,0
198,45,2,20
198,46,1,0
198,46,2,20
198,47,1,0
198,47,2,20
198,48,1,0
198,48,2,20
198,49,1,0
198,49,2,20
198,50,1,0
198,50,2,20
198,51,1,0
198,51,2,20
198,52,1,0
198,52,2,20
198,53,1,0
198,53,2,20
198,54,1,0
198,54,2,20
198,55,1,0
198,55,2,20
198,56,1,0
198,56,2,20
198,57,1,0
198,57,2,20
198,58,1,0
198,58,2,20
198,59,1,0
198,59,2,20
198,60,1,0
198,60,2,20
198,61,1,0
198,61,2,20
198,62,1,0
198,62,2,20
198,63,1,0
198,63,2,20
198,64,1,0
198,64,2,20
198,65,1,0
198,65,2,20
198,66,1,0
198,66,2,20
198,67,1,0
198,67,2,20
198,68,1,0
198,68,2,20
198,69,1,0
198,69,2,20
198,70,1,0
198,70,2,20
198,71,1,0
198,71,2,20
198,72,1,0
198,72,2,20
198,73,1,0
198,73,2,20
198,74,1,0
198,74,2,20
198,75,1,0
198,75,2,20
198,76,1,0
198,76,2,20
198,77,1,0
198,77,2,20
198,78,1,0
198,78,2,20
198,79,1,0
198,79,2,20
198,80,1,0
198,80,2,20
199,0,1,0
199,0,2,20
199,1,1,0
199,1,2,20
199,2,1,0
199,2,2,20
199,3,1,0
199,3,2,20
199,4,1,0
199,4,2,20
199,5,1,0
199,5,2,20
199,6,1,0
199,6,2,20
199,7,1,0
199,7,2,20
199,8,1,0
199,8,2,20
199,9,1,0
199,9,2,20
199,10,1,0
199,10,2,20
199,11,1,0
199,11,2,20
199,12,1,0
199,12,2,20
199,13,1,0
199,13,2,20
199,14,1,0
199,14,2,20
199,15,1,0
199,15,2,20
199,16,1,0
199,16,2,20
199,17,1,0
199,17,2,20
199,18,1,0
199,18,2,20
199,19,1,0
199,19,2,20
199,20,1,0
199,20,2,20
199,21,1,0
199,21,2,20
199,22,1,0
199,22,2,20
199,23,1,0
199,23,2,20
199,24,1,0
199,24,2,20
199,25,1,0
199,25,2,20
199,26,1,0
199,26,2,20
199,27,1,0
199,27,2,20
199,28,1,0
199,28,2,20
199,29,1,0
199,29,2,20
199,30,1,0
199,30,2,20
199,31,1,0
199,31,2,20
199,32,1,0
199,32,2,20
199,33,1,0
199,33,2,20
199,34,1,0
199,34,2,20
199,35,1,0
199,35,2,20
199,36,1,0
199,36,2,20
199,37,1,0
199,37,2,20
199,38,1,0
199,38,2,20
199,39,1,0
199,39,2,20
199,40,1,0
199,40,2,20
199,41,1,0
199,41,2,20
199,42,1,0
199,42,2,20
199,43,1,0
199,43,2,20
199,44,1,0
199,44,2,20
199,45,1,0
199,45,2,20
199,46,1,0
199,46,2,20
199,47,1,0
199,47,2,20
199,48,1,0
199,48,2,20
199,49,1,0
199,49,2,20
199,50,1,0
199,50,2,20
199,51,1,0
199,51,2,20
199,52,1,0
199,52,2,20
199,53,1,0
199,53,2,20
199,54,1,0
199,54,2,20
199,55,1,0
199,55,2,20
199,56,1,0
199,56,2,20
199,57,1,0
199,57,2,20
199,58,1,0
199,58,2,20
199,59,1,0
199,59,2,20
199,60,1,0
199,60,2,20
199,61,1,0
199,61,2,20
199,62,1,0
199,62,2,20
199,63,1,0
199,63,2,20
199,64,1,0
199,64,2,20
199,65,1,0
199,65,2,20
199,66,1,0
199,66,2,20
199,67,1,0
199,67,2,20
199,68,1,0
199,68,2,20
199,69,1,0
199,69,2,20
199,70,1,0
199,70,2,20
199,71,1,0
199,71,2,20
199,72,1,0
199,72,2,20
199,73,1,0
199,73,2,20
199,74,1,0
199,74,2,20
199,75,1,0
199,75,2,20
199,76,1,0
199,76,2,20
199,77,1,0
199,77,2,20
199,78,1,0
199,78,2,20
199,79,1,0
199,79,2,20
199,80,1,0
199,80,2,20
200,0,1,0
200,0,2,20
200,1,1,0
200,1,2,20
200,2,1,0
200,2,2,20
200,3,1,0
200,3,2,20
200,4,1,0
200,4,2,20
200,5,1,0
200,5,2,20
200,6,1,0
200,6,2,20
200,7,1,0
200,7,2,20
200,8,1,0
200,8,2,20
200,9,1,0
200,9,2,20
200,10,1,0
200,10,2,20
200,11,1,0
200,11,2,20
200,12,1,0
200,12,2,20
200,13,1,0
200,13,2,20
200,14,1,0
200,14,2,20
200,15,1,0
200,15,2,20
200,16,1,0
200,16,2,20
200,17,1,0
200,17,2,20
200,18,1,0
200,18,2,20
200,19,1,0
200,19,2,20
200,20,1,0
200,20,2,20
200,21,1,0
200,21,2,20
200,22,1,0
200,22,2,20
200,23,1,0
200,23,2,20
200,24,1,0
200,24,2,20
200,25,1,0
200,25,2,20
200,26,1,0
200,26,2,20
200,27,1,0
200,27,2,20
200,28,1,0
200,28,2,20
200,29,1,0
200,29,2,20
200,30,1,0
200,30,2,20
200,31,1,0
200,31,2,20
200,32,1,0
200,32,2,20
200,33,1,0
200,33,2,20
200,34,1,0
200,34,2,20
200,35,1,0
200,35,2,20
200,36,1,0
200,36,2,20
200,37,1,0
200,37,2,20
200,38,1,0
200,38,2,20
200,39,1,0
200,39,2,20
200,40,1,0
200,40,2,20
200,41,1,0
200,41,2,20
200,42,1,0
200,42,2,20
200,43,1,0
200,43,2,20
200,44,1,0
200,44,2,20
200,45,1,0
200,45,2,20
200,46,1,0
200,46,2,20
200,47,1,0
200,47,2,20
200,48,1,0
200,48,2,20
200,49,1,0
200,49,2,20
200,50,1,0
200,50,2,20
200,51,1,0
200,51,2,20
200,52,1,0
200,52,2,20
200,53,1,0
200,53,2,20
200,54,1,0
200,54,2,20
200,55,1,0
200,55,2,20
200,56,1,0
200,56,2,20
200,57,1,0
200,57,2,20
200,58,1,0
200,58,2,20
200,59,1,0
200,59,2,20
200,60,1,0
200,60,2,20
200,61,1,0
200,61,2,20
200,62,1,0
200,62,2,20
200,63,1,0
200,63,2,20
200,64,1,0
200,64,2,20
200,65,1,0
200,65,2,20
200,66,1,0
200,66,2,20
200,67,1,0
200,67,2,20
200,68,1,0
200,68,2,20
200,69,1,0
200,69,2,20
200,70,1,0
200,70,2,20
200,71,1,0
200,71,2,20
200,72,1,0
200,72,2,20
200,73,1,0
200,73,2,20
200,74,1,0
200,74,2,20
200,75,1,0
200,75,2,20
200,76,1,0
200,76,2,20
200,77,1,0
200,77,2,20
200,78,1,0
200,78,2,20
200,79,1,0
200,79,2,20
200,80,1,0
200,80,2,20
