tick,place,kind,value
0,0,1,4
0,0,2,0
0,1,1,4
0,1,2,0
0,2,1,4
0,2,2,0
0,3,1,4
0,3,2,0
0,4,1,4
0,4,2,0
0,5,1,4
0,5,2,0
0,6,1,4
0,6,2,0
0,7,1,4
0,7,2,0
0,8,1,4
0,8,2,0
0,9,1,4
0,9,2,0
0,10,1,3
0,10,2,0
0,11,1,3
0,11,2,0
0,12,1,3
0,12,2,0
0,13,1,3
0,13,2,0
0,14,1,3
0,14,2,0
0,15,1,3
0,15,2,0
0,16,1,3
0,16,2,0
0,17,1,4
0,17,2,0
0,18,1,4
0,18,2,0
0,19,1,3
0,19,2,0
0,20,1,2
0,20,2,0
0,21,1,2
0,21,2,0
0,22,1,2
0,22,2,0
0,23,1,2
0,23,2,0
0,24,1,2
0,24,2,0
0,25,1,3
0,25,2,0
0,26,1,4
0,26,2,0
0,27,1,4
0,27,2,0
0,28,1,3
0,28,2,0
0,29,1,2
0,29,2,0
0,30,1,1
0,30,2,0
0,31,1,1
0,31,2,0
0,32,1,1
0,32,2,0
0,33,1,2
0,33,2,0
0,34,1,3
0,34,2,0
0,35,1,4
0,35,2,0
0,36,1,4
0,36,2,0
0,37,1,3
0,37,2,0
0,38,1,2
0,38,2,0
0,39,1,1
0,39,2,0
0,40,1,0
0,40,2,0
0,41,1,1
0,41,2,0
0,42,1,2
0,42,2,0
0,43,1,3
0,43,2,0
0,44,1,4
0,44,2,0
0,45,1,4
0,45,2,0
0,46,1,3
0,46,2,0
0,47,1,2
0,47,2,0
0,48,1,1
0,48,2,0
0,49,1,1
0,49,2,0
0,50,1,1
0,50,2,0
0,51,1,2
0,51,2,0
0,52,1,3
0,52,2,0
0,53,1,4
0,53,2,0
0,54,1,4
0,54,2,0
0,55,1,3
0,55,2,0
0,56,1,2
0,56,2,0
0,57,1,2
0,57,2,0
0,58,1,2
0,58,2,0
0,59,1,2
0,59,2,0
0,60,1,2
0,60,2,0
0,61,1,3
0,61,2,0
0,62,1,4
0,62,2,0
0,63,1,4
0,63,2,0
0,64,1,3
0,64,2,0
0,65,1,3
0,65,2,0
0,66,1,3
0,66,2,0
0,67,1,3
0,67,2,0
0,68,1,3
0,68,2,0
0,69,1,3
0,69,2,0
0,70,1,3
0,70,2,0
0,71,1,4
0,71,2,0
0,72,1,4
0,72,2,0
0,73,1,4
0,73,2,0
0,74,1,4
0,74,2,0
0,75,1,4
0,75,2,0
0,76,1,4
0,76,2,0
0,77,1,4
0,77,2,0
0,78,1,4
0,78,2,0
0,79,1,4
0,79,2,0
0,80,1,4
0,80,2,0
1,0,1,4
1,0,2,1
1,1,1,4
1,1,2,1
1,2,1,4
1,2,2,1
1,3,1,4
1,3,2,1
1,4,1,4
1,4,2,1
1,5,1,4
1,5,2,1
1,6,1,4
1,6,2,1
1,7,1,4
1,7,2,1
1,8,1,4
1,8,2,1
1,9,1,4
1,9,2,1
1,10,1,3
1,10,2,1
1,11,1,3
1,11,2,1
1,12,1,3
1,12,2,1
1,13,1,3
1,13,2,1
1,14,1,3
1,14,2,1
1,15,1,3
1,15,2,1
1,16,1,3
1,16,2,1
1,17,1,4
1,17,2,1
1,18,1,4
1,18,2,1
1,19,1,3
1,19,2,1
1,20,1,2
1,20,2,1
1,21,1,2
1,21,2,1
1,22,1,2
1,22,2,1
1,23,1,2
1,23,2,1
1,24,1,2
1,24,2,1
1,25,1,3
1,25,2,1
1,26,1,4
1,26,2,1
1,27,1,4
1,27,2,1
1,28,1,3
1,28,2,1
1,29,1,2
1,29,2,1
1,30,1,1
1,30,2,1
1,31,1,1
1,31,2,1
1,32,1,1
1,32,2,1
1,33,1,2
1,33,2,1
1,34,1,3
1,34,2,1
1,35,1,4
1,35,2,1
1,36,1,4
1,36,2,1
1,37,1,3
1,37,2,1
1,38,1,2
1,38,2,1
1,39,1,1
1,39,2,1
1,40,1,0
1,40,2,1
1,41,1,1
1,41,2,1
1,42,1,2
1,42,2,1
1,43,1,3
1,43,2,1
1,44,1,4
1,44,2,1
1,45,1,4
1,45,2,1
1,46,1,3
1,46,2,1
1,47,1,2
1,47,2,1
1,48,1,1
1,48,2,1
1,49,1,1
1,49,2,1
1,50,1,1
1,50,2,1
1,51,1,2
1,51,2,1
1,52,1,3
1,52,2,1
1,53,1,4
1,53,2,1
1,54,1,4
1,54,2,1
1,55,1,3
1,55,2,1
1,56,1,2
1,56,2,1
1,57,1,2
1,57,2,1
1,58,1,2
1,58,2,1
1,59,1,2
1,59,2,1
1,60,1,2
1,60,2,1
1,61,1,3
1,61,2,1
1,62,1,4
1,62,2,1
1,63,1,4
1,63,2,1
1,64,1,3
1,64,2,1
1,65,1,3
1,65,2,1
1,66,1,3
1,66,2,1
1,67,1,3
1,67,2,1
1,68,1,3
1,68,2,1
1,69,1,3
1,69,2,1
1,70,1,3
1,70,2,1
1,71,1,4
1,71,2,1
1,72,1,4
1,72,2,1
1,73,1,4
1,73,2,1
1,74,1,4
1,74,2,1
1,75,1,4
1,75,2,1
1,76,1,4
1,76,2,1
1,77,1,4
1,77,2,1
1,78,1,4
1,78,2,1
1,79,1,4
1,79,2,1
1,80,1,4
1,80,2,1
2,0,1,4
2,0,2,2
2,1,1,4
2,1,2,2
2,2,1,4
2,2,2,2
2,3,1,4
2,3,2,2
2,4,1,4
2,4,2,2
2,5,1,4
2,5,2,2
2,6,1,4
2,6,2,2
2,7,1,4
2,7,2,2
2,8,1,4
2,8,2,2
2,9,1,4
2,9,2,2
2,10,1,3
2,10,2,2
2,11,1,3
2,11,2,2
2,12,1,3
2,12,2,2
2,13,1,3
2,13,2,2
2,14,1,3
2,14,2,2
2,15,1,3
2,15,2,2
2,16,1,3
2,16,2,2
2,17,1,4
2,17,2,2
2,18,1,4
2,18,2,2
2,19,1,3
2,19,2,2
2,20,1,2
2,20,2,2
2,21,1,2
2,21,2,2
2,22,1,2
2,22,2,2
2,23,1,2
2,23,2,2
2,24,1,2
2,24,2,2
2,25,1,3
2,25,2,2
2,26,1,4
2,26,2,2
2,27,1,4
2,27,2,2
2,28,1,3
2,28,2,2
2,29,1,2
2,29,2,2
2,30,1,1
2,30,2,2
2,31,1,1
2,31,2,2
2,32,1,1
2,32,2,2
2,33,1,2
2,33,2,2
2,34,1,3
2,34,2,2
2,35,1,4
2,35,2,2
2,36,1,4
2,36,2,2
2,37,1,3
2,37,2,2
2,38,1,2
2,38,2,2
2,39,1,1
2,39,2,2
2,40,1,0
2,40,2,2
2,41,1,1
2,41,2,2
2,42,1,2
2,42,2,2
2,43,1,3
2,43,2,2
2,44,1,4
2,44,2,2
2,45,1,4
2,45,2,2
2,46,1,3
2,46,2,2
2,47,1,2
2,47,2,2
2,48,1,1
2,48,2,2
2,49,1,1
2,49,2,2
2,50,1,1
2,50,2,2
2,51,1,2
2,51,2,2
2,52,1,3
2,52,2,2
2,53,1,4
2,53,2,2
2,54,1,4
2,54,2,2
2,55,1,3
2,55,2,2
2,56,1,2
2,56,2,2
2,57,1,2
2,57,2,2
2,58,1,2
2,58,2,2
2,59,1,2
2,59,2,2
2,60,1,2
2,60,2,2
2,61,1,3
2,61,2,2
2,62,1,4
2,62,2,2
2,63,1,4
2,63,2,2
2,64,1,3
2,64,2,2
2,65,1,3
2,65,2,2
2,66,1,3
2,66,2,2
2,67,1,3
2,67,2,2
2,68,1,3
2,68,2,2
2,69,1,3
2,69,2,2
2,70,1,3
2,70,2,2
2,71,1,4
2,71,2,2
2,72,1,4
2,72,2,2
2,73,1,4
2,73,2,2
2,74,1,4
2,74,2,2
2,75,1,4
2,75,2,2
2,76,1,4
2,76,2,2
2,77,1,4
2,77,2,2
2,78,1,4
2,78,2,2
2,79,1,4
2,79,2,2
2,80,1,4
2,80,2,2
3,0,1,4
3,0,2,3
3,1,1,4
3,1,2,3
3,2,1,4
3,2,2,3
3,3,1,4
3,3,2,3
3,4,1,4
3,4,2,3
3,5,1,4
3,5,2,3
3,6,1,4
3,6,2,3
3,7,1,4
3,7,2,3
3,8,1,4
3,8,2,3
3,9,1,4
3,9,2,3
3,10,1,3
3,10,2,3
3,11,1,3
3,11,2,3
3,12,1,3
3,12,2,3
3,13,1,3
3,13,2,3
3,14,1,3
3,14,2,3
3,15,1,3
3,15,2,3
3,16,1,3
3,16,2,3
3,17,1,4
3,17,2,3
3,18,1,4
3,18,2,3
3,19,1,3
3,19,2,3
3,20,1,2
3,20,2,3
3,21,1,2
3,21,2,3
3,22,1,2
3,22,2,3
3,23,1,2
3,23,2,3
3,24,1,2
3,24,2,3
3,25,1,3
3,25,2,3
3,26,1,4
3,26,2,3
3,27,1,4
3,27,2,3
3,28,1,3
3,28,2,3
3,29,1,2
3,29,2,3
3,30,1,1
3,30,2,3
3,31,1,1
3,31,2,3
3,32,1,1
3,32,2,3
3,33,1,2
3,33,2,3
3,34,1,3
3,34,2,3
3,35,1,4
3,35,2,3
3,36,1,4
3,36,2,3
3,37,1,3
3,37,2,3
3,38,1,2
3,38,2,3
3,39,1,1
3,39,2,3
3,40,1,0
3,40,2,3
3,41,1,1
3,41,2,3
3,42,1,2
3,42,2,3
3,43,1,3
3,43,2,3
3,44,1,4
3,44,2,3
3,45,1,4
3,45,2,3
3,46,1,3
3,46,2,3
3,47,1,2
3,47,2,3
3,48,1,1
3,48,2,3
3,49,1,1
3,49,2,3
3,50,1,1
3,50,2,3
3,51,1,2
3,51,2,3
3,52,1,3
3,52,2,3
3,53,1,4
3,53,2,3
3,54,1,4
3,54,2,3
3,55,1,3
3,55,2,3
3,56,1,2
3,56,2,3
3,57,1,2
3,57,2,3
3,58,1,2
3,58,2,3
3,59,1,2
3,59,2,3
3,60,1,2
3,60,2,3
3,61,1,3
3,61,2,3
3,62,1,4
3,62,2,3
3,63,1,4
3,63,2,3
3,64,1,3
3,64,2,3
3,65,1,3
3,65,2,3
3,66,1,3
3,66,2,3
3,67,1,3
3,67,2,3
3,68,1,3
3,68,2,3
3,69,1,3
3,69,2,3
3,70,1,3
3,70,2,3
3,71,1,4
3,71,2,3
3,72,1,4
3,72,2,3
3,73,1,4
3,73,2,3
3,74,1,4
3,74,2,3
3,75,1,4
3,75,2,3
3,76,1,4
3,76,2,3
3,77,1,4
3,77,2,3
3,78,1,4
3,78,2,3
3,79,1,4
3,79,2,3
3,80,1,4
3,80,2,3
4,0,1,4
4,0,2,4
4,1,1,4
4,1,2,4
4,2,1,4
4,2,2,4
4,3,1,4
4,3,2,4
4,4,1,4
4,4,2,4
4,5,1,4
4,5,2,4
4,6,1,4
4,6,2,4
4,7,1,4
4,7,2,4
4,8,1,4
4,8,2,4
4,9,1,4
4,9,2,4
4,10,1,3
4,10,2,4
4,11,1,3
4,11,2,4
4,12,1,3
4,12,2,4
4,13,1,3
4,13,2,4
4,14,1,3
4,14,2,4
4,15,1,3
4,15,2,4
4,16,1,3
4,16,2,4
4,17,1,4
4,17,2,4
4,18,1,4
4,18,2,4
4,19,1,3
4,19,2,4
4,20,1,2
4,20,2,4
4,21,1,2
4,21,2,4
4,22,1,2
4,22,2,4
4,23,1,2
4,23,2,4
4,24,1,2
4,24,2,4
4,25,1,3
4,25,2,4
4,26,1,4
4,26,2,4
4,27,1,4
4,27,2,4
4,28,1,3
4,28,2,4
4,29,1,2
4,29,2,4
4,30,1,1
4,30,2,4
4,31,1,1
4,31,2,4
4,32,1,1
4,32,2,4
4,33,1,2
4,33,2,4
4,34,1,3
4,34,2,4
4,35,1,4
4,35,2,4
4,36,1,4
4,36,2,4
4,37,1,3
4,37,2,4
4,38,1,2
4,38,2,4
4,39,1,1
4,39,2,4
4,40,1,0
4,40,2,4
4,41,1,1
4,41,2,4
4,42,1,2
4,42,2,4
4,43,1,3
4,43,2,4
4,44,1,4
4,44,2,4
4,45,1,4
4,45,2,4
4,46,1,3
4,46,2,4
4,47,1,2
4,47,2,4
4,48,1,1
4,48,2,4
4,49,1,1
4,49,2,4
4,50,1,1
4,50,2,4
4,51,1,2
4,51,2,4
4,52,1,3
4,52,2,4
4,53,1,4
4,53,2,4
4,54,1,4
4,54,2,4
4,55,1,3
4,55,2,4
4,56,1,2
4,56,2,4
4,57,1,2
4,57,2,4
4,58,1,2
4,58,2,4
4,59,1,2
4,59,2,4
4,60,1,2
4,60,2,4
4,61,1,3
4,61,2,4
4,62,1,4
4,62,2,4
4,63,1,4
4,63,2,4
4,64,1,3
4,64,2,4
4,65,1,3
4,65,2,4
4,66,1,3
4,66,2,4
4,67,1,3
4,67,2,4
4,68,1,3
4,68,2,4
4,69,1,3
4,69,2,4
4,70,1,3
4,70,2,4
4,71,1,4
4,71,2,4
4,72,1,4
4,72,2,4
4,73,1,4
4,73,2,4
4,74,1,4
4,74,2,4
4,75,1,4
4,75,2,4
4,76,1,4
4,76,2,4
4,77,1,4
4,77,2,4
4,78,1,4
4,78,2,4
4,79,1,4
4,79,2,4
4,80,1,4
4,80,2,4
5,0,1,4
5,0,2,5
5,1,1,4
5,1,2,5
5,2,1,4
5,2,2,5
5,3,1,4
5,3,2,5
5,4,1,4
5,4,2,5
5,5,1,4
5,5,2,5
5,6,1,4
5,6,2,5
5,7,1,4
5,7,2,5
5,8,1,4
5,8,2,5
5,9,1,4
5,9,2,5
5,10,1,3
5,10,2,5
5,11,1,3
5,11,2,5
5,12,1,3
5,12,2,5
5,13,1,3
5,13,2,5
5,14,1,3
5,14,2,5
5,15,1,3
5,15,2,5
5,16,1,3
5,16,2,5
5,17,1,4
5,17,2,5
5,18,1,4
5,18,2,5
5,19,1,3
5,19,2,5
5,20,1,2
5,20,2,5
5,21,1,2
5,21,2,5
5,22,1,2
5,22,2,5
5,23,1,2
5,23,2,5
5,24,1,2
5,24,2,5
5,25,1,3
5,25,2,5
5,26,1,4
5,26,2,5
5,27,1,4
5,27,2,5
5,28,1,3
5,28,2,5
5,29,1,2
5,29,2,5
5,30,1,1
5,30,2,5
5,31,1,1
5,31,2,5
5,32,1,1
5,32,2,5
5,33,1,2
5,33,2,5
5,34,1,3
5,34,2,5
5,35,1,4
5,35,2,5
5,36,1,4
5,36,2,5
5,37,1,3
5,37,2,5
5,38,1,2
5,38,2,5
5,39,1,1
5,39,2,5
5,40,1,0
5,40,2,5
5,41,1,1
5,41,2,5
5,42,1,2
5,42,2,5
5,43,1,3
5,43,2,5
5,44,1,4
5,44,2,5
5,45,1,4
5,45,2,5
5,46,1,3
5,46,2,5
5,47,1,2
5,47,2,5
5,48,1,1
5,48,2,5
5,49,1,1
5,49,2,5
5,50,1,1
5,50,2,5
5,51,1,2
5,51,2,5
5,52,1,3
5,52,2,5
5,53,1,4
5,53,2,5
5,54,1,4
5,54,2,5
5,55,1,3
5,55,2,5
5,56,1,2
5,56,2,5
5,57,1,2
5,57,2,5
5,58,1,2
5,58,2,5
5,59,1,2
5,59,2,5
5,60,1,2
5,60,2,5
5,61,1,3
5,61,2,5
5,62,1,4
5,62,2,5
5,63,1,4
5,63,2,5
5,64,1,3
5,64,2,5
5,65,1,3
5,65,2,5
5,66,1,3
5,66,2,5
5,67,1,3
5,67,2,5
5,68,1,3
5,68,2,5
5,69,1,3
5,69,2,5
5,70,1,3
5,70,2,5
5,71,1,4
5,71,2,5
5,72,1,4
5,72,2,5
5,73,1,4
5,73,2,5
5,74,1,4
5,74,2,5
5,75,1,4
5,75,2,5
5,76,1,4
5,76,2,5
5,77,1,4
5,77,2,5
5,78,1,4
5,78,2,5
5,79,1,4
5,79,2,5
5,80,1,4
5,80,2,5
6,0,1,4
6,0,2,6
6,1,1,4
6,1,2,6
6,2,1,4
6,2,2,6
6,3,1,4
6,3,2,6
6,4,1,4
6,4,2,6
6,5,1,4
6,5,2,6
6,6,1,4
6,6,2,6
6,7,1,4
6,7,2,6
6,8,1,4
6,8,2,6
6,9,1,4
6,9,2,6
6,10,1,3
6,10,2,6
6,11,1,3
6,11,2,6
6,12,1,3
6,12,2,6
6,13,1,3
6,13,2,6
6,14,1,3
6,14,2,6
6,15,1,3
6,15,2,6
6,16,1,3
6,16,2,6
6,17,1,4
6,17,2,6
6,18,1,4
6,18,2,6
6,19,1,3
6,19,2,6
6,20,1,2
6,20,2,6
6,21,1,2
6,21,2,6
6,22,1,2
6,22,2,6
6,23,1,2
6,23,2,6
6,24,1,2
6,24,2,6
6,25,1,3
6,25,2,6
6,26,1,4
6,26,2,6
6,27,1,4
6,27,2,6
6,28,1,3
6,28,2,6
6,29,1,2
6,29,2,6
6,30,1,1
6,30,2,6
6,31,1,1
6,31,2,6
6,32,1,1
6,32,2,6
6,33,1,2
6,33,2,6
6,34,1,3
6,34,2,6
6,35,1,4
6,35,2,6
6,36,1,4
6,36,2,6
6,37,1,3
6,37,2,6
6,38,1,2
6,38,2,6
6,39,1,1
6,39,2,6
6,40,1,0
6,40,2,6
6,41,1,1
6,41,2,6
6,42,1,2
6,42,2,6
6,43,1,3
6,43,2,6
6,44,1,4
6,44,2,6
6,45,1,4
6,45,2,6
6,46,1,3
6,46,2,6
6,47,1,2
6,47,2,6
6,48,1,1
6,48,2,6
6,49,1,1
6,49,2,6
6,50,1,1
6,50,2,6
6,51,1,2
6,51,2,6
6,52,1,3
6,52,2,6
6,53,1,4
6,53,2,6
6,54,1,4
6,54,2,6
6,55,1,3
6,55,2,6
6,56,1,2
6,56,2,6
6,57,1,2
6,57,2,6
6,58,1,2
6,58,2,6
6,59,1,2
6,59,2,6
6,60,1,2
6,60,2,6
6,61,1,3
6,61,2,6
6,62,1,4
6,62,2,6
6,63,1,4
6,63,2,6
6,64,1,3
6,64,2,6
6,65,1,3
6,65,2,6
6,66,1,3
6,66,2,6
6,67,1,3
6,67,2,6
6,68,1,3
6,68,2,6
6,69,1,3
6,69,2,6
6,70,1,3
6,70,2,6
6,71,1,4
6,71,2,6
6,72,1,4
6,72,2,6
6,73,1,4
6,73,2,6
6,74,1,4
6,74,2,6
6,75,1,4
6,75,2,6
6,76,1,4
6,76,2,6
6,77,1,4
6,77,2,6
6,78,1,4
6,78,2,6
6,79,1,4
6,79,2,6
6,80,1,4
6,80,2,6
7,0,1,4
7,0,2,7
7,1,1,4
7,1,2,7
7,2,1,4
7,2,2,7
7,3,1,4
7,3,2,7
7,4,1,4
7,4,2,7
7,5,1,4
7,5,2,7
7,6,1,4
7,6,2,7
7,7,1,4
7,7,2,7
7,8,1,4
7,8,2,7
7,9,1,4
7,9,2,7
7,10,1,3
7,10,2,7
7,11,1,3
7,11,2,7
7,12,1,3
7,12,2,7
7,13,1,3
7,13,2,7
7,14,1,3
7,14,2,7
7,15,1,3
7,15,2,7
7,16,1,3
7,16,2,7
7,17,1,4
7,17,2,7
7,18,1,4
7,18,2,7
7,19,1,3
7,19,2,7
7,20,1,2
7,20,2,7
7,21,1,2
7,21,2,7
7,22,1,2
7,22,2,7
7,23,1,2
7,23,2,7
7,24,1,2
7,24,2,7
7,25,1,3
7,25,2,7
7,26,1,4
7,26,2,7
7,27,1,4
7,27,2,7
7,28,1,3
7,28,2,7
7,29,1,2
7,29,2,7
7,30,1,1
7,30,2,7
7,31,1,1
7,31,2,7
7,32,1,1
7,32,2,7
7,33,1,2
7,33,2,7
7,34,1,3
7,34,2,7
7,35,1,4
7,35,2,7
7,36,1,4
7,36,2,7
7,37,1,3
7,37,2,7
7,38,1,2
7,38,2,7
7,39,1,1
7,39,2,7
7,40,1,0
7,40,2,7
7,41,1,1
7,41,2,7
7,42,1,2
7,42,2,7
7,43,1,3
7,43,2,7
7,44,1,4
7,44,2,7
7,45,1,4
7,45,2,7
7,46,1,3
7,46,2,7
7,47,1,2
7,47,2,7
7,48,1,1
7,48,2,7
7,49,1,1
7,49,2,7
7,50,1,1
7,50,2,7
7,51,1,2
7,51,2,7
7,52,1,3
7,52,2,7
7,53,1,4
7,53,2,7
7,54,1,4
7,54,2,7
7,55,1,3
7,55,2,7
7,56,1,2
7,56,2,7
7,57,1,2
7,57,2,7
7,58,1,2
7,58,2,7
7,59,1,2
7,59,2,7
7,60,1,2
7,60,2,7
7,61,1,3
7,61,2,7
7,62,1,4
7,62,2,7
7,63,1,4
7,63,2,7
7,64,1,3
7,64,2,7
7,65,1,3
7,65,2,7
7,66,1,3
7,66,2,7
7,67,1,3
7,67,2,7
7,68,1,3
7,68,2,7
7,69,1,3
7,69,2,7
7,70,1,3
7,70,2,7
7,71,1,4
7,71,2,7
7,72,1,4
7,72,2,7
7,73,1,4
7,73,2,7
7,74,1,4
7,74,2,7
7,75,1,4
7,75,2,7
7,76,1,4
7,76,2,7
7,77,1,4
7,77,2,7
7,78,1,4
7,78,2,7
7,79,1,4
7,79,2,7
7,80,1,4
7,80,2,7
8,0,1,4
8,0,2,8
8,1,1,4
8,1,2,8
8,2,1,4
8,2,2,8
8,3,1,4
8,3,2,8
8,4,1,4
8,4,2,8
8,5,1,4
8,5,2,8
8,6,1,4
8,6,2,8
8,7,1,4
8,7,2,8
8,8,1,4
8,8,2,8
8,9,1,4
8,9,2,8
8,10,1,3
8,10,2,8
8,11,1,3
8,11,2,8
8,12,1,3
8,12,2,8
8,13,1,3
8,13,2,8
8,14,1,3
8,14,2,8
8,15,1,3
8,15,2,8
8,16,1,3
8,16,2,8
8,17,1,4
8,17,2,8
8,18,1,4
8,18,2,8
8,19,1,3
8,19,2,8
8,20,1,2
8,20,2,8
8,21,1,2
8,21,2,8
8,22,1,2
8,22,2,8
8,23,1,2
8,23,2,8
8,24,1,2
8,24,2,8
8,25,1,3
8,25,2,8
8,26,1,4
8,26,2,8
8,27,1,4
8,27,2,8
8,28,1,3
8,28,2,8
8,29,1,2
8,29,2,8
8,30,1,1
8,30,2,8
8,31,1,1
8,31,2,8
8,32,1,1
8,32,2,8
8,33,1,2
8,33,2,8
8,34,1,3
8,34,2,8
8,35,1,4
8,35,2,8
8,36,1,4
8,36,2,8
8,37,1,3
8,37,2,8
8,38,1,2
8,38,2,8
8,39,1,1
8,39,2,8
8,40,1,0
8,40,2,8
8,41,1,1
8,41,2,8
8,42,1,2
8,42,2,8
8,43,1,3
8,43,2,8
8,44,1,4
8,44,2,8
8,45,1,4
8,45,2,8
8,46,1,3
8,46,2,8
8,47,1,2
8,47,2,8
8,48,1,1
8,48,2,8
8,49,1,1
8,49,2,8
8,50,1,1
8,50,2,8
8,51,1,2
8,51,2,8
8,52,1,3
8,52,2,8
8,53,1,4
8,53,2,8
8,54,1,4
8,54,2,8
8,55,1,3
8,55,2,8
8,56,1,2
8,56,2,8
8,57,1,2
8,57,2,8
8,58,1,2
8,58,2,8
8,59,1,2
8,59,2,8
8,60,1,2
8,60,2,8
8,61,1,3
8,61,2,8
8,62,1,4
8,62,2,8
8,63,1,4
8,63,2,8
8,64,1,3
8,64,2,8
8,65,1,3
8,65,2,8
8,66,1,3
8,66,2,8
8,67,1,3
8,67,2,8
8,68,1,3
8,68,2,8
8,69,1,3
8,69,2,8
8,70,1,3
8,70,2,8
8,71,1,4
8,71,2,8
8,72,1,4
8,72,2,8
8,73,1,4
8,73,2,8
8,74,1,4
8,74,2,8
8,75,1,4
8,75,2,8
8,76,1,4
8,76,2,8
8,77,1,4
8,77,2,8
8,78,1,4
8,78,2,8
8,79,1,4
8,79,2,8
8,80,1,4
8,80,2,8
9,0,1,4
9,0,2,9
9,1,1,4
9,1,2,9
9,2,1,4
9,2,2,9
9,3,1,4
9,3,2,9
9,4,1,4
9,4,2,9
9,5,1,4
9,5,2,9
9,6,1,4
9,6,2,9
9,7,1,4
9,7,2,9
9,8,1,4
9,8,2,9
9,9,1,4
9,9,2,9
9,10,1,3
9,10,2,9
9,11,1,3
9,11,2,9
9,12,1,3
9,12,2,9
9,13,1,3
9,13,2,9
9,14,1,3
9,14,2,9
9,15,1,3
9,15,2,9
9,16,1,3
9,16,2,9
9,17,1,4
9,17,2,9
9,18,1,4
9,18,2,9
9,19,1,3
9,19,2,9
9,20,1,2
9,20,2,9
9,21,1,2
9,21,2,9
9,22,1,2
9,22,2,9
9,23,1,2
9,23,2,9
9,24,1,2
9,24,2,9
9,25,1,3
9,25,2,9
9,26,1,4
9,26,2,9
9,27,1,4
9,27,2,9
9,28,1,3
9,28,2,9
9,29,1,2
9,29,2,9
9,30,1,1
9,30,2,9
9,31,1,1
9,31,2,9
9,32,1,1
9,32,2,9
9,33,1,2
9,33,2,9
9,34,1,3
9,34,2,9
9,35,1,4
9,35,2,9
9,36,1,4
9,36,2,9
9,37,1,3
9,37,2,9
9,38,1,2
9,38,2,9
9,39,1,1
9,39,2,9
9,40,1,0
9,40,2,9
9,41,1,1
9,41,2,9
9,42,1,2
9,42,2,9
9,43,1,3
9,43,2,9
9,44,1,4
9,44,2,9
9,45,1,4
9,45,2,9
9,46,1,3
9,46,2,9
9,47,1,2
9,47,2,9
9,48,1,1
9,48,2,9
9,49,1,1
9,49,2,9
9,50,1,1
9,50,2,9
9,51,1,2
9,51,2,9
9,52,1,3
9,52,2,9
9,53,1,4
9,53,2,9
9,54,1,4
9,54,2,9
9,55,1,3
9,55,2,9
9,56,1,2
9,56,2,9
9,57,1,2
9,57,2,9
9,58,1,2
9,58,2,9
9,59,1,2
9,59,2,9
9,60,1,2
9,60,2,9
9,61,1,3
9,61,2,9
9,62,1,4
9,62,2,9
9,63,1,4
9,63,2,9
9,64,1,3
9,64,2,9
9,65,1,3
9,65,2,9
9,66,1,3
9,66,2,9
9,67,1,3
9,67,2,9
9,68,1,3
9,68,2,9
9,69,1,3
9,69,2,9
9,70,1,3
9,70,2,9
9,71,1,4
9,71,2,9
9,72,1,4
9,72,2,9
9,73,1,4
9,73,2,9
9,74,1,4
9,74,2,9
9,75,1,4
9,75,2,9
9,76,1,4
9,76,2,9
9,77,1,4
9,77,2,9
9,78,1,4
9,78,2,9
9,79,1,4
9,79,2,9
9,80,1,4
9,80,2,9
10,0,1,4
10,0,2,10
10,1,1,4
10,1,2,10
10,2,1,4
10,2,2,10
10,3,1,4
10,3,2,10
10,4,1,4
10,4,2,10
10,5,1,4
10,5,2,10
10,6,1,4
10,6,2,10
10,7,1,4
10,7,2,10
10,8,1,4
10,8,2,10
10,9,1,4
10,9,2,10
10,10,1,3
10,10,2,10
10,11,1,3
10,11,2,10
10,12,1,3
10,12,2,10
10,13,1,3
10,13,2,10
10,14,1,3
10,14,2,10
10,15,1,3
10,15,2,10
10,16,1,3
10,16,2,10
10,17,1,4
10,17,2,10
10,18,1,4
10,18,2,10
10,19,1,3
10,19,2,10
10,20,1,2
10,20,2,10
10,21,1,2
10,21,2,10
10,22,1,2
10,22,2,10
10,23,1,2
10,23,2,10
10,24,1,2
10,24,2,10
10,25,1,3
10,25,2,10
10,26,1,4
10,26,2,10
10,27,1,4
10,27,2,10
10,28,1,3
10,28,2,10
10,29,1,2
10,29,2,10
10,30,1,1
10,30,2,10
10,31,1,1
10,31,2,10
10,32,1,1
10,32,2,10
10,33,1,2
10,33,2,10
10,34,1,3
10,34,2,10
10,35,1,4
10,35,2,10
10,36,1,4
10,36,2,10
10,37,1,3
10,37,2,10
10,38,1,2
10,38,2,10
10,39,1,1
10,39,2,10
10,40,1,0
10,40,2,10
10,41,1,1
10,41,2,10
10,42,1,2
10,42,2,10
10,43,1,3
10,43,2,10
10,44,1,4
10,44,2,10
10,45,1,4
10,45,2,10
10,46,1,3
10,46,2,10
10,47,1,2
10,47,2,10
10,48,1,1
10,48,2,10
10,49,1,1
10,49,2,10
10,50,1,1
10,50,2,10
10,51,1,2
10,51,2,10
10,52,1,3
10,52,2,10
10,53,1,4
10,53,2,10
10,54,1,4
10,54,2,10
10,55,1,3
10,55,2,10
10,56,1,2
10,56,2,10
10,57,1,2
10,57,2,10
10,58,1,2
10,58,2,10
10,59,1,2
10,59,2,10
10,60,1,2
10,60,2,10
10,61,1,3
10,61,2,10
10,62,1,4
10,62,2,10
10,63,1,4
10,63,2,10
10,64,1,3
10,64,2,10
10,65,1,3
10,65,2,10
10,66,1,3
10,66,2,10
10,67,1,3
10,67,2,10
10,68,1,3
10,68,2,10
10,69,1,3
10,69,2,10
10,70,1,3
10,70,2,10
10,71,1,4
10,71,2,10
10,72,1,4
10,72,2,10
10,73,1,4
10,73,2,10
10,74,1,4
10,74,2,10
10,75,1,4
10,75,2,10
10,76,1,4
10,76,2,10
10,77,1,4
10,77,2,10
10,78,1,4
10,78,2,10
10,79,1,4
10,79,2,10
10,80,1,4
10,80,2,10
11,0,1,4
11,0,2,11
11,1,1,4
11,1,2,11
11,2,1,4
11,2,2,11
11,3,1,4
11,3,2,11
11,4,1,4
11,4,2,11
11,5,1,4
11,5,2,11
11,6,1,4
11,6,2,11
11,7,1,4
11,7,2,11
11,8,1,4
11,8,2,11
11,9,1,4
11,9,2,11
11,10,1,3
11,10,2,11
11,11,1,3
11,11,2,11
11,12,1,3
11,12,2,11
11,13,1,3
11,13,2,11
11,14,1,3
11,14,2,11
11,15,1,3
11,15,2,11
11,16,1,3
11,16,2,11
11,17,1,4
11,17,2,11
11,18,1,4
11,18,2,11
11,19,1,3
11,19,2,11
11,20,1,2
11,20,2,11
11,21,1,2
11,21,2,11
11,22,1,2
11,22,2,11
11,23,1,2
11,23,2,11
11,24,1,2
11,24,2,11
11,25,1,3
11,25,2,11
11,26,1,4
11,26,2,11
11,27,1,4
11,27,2,11
11,28,1,3
11,28,2,11
11,29,1,2
11,29,2,11
11,30,1,1
11,30,2,11
11,31,1,1
11,31,2,11
11,32,1,1
11,32,2,11
11,33,1,2
11,33,2,11
11,34,1,3
11,34,2,11
11,35,1,4
11,35,2,11
11,36,1,4
11,36,2,11
11,37,1,3
11,37,2,11
11,38,1,2
11,38,2,11
11,39,1,1
11,39,2,11
11,40,1,0
11,40,2,11
11,41,1,1
11,41,2,11
11,42,1,2
11,42,2,11
11,43,1,3
11,43,2,11
11,44,1,4
11,44,2,11
11,45,1,4
11,45,2,11
11,46,1,3
11,46,2,11
11,47,1,2
11,47,2,11
11,48,1,1
11,48,2,11
11,49,1,1
11,49,2,11
11,50,1,1
11,50,2,11
11,51,1,2
11,51,2,11
11,52,1,3
11,52,2,11
11,53,1,4
11,53,2,11
11,54,1,4
11,54,2,11
11,55,1,3
11,55,2,11
11,56,1,2
11,56,2,11
11,57,1,2
11,57,2,11
11,58,1,2
11,58,2,11
11,59,1,2
11,59,2,11
11,60,1,2
11,60,2,11
11,61,1,3
11,61,2,11
11,62,1,4
11,62,2,11
11,63,1,4
11,63,2,11
11,64,1,3
11,64,2,11
11,65,1,3
11,65,2,11
11,66,1,3
11,66,2,11
11,67,1,3
11,67,2,11
11,68,1,3
11,68,2,11
11,69,1,3
11,69,2,11
11,70,1,3
11,70,2,11
11,71,1,4
11,71,2,11
11,72,1,4
11,72,2,11
11,73,1,4
11,73,2,11
11,74,1,4
11,74,2,11
11,75,1,4
11,75,2,11
11,76,1,4
11,76,2,11
11,77,1,4
11,77,2,11
11,78,1,4
11,78,2,11
11,79,1,4
11,79,2,11
11,80,1,4
11,80,2,11
12,0,1,4
12,0,2,12
12,1,1,4
12,1,2,12
12,2,1,4
12,2,2,12
12,3,1,4
12,3,2,12
12,4,1,4
12,4,2,12
12,5,1,4
12,5,2,12
12,6,1,4
12,6,2,12
12,7,1,4
12,7,2,12
12,8,1,4
12,8,2,12
12,9,1,4
12,9,2,12
12,10,1,3
12,10,2,12
12,11,1,3
12,11,2,12
12,12,1,3
12,12,2,12
12,13,1,3
12,13,2,12
12,14,1,3
12,14,2,12
12,15,1,3
12,15,2,12
12,16,1,3
12,16,2,12
12,17,1,4
12,17,2,12
12,18,1,4
12,18,2,12
12,19,1,3
12,19,2,12
12,20,1,2
12,20,2,12
12,21,1,2
12,21,2,12
12,22,1,2
12,22,2,12
12,23,1,2
12,23,2,12
12,24,1,2
12,24,2,12
12,25,1,3
12,25,2,12
12,26,1,4
12,26,2,12
12,27,1,4
12,27,2,12
12,28,1,3
12,28,2,12
12,29,1,2
12,29,2,12
12,30,1,1
12,30,2,12
12,31,1,1
12,31,2,12
12,32,1,1
12,32,2,12
12,33,1,2
12,33,2,12
12,34,1,3
12,34,2,12
12,35,1,4
12,35,2,12
12,36,1,4
12,36,2,12
12,37,1,3
12,37,2,12
12,38,1,2
12,38,2,12
12,39,1,1
12,39,2,12
12,40,1,0
12,40,2,12
12,41,1,1
12,41,2,12
12,42,1,2
12,42,2,12
12,43,1,3
12,43,2,12
12,44,1,4
12,44,2,12
12,45,1,4
12,45,2,12
12,46,1,3
12,46,2,12
12,47,1,2
12,47,2,12
12,48,1,1
12,48,2,12
12,49,1,1
12,49,2,12
12,50,1,1
12,50,2,12
12,51,1,2
12,51,2,12
12,52,1,3
12,52,2,12
12,53,1,4
12,53,2,12
12,54,1,4
12,54,2,12
12,55,1,3
12,55,2,12
12,56,1,2
12,56,2,12
12,57,1,2
12,57,2,12
12,58,1,2
12,58,2,12
12,59,1,2
12,59,2,12
12,60,1,2
12,60,2,12
12,61,1,3
12,61,2,12
12,62,1,4
12,62,2,12
12,63,1,4
12,63,2,12
12,64,1,3
12,64,2,12
12,65,1,3
12,65,2,12
12,66,1,3
12,66,2,12
12,67,1,3
12,67,2,12
12,68,1,3
12,68,2,12
12,69,1,3
12,69,2,12
12,70,1,3
12,70,2,12
12,71,1,4
12,71,2,12
12,72,1,4
12,72,2,12
12,73,1,4
12,73,2,12
12,74,1,4
12,74,2,12
12,75,1,4
12,75,2,12
12,76,1,4
12,76,2,12
12,77,1,4
12,77,2,12
12,78,1,4
12,78,2,12
12,79,1,4
12,79,2,12
12,80,1,4
12,80,2,12
13,0,1,4
13,0,2,13
13,1,1,4
13,1,2,13
13,2,1,4
13,2,2,13
13,3,1,4
13,3,2,13
13,4,1,4
13,4,2,13
13,5,1,4
13,5,2,13
13,6,1,4
13,6,2,13
13,7,1,4
13,7,2,13
13,8,1,4
13,8,2,13
13,9,1,4
13,9,2,13
13,10,1,3
13,10,2,13
13,11,1,3
13,11,2,13
13,12,1,3
13,12,2,13
13,13,1,3
13,13,2,13
13,14,1,3
13,14,2,13
13,15,1,3
13,15,2,13
13,16,1,3
13,16,2,13
13,17,1,4
13,17,2,13
13,18,1,4
13,18,2,13
13,19,1,3
13,19,2,13
13,20,1,2
13,20,2,13
13,21,1,2
13,21,2,13
13,22,1,2
13,22,2,13
13,23,1,2
13,23,2,13
13,24,1,2
13,24,2,13
13,25,1,3
13,25,2,13
13,26,1,4
13,26,2,13
13,27,1,4
13,27,2,13
13,28,1,3
13,28,2,13
13,29,1,2
13,29,2,13
13,30,1,1
13,30,2,13
13,31,1,1
13,31,2,13
13,32,1,1
13,32,2,13
13,33,1,2
13,33,2,13
13,34,1,3
13,34,2,13
13,35,1,4
13,35,2,13
13,36,1,4
13,36,2,13
13,37,1,3
13,37,2,13
13,38,1,2
13,38,2,13
13,39,1,1
13,39,2,13
13,40,1,0
13,40,2,13
13,41,1,1
13,41,2,13
13,42,1,2
13,42,2,13
13,43,1,3
13,43,2,13
13,44,1,4
13,44,2,13
13,45,1,4
13,45,2,13
13,46,1,3
13,46,2,13
13,47,1,2
13,47,2,13
13,48,1,1
13,48,2,13
13,49,1,1
13,49,2,13
13,50,1,1
13,50,2,13
13,51,1,2
13,51,2,13
13,52,1,3
13,52,2,13
13,53,1,4
13,53,2,13
13,54,1,4
13,54,2,13
13,55,1,3
13,55,2,13
13,56,1,2
13,56,2,13
13,57,1,2
13,57,2,13
13,58,1,2
13,58,2,13
13,59,1,2
13,59,2,13
13,60,1,2
13,60,2,13
13,61,1,3
13,61,2,13
13,62,1,4
13,62,2,13
13,63,1,4
13,63,2,13
13,64,1,3
13,64,2,13
13,65,1,3
13,65,2,13
13,66,1,3
13,66,2,13
13,67,1,3
13,67,2,13
13,68,1,3
13,68,2,13
13,69,1,3
13,69,2,13
13,70,1,3
13,70,2,13
13,71,1,4
13,71,2,13
13,72,1,4
13,72,2,13
13,73,1,4
13,73,2,13
13,74,1,4
13,74,2,13
13,75,1,4
13,75,2,13
13,76,1,4
13,76,2,13
13,77,1,4
13,77,2,13
13,78,1,4
13,78,2,13
13,79,1,4
13,79,2,13
13,80,1,4
13,80,2,13
14,0,1,4
14,0,2,14
14,1,1,4
14,1,2,14
14,2,1,4
14,2,2,14
14,3,1,4
14,3,2,14
14,4,1,4
14,4,2,14
14,5,1,4
14,5,2,14
14,6,1,4
14,6,2,14
14,7,1,4
14,7,2,14
14,8,1,4
14,8,2,14
14,9,1,4
14,9,2,14
14,10,1,3
14,10,2,14
14,11,1,3
14,11,2,14
14,12,1,3
14,12,2,14
14,13,1,3
14,13,2,14
14,14,1,3
14,14,2,14
14,15,1,3
14,15,2,14
14,16,1,3
14,16,2,14
14,17,1,4
14,17,2,14
14,18,1,4
14,18,2,14
14,19,1,3
14,19,2,14
14,20,1,2
14,20,2,14
14,21,1,2
14,21,2,14
14,22,1,2
14,22,2,14
14,23,1,2
14,23,2,14
14,24,1,2
14,24,2,14
14,25,1,3
14,25,2,14
14,26,1,4
14,26,2,14
14,27,1,4
14,27,2,14
14,28,1,3
14,28,2,14
14,29,1,2
14,29,2,14
14,30,1,1
14,30,2,14
14,31,1,1
14,31,2,14
14,32,1,1
14,32,2,14
14,33,1,2
14,33,2,14
14,34,1,3
14,34,2,14
14,35,1,4
14,35,2,14
14,36,1,4
14,36,2,14
14,37,1,3
14,37,2,14
14,38,1,2
14,38,2,14
14,39,1,1
14,39,2,14
14,40,1,0
14,40,2,14
14,41,1,1
14,41,2,14
14,42,1,2
14,42,2,14
14,43,1,3
14,43,2,14
14,44,1,4
14,44,2,14
14,45,1,4
14,45,2,14
14,46,1,3
14,46,2,14
14,47,1,2
14,47,2,14
14,48,1,1
14,48,2,14
14,49,1,1
14,49,2,14
14,50,1,1
14,50,2,14
14,51,1,2
14,51,2,14
14,52,1,3
14,52,2,14
14,53,1,4
14,53,2,14
14,54,1,4
14,54,2,14
14,55,1,3
14,55,2,14
14,56,1,2
14,56,2,14
14,57,1,2
14,57,2,14
14,58,1,2
14,58,2,14
14,59,1,2
14,59,2,14
14,60,1,2
14,60,2,14
14,61,1,3
14,61,2,14
14,62,1,4
14,62,2,14
14,63,1,4
14,63,2,14
14,64,1,3
14,64,2,14
14,65,1,3
14,65,2,14
14,66,1,3
14,66,2,14
14,67,1,3
14,67,2,14
14,68,1,3
14,68,2,14
14,69,1,3
14,69,2,14
14,70,1,3
14,70,2,14
14,71,1,4
14,71,2,14
14,72,1,4
14,72,2,14
14,73,1,4
14,73,2,14
14,74,1,4
14,74,2,14
14,75,1,4
14,75,2,14
14,76,1,4
14,76,2,14
14,77,1,4
14,77,2,14
14,78,1,4
14,78,2,14
14,79,1,4
14,79,2,14
14,80,1,4
14,80,2,14
15,0,1,4
15,0,2,15
15,1,1,4
15,1,2,15
15,2,1,4
15,2,2,15
15,3,1,4
15,3,2,15
15,4,1,4
15,4,2,15
15,5,1,4
15,5,2,15
15,6,1,4
15,6,2,15
15,7,1,4
15,7,2,15
15,8,1,4
15,8,2,15
15,9,1,4
15,9,2,15
15,10,1,3
15,10,2,15
15,11,1,3
15,11,2,15
15,12,1,3
15,12,2,15
15,13,1,3
15,13,2,15
15,14,1,3
15,14,2,15
15,15,1,3
15,15,2,15
15,16,1,3
15,16,2,15
15,17,1,4
15,17,2,15
15,18,1,4
15,18,2,15
15,19,1,3
15,19,2,15
15,20,1,2
15,20,2,15
15,21,1,2
15,21,2,15
15,22,1,2
15,22,2,15
15,23,1,2
15,23,2,15
15,24,1,2
15,24,2,15
15,25,1,3
15,25,2,15
15,26,1,4
15,26,2,15
15,27,1,4
15,27,2,15
15,28,1,3
15,28,2,15
15,29,1,2
15,29,2,15
15,30,1,1
15,30,2,15
15,31,1,1
15,31,2,15
15,32,1,1
15,32,2,15
15,33,1,2
15,33,2,15
15,34,1,3
15,34,2,15
15,35,1,4
15,35,2,15
15,36,1,4
15,36,2,15
15,37,1,3
15,37,2,15
15,38,1,2
15,38,2,15
15,39,1,1
15,39,2,15
15,40,1,0
15,40,2,15
15,41,1,1
15,41,2,15
15,42,1,2
15,42,2,15
15,43,1,3
15,43,2,15
15,44,1,4
15,44,2,15
15,45,1,4
15,45,2,15
15,46,1,3
15,46,2,15
15,47,1,2
15,47,2,15
15,48,1,1
15,48,2,15
15,49,1,1
15,49,2,15
15,50,1,1
15,50,2,15
15,51,1,2
15,51,2,15
15,52,1,3
15,52,2,15
15,53,1,4
15,53,2,15
15,54,1,4
15,54,2,15
15,55,1,3
15,55,2,15
15,56,1,2
15,56,2,15
15,57,1,2
15,57,2,15
15,58,1,2
15,58,2,15
15,59,1,2
15,59,2,15
15,60,1,2
15,60,2,15
15,61,1,3
15,61,2,15
15,62,1,4
15,62,2,15
15,63,1,4
15,63,2,15
15,64,1,3
15,64,2,15
15,65,1,3
15,65,2,15
15,66,1,3
15,66,2,15
15,67,1,3
15,67,2,15
15,68,1,3
15,68,2,15
15,69,1,3
15,69,2,15
15,70,1,3
15,70,2,15
15,71,1,4
15,71,2,15
15,72,1,4
15,72,2,15
15,73,1,4
15,73,2,15
15,74,1,4
15,74,2,15
15,75,1,4
15,75,2,15
15,76,1,4
15,76,2,15
15,77,1,4
15,77,2,15
15,78,1,4
15,78,2,15
15,79,1,4
15,79,2,15
15,80,1,4
15,80,2,15
16,0,1,4
16,0,2,16
16,1,1,4
16,1,2,16
16,2,1,4
16,2,2,16
16,3,1,4
16,3,2,16
16,4,1,4
16,4,2,16
16,5,1,4
16,5,2,16
16,6,1,4
16,6,2,16
16,7,1,4
16,7,2,16
16,8,1,4
16,8,2,16
16,9,1,4
16,9,2,16
16,10,1,3
16,10,2,16
16,11,1,3
16,11,2,16
16,12,1,3
16,12,2,16
16,13,1,3
16,13,2,16
16,14,1,3
16,14,2,16
16,15,1,3
16,15,2,16
16,16,1,3
16,16,2,16
16,17,1,4
16,17,2,16
16,18,1,4
16,18,2,16
16,19,1,3
16,19,2,16
16,20,1,2
16,20,2,16
16,21,1,2
16,21,2,16
16,22,1,2
16,22,2,16
16,23,1,2
16,23,2,16
16,24,1,2
16,24,2,16
16,25,1,3
16,25,2,16
16,26,1,4
16,26,2,16
16,27,1,4
16,27,2,16
16,28,1,3
16,28,2,16
16,29,1,2
16,29,2,16
16,30,1,1
16,30,2,16
16,31,1,1
16,31,2,16
16,32,1,1
16,32,2,16
16,33,1,2
16,33,2,16
16,34,1,3
16,34,2,16
16,35,1,4
16,35,2,16
16,36,1,4
16,36,2,16
16,37,1,3
16,37,2,16
16,38,1,2
16,38,2,16
16,39,1,1
16,39,2,16
16,40,1,0
16,40,2,16
16,41,1,1
16,41,2,16
16,42,1,2
16,42,2,16
16,43,1,3
16,43,2,16
16,44,1,4
16,44,2,16
16,45,1,4
16,45,2,16
16,46,1,3
16,46,2,16
16,47,1,2
16,47,2,16
16,48,1,1
16,48,2,16
16,49,1,1
16,49,2,16
16,50,1,1
16,50,2,16
16,51,1,2
16,51,2,16
16,52,1,3
16,52,2,16
16,53,1,4
16,53,2,16
16,54,1,4
16,54,2,16
16,55,1,3
16,55,2,16
16,56,1,2
16,56,2,16
16,57,1,2
16,57,2,16
16,58,1,2
16,58,2,16
16,59,1,2
16,59,2,16
16,60,1,2
16,60,2,16
16,61,1,3
16,61,2,16
16,62,1,4
16,62,2,16
16,63,1,4
16,63,2,16
16,64,1,3
16,64,2,16
16,65,1,3
16,65,2,16
16,66,1,3
16,66,2,16
16,67,1,3
16,67,2,16
16,68,1,3
16,68,2,16
16,69,1,3
16,69,2,16
16,70,1,3
16,70,2,16
16,71,1,4
16,71,2,16
16,72,1,4
16,72,2,16
16,73,1,4
16,73,2,16
16,74,1,4
16,74,2,16
16,75,1,4
16,75,2,16
16,76,1,4
16,76,2,16
16,77,1,4
16,77,2,16
16,78,1,4
16,78,2,16
16,79,1,4
16,79,2,16
16,80,1,4
16,80,2,16
17,0,1,4
17,0,2,17
17,1,1,4
17,1,2,17
17,2,1,4
17,2,2,17
17,3,1,4
17,3,2,17
17,4,1,4
17,4,2,17
17,5,1,4
17,5,2,17
17,6,1,4
17,6,2,17
17,7,1,4
17,7,2,17
17,8,1,4
17,8,2,17
17,9,1,4
17,9,2,17
17,10,1,3
17,10,2,17
17,11,1,3
17,11,2,17
17,12,1,3
17,12,2,17
17,13,1,3
17,13,2,17
17,14,1,3
17,14,2,17
17,15,1,3
17,15,2,17
17,16,1,3
17,16,2,17
17,17,1,4
17,17,2,17
17,18,1,4
17,18,2,17
17,19,1,3
17,19,2,17
17,20,1,2
17,20,2,17
17,21,1,2
17,21,2,17
17,22,1,2
17,22,2,17
17,23,1,2
17,23,2,17
17,24,1,2
17,24,2,17
17,25,1,3
17,25,2,17
17,26,1,4
17,26,2,17
17,27,1,4
17,27,2,17
17,28,1,3
17,28,2,17
17,29,1,2
17,29,2,17
17,30,1,1
17,30,2,17
17,31,1,1
17,31,2,17
17,32,1,1
17,32,2,17
17,33,1,2
17,33,2,17
17,34,1,3
17,34,2,17
17,35,1,4
17,35,2,17
17,36,1,4
17,36,2,17
17,37,1,3
17,37,2,17
17,38,1,2
17,38,2,17
17,39,1,1
17,39,2,17
17,40,1,0
17,40,2,17
17,41,1,1
17,41,2,17
17,42,1,2
17,42,2,17
17,43,1,3
17,43,2,17
17,44,1,4
17,44,2,17
17,45,1,4
17,45,2,17
17,46,1,3
17,46,2,17
17,47,1,2
17,47,2,17
17,48,1,1
17,48,2,17
17,49,1,1
17,49,2,17
17,50,1,1
17,50,2,17
17,51,1,2
17,51,2,17
17,52,1,3
17,52,2,17
17,53,1,4
17,53,2,17
17,54,1,4
17,54,2,17
17,55,1,3
17,55,2,17
17,56,1,2
17,56,2,17
17,57,1,2
17,57,2,17
17,58,1,2
17,58,2,17
17,59,1,2
17,59,2,17
17,60,1,2
17,60,2,17
17,61,1,3
17,61,2,17
17,62,1,4
17,62,2,17
17,63,1,4
17,63,2,17
17,64,1,3
17,64,2,17
17,65,1,3
17,65,2,17
17,66,1,3
17,66,2,17
17,67,1,3
17,67,2,17
17,68,1,3
17,68,2,17
17,69,1,3
17,69,2,17
17,70,1,3
17,70,2,17
17,71,1,4
17,71,2,17
17,72,1,4
17,72,2,17
17,73,1,4
17,73,2,17
17,74,1,4
17,74,2,17
17,75,1,4
17,75,2,17
17,76,1,4
17,76,2,17
17,77,1,4
17,77,2,17
17,78,1,4
17,78,2,17
17,79,1,4
17,79,2,17
17,80,1,4
17,80,2,17
18,0,1,4
18,0,2,18
18,1,1,4
18,1,2,18
18,2,1,4
18,2,2,18
18,3,1,4
18,3,2,18
18,4,1,4
18,4,2,18
18,5,1,4
18,5,2,18
18,6,1,4
18,6,2,18
18,7,1,4
18,7,2,18
18,8,1,4
18,8,2,18
18,9,1,4
18,9,2,18
18,10,1,3
18,10,2,18
18,11,1,3
18,11,2,18
18,12,1,3
18,12,2,18
18,13,1,3
18,13,2,18
18,14,1,3
18,14,2,18
18,15,1,3
18,15,2,18
18,16,1,3
18,16,2,18
18,17,1,4
18,17,2,18
18,18,1,4
18,18,2,18
18,19,1,3
18,19,2,18
18,20,1,2
18,20,2,18
18,21,1,2
18,21,2,18
18,22,1,2
18,22,2,18
18,23,1,2
18,23,2,18
18,24,1,2
18,24,2,18
18,25,1,3
18,25,2,18
18,26,1,4
18,26,2,18
18,27,1,4
18,27,2,18
18,28,1,3
18,28,2,18
18,29,1,2
18,29,2,18
18,30,1,1
18,30,2,18
18,31,1,1
18,31,2,18
18,32,1,1
18,32,2,18
18,33,1,2
18,33,2,18
18,34,1,3
18,34,2,18
18,35,1,4
18,35,2,18
18,36,1,4
18,36,2,18
18,37,1,3
18,37,2,18
18,38,1,2
18,38,2,18
18,39,1,1
18,39,2,18
18,40,1,0
18,40,2,18
18,41,1,1
18,41,2,18
18,42,1,2
18,42,2,18
18,43,1,3
18,43,2,18
18,44,1,4
18,44,2,18
18,45,1,4
18,45,2,18
18,46,1,3
18,46,2,18
18,47,1,2
18,47,2,18
18,48,1,1
18,48,2,18
18,49,1,1
18,49,2,18
18,50,1,1
18,50,2,18
18,51,1,2
18,51,2,18
18,52,1,3
18,52,2,18
18,53,1,4
18,53,2,18
18,54,1,4
18,54,2,18
18,55,1,3
18,55,2,18
18,56,1,2
18,56,2,18
18,57,1,2
18,57,2,18
18,58,1,2
18,58,2,18
18,59,1,2
18,59,2,18
18,60,1,2
18,60,2,18
18,61,1,3
18,61,2,18
18,62,1,4
18,62,2,18
18,63,1,4
18,63,2,18
18,64,1,3
18,64,2,18
18,65,1,3
18,65,2,18
18,66,1,3
18,66,2,18
18,67,1,3
18,67,2,18
18,68,1,3
18,68,2,18
18,69,1,3
18,69,2,18
18,70,1,3
18,70,2,18
18,71,1,4
18,71,2,18
18,72,1,4
18,72,2,18
18,73,1,4
18,73,2,18
18,74,1,4
18,74,2,18
18,75,1,4
18,75,2,18
18,76,1,4
18,76,2,18
18,77,1,4
18,77,2,18
18,78,1,4
18,78,2,18
18,79,1,4
18,79,2,18
18,80,1,4
18,80,2,18
19,0,1,4
19,0,2,19
19,1,1,4
19,1,2,19
19,2,1,4
19,2,2,19
19,3,1,4
19,3,2,19
19,4,1,4
19,4,2,19
19,5,1,4
19,5,2,19
19,6,1,4
19,6,2,19
19,7,1,4
19,7,2,19
19,8,1,4
19,8,2,19
19,9,1,4
19,9,2,19
19,10,1,3
19,10,2,19
19,11,1,3
19,11,2,19
19,12,1,3
19,12,2,19
19,13,1,3
19,13,2,19
19,14,1,3
19,14,2,19
19,15,1,3
19,15,2,19
19,16,1,3
19,16,2,19
19,17,1,4
19,17,2,19
19,18,1,4
19,18,2,19
19,19,1,3
19,19,2,19
19,20,1,2
19,20,2,19
19,21,1,2
19,21,2,19
19,22,1,2
19,22,2,19
19,23,1,2
19,23,2,19
19,24,1,2
19,24,2,19
19,25,1,3
19,25,2,19
19,26,1,4
19,26,2,19
19,27,1,4
19,27,2,19
19,28,1,3
19,28,2,19
19,29,1,2
19,29,2,19
19,30,1,1
19,30,2,19
19,31,1,1
19,31,2,19
19,32,1,1
19,32,2,19
19,33,1,2
19,33,2,19
19,34,1,3
19,34,2,19
19,35,1,4
19,35,2,19
19,36,1,4
19,36,2,19
19,37,1,3
19,37,2,19
19,38,1,2
19,38,2,19
19,39,1,1
19,39,2,19
19,40,1,0
19,40,2,19
19,41,1,1
19,41,2,19
19,42,1,2
19,42,2,19
19,43,1,3
19,43,2,19
19,44,1,4
19,44,2,19
19,45,1,4
19,45,2,19
19,46,1,3
19,46,2,19
19,47,1,2
19,47,2,19
19,48,1,1
19,48,2,19
19,49,1,1
19,49,2,19
19,50,1,1
19,50,2,19
19,51,1,2
19,51,2,19
19,52,1,3
19,52,2,19
19,53,1,4
19,53,2,19
19,54,1,4
19,54,2,19
19,55,1,3
19,55,2,19
19,56,1,2
19,56,2,19
19,57,1,2
19,57,2,19
19,58,1,2
19,58,2,19
19,59,1,2
19,59,2,19
19,60,1,2
19,60,2,19
19,61,1,3
19,61,2,19
19,62,1,4
19,62,2,19
19,63,1,4
19,63,2,19
19,64,1,3
19,64,2,19
19,65,1,3
19,65,2,19
19,66,1,3
19,66,2,19
19,67,1,3
19,67,2,19
19,68,1,3
19,68,2,19
19,69,1,3
19,69,2,19
19,70,1,3
19,70,2,19
19,71,1,4
19,71,2,19
19,72,1,4
19,72,2,19
19,73,1,4
19,73,2,19
19,74,1,4
19,74,2,19
19,75,1,4
19,75,2,19
19,76,1,4
19,76,2,19
19,77,1,4
19,77,2,19
19,78,1,4
19,78,2,19
19,79,1,4
19,79,2,19
19,80,1,4
19,80,2,19
20,0,1,4
20,0,2,20
20,1,1,4
20,1,2,20
20,2,1,4
20,2,2,20
20,3,1,4
20,3,2,20
20,4,1,4
20,4,2,20
20,5,1,4
20,5,2,20
20,6,1,4
20,6,2,20
20,7,1,4
20,7,2,20
20,8,1,4
20,8,2,20
20,9,1,4
20,9,2,20
20,10,1,3
20,10,2,20
20,11,1,3
20,11,2,20
20,12,1,3
20,12,2,20
20,13,1,3
20,13,2,20
20,14,1,3
20,14,2,20
20,15,1,3
20,15,2,20
20,16,1,3
20,16,2,20
20,17,1,4
20,17,2,20
20,18,1,4
20,18,2,20
20,19,1,3
20,19,2,20
20,20,1,2
20,20,2,20
20,21,1,2
20,21,2,20
20,22,1,2
20,22,2,20
20,23,1,2
20,23,2,20
20,24,1,2
20,24,2,20
20,25,1,3
20,25,2,20
20,26,1,4
20,26,2,20
20,27,1,4
20,27,2,20
20,28,1,3
20,28,2,20
20,29,1,2
20,29,2,20
20,30,1,1
20,30,2,20
20,31,1,1
20,31,2,20
20,32,1,1
20,32,2,20
20,33,1,2
20,33,2,20
20,34,1,3
20,34,2,20
20,35,1,4
20,35,2,20
20,36,1,4
20,36,2,20
20,37,1,3
20,37,2,20
20,38,1,2
20,38,2,20
20,39,1,1
20,39,2,20
20,40,1,0
20,40,2,20
20,41,1,1
20,41,2,20
20,42,1,2
20,42,2,20
20,43,1,3
20,43,2,20
20,44,1,4
20,44,2,20
20,45,1,4
20,45,2,20
20,46,1,3
20,46,2,20
20,47,1,2
20,47,2,20
20,48,1,1
20,48,2,20
20,49,1,1
20,49,2,20
20,50,1,1
20,50,2,20
20,51,1,2
20,51,2,20
20,52,1,3
20,52,2,20
20,53,1,4
20,53,2,20
20,54,1,4
20,54,2,20
20,55,1,3
20,55,2,20
20,56,1,2
20,56,2,20
20,57,1,2
20,57,2,20
20,58,1,2
20,58,2,20
20,59,1,2
20,59,2,20
20,60,1,2
20,60,2,20
20,61,1,3
20,61,2,20
20,62,1,4
20,62,2,20
20,63,1,4
20,63,2,20
20,64,1,3
20,64,2,20
20,65,1,3
20,65,2,20
20,66,1,3
20,66,2,20
20,67,1,3
20,67,2,20
20,68,1,3
20,68,2,20
20,69,1,3
20,69,2,20
20,70,1,3
20,70,2,20
20,71,1,4
20,71,2,20
20,72,1,4
20,72,2,20
20,73,1,4
20,73,2,20
20,74,1,4
20,74,2,20
20,75,1,4
20,75,2,20
20,76,1,4
20,76,2,20
20,77,1,4
20,77,2,20
20,78,1,4
20,78,2,20
20,79,1,4
20,79,2,20
20,80,1,4
20,80,2,20
21,0,1,4
21,0,2,20
21,1,1,4
21,1,2,20
21,2,1,4
21,2,2,20
21,3,1,4
21,3,2,20
21,4,1,4
21,4,2,20
21,5,1,4
21,5,2,20
21,6,1,4
21,6,2,20
21,7,1,4
21,7,2,20
21,8,1,4
21,8,2,20
21,9,1,4
21,9,2,20
21,10,1,3
21,10,2,20
21,11,1,3
21,11,2,20
21,12,1,3
21,12,2,20
21,13,1,3
21,13,2,20
21,14,1,3
21,14,2,20
21,15,1,3
21,15,2,20
21,16,1,3
21,16,2,20
21,17,1,4
21,17,2,20
21,18,1,4
21,18,2,20
21,19,1,3
21,19,2,20
21,20,1,2
21,20,2,20
21,21,1,2
21,21,2,20
21,22,1,2
21,22,2,20
21,23,1,2
21,23,2,20
21,24,1,2
21,24,2,20
21,25,1,3
21,25,2,20
21,26,1,4
21,26,2,20
21,27,1,4
21,27,2,20
21,28,1,3
21,28,2,20
21,29,1,2
21,29,2,20
21,30,1,1
21,30,2,20
21,31,1,1
21,31,2,20
21,32,1,1
21,32,2,20
21,33,1,2
21,33,2,20
21,34,1,3
21,34,2,20
21,35,1,4
21,35,2,20
21,36,1,4
21,36,2,20
21,37,1,3
21,37,2,20
21,38,1,2
21,38,2,20
21,39,1,1
21,39,2,20
21,40,1,0
21,40,2,20
21,41,1,1
21,41,2,20
21,42,1,2
21,42,2,20
21,43,1,3
21,43,2,20
21,44,1,4
21,44,2,20
21,45,1,4
21,45,2,20
21,46,1,3
21,46,2,20
21,47,1,2
21,47,2,20
21,48,1,1
21,48,2,20
21,49,1,1
21,49,2,20
21,50,1,1
21,50,2,20
21,51,1,2
21,51,2,20
21,52,1,3
21,52,2,20
21,53,1,4
21,53,2,20
21,54,1,4
21,54,2,20
21,55,1,3
21,55,2,20
21,56,1,2
21,56,2,20
21,57,1,2
21,57,2,20
21,58,1,2
21,58,2,20
21,59,1,2
21,59,2,20
21,60,1,2
21,60,2,20
21,61,1,3
21,61,2,20
21,62,1,4
21,62,2,20
21,63,1,4
21,63,2,20
21,64,1,3
21,64,2,20
21,65,1,3
21,65,2,20
21,66,1,3
21,66,2,20
21,67,1,3
21,67,2,20
21,68,1,3
21,68,2,20
21,69,1,3
21,69,2,20
21,70,1,3
21,70,2,20
21,71,1,4
21,71,2,20
21,72,1,4
21,72,2,20
21,73,1,4
21,73,2,20
21,74,1,4
21,74,2,20
21,75,1,4
21,75,2,20
21,76,1,4
21,76,2,20
21,77,1,4
21,77,2,20
21,78,1,4
21,78,2,20
21,79,1,4
21,79,2,20
21,80,1,4
21,80,2,20
22,0,1,4
22,0,2,20
22,1,1,4
22,1,2,20
22,2,1,4
22,2,2,20
22,3,1,4
22,3,2,20
22,4,1,4
22,4,2,20
22,5,1,4
22,5,2,20
22,6,1,4
22,6,2,20
22,7,1,4
22,7,2,20
22,8,1,4
22,8,2,20
22,9,1,4
22,9,2,20
22,10,1,3
22,10,2,20
22,11,1,3
22,11,2,20
22,12,1,3
22,12,2,20
22,13,1,3
22,13,2,20
22,14,1,3
22,14,2,20
22,15,1,3
22,15,2,20
22,16,1,3
22,16,2,20
22,17,1,4
22,17,2,20
22,18,1,4
22,18,2,20
22,19,1,3
22,19,2,20
22,20,1,2
22,20,2,20
22,21,1,2
22,21,2,20
22,22,1,2
22,22,2,20
22,23,1,2
22,23,2,20
22,24,1,2
22,24,2,20
22,25,1,3
22,25,2,20
22,26,1,4
22,26,2,20
22,27,1,4
22,27,2,20
22,28,1,3
22,28,2,20
22,29,1,2
22,29,2,20
22,30,1,1
22,30,2,20
22,31,1,1
22,31,2,20
22,32,1,1
22,32,2,20
22,33,1,2
22,33,2,20
22,34,1,3
22,34,2,20
22,35,1,4
22,35,2,20
22,36,1,4
22,36,2,20
22,37,1,3
22,37,2,20
22,38,1,2
22,38,2,20
22,39,1,1
22,39,2,20
22,40,1,0
22,40,2,20
22,41,1,1
22,41,2,20
22,42,1,2
22,42,2,20
22,43,1,3
22,43,2,20
22,44,1,4
22,44,2,20
22,45,1,4
22,45,2,20
22,46,1,3
22,46,2,20
22,47,1,2
22,47,2,20
22,48,1,1
22,48,2,20
22,49,1,1
22,49,2,20
22,50,1,1
22,50,2,20
22,51,1,2
22,51,2,20
22,52,1,3
22,52,2,20
22,53,1,4
22,53,2,20
22,54,1,4
22,54,2,20
22,55,1,3
22,55,2,20
22,56,1,2
22,56,2,20
22,57,1,2
22,57,2,20
22,58,1,2
22,58,2,20
22,59,1,2
22,59,2,20
22,60,1,2
22,60,2,20
22,61,1,3
22,61,2,20
22,62,1,4
22,62,2,20
22,63,1,4
22,63,2,20
22,64,1,3
22,64,2,20
22,65,1,3
22,65,2,20
22,66,1,3
22,66,2,20
22,67,1,3
22,67,2,20
22,68,1,3
22,68,2,20
22,69,1,3
22,69,2,20
22,70,1,3
22,70,2,20
22,71,1,4
22,71,2,20
22,72,1,4
22,72,2,20
22,73,1,4
22,73,2,20
22,74,1,4
22,74,2,20
22,75,1,4
22,75,2,20
22,76,1,4
22,76,2,20
22,77,1,4
22,77,2,20
22,78,1,4
22,78,2,20
22,79,1,4
22,79,2,20
22,80,1,4
22,80,2,20
23,0,1,4
23,0,2,20
23,1,1,4
23,1,2,20
23,2,1,4
23,2,2,20
23,3,1,4
23,3,2,20
23,4,1,4
23,4,2,20
23,5,1,4
23,5,2,20
23,6,1,4
23,6,2,20
23,7,1,4
23,7,2,20
23,8,1,4
23,8,2,20
23,9,1,4
23,9,2,20
23,10,1,3
23,10,2,20
23,11,1,3
23,11,2,20
23,12,1,3
23,12,2,20
23,13,1,3
23,13,2,20
23,14,1,3
23,14,2,20
23,15,1,3
23,15,2,20
23,16,1,3
23,16,2,20
23,17,1,4
23,17,2,20
23,18,1,4
23,18,2,20
23,19,1,3
23,19,2,20
23,20,1,2
23,20,2,20
23,21,1,2
23,21,2,20
23,22,1,2
23,22,2,20
23,23,1,2
23,23,2,20
23,24,1,2
23,24,2,20
23,25,1,3
23,25,2,20
23,26,1,4
23,26,2,20
23,27,1,4
23,27,2,20
23,28,1,3
23,28,2,20
23,29,1,2
23,29,2,20
23,30,1,1
23,30,2,20
23,31,1,1
23,31,2,20
23,32,1,1
23,32,2,20
23,33,1,2
23,33,2,20
23,34,1,3
23,34,2,20
23,35,1,4
23,35,2,20
23,36,1,4
23,36,2,20
23,37,1,3
23,37,2,20
23,38,1,2
23,38,2,20
23,39,1,1
23,39,2,20
23,40,1,0
23,40,2,20
23,41,1,1
23,41,2,20
23,42,1,2
23,42,2,20
23,43,1,3
23,43,2,20
23,44,1,4
23,44,2,20
23,45,1,4
23,45,2,20
23,46,1,3
23,46,2,20
23,47,1,2
23,47,2,20
23,48,1,1
23,48,2,20
23,49,1,1
23,49,2,20
23,50,1,1
23,50,2,20
23,51,1,2
23,51,2,20
23,52,1,3
23,52,2,20
23,53,1,4
23,53,2,20
23,54,1,4
23,54,2,20
23,55,1,3
23,55,2,20
23,56,1,2
23,56,2,20
23,57,1,2
23,57,2,20
23,58,1,2
23,58,2,20
23,59,1,2
23,59,2,20
23,60,1,2
23,60,2,20
23,61,1,3
23,61,2,20
23,62,1,4
23,62,2,20
23,63,1,4
23,63,2,20
23,64,1,3
23,64,2,20
23,65,1,3
23,65,2,20
23,66,1,3
23,66,2,20
23,67,1,3
23,67,2,20
23,68,1,3
23,68,2,20
23,69,1,3
23,69,2,20
23,70,1,3
23,70,2,20
23,71,1,4
23,71,2,20
23,72,1,4
23,72,2,20
23,73,1,4
23,73,2,20
23,74,1,4
23,74,2,20
23,75,1,4
23,75,2,20
23,76,1,4
23,76,2,20
23,77,1,4
23,77,2,20
23,78,1,4
23,78,2,20
23,79,1,4
23,79,2,20
23,80,1,4
23,80,2,20
24,0,1,4
24,0,2,20
24,1,1,4
24,1,2,20
24,2,1,4
24,2,2,20
24,3,1,4
24,3,2,20
24,4,1,4
24,4,2,20
24,5,1,4
24,5,2,20
24,6,1,4
24,6,2,20
24,7,1,4
24,7,2,20
24,8,1,4
24,8,2,20
24,9,1,4
24,9,2,20
24,10,1,3
24,10,2,20
24,11,1,3
24,11,2,20
24,12,1,3
24,12,2,20
24,13,1,3
24,13,2,20
24,14,1,3
24,14,2,20
24,15,1,3
24,15,2,20
24,16,1,3
24,16,2,20
24,17,1,4
24,17,2,20
24,18,1,4
24,18,2,20
24,19,1,3
24,19,2,20
24,20,1,2
24,20,2,20
24,21,1,2
24,21,2,20
24,22,1,2
24,22,2,20
24,23,1,2
24,23,2,20
24,24,1,2
24,24,2,20
24,25,1,3
24,25,2,20
24,26,1,4
24,26,2,20
24,27,1,4
24,27,2,20
24,28,1,3
24,28,2,20
24,29,1,2
24,29,2,20
24,30,1,1
24,30,2,20
24,31,1,1
24,31,2,20
24,32,1,1
24,32,2,20
24,33,1,2
24,33,2,20
24,34,1,3
24,34,2,20
24,35,1,4
24,35,2,20
24,36,1,4
24,36,2,20
24,37,1,3
24,37,2,20
24,38,1,2
24,38,2,20
24,39,1,1
24,39,2,20
24,40,1,0
24,40,2,20
24,41,1,1
24,41,2,20
24,42,1,2
24,42,2,20
24,43,1,3
24,43,2,20
24,44,1,4
24,44,2,20
24,45,1,4
24,45,2,20
24,46,1,3
24,46,2,20
24,47,1,2
24,47,2,20
24,48,1,1
24,48,2,20
24,49,1,1
24,49,2,20
24,50,1,1
24,50,2,20
24,51,1,2
24,51,2,20
24,52,1,3
24,52,2,20
24,53,1,4
24,53,2,20
24,54,1,4
24,54,2,20
24,55,1,3
24,55,2,20
24,56,1,2
24,56,2,20
24,57,1,2
24,57,2,20
24,58,1,2
24,58,2,20
24,59,1,2
24,59,2,20
24,60,1,2
24,60,2,20
24,61,1,3
24,61,2,20
24,62,1,4
24,62,2,20
24,63,1,4
24,63,2,20
24,64,1,3
24,64,2,20
24,65,1,3
24,65,2,20
24,66,1,3
24,66,2,20
24,67,1,3
24,67,2,20
24,68,1,3
24,68,2,20
24,69,1,3
24,69,2,20
24,70,1,3
24,70,2,20
24,71,1,4
24,71,2,20
24,72,1,4
24,72,2,20
24,73,1,4
24,73,2,20
24,74,1,4
24,74,2,20
24,75,1,4
24,75,2,20
24,76,1,4
24,76,2,20
24,77,1,4
24,77,2,20
24,78,1,4
24,78,2,20
24,79,1,4
24,79,2,20
24,80,1,4
24,80,2,20
25,0,1,4
25,0,2,20
25,1,1,4
25,1,2,20
25,2,1,4
25,2,2,20
25,3,1,4
25,3,2,20
25,4,1,4
25,4,2,20
25,5,1,4
25,5,2,20
25,6,1,4
25,6,2,20
25,7,1,4
25,7,2,20
25,8,1,4
25,8,2,20
25,9,1,4
25,9,2,20
25,10,1,3
25,10,2,20
25,11,1,3
25,11,2,20
25,12,1,3
25,12,2,20
25,13,1,3
25,13,2,20
25,14,1,3
25,14,2,20
25,15,1,3
25,15,2,20
25,16,1,3
25,16,2,20
25,17,1,4
25,17,2,20
25,18,1,4
25,18,2,20
25,19,1,3
25,19,2,20
25,20,1,2
25,20,2,20
25,21,1,2
25,21,2,20
25,22,1,2
25,22,2,20
25,23,1,2
25,23,2,20
25,24,1,2
25,24,2,20
25,25,1,3
25,25,2,20
25,26,1,4
25,26,2,20
25,27,1,4
25,27,2,20
25,28,1,3
25,28,2,20
25,29,1,2
25,29,2,20
25,30,1,1
25,30,2,20
25,31,1,1
25,31,2,20
25,32,1,1
25,32,2,20
25,33,1,2
25,33,2,20
25,34,1,3
25,34,2,20
25,35,1,4
25,35,2,20
25,36,1,4
25,36,2,20
25,37,1,3
25,37,2,20
25,38,1,2
25,38,2,20
25,39,1,1
25,39,2,20
25,40,1,0
25,40,2,20
25,41,1,1
25,41,2,20
25,42,1,2
25,42,2,20
25,43,1,3
25,43,2,20
25,44,1,4
25,44,2,20
25,45,1,4
25,45,2,20
25,46,1,3
25,46,2,20
25,47,1,2
25,47,2,20
25,48,1,1
25,48,2,20
25,49,1,1
25,49,2,20
25,50,1,1
25,50,2,20
25,51,1,2
25,51,2,20
25,52,1,3
25,52,2,20
25,53,1,4
25,53,2,20
25,54,1,4
25,54,2,20
25,55,1,3
25,55,2,20
25,56,1,2
25,56,2,20
25,57,1,2
25,57,2,20
25,58,1,2
25,58,2,20
25,59,1,2
25,59,2,20
25,60,1,2
25,60,2,20
25,61,1,3
25,61,2,20
25,62,1,4
25,62,2,20
25,63,1,4
25,63,2,20
25,64,1,3
25,64,2,20
25,65,1,3
25,65,2,20
25,66,1,3
25,66,2,20
25,67,1,3
25,67,2,20
25,68,1,3
25,68,2,20
25,69,1,3
25,69,2,20
25,70,1,3
25,70,2,20
25,71,1,4
25,71,2,20
25,72,1,4
25,72,2,20
25,73,1,4
25,73,2,20
25,74,1,4
25,74,2,20
25,75,1,4
25,75,2,20
25,76,1,4
25,76,2,20
25,77,1,4
25,77,2,20
25,78,1,4
25,78,2,20
25,79,1,4
25,79,2,20
25,80,1,4
25,80,2,20
26,0,1,4
26,0,2,20
26,1,1,4
26,1,2,20
26,2,1,4
26,2,2,20
26,3,1,4
26,3,2,20
26,4,1,4
26,4,2,20
26,5,1,4
26,5,2,20
26,6,1,4
26,6,2,20
26,7,1,4
26,7,2,20
26,8,1,4
26,8,2,20
26,9,1,4
26,9,2,20
26,10,1,3
26,10,2,20
26,11,1,3
26,11,2,20
26,12,1,3
26,12,2,20
26,13,1,3
26,13,2,20
26,14,1,3
26,14,2,20
26,15,1,3
26,15,2,20
26,16,1,3
26,16,2,20
26,17,1,4
26,17,2,20
26,18,1,4
26,18,2,20
26,19,1,3
26,19,2,20
26,20,1,2
26,20,2,20
26,21,1,2
26,21,2,20
26,22,1,2
26,22,2,20
26,23,1,2
26,23,2,20
26,24,1,2
26,24,2,20
26,25,1,3
26,25,2,20
26,26,1,4
26,26,2,20
26,27,1,4
26,27,2,20
26,28,1,3
26,28,2,20
26,29,1,2
26,29,2,20
26,30,1,1
26,30,2,20
26,31,1,1
26,31,2,20
26,32,1,1
26,32,2,20
26,33,1,2
26,33,2,20
26,34,1,3
26,34,2,20
26,35,1,4
26,35,2,20
26,36,1,4
26,36,2,20
26,37,1,3
26,37,2,20
26,38,1,2
26,38,2,20
26,39,1,1
26,39,2,20
26,40,1,0
26,40,2,20
26,41,1,1
26,41,2,20
26,42,1,2
26,42,2,20
26,43,1,3
26,43,2,20
26,44,1,4
26,44,2,20
26,45,1,4
26,45,2,20
26,46,1,3
26,46,2,20
26,47,1,2
26,47,2,20
26,48,1,1
26,48,2,20
26,49,1,1
26,49,2,20
26,50,1,1
26,50,2,20
26,51,1,2
26,51,2,20
26,52,1,3
26,52,2,20
26,53,1,4
26,53,2,20
26,54,1,4
26,54,2,20
26,55,1,3
26,55,2,20
26,56,1,2
26,56,2,20
26,57,1,2
26,57,2,20
26,58,1,2
26,58,2,20
26,59,1,2
26,59,2,20
26,60,1,2
26,60,2,20
26,61,1,3
26,61,2,20
26,62,1,4
26,62,2,20
26,63,1,4
26,63,2,20
26,64,1,3
26,64,2,20
26,65,1,3
26,65,2,20
26,66,1,3
26,66,2,20
26,67,1,3
26,67,2,20
26,68,1,3
26,68,2,20
26,69,1,3
26,69,2,20
26,70,1,3
26,70,2,20
26,71,1,4
26,71,2,20
26,72,1,4
26,72,2,20
26,73,1,4
26,73,2,20
26,74,1,4
26,74,2,20
26,75,1,4
26,75,2,20
26,76,1,4
26,76,2,20
26,77,1,4
26,77,2,20
26,78,1,4
26,78,2,20
26,79,1,4
26,79,2,20
26,80,1,4
26,80,2,20
27,0,1,4
27,0,2,20
27,1,1,4
27,1,2,20
27,2,1,4
27,2,2,20
27,3,1,4
27,3,2,20
27,4,1,4
27,4,2,20
27,5,1,4
27,5,2,20
27,6,1,4
27,6,2,20
27,7,1,4
27,7,2,20
27,8,1,4
27,8,2,20
27,9,1,4
27,9,2,20
27,10,1,3
27,10,2,20
27,11,1,3
27,11,2,20
27,12,1,3
27,12,2,20
27,13,1,3
27,13,2,20
27,14,1,3
27,14,2,20
27,15,1,3
27,15,2,20
27,16,1,3
27,16,2,20
27,17,1,4
27,17,2,20
27,18,1,4
27,18,2,20
27,19,1,3
27,19,2,20
27,20,1,2
27,20,2,20
27,21,1,2
27,21,2,20
27,22,1,2
27,22,2,20
27,23,1,2
27,23,2,20
27,24,1,2
27,24,2,20
27,25,1,3
27,25,2,20
27,26,1,4
27,26,2,20
27,27,1,4
27,27,2,20
27,28,1,3
27,28,2,20
27,29,1,2
27,29,2,20
27,30,1,1
27,30,2,20
27,31,1,1
27,31,2,20
27,32,1,1
27,32,2,20
27,33,1,2
27,33,2,20
27,34,1,3
27,34,2,20
27,35,1,4
27,35,2,20
27,36,1,4
27,36,2,20
27,37,1,3
27,37,2,20
27,38,1,2
27,38,2,20
27,39,1,1
27,39,2,20
27,40,1,0
27,40,2,20
27,41,1,1
27,41,2,20
27,42,1,2
27,42,2,20
27,43,1,3
27,43,2,20
27,44,1,4
27,44,2,20
27,45,1,4
27,45,2,20
27,46,1,3
27,46,2,20
27,47,1,2
27,47,2,20
27,48,1,1
27,48,2,20
27,49,1,1
27,49,2,20
27,50,1,1
27,50,2,20
27,51,1,2
27,51,2,20
27,52,1,3
27,52,2,20
27,53,1,4
27,53,2,20
27,54,1,4
27,54,2,20
27,55,1,3
27,55,2,20
27,56,1,2
27,56,2,20
27,57,1,2
27,57,2,20
27,58,1,2
27,58,2,20
27,59,1,2
27,59,2,20
27,60,1,2
27,60,2,20
27,61,1,3
27,61,2,20
27,62,1,4
27,62,2,20
27,63,1,4
27,63,2,20
27,64,1,3
27,64,2,20
27,65,1,3
27,65,2,20
27,66,1,3
27,66,2,20
27,67,1,3
27,67,2,20
27,68,1,3
27,68,2,20
27,69,1,3
27,69,2,20
27,70,1,3
27,70,2,20
27,71,1,4
27,71,2,20
27,72,1,4
27,72,2,20
27,73,1,4
27,73,2,20
27,74,1,4
27,74,2,20
27,75,1,4
27,75,2,20
27,76,1,4
27,76,2,20
27,77,1,4
27,77,2,20
27,78,1,4
27,78,2,20
27,79,1,4
27,79,2,20
27,80,1,4
27,80,2,20
28,0,1,4
28,0,2,20
28,1,1,4
28,1,2,20
28,2,1,4
28,2,2,20
28,3,1,4
28,3,2,20
28,4,1,4
28,4,2,20
28,5,1,4
28,5,2,20
28,6,1,4
28,6,2,20
28,7,1,4
28,7,2,20
28,8,1,4
28,8,2,20
28,9,1,4
28,9,2,20
28,10,1,3
28,10,2,20
28,11,1,3
28,11,2,20
28,12,1,3
28,12,2,20
28,13,1,3
28,13,2,20
28,14,1,3
28,14,2,20
28,15,1,3
28,15,2,20
28,16,1,3
28,16,2,20
28,17,1,4
28,17,2,20
28,18,1,4
28,18,2,20
28,19,1,3
28,19,2,20
28,20,1,2
28,20,2,20
28,21,1,2
28,21,2,20
28,22,1,2
28,22,2,20
28,23,1,2
28,23,2,20
28,24,1,2
28,24,2,20
28,25,1,3
28,25,2,20
28,26,1,4
28,26,2,20
28,27,1,4
28,27,2,20
28,28,1,3
28,28,2,20
28,29,1,2
28,29,2,20
28,30,1,1
28,30,2,20
28,31,1,1
28,31,2,20
28,32,1,1
28,32,2,20
28,33,1,2
28,33,2,20
28,34,1,3
28,34,2,20
28,35,1,4
28,35,2,20
28,36,1,4
28,36,2,20
28,37,1,3
28,37,2,20
28,38,1,2
28,38,2,20
28,39,1,1
28,39,2,20
28,40,1,0
28,40,2,20
28,41,1,1
28,41,2,20
28,42,1,2
28,42,2,20
28,43,1,3
28,43,2,20
28,44,1,4
28,44,2,20
28,45,1,4
28,45,2,20
28,46,1,3
28,46,2,20
28,47,1,2
28,47,2,20
28,48,1,1
28,48,2,20
28,49,1,1
28,49,2,20
28,50,1,1
28,50,2,20
28,51,1,2
28,51,2,20
28,52,1,3
28,52,2,20
28,53,1,4
28,53,2,20
28,54,1,4
28,54,2,20
28,55,1,3
28,55,2,20
28,56,1,2
28,56,2,20
28,57,1,2
28,57,2,20
28,58,1,2
28,58,2,20
28,59,1,2
28,59,2,20
28,60,1,2
28,60,2,20
28,61,1,3
28,61,2,20
28,62,1,4
28,62,2,20
28,63,1,4
28,63,2,20
28,64,1,3
28,64,2,20
28,65,1,3
28,65,2,20
28,66,1,3
28,66,2,20
28,67,1,3
28,67,2,20
28,68,1,3
28,68,2,20
28,69,1,3
28,69,2,20
28,70,1,3
28,70,2,20
28,71,1,4
28,71,2,20
28,72,1,4
28,72,2,20
28,73,1,4
28,73,2,20
28,74,1,4
28,74,2,20
28,75,1,4
28,75,2,20
28,76,1,4
28,76,2,20
28,77,1,4
28,77,2,20
28,78,1,4
28,78,2,20
28,79,1,4
28,79,2,20
28,80,1,4
28,80,2,20
29,0,1,4
29,0,2,20
29,1,1,4
29,1,2,20
29,2,1,4
29,2,2,20
29,3,1,4
29,3,2,20
29,4,1,4
29,4,2,20
29,5,1,4
29,5,2,20
29,6,1,4
29,6,2,20
29,7,1,4
29,7,2,20
29,8,1,4
29,8,2,20
29,9,1,4
29,9,2,20
29,10,1,3
29,10,2,20
29,11,1,3
29,11,2,20
29,12,1,3
29,12,2,20
29,13,1,3
29,13,2,20
29,14,1,3
29,14,2,20
29,15,1,3
29,15,2,20
29,16,1,3
29,16,2,20
29,17,1,4
29,17,2,20
29,18,1,4
29,18,2,20
29,19,1,3
29,19,2,20
29,20,1,2
29,20,2,20
29,21,1,2
29,21,2,20
29,22,1,2
29,22,2,20
29,23,1,2
29,23,2,20
29,24,1,2
29,24,2,20
29,25,1,3
29,25,2,20
29,26,1,4
29,26,2,20
29,27,1,4
29,27,2,20
29,28,1,3
29,28,2,20
29,29,1,2
29,29,2,20
29,30,1,1
29,30,2,20
29,31,1,1
29,31,2,20
29,32,1,1
29,32,2,20
29,33,1,2
29,33,2,20
29,34,1,3
29,34,2,20
29,35,1,4
29,35,2,20
29,36,1,4
29,36,2,20
29,37,1,3
29,37,2,20
29,38,1,2
29,38,2,20
29,39,1,1
29,39,2,20
29,40,1,0
29,40,2,20
29,41,1,1
29,41,2,20
29,42,1,2
29,42,2,20
29,43,1,3
29,43,2,20
29,44,1,4
29,44,2,20
29,45,1,4
29,45,2,20
29,46,1,3
29,46,2,20
29,47,1,2
29,47,2,20
29,48,1,1
29,48,2,20
29,49,1,1
29,49,2,20
29,50,1,1
29,50,2,20
29,51,1,2
29,51,2,20
29,52,1,3
29,52,2,20
29,53,1,4
29,53,2,20
29,54,1,4
29,54,2,20
29,55,1,3
29,55,2,20
29,56,1,2
29,56,2,20
29,57,1,2
29,57,2,20
29,58,1,2
29,58,2,20
29,59,1,2
29,59,2,20
29,60,1,2
29,60,2,20
29,61,1,3
29,61,2,20
29,62,1,4
29,62,2,20
29,63,1,4
29,63,2,20
29,64,1,3
29,64,2,20
29,65,1,3
29,65,2,20
29,66,1,3
29,66,2,20
29,67,1,3
29,67,2,20
29,68,1,3
29,68,2,20
29,69,1,3
29,69,2,20
29,70,1,3
29,70,2,20
29,71,1,4
29,71,2,20
29,72,1,4
29,72,2,20
29,73,1,4
29,73,2,20
29,74,1,4
29,74,2,20
29,75,1,4
29,75,2,20
29,76,1,4
29,76,2,20
29,77,1,4
29,77,2,20
29,78,1,4
29,78,2,20
29,79,1,4
29,79,2,20
29,80,1,4
29,80,2,20
30,0,1,4
30,0,2,20
30,1,1,4
30,1,2,20
30,2,1,4
30,2,2,20
30,3,1,4
30,3,2,20
30,4,1,4
30,4,2,20
30,5,1,4
30,5,2,20
30,6,1,4
30,6,2,20
30,7,1,4
30,7,2,20
30,8,1,4
30,8,2,20
30,9,1,4
30,9,2,20
30,10,1,3
30,10,2,20
30,11,1,3
30,11,2,20
30,12,1,3
30,12,2,20
30,13,1,3
30,13,2,20
30,14,1,3
30,14,2,20
30,15,1,3
30,15,2,20
30,16,1,3
30,16,2,20
30,17,1,4
30,17,2,20
30,18,1,4
30,18,2,20
30,19,1,3
30,19,2,20
30,20,1,2
30,20,2,20
30,21,1,2
30,21,2,20
30,22,1,2
30,22,2,20
30,23,1,2
30,23,2,20
30,24,1,2
30,24,2,20
30,25,1,3
30,25,2,20
30,26,1,4
30,26,2,20
30,27,1,4
30,27,2,20
30,28,1,3
30,28,2,20
30,29,1,2
30,29,2,20
30,30,1,1
30,30,2,20
30,31,1,1
30,31,2,20
30,32,1,1
30,32,2,20
30,33,1,2
30,33,2,20
30,34,1,3
30,34,2,20
30,35,1,4
30,35,2,20
30,36,1,4
30,36,2,20
30,37,1,3
30,37,2,20
30,38,1,2
30,38,2,20
30,39,1,1
30,39,2,20
30,40,1,0
30,40,2,20
30,41,1,1
30,41,2,20
30,42,1,2
30,42,2,20
30,43,1,3
30,43,2,20
30,44,1,4
30,44,2,20
30,45,1,4
30,45,2,20
30,46,1,3
30,46,2,20
30,47,1,2
30,47,2,20
30,48,1,1
30,48,2,20
30,49,1,1
30,49,2,20
30,50,1,1
30,50,2,20
30,51,1,2
30,51,2,20
30,52,1,3
30,52,2,20
30,53,1,4
30,53,2,20
30,54,1,4
30,54,2,20
30,55,1,3
30,55,2,20
30,56,1,2
30,56,2,20
30,57,1,2
30,57,2,20
30,58,1,2
30,58,2,20
30,59,1,2
30,59,2,20
30,60,1,2
30,60,2,20
30,61,1,3
30,61,2,20
30,62,1,4
30,62,2,20
30,63,1,4
30,63,2,20
30,64,1,3
30,64,2,20
30,65,1,3
30,65,2,20
30,66,1,3
30,66,2,20
30,67,1,3
30,67,2,20
30,68,1,3
30,68,2,20
30,69,1,3
30,69,2,20
30,70,1,3
30,70,2,20
30,71,1,4
30,71,2,20
30,72,1,4
30,72,2,20
30,73,1,4
30,73,2,20
30,74,1,4
30,74,2,20
30,75,1,4
30,75,2,20
30,76,1,4
30,76,2,20
30,77,1,4
30,77,2,20
30,78,1,4
30,78,2,20
30,79,1,4
30,79,2,20
30,80,1,4
30,80,2,20
31,0,1,4
31,0,2,20
31,1,1,4
31,1,2,20
31,2,1,4
31,2,2,20
31,3,1,4
31,3,2,20
31,4,1,4
31,4,2,20
31,5,1,4
31,5,2,20
31,6,1,4
31,6,2,20
31,7,1,4
31,7,2,20
31,8,1,4
31,8,2,20
31,9,1,4
31,9,2,20
31,10,1,3
31,10,2,20
31,11,1,3
31,11,2,20
31,12,1,3
31,12,2,20
31,13,1,3
31,13,2,20
31,14,1,3
31,14,2,20
31,15,1,3
31,15,2,20
31,16,1,3
31,16,2,20
31,17,1,4
31,17,2,20
31,18,1,4
31,18,2,20
31,19,1,3
31,19,2,20
31,20,1,2
31,20,2,20
31,21,1,2
31,21,2,20
31,22,1,2
31,22,2,20
31,23,1,2
31,23,2,20
31,24,1,2
31,24,2,20
31,25,1,3
31,25,2,20
31,26,1,4
31,26,2,20
31,27,1,4
31,27,2,20
31,28,1,3
31,28,2,20
31,29,1,2
31,29,2,20
31,30,1,1
31,30,2,20
31,31,1,1
31,31,2,20
31,32,1,1
31,32,2,20
31,33,1,2
31,33,2,20
31,34,1,3
31,34,2,20
31,35,1,4
31,35,2,20
31,36,1,4
31,36,2,20
31,37,1,3
31,37,2,20
31,38,1,2
31,38,2,20
31,39,1,1
31,39,2,20
31,40,1,0
31,40,2,20
31,41,1,1
31,41,2,20
31,42,1,2
31,42,2,20
31,43,1,3
31,43,2,20
31,44,1,4
31,44,2,20
31,45,1,4
31,45,2,20
31,46,1,3
31,46,2,20
31,47,1,2
31,47,2,20
31,48,1,1
31,48,2,20
31,49,1,1
31,49,2,20
31,50,1,1
31,50,2,20
31,51,1,2
31,51,2,20
31,52,1,3
31,52,2,20
31,53,1,4
31,53,2,20
31,54,1,4
31,54,2,20
31,55,1,3
31,55,2,20
31,56,1,2
31,56,2,20
31,57,1,2
31,57,2,20
31,58,1,2
31,58,2,20
31,59,1,2
31,59,2,20
31,60,1,2
31,60,2,20
31,61,1,3
31,61,2,20
31,62,1,4
31,62,2,20
31,63,1,4
31,63,2,20
31,64,1,3
31,64,2,20
31,65,1,3
31,65,2,20
31,66,1,3
31,66,2,20
31,67,1,3
31,67,2,20
31,68,1,3
31,68,2,20
31,69,1,3
31,69,2,20
31,70,1,3
31,70,2,20
31,71,1,4
31,71,2,20
31,72,1,4
31,72,2,20
31,73,1,4
31,73,2,20
31,74,1,4
31,74,2,20
31,75,1,4
31,75,2,20
31,76,1,4
31,76,2,20
31,77,1,4
31,77,2,20
31,78,1,4
31,78,2,20
31,79,1,4
31,79,2,20
31,80,1,4
31,80,2,20
32,0,1,4
32,0,2,20
32,1,1,4
32,1,2,20
32,2,1,4
32,2,2,20
32,3,1,4
32,3,2,20
32,4,1,4
32,4,2,20
32,5,1,4
32,5,2,20
32,6,1,4
32,6,2,20
32,7,1,4
32,7,2,20
32,8,1,4
32,8,2,20
32,9,1,4
32,9,2,20
32,10,1,3
32,10,2,20
32,11,1,3
32,11,2,20
32,12,1,3
32,12,2,20
32,13,1,3
32,13,2,20
32,14,1,3
32,14,2,20
32,15,1,3
32,15,2,20
32,16,1,3
32,16,2,20
32,17,1,4
32,17,2,20
32,18,1,4
32,18,2,20
32,19,1,3
32,19,2,20
32,20,1,2
32,20,2,20
32,21,1,2
32,21,2,20
32,22,1,2
32,22,2,20
32,23,1,2
32,23,2,20
32,24,1,2
32,24,2,20
32,25,1,3
32,25,2,20
32,26,1,4
32,26,2,20
32,27,1,4
32,27,2,20
32,28,1,3
32,28,2,20
32,29,1,2
32,29,2,20
32,30,1,1
32,30,2,20
32,31,1,1
32,31,2,20
32,32,1,1
32,32,2,20
32,33,1,2
32,33,2,20
32,34,1,3
32,34,2,20
32,35,1,4
32,35,2,20
32,36,1,4
32,36,2,20
32,37,1,3
32,37,2,20
32,38,1,2
32,38,2,20
32,39,1,1
32,39,2,20
32,40,1,0
32,40,2,20
32,41,1,1
32,41,2,20
32,42,1,2
32,42,2,20
32,43,1,3
32,43,2,20
32,44,1,4
32,44,2,20
32,45,1,4
32,45,2,20
32,46,1,3
32,46,2,20
32,47,1,2
32,47,2,20
32,48,1,1
32,48,2,20
32,49,1,1
32,49,2,20
32,50,1,1
32,50,2,20
32,51,1,2
32,51,2,20
32,52,1,3
32,52,2,20
32,53,1,4
32,53,2,20
32,54,1,4
32,54,2,20
32,55,1,3
32,55,2,20
32,56,1,2
32,56,2,20
32,57,1,2
32,57,2,20
32,58,1,2
32,58,2,20
32,59,1,2
32,59,2,20
32,60,1,2
32,60,2,20
32,61,1,3
32,61,2,20
32,62,1,4
32,62,2,20
32,63,1,4
32,63,2,20
32,64,1,3
32,64,2,20
32,65,1,3
32,65,2,20
32,66,1,3
32,66,2,20
32,67,1,3
32,67,2,20
32,68,1,3
32,68,2,20
32,69,1,3
32,69,2,20
32,70,1,3
32,70,2,20
32,71,1,4
32,71,2,20
32,72,1,4
32,72,2,20
32,73,1,4
32,73,2,20
32,74,1,4
32,74,2,20
32,75,1,4
32,75,2,20
32,76,1,4
32,76,2,20
32,77,1,4
32,77,2,20
32,78,1,4
32,78,2,20
32,79,1,4
32,79,2,20
32,80,1,4
32,80,2,20
33,0,1,4
33,0,2,20
33,1,1,4
33,1,2,20
33,2,1,4
33,2,2,20
33,3,1,4
33,3,2,20
33,4,1,4
33,4,2,20
33,5,1,4
33,5,2,20
33,6,1,4
33,6,2,20
33,7,1,4
33,7,2,20
33,8,1,4
33,8,2,20
33,9,1,4
33,9,2,20
33,10,1,3
33,10,2,20
33,11,1,3
33,11,2,20
33,12,1,3
33,12,2,20
33,13,1,3
33,13,2,20
33,14,1,3
33,14,2,20
33,15,1,3
33,15,2,20
33,16,1,3
33,16,2,20
33,17,1,4
33,17,2,20
33,18,1,4
33,18,2,20
33,19,1,3
33,19,2,20
33,20,1,2
33,20,2,20
33,21,1,2
33,21,2,20
33,22,1,2
33,22,2,20
33,23,1,2
33,23,2,20
33,24,1,2
33,24,2,20
33,25,1,3
33,25,2,20
33,26,1,4
33,26,2,20
33,27,1,4
33,27,2,20
33,28,1,3
33,28,2,20
33,29,1,2
33,29,2,20
33,30,1,1
33,30,2,20
33,31,1,1
33,31,2,20
33,32,1,1
33,32,2,20
33,33,1,2
33,33,2,20
33,34,1,3
33,34,2,20
33,35,1,4
33,35,2,20
33,36,1,4
33,36,2,20
33,37,1,3
33,37,2,20
33,38,1,2
33,38,2,20
33,39,1,1
33,39,2,20
33,40,1,0
33,40,2,20
33,41,1,1
33,41,2,20
33,42,1,2
33,42,2,20
33,43,1,3
33,43,2,20
33,44,1,4
33,44,2,20
33,45,1,4
33,45,2,20
33,46,1,3
33,46,2,20
33,47,1,2
33,47,2,20
33,48,1,1
33,48,2,20
33,49,1,1
33,49,2,20
33,50,1,1
33,50,2,20
33,51,1,2
33,51,2,20
33,52,1,3
33,52,2,20
33,53,1,4
33,53,2,20
33,54,1,4
33,54,2,20
33,55,1,3
33,55,2,20
33,56,1,2
33,56,2,20
33,57,1,2
33,57,2,20
33,58,1,2
33,58,2,20
33,59,1,2
33,59,2,20
33,60,1,2
33,60,2,20
33,61,1,3
33,61,2,20
33,62,1,4
33,62,2,20
33,63,1,4
33,63,2,20
33,64,1,3
33,64,2,20
33,65,1,3
33,65,2,20
33,66,1,3
33,66,2,20
33,67,1,3
33,67,2,20
33,68,1,3
33,68,2,20
33,69,1,3
33,69,2,20
33,70,1,3
33,70,2,20
33,71,1,4
33,71,2,20
33,72,1,4
33,72,2,20
33,73,1,4
33,73,2,20
33,74,1,4
33,74,2,20
33,75,1,4
33,75,2,20
33,76,1,4
33,76,2,20
33,77,1,4
33,77,2,20
33,78,1,4
33,78,2,20
33,79,1,4
33,79,2,20
33,80,1,4
33,80,2,20
34,0,1,4
34,0,2,20
34,1,1,4
34,1,2,20
34,2,1,4
34,2,2,20
34,3,1,4
34,3,2,20
34,4,1,4
34,4,2,20
34,5,1,4
34,5,2,20
34,6,1,4
34,6,2,20
34,7,1,4
34,7,2,20
34,8,1,4
34,8,2,20
34,9,1,4
34,9,2,20
34,10,1,3
34,10,2,20
34,11,1,3
34,11,2,20
34,12,1,3
34,12,2,20
34,13,1,3
34,13,2,20
34,14,1,3
34,14,2,20
34,15,1,3
34,15,2,20
34,16,1,3
34,16,2,20
34,17,1,4
34,17,2,20
34,18,1,4
34,18,2,20
34,19,1,3
34,19,2,20
34,20,1,2
34,20,2,20
34,21,1,2
34,21,2,20
34,22,1,2
34,22,2,20
34,23,1,2
34,23,2,20
34,24,1,2
34,24,2,20
34,25,1,3
34,25,2,20
34,26,1,4
34,26,2,20
34,27,1,4
34,27,2,20
34,28,1,3
34,28,2,20
34,29,1,2
34,29,2,20
34,30,1,1
34,30,2,20
34,31,1,1
34,31,2,20
34,32,1,1
34,32,2,20
34,33,1,2
34,33,2,20
34,34,1,3
34,34,2,20
34,35,1,4
34,35,2,20
34,36,1,4
34,36,2,20
34,37,1,3
34,37,2,20
34,38,1,2
34,38,2,20
34,39,1,1
34,39,2,20
34,40,1,0
34,40,2,20
34,41,1,1
34,41,2,20
34,42,1,2
34,42,2,20
34,43,1,3
34,43,2,20
34,44,1,4
34,44,2,20
34,45,1,4
34,45,2,20
34,46,1,3
34,46,2,20
34,47,1,2
34,47,2,20
34,48,1,1
34,48,2,20
34,49,1,1
34,49,2,20
34,50,1,1
34,50,2,20
34,51,1,2
34,51,2,20
34,52,1,3
34,52,2,20
34,53,1,4
34,53,2,20
34,54,1,4
34,54,2,20
34,55,1,3
34,55,2,20
34,56,1,2
34,56,2,20
34,57,1,2
34,57,2,20
34,58,1,2
34,58,2,20
34,59,1,2
34,59,2,20
34,60,1,2
34,60,2,20
34,61,1,3
34,61,2,20
34,62,1,4
34,62,2,20
34,63,1,4
34,63,2,20
34,64,1,3
34,64,2,20
34,65,1,3
34,65,2,20
34,66,1,3
34,66,2,20
34,67,1,3
34,67,2,20
34,68,1,3
34,68,2,20
34,69,1,3
34,69,2,20
34,70,1,3
34,70,2,20
34,71,1,4
34,71,2,20
34,72,1,4
34,72,2,20
34,73,1,4
34,73,2,20
34,74,1,4
34,74,2,20
34,75,1,4
34,75,2,20
34,76,1,4
34,76,2,20
34,77,1,4
34,77,2,20
34,78,1,4
34,78,2,20
34,79,1,4
34,79,2,20
34,80,1,4
34,80,2,20
35,0,1,4
35,0,2,20
35,1,1,4
35,1,2,20
35,2,1,4
35,2,2,20
35,3,1,4
35,3,2,20
35,4,1,4
35,4,2,20
35,5,1,4
35,5,2,20
35,6,1,4
35,6,2,20
35,7,1,4
35,7,2,20
35,8,1,4
35,8,2,20
35,9,1,4
35,9,2,20
35,10,1,3
35,10,2,20
35,11,1,3
35,11,2,20
35,12,1,3
35,12,2,20
35,13,1,3
35,13,2,20
35,14,1,3
35,14,2,20
35,15,1,3
35,15,2,20
35,16,1,3
35,16,2,20
35,17,1,4
35,17,2,20
35,18,1,4
35,18,2,20
35,19,1,3
35,19,2,20
35,20,1,2
35,20,2,20
35,21,1,2
35,21,2,20
35,22,1,2
35,22,2,20
35,23,1,2
35,23,2,20
35,24,1,2
35,24,2,20
35,25,1,3
35,25,2,20
35,26,1,4
35,26,2,20
35,27,1,4
35,27,2,20
35,28,1,3
35,28,2,20
35,29,1,2
35,29,2,20
35,30,1,1
35,30,2,20
35,31,1,1
35,31,2,20
35,32,1,1
35,32,2,20
35,33,1,2
35,33,2,20
35,34,1,3
35,34,2,20
35,35,1,4
35,35,2,20
35,36,1,4
35,36,2,20
35,37,1,3
35,37,2,20
35,38,1,2
35,38,2,20
35,39,1,1
35,39,2,20
35,40,1,0
35,40,2,20
35,41,1,1
35,41,2,20
35,42,1,2
35,42,2,20
35,43,1,3
35,43,2,20
35,44,1,4
35,44,2,20
35,45,1,4
35,45,2,20
35,46,1,3
35,46,2,20
35,47,1,2
35,47,2,20
35,48,1,1
35,48,2,20
35,49,1,1
35,49,2,20
35,50,1,1
35,50,2,20
35,51,1,2
35,51,2,20
35,52,1,3
35,52,2,20
35,53,1,4
35,53,2,20
35,54,1,4
35,54,2,20
35,55,1,3
35,55,2,20
35,56,1,2
35,56,2,20
35,57,1,2
35,57,2,20
35,58,1,2
35,58,2,20
35,59,1,2
35,59,2,20
35,60,1,2
35,60,2,20
35,61,1,3
35,61,2,20
35,62,1,4
35,62,2,20
35,63,1,4
35,63,2,20
35,64,1,3
35,64,2,20
35,65,1,3
35,65,2,20
35,66,1,3
35,66,2,20
35,67,1,3
35,67,2,20
35,68,1,3
35,68,2,20
35,69,1,3
35,69,2,20
35,70,1,3
35,70,2,20
35,71,1,4
35,71,2,20
35,72,1,4
35,72,2,20
35,73,1,4
35,73,2,20
35,74,1,4
35,74,2,20
35,75,1,4
35,75,2,20
35,76,1,4
35,76,2,20
35,77,1,4
35,77,2,20
35,78,1,4
35,78,2,20
35,79,1,4
35,79,2,20
35,80,1,4
35,80,2,20
36,0,1,4
36,0,2,20
36,1,1,4
36,1,2,20
36,2,1,4
36,2,2,20
36,3,1,4
36,3,2,20
36,4,1,4
36,4,2,20
36,5,1,4
36,5,2,20
36,6,1,4
36,6,2,20
36,7,1,4
36,7,2,20
36,8,1,4
36,8,2,20
36,9,1,4
36,9,2,20
36,10,1,3
36,10,2,20
36,11,1,3
36,11,2,20
36,12,1,3
36,12,2,20
36,13,1,3
36,13,2,20
36,14,1,3
36,14,2,20
36,15,1,3
36,15,2,20
36,16,1,3
36,16,2,20
36,17,1,4
36,17,2,20
36,18,1,4
36,18,2,20
36,19,1,3
36,19,2,20
36,20,1,2
36,20,2,20
36,21,1,2
36,21,2,20
36,22,1,2
36,22,2,20
36,23,1,2
36,23,2,20
36,24,1,2
36,24,2,20
36,25,1,3
36,25,2,20
36,26,1,4
36,26,2,20
36,27,1,4
36,27,2,20
36,28,1,3
36,28,2,20
36,29,1,2
36,29,2,20
36,30,1,1
36,30,2,20
36,31,1,1
36,31,2,20
36,32,1,1
36,32,2,20
36,33,1,2
36,33,2,20
36,34,1,3
36,34,2,20
36,35,1,4
36,35,2,20
36,36,1,4
36,36,2,20
36,37,1,3
36,37,2,20
36,38,1,2
36,38,2,20
36,39,1,1
36,39,2,20
36,40,1,0
36,40,2,20
36,41,1,1
36,41,2,20
36,42,1,2
36,42,2,20
36,43,1,3
36,43,2,20
36,44,1,4
36,44,2,20
36,45,1,4
36,45,2,20
36,46,1,3
36,46,2,20
36,47,1,2
36,47,2,20
36,48,1,1
36,48,2,20
36,49,1,1
36,49,2,20
36,50,1,1
36,50,2,20
36,51,1,2
36,51,2,20
36,52,1,3
36,52,2,20
36,53,1,4
36,53,2,20
36,54,1,4
36,54,2,20
36,55,1,3
36,55,2,20
36,56,1,2
36,56,2,20
36,57,1,2
36,57,2,20
36,58,1,2
36,58,2,20
36,59,1,2
36,59,2,20
36,60,1,2
36,60,2,20
36,61,1,3
36,61,2,20
36,62,1,4
36,62,2,20
36,63,1,4
36,63,2,20
36,64,1,3
36,64,2,20
36,65,1,3
36,65,2,20
36,66,1,3
36,66,2,20
36,67,1,3
36,67,2,20
36,68,1,3
36,68,2,20
36,69,1,3
36,69,2,20
36,70,1,3
36,70,2,20
36,71,1,4
36,71,2,20
36,72,1,4
36,72,2,20
36,73,1,4
36,73,2,20
36,74,1,4
36,74,2,20
36,75,1,4
36,75,2,20
36,76,1,4
36,76,2,20
36,77,1,4
36,77,2,20
36,78,1,4
36,78,2,20
36,79,1,4
36,79,2,20
36,80,1,4
36,80,2,20
37,0,1,4
37,0,2,20
37,1,1,4
37,1,2,20
37,2,1,4
37,2,2,20
37,3,1,4
37,3,2,20
37,4,1,4
37,4,2,20
37,5,1,4
37,5,2,20
37,6,1,4
37,6,2,20
37,7,1,4
37,7,2,20
37,8,1,4
37,8,2,20
37,9,1,4
37,9,2,20
37,10,1,3
37,10,2,20
37,11,1,3
37,11,2,20
37,12,1,3
37,12,2,20
37,13,1,3
37,13,2,20
37,14,1,3
37,14,2,20
37,15,1,3
37,15,2,20
37,16,1,3
37,16,2,20
37,17,1,4
37,17,2,20
37,18,1,4
37,18,2,20
37,19,1,3
37,19,2,20
37,20,1,2
37,20,2,20
37,21,1,2
37,21,2,20
37,22,1,2
37,22,2,20
37,23,1,2
37,23,2,20
37,24,1,2
37,24,2,20
37,25,1,3
37,25,2,20
37,26,1,4
37,26,2,20
37,27,1,4
37,27,2,20
37,28,1,3
37,28,2,20
37,29,1,2
37,29,2,20
37,30,1,1
37,30,2,20
37,31,1,1
37,31,2,20
37,32,1,1
37,32,2,20
37,33,1,2
37,33,2,20
37,34,1,3
37,34,2,20
37,35,1,4
37,35,2,20
37,36,1,4
37,36,2,20
37,37,1,3
37,37,2,20
37,38,1,2
37,38,2,20
37,39,1,1
37,39,2,20
37,40,1,0
37,40,2,20
37,41,1,1
37,41,2,20
37,42,1,2
37,42,2,20
37,43,1,3
37,43,2,20
37,44,1,4
37,44,2,20
37,45,1,4
37,45,2,20
37,46,1,3
37,46,2,20
37,47,1,2
37,47,2,20
37,48,1,1
37,48,2,20
37,49,1,1
37,49,2,20
37,50,1,1
37,50,2,20
37,51,1,2
37,51,2,20
37,52,1,3
37,52,2,20
37,53,1,4
37,53,2,20
37,54,1,4
37,54,2,20
37,55,1,3
37,55,2,20
37,56,1,2
37,56,2,20
37,57,1,2
37,57,2,20
37,58,1,2
37,58,2,20
37,59,1,2
37,59,2,20
37,60,1,2
37,60,2,20
37,61,1,3
37,61,2,20
37,62,1,4
37,62,2,20
37,63,1,4
37,63,2,20
37,64,1,3
37,64,2,20
37,65,1,3
37,65,2,20
37,66,1,3
37,66,2,20
37,67,1,3
37,67,2,20
37,68,1,3
37,68,2,20
37,69,1,3
37,69,2,20
37,70,1,3
37,70,2,20
37,71,1,4
37,71,2,20
37,72,1,4
37,72,2,20
37,73,1,4
37,73,2,20
37,74,1,4
37,74,2,20
37,75,1,4
37,75,2,20
37,76,1,4
37,76,2,20
37,77,1,4
37,77,2,20
37,78,1,4
37,78,2,20
37,79,1,4
37,79,2,20
37,80,1,4
37,80,2,20
38,0,1,4
38,0,2,20
38,1,1,4
38,1,2,20
38,2,1,4
38,2,2,20
38,3,1,4
38,3,2,20
38,4,1,4
38,4,2,20
38,5,1,4
38,5,2,20
38,6,1,4
38,6,2,20
38,7,1,4
38,7,2,20
38,8,1,4
38,8,2,20
38,9,1,4
38,9,2,20
38,10,1,3
38,10,2,20
38,11,1,3
38,11,2,20
38,12,1,3
38,12,2,20
38,13,1,3
38,13,2,20
38,14,1,3
38,14,2,20
38,15,1,3
38,15,2,20
38,16,1,3
38,16,2,20
38,17,1,4
38,17,2,20
38,18,1,4
38,18,2,20
38,19,1,3
38,19,2,20
38,20,1,2
38,20,2,20
38,21,1,2
38,21,2,20
38,22,1,2
38,22,2,20
38,23,1,2
38,23,2,20
38,24,1,2
38,24,2,20
38,25,1,3
38,25,2,20
38,26,1,4
38,26,2,20
38,27,1,4
38,27,2,20
38,28,1,3
38,28,2,20
38,29,1,2
38,29,2,20
38,30,1,1
38,30,2,20
38,31,1,1
38,31,2,20
38,32,1,1
38,32,2,20
38,33,1,2
38,33,2,20
38,34,1,3
38,34,2,20
38,35,1,4
38,35,2,20
38,36,1,4
38,36,2,20
38,37,1,3
38,37,2,20
38,38,1,2
38,38,2,20
38,39,1,1
38,39,2,20
38,40,1,0
38,40,2,20
38,41,1,1
38,41,2,20
38,42,1,2
38,42,2,20
38,43,1,3
38,43,2,20
38,44,1,4
38,44,2,20
38,45,1,4
38,45,2,20
38,46,1,3
38,46,2,20
38,47,1,2
38,47,2,20
38,48,1,1
38,48,2,20
38,49,1,1
38,49,2,20
38,50,1,1
38,50,2,20
38,51,1,2
38,51,2,20
38,52,1,3
38,52,2,20
38,53,1,4
38,53,2,20
38,54,1,4
38,54,2,20
38,55,1,3
38,55,2,20
38,56,1,2
38,56,2,20
38,57,1,2
38,57,2,20
38,58,1,2
38,58,2,20
38,59,1,2
38,59,2,20
38,60,1,2
38,60,2,20
38,61,1,3
38,61,2,20
38,62,1,4
38,62,2,20
38,63,1,4
38,63,2,20
38,64,1,3
38,64,2,20
38,65,1,3
38,65,2,20
38,66,1,3
38,66,2,20
38,67,1,3
38,67,2,20
38,68,1,3
38,68,2,20
38,69,1,3
38,69,2,20
38,70,1,3
38,70,2,20
38,71,1,4
38,71,2,20
38,72,1,4
38,72,2,20
38,73,1,4
38,73,2,20
38,74,1,4
38,74,2,20
38,75,1,4
38,75,2,20
38,76,1,4
38,76,2,20
38,77,1,4
38,77,2,20
38,78,1,4
38,78,2,20
38,79,1,4
38,79,2,20
38,80,1,4
38,80,2,20
39,0,1,4
39,0,2,20
39,1,1,4
39,1,2,20
39,2,1,4
39,2,2,20
39,3,1,4
39,3,2,20
39,4,1,4
39,4,2,20
39,5,1,4
39,5,2,20
39,6,1,4
39,6,2,20
39,7,1,4
39,7,2,20
39,8,1,4
39,8,2,20
39,9,1,4
39,9,2,20
39,10,1,3
39,10,2,20
39,11,1,3
39,11,2,20
39,12,1,3
39,12,2,20
39,13,1,3
39,13,2,20
39,14,1,3
39,14,2,20
39,15,1,3
39,15,2,20
39,16,1,3
39,16,2,20
39,17,1,4
39,17,2,20
39,18,1,4
39,18,2,20
39,19,1,3
39,19,2,20
39,20,1,2
39,20,2,20
39,21,1,2
39,21,2,20
39,22,1,2
39,22,2,20
39,23,1,2
39,23,2,20
39,24,1,2
39,24,2,20
39,25,1,3
39,25,2,20
39,26,1,4
39,26,2,20
39,27,1,4
39,27,2,20
39,28,1,3
39,28,2,20
39,29,1,2
39,29,2,20
39,30,1,1
39,30,2,20
39,31,1,1
39,31,2,20
39,32,1,1
39,32,2,20
39,33,1,2
39,33,2,20
39,34,1,3
39,34,2,20
39,35,1,4
39,35,2,20
39,36,1,4
39,36,2,20
39,37,1,3
39,37,2,20
39,38,1,2
39,38,2,20
39,39,1,1
39,39,2,20
39,40,1,0
39,40,2,20
39,41,1,1
39,41,2,20
39,42,1,2
39,42,2,20
39,43,1,3
39,43,2,20
39,44,1,4
39,44,2,20
39,45,1,4
39,45,2,20
39,46,1,3
39,46,2,20
39,47,1,2
39,47,2,20
39,48,1,1
39,48,2,20
39,49,1,1
39,49,2,20
39,50,1,1
39,50,2,20
39,51,1,2
39,51,2,20
39,52,1,3
39,52,2,20
39,53,1,4
39,53,2,20
39,54,1,4
39,54,2,20
39,55,1,3
39,55,2,20
39,56,1,2
39,56,2,20
39,57,1,2
39,57,2,20
39,58,1,2
39,58,2,20
39,59,1,2
39,59,2,20
39,60,1,2
39,60,2,20
39,61,1,3
39,61,2,20
39,62,1,4
39,62,2,20
39,63,1,4
39,63,2,20
39,64,1,3
39,64,2,20
39,65,1,3
39,65,2,20
39,66,1,3
39,66,2,20
39,67,1,3
39,67,2,20
39,68,1,3
39,68,2,20
39,69,1,3
39,69,2,20
39,70,1,3
39,70,2,20
39,71,1,4
39,71,2,20
39,72,1,4
39,72,2,20
39,73,1,4
39,73,2,20
39,74,1,4
39,74,2,20
39,75,1,4
39,75,2,20
39,76,1,4
39,76,2,20
39,77,1,4
39,77,2,20
39,78,1,4
39,78,2,20
39,79,1,4
39,79,2,20
39,80,1,4
39,80,2,20
40,0,1,4
40,0,2,20
40,1,1,4
40,1,2,20
40,2,1,4
40,2,2,20
40,3,1,4
40,3,2,20
40,4,1,4
40,4,2,20
40,5,1,4
40,5,2,20
40,6,1,4
40,6,2,20
40,7,1,4
40,7,2,20
40,8,1,4
40,8,2,20
40,9,1,4
40,9,2,20
40,10,1,3
40,10,2,20
40,11,1,3
40,11,2,20
40,12,1,3
40,12,2,20
40,13,1,3
40,13,2,20
40,14,1,3
40,14,2,20
40,15,1,3
40,15,2,20
40,16,1,3
40,16,2,20
40,17,1,4
40,17,2,20
40,18,1,4
40,18,2,20
40,19,1,3
40,19,2,20
40,20,1,2
40,20,2,20
40,21,1,2
40,21,2,20
40,22,1,2
40,22,2,20
40,23,1,2
40,23,2,20
40,24,1,2
40,24,2,20
40,25,1,3
40,25,2,20
40,26,1,4
40,26,2,20
40,27,1,4
40,27,2,20
40,28,1,3
40,28,2,20
40,29,1,2
40,29,2,20
40,30,1,1
40,30,2,20
40,31,1,1
40,31,2,20
40,32,1,1
40,32,2,20
40,33,1,2
40,33,2,20
40,34,1,3
40,34,2,20
40,35,1,4
40,35,2,20
40,36,1,4
40,36,2,20
40,37,1,3
40,37,2,20
40,38,1,2
40,38,2,20
40,39,1,1
40,39,2,20
40,40,1,0
40,40,2,20
40,41,1,1
40,41,2,20
40,42,1,2
40,42,2,20
40,43,1,3
40,43,2,20
40,44,1,4
40,44,2,20
40,45,1,4
40,45,2,20
40,46,1,3
40,46,2,20
40,47,1,2
40,47,2,20
40,48,1,1
40,48,2,20
40,49,1,1
40,49,2,20
40,50,1,1
40,50,2,20
40,51,1,2
40,51,2,20
40,52,1,3
40,52,2,20
40,53,1,4
40,53,2,20
40,54,1,4
40,54,2,20
40,55,1,3
40,55,2,20
40,56,1,2
40,56,2,20
40,57,1,2
40,57,2,20
40,58,1,2
40,58,2,20
40,59,1,2
40,59,2,20
40,60,1,2
40,60,2,20
40,61,1,3
40,61,2,20
40,62,1,4
40,62,2,20
40,63,1,4
40,63,2,20
40,64,1,3
40,64,2,20
40,65,1,3
40,65,2,20
40,66,1,3
40,66,2,20
40,67,1,3
40,67,2,20
40,68,1,3
40,68,2,20
40,69,1,3
40,69,2,20
40,70,1,3
40,70,2,20
40,71,1,4
40,71,2,20
40,72,1,4
40,72,2,20
40,73,1,4
40,73,2,20
40,74,1,4
40,74,2,20
40,75,1,4
40,75,2,20
40,76,1,4
40,76,2,20
40,77,1,4
40,77,2,20
40,78,1,4
40,78,2,20
40,79,1,4
40,79,2,20
40,80,1,4
40,80,2,20
41,0,1,4
41,0,2,20
41,1,1,4
41,1,2,20
41,2,1,4
41,2,2,20
41,3,1,4
41,3,2,20
41,4,1,4
41,4,2,20
41,5,1,4
41,5,2,20
41,6,1,4
41,6,2,20
41,7,1,4
41,7,2,20
41,8,1,4
41,8,2,20
41,9,1,4
41,9,2,20
41,10,1,3
41,10,2,20
41,11,1,3
41,11,2,20
41,12,1,3
41,12,2,20
41,13,1,3
41,13,2,20
41,14,1,3
41,14,2,20
41,15,1,3
41,15,2,20
41,16,1,3
41,16,2,20
41,17,1,4
41,17,2,20
41,18,1,4
41,18,2,20
41,19,1,3
41,19,2,20
41,20,1,2
41,20,2,20
41,21,1,2
41,21,2,20
41,22,1,2
41,22,2,20
41,23,1,2
41,23,2,20
41,24,1,2
41,24,2,20
41,25,1,3
41,25,2,20
41,26,1,4
41,26,2,20
41,27,1,4
41,27,2,20
41,28,1,3
41,28,2,20
41,29,1,2
41,29,2,20
41,30,1,1
41,30,2,20
41,31,1,1
41,31,2,20
41,32,1,1
41,32,2,20
41,33,1,2
41,33,2,20
41,34,1,3
41,34,2,20
41,35,1,4
41,35,2,20
41,36,1,4
41,36,2,20
41,37,1,3
41,37,2,20
41,38,1,2
41,38,2,20
41,39,1,1
41,39,2,20
41,40,1,0
41,40,2,20
41,41,1,1
41,41,2,20
41,42,1,2
41,42,2,20
41,43,1,3
41,43,2,20
41,44,1,4
41,44,2,20
41,45,1,4
41,45,2,20
41,46,1,3
41,46,2,20
41,47,1,2
41,47,2,20
41,48,1,1
41,48,2,20
41,49,1,1
41,49,2,20
41,50,1,1
41,50,2,20
41,51,1,2
41,51,2,20
41,52,1,3
41,52,2,20
41,53,1,4
41,53,2,20
41,54,1,4
41,54,2,20
41,55,1,3
41,55,2,20
41,56,1,2
41,56,2,20
41,57,1,2
41,57,2,20
41,58,1,2
41,58,2,20
41,59,1,2
41,59,2,20
41,60,1,2
41,60,2,20
41,61,1,3
41,61,2,20
41,62,1,4
41,62,2,20
41,63,1,4
41,63,2,20
41,64,1,3
41,64,2,20
41,65,1,3
41,65,2,20
41,66,1,3
41,66,2,20
41,67,1,3
41,67,2,20
41,68,1,3
41,68,2,20
41,69,1,3
41,69,2,20
41,70,1,3
41,70,2,20
41,71,1,4
41,71,2,20
41,72,1,4
41,72,2,20
41,73,1,4
41,73,2,20
41,74,1,4
41,74,2,20
41,75,1,4
41,75,2,20
41,76,1,4
41,76,2,20
41,77,1,4
41,77,2,20
41,78,1,4
41,78,2,20
41,79,1,4
41,79,2,20
41,80,1,4
41,80,2,20
42,0,1,4
42,0,2,20
42,1,1,4
42,1,2,20
42,2,1,4
42,2,2,20
42,3,1,4
42,3,2,20
42,4,1,4
42,4,2,20
42,5,1,4
42,5,2,20
42,6,1,4
42,6,2,20
42,7,1,4
42,7,2,20
42,8,1,4
42,8,2,20
42,9,1,4
42,9,2,20
42,10,1,3
42,10,2,20
42,11,1,3
42,11,2,20
42,12,1,3
42,12,2,20
42,13,1,3
42,13,2,20
42,14,1,3
42,14,2,20
42,15,1,3
42,15,2,20
42,16,1,3
42,16,2,20
42,17,1,4
42,17,2,20
42,18,1,4
42,18,2,20
42,19,1,3
42,19,2,20
42,20,1,2
42,20,2,20
42,21,1,2
42,21,2,20
42,22,1,2
42,22,2,20
42,23,1,2
42,23,2,20
42,24,1,2
42,24,2,20
42,25,1,3
42,25,2,20
42,26,1,4
42,26,2,20
42,27,1,4
42,27,2,20
42,28,1,3
42,28,2,20
42,29,1,2
42,29,2,20
42,30,1,1
42,30,2,20
42,31,1,1
42,31,2,20
42,32,1,1
42,32,2,20
42,33,1,2
42,33,2,20
42,34,1,3
42,34,2,20
42,35,1,4
42,35,2,20
42,36,1,4
42,36,2,20
42,37,1,3
42,37,2,20
42,38,1,2
42,38,2,20
42,39,1,1
42,39,2,20
42,40,1,0
42,40,2,20
42,41,1,1
42,41,2,20
42,42,1,2
42,42,2,20
42,43,1,3
42,43,2,20
42,44,1,4
42,44,2,20
42,45,1,4
42,45,2,20
42,46,1,3
42,46,2,20
42,47,1,2
42,47,2,20
42,48,1,1
42,48,2,20
42,49,1,1
42,49,2,20
42,50,1,1
42,50,2,20
42,51,1,2
42,51,2,20
42,52,1,3
42,52,2,20
42,53,1,4
42,53,2,20
42,54,1,4
42,54,2,20
42,55,1,3
42,55,2,20
42,56,1,2
42,56,2,20
42,57,1,2
42,57,2,20
42,58,1,2
42,58,2,20
42,59,1,2
42,59,2,20
42,60,1,2
42,60,2,20
42,61,1,3
42,61,2,20
42,62,1,4
42,62,2,20
42,63,1,4
42,63,2,20
42,64,1,3
42,64,2,20
42,65,1,3
42,65,2,20
42,66,1,3
42,66,2,20
42,67,1,3
42,67,2,20
42,68,1,3
42,68,2,20
42,69,1,3
42,69,2,20
42,70,1,3
42,70,2,20
42,71,1,4
42,71,2,20
42,72,1,4
42,72,2,20
42,73,1,4
42,73,2,20
42,74,1,4
42,74,2,20
42,75,1,4
42,75,2,20
42,76,1,4
42,76,2,20
42,77,1,4
42,77,2,20
42,78,1,4
42,78,2,20
42,79,1,4
42,79,2,20
42,80,1,4
42,80,2,20
43,0,1,4
43,0,2,20
43,1,1,4
43,1,2,20
43,2,1,4
43,2,2,20
43,3,1,4
43,3,2,20
43,4,1,4
43,4,2,20
43,5,1,4
43,5,2,20
43,6,1,4
43,6,2,20
43,7,1,4
43,7,2,20
43,8,1,4
43,8,2,20
43,9,1,4
43,9,2,20
43,10,1,3
43,10,2,20
43,11,1,3
43,11,2,20
43,12,1,3
43,12,2,20
43,13,1,3
43,13,2,20
43,14,1,3
43,14,2,20
43,15,1,3
43,15,2,20
43,16,1,3
43,16,2,20
43,17,1,4
43,17,2,20
43,18,1,4
43,18,2,20
43,19,1,3
43,19,2,20
43,20,1,2
43,20,2,20
43,21,1,2
43,21,2,20
43,22,1,2
43,22,2,20
43,23,1,2
43,23,2,20
43,24,1,2
43,24,2,20
43,25,1,3
43,25,2,20
43,26,1,4
43,26,2,20
43,27,1,4
43,27,2,20
43,28,1,3
43,28,2,20
43,29,1,2
43,29,2,20
43,30,1,1
43,30,2,20
43,31,1,1
43,31,2,20
43,32,1,1
43,32,2,20
43,33,1,2
43,33,2,20
43,34,1,3
43,34,2,20
43,35,1,4
43,35,2,20
43,36,1,4
43,36,2,20
43,37,1,3
43,37,2,20
43,38,1,2
43,38,2,20
43,39,1,1
43,39,2,20
43,40,1,0
43,40,2,20
43,41,1,1
43,41,2,20
43,42,1,2
43,42,2,20
43,43,1,3
43,43,2,20
43,44,1,4
43,44,2,20
43,45,1,4
43,45,2,20
43,46,1,3
43,46,2,20
43,47,1,2
43,47,2,20
43,48,1,1
43,48,2,20
43,49,1,1
43,49,2,20
43,50,1,1
43,50,2,20
43,51,1,2
43,51,2,20
43,52,1,3
43,52,2,20
43,53,1,4
43,53,2,20
43,54,1,4
43,54,2,20
43,55,1,3
43,55,2,20
43,56,1,2
43,56,2,20
43,57,1,2
43,57,2,20
43,58,1,2
43,58,2,20
43,59,1,2
43,59,2,20
43,60,1,2
43,60,2,20
43,61,1,3
43,61,2,20
43,62,1,4
43,62,2,20
43,63,1,4
43,63,2,20
43,64,1,3
43,64,2,20
43,65,1,3
43,65,2,20
43,66,1,3
43,66,2,20
43,67,1,3
43,67,2,20
43,68,1,3
43,68,2,20
43,69,1,3
43,69,2,20
43,70,1,3
43,70,2,20
43,71,1,4
43,71,2,20
43,72,1,4
43,72,2,20
43,73,1,4
43,73,2,20
43,74,1,4
43,74,2,20
43,75,1,4
43,75,2,20
43,76,1,4
43,76,2,20
43,77,1,4
43,77,2,20
43,78,1,4
43,78,2,20
43,79,1,4
43,79,2,20
43,80,1,4
43,80,2,20
44,0,1,4
44,0,2,20
44,1,1,4
44,1,2,20
44,2,1,4
44,2,2,20
44,3,1,4
44,3,2,20
44,4,1,4
44,4,2,20
44,5,1,4
44,5,2,20
44,6,1,4
44,6,2,20
44,7,1,4
44,7,2,20
44,8,1,4
44,8,2,20
44,9,1,4
44,9,2,20
44,10,1,3
44,10,2,20
44,11,1,3
44,11,2,20
44,12,1,3
44,12,2,20
44,13,1,3
44,13,2,20
44,14,1,3
44,14,2,20
44,15,1,3
44,15,2,20
44,16,1,3
44,16,2,20
44,17,1,4
44,17,2,20
44,18,1,4
44,18,2,20
44,19,1,3
44,19,2,20
44,20,1,2
44,20,2,20
44,21,1,2
44,21,2,20
44,22,1,2
44,22,2,20
44,23,1,2
44,23,2,20
44,24,1,2
44,24,2,20
44,25,1,3
44,25,2,20
44,26,1,4
44,26,2,20
44,27,1,4
44,27,2,20
44,28,1,3
44,28,2,20
44,29,1,2
44,29,2,20
44,30,1,1
44,30,2,20
44,31,1,1
44,31,2,20
44,32,1,1
44,32,2,20
44,33,1,2
44,33,2,20
44,34,1,3
44,34,2,20
44,35,1,4
44,35,2,20
44,36,1,4
44,36,2,20
44,37,1,3
44,37,2,20
44,38,1,2
44,38,2,20
44,39,1,1
44,39,2,20
44,40,1,0
44,40,2,20
44,41,1,1
44,41,2,20
44,42,1,2
44,42,2,20
44,43,1,3
44,43,2,20
44,44,1,4
44,44,2,20
44,45,1,4
44,45,2,20
44,46,1,3
44,46,2,20
44,47,1,2
44,47,2,20
44,48,1,1
44,48,2,20
44,49,1,1
44,49,2,20
44,50,1,1
44,50,2,20
44,51,1,2
44,51,2,20
44,52,1,3
44,52,2,20
44,53,1,4
44,53,2,20
44,54,1,4
44,54,2,20
44,55,1,3
44,55,2,20
44,56,1,2
44,56,2,20
44,57,1,2
44,57,2,20
44,58,1,2
44,58,2,20
44,59,1,2
44,59,2,20
44,60,1,2
44,60,2,20
44,61,1,3
44,61,2,20
44,62,1,4
44,62,2,20
44,63,1,4
44,63,2,20
44,64,1,3
44,64,2,20
44,65,1,3
44,65,2,20
44,66,1,3
44,66,2,20
44,67,1,3
44,67,2,20
44,68,1,3
44,68,2,20
44,69,1,3
44,69,2,20
44,70,1,3
44,70,2,20
44,71,1,4
44,71,2,20
44,72,1,4
44,72,2,20
44,73,1,4
44,73,2,20
44,74,1,4
44,74,2,20
44,75,1,4
44,75,2,20
44,76,1,4
44,76,2,20
44,77,1,4
44,77,2,20
44,78,1,4
44,78,2,20
44,79,1,4
44,79,2,20
44,80,1,4
44,80,2,20
45,0,1,4
45,0,2,20
45,1,1,4
45,1,2,20
45,2,1,4
45,2,2,20
45,3,1,4
45,3,2,20
45,4,1,4
45,4,2,20
45,5,1,4
45,5,2,20
45,6,1,4
45,6,2,20
45,7,1,4
45,7,2,20
45,8,1,4
45,8,2,20
45,9,1,4
45,9,2,20
45,10,1,3
45,10,2,20
45,11,1,3
45,11,2,20
45,12,1,3
45,12,2,20
45,13,1,3
45,13,2,20
45,14,1,3
45,14,2,20
45,15,1,3
45,15,2,20
45,16,1,3
45,16,2,20
45,17,1,4
45,17,2,20
45,18,1,4
45,18,2,20
45,19,1,3
45,19,2,20
45,20,1,2
45,20,2,20
45,21,1,2
45,21,2,20
45,22,1,2
45,22,2,20
45,23,1,2
45,23,2,20
45,24,1,2
45,24,2,20
45,25,1,3
45,25,2,20
45,26,1,4
45,26,2,20
45,27,1,4
45,27,2,20
45,28,1,3
45,28,2,20
45,29,1,2
45,29,2,20
45,30,1,1
45,30,2,20
45,31,1,1
45,31,2,20
45,32,1,1
45,32,2,20
45,33,1,2
45,33,2,20
45,34,1,3
45,34,2,20
45,35,1,4
45,35,2,20
45,36,1,4
45,36,2,20
45,37,1,3
45,37,2,20
45,38,1,2
45,38,2,20
45,39,1,1
45,39,2,20
45,40,1,0
45,40,2,20
45,41,1,1
45,41,2,20
45,42,1,2
45,42,2,20
45,43,1,3
45,43,2,20
45,44,1,4
45,44,2,20
45,45,1,4
45,45,2,20
45,46,1,3
45,46,2,20
45,47,1,2
45,47,2,20
45,48,1,1
45,48,2,20
45,49,1,1
45,49,2,20
45,50,1,1
45,50,2,20
45,51,1,2
45,51,2,20
45,52,1,3
45,52,2,20
45,53,1,4
45,53,2,20
45,54,1,4
45,54,2,20
45,55,1,3
45,55,2,20
45,56,1,2
45,56,2,20
45,57,1,2
45,57,2,20
45,58,1,2
45,58,2,20
45,59,1,2
45,59,2,20
45,60,1,2
45,60,2,20
45,61,1,3
45,61,2,20
45,62,1,4
45,62,2,20
45,63,1,4
45,63,2,20
45,64,1,3
45,64,2,20
45,65,1,3
45,65,2,20
45,66,1,3
45,66,2,20
45,67,1,3
45,67,2,20
45,68,1,3
45,68,2,20
45,69,1,3
45,69,2,20
45,70,1,3
45,70,2,20
45,71,1,4
45,71,2,20
45,72,1,4
45,72,2,20
45,73,1,4
45,73,2,20
45,74,1,4
45,74,2,20
45,75,1,4
45,75,2,20
45,76,1,4
45,76,2,20
45,77,1,4
45,77,2,20
45,78,1,4
45,78,2,20
45,79,1,4
45,79,2,20
45,80,1,4
45,80,2,20
46,0,1,4
46,0,2,20
46,1,1,4
46,1,2,20
46,2,1,4
46,2,2,20
46,3,1,4
46,3,2,20
46,4,1,4
46,4,2,20
46,5,1,4
46,5,2,20
46,6,1,4
46,6,2,20
46,7,1,4
46,7,2,20
46,8,1,4
46,8,2,20
46,9,1,4
46,9,2,20
46,10,1,3
46,10,2,20
46,11,1,3
46,11,2,20
46,12,1,3
46,12,2,20
46,13,1,3
46,13,2,20
46,14,1,3
46,14,2,20
46,15,1,3
46,15,2,20
46,16,1,3
46,16,2,20
46,17,1,4
46,17,2,20
46,18,1,4
46,18,2,20
46,19,1,3
46,19,2,20
46,20,1,2
46,20,2,20
46,21,1,2
46,21,2,20
46,22,1,2
46,22,2,20
46,23,1,2
46,23,2,20
46,24,1,2
46,24,2,20
46,25,1,3
46,25,2,20
46,26,1,4
46,26,2,20
46,27,1,4
46,27,2,20
46,28,1,3
46,28,2,20
46,29,1,2
46,29,2,20
46,30,1,1
46,30,2,20
46,31,1,1
46,31,2,20
46,32,1,1
46,32,2,20
46,33,1,2
46,33,2,20
46,34,1,3
46,34,2,20
46,35,1,4
46,35,2,20
46,36,1,4
46,36,2,20
46,37,1,3
46,37,2,20
46,38,1,2
46,38,2,20
46,39,1,1
46,39,2,20
46,40,1,0
46,40,2,20
46,41,1,1
46,41,2,20
46,42,1,2
46,42,2,20
46,43,1,3
46,43,2,20
46,44,1,4
46,44,2,20
46,45,1,4
46,45,2,20
46,46,1,3
46,46,2,20
46,47,1,2
46,47,2,20
46,48,1,1
46,48,2,20
46,49,1,1
46,49,2,20
46,50,1,1
46,50,2,20
46,51,1,2
46,51,2,20
46,52,1,3
46,52,2,20
46,53,1,4
46,53,2,20
46,54,1,4
46,54,2,20
46,55,1,3
46,55,2,20
46,56,1,2
46,56,2,20
46,57,1,2
46,57,2,20
46,58,1,2
46,58,2,20
46,59,1,2
46,59,2,20
46,60,1,2
46,60,2,20
46,61,1,3
46,61,2,20
46,62,1,4
46,62,2,20
46,63,1,4
46,63,2,20
46,64,1,3
46,64,2,20
46,65,1,3
46,65,2,20
46,66,1,3
46,66,2,20
46,67,1,3
46,67,2,20
46,68,1,3
46,68,2,20
46,69,1,3
46,69,2,20
46,70,1,3
46,70,2,20
46,71,1,4
46,71,2,20
46,72,1,4
46,72,2,20
46,73,1,4
46,73,2,20
46,74,1,4
46,74,2,20
46,75,1,4
46,75,2,20
46,76,1,4
46,76,2,20
46,77,1,4
46,77,2,20
46,78,1,4
46,78,2,20
46,79,1,4
46,79,2,20
46,80,1,4
46,80,2,20
47,0,1,4
47,0,2,20
47,1,1,4
47,1,2,20
47,2,1,4
47,2,2,20
47,3,1,4
47,3,2,20
47,4,1,4
47,4,2,20
47,5,1,4
47,5,2,20
47,6,1,4
47,6,2,20
47,7,1,4
47,7,2,20
47,8,1,4
47,8,2,20
47,9,1,4
47,9,2,20
47,10,1,3
47,10,2,20
47,11,1,3
47,11,2,20
47,12,1,3
47,12,2,20
47,13,1,3
47,13,2,20
47,14,1,3
47,14,2,20
47,15,1,3
47,15,2,20
47,16,1,3
47,16,2,20
47,17,1,4
47,17,2,20
47,18,1,4
47,18,2,20
47,19,1,3
47,19,2,20
47,20,1,2
47,20,2,20
47,21,1,2
47,21,2,20
47,22,1,2
47,22,2,20
47,23,1,2
47,23,2,20
47,24,1,2
47,24,2,20
47,25,1,3
47,25,2,20
47,26,1,4
47,26,2,20
47,27,1,4
47,27,2,20
47,28,1,3
47,28,2,20
47,29,1,2
47,29,2,20
47,30,1,1
47,30,2,20
47,31,1,1
47,31,2,20
47,32,1,1
47,32,2,20
47,33,1,2
47,33,2,20
47,34,1,3
47,34,2,20
47,35,1,4
47,35,2,20
47,36,1,4
47,36,2,20
47,37,1,3
47,37,2,20
47,38,1,2
47,38,2,20
47,39,1,1
47,39,2,20
47,40,1,0
47,40,2,20
47,41,1,1
47,41,2,20
47,42,1,2
47,42,2,20
47,43,1,3
47,43,2,20
47,44,1,4
47,44,2,20
47,45,1,4
47,45,2,20
47,46,1,3
47,46,2,20
47,47,1,2
47,47,2,20
47,48,1,1
47,48,2,20
47,49,1,1
47,49,2,20
47,50,1,1
47,50,2,20
47,51,1,2
47,51,2,20
47,52,1,3
47,52,2,20
47,53,1,4
47,53,2,20
47,54,1,4
47,54,2,20
47,55,1,3
47,55,2,20
47,56,1,2
47,56,2,20
47,57,1,2
47,57,2,20
47,58,1,2
47,58,2,20
47,59,1,2
47,59,2,20
47,60,1,2
47,60,2,20
47,61,1,3
47,61,2,20
47,62,1,4
47,62,2,20
47,63,1,4
47,63,2,20
47,64,1,3
47,64,2,20
47,65,1,3
47,65,2,20
47,66,1,3
47,66,2,20
47,67,1,3
47,67,2,20
47,68,1,3
47,68,2,20
47,69,1,3
47,69,2,20
47,70,1,3
47,70,2,20
47,71,1,4
47,71,2,20
47,72,1,4
47,72,2,20
47,73,1,4
47,73,2,20
47,74,1,4
47,74,2,20
47,75,1,4
47,75,2,20
47,76,1,4
47,76,2,20
47,77,1,4
47,77,2,20
47,78,1,4
47,78,2,20
47,79,1,4
47,79,2,20
47,80,1,4
47,80,2,20
48,0,1,4
48,0,2,20
48,1,1,4
48,1,2,20
48,2,1,4
48,2,2,20
48,3,1,4
48,3,2,20
48,4,1,4
48,4,2,20
48,5,1,4
48,5,2,20
48,6,1,4
48,6,2,20
48,7,1,4
48,7,2,20
48,8,1,4
48,8,2,20
48,9,1,4
48,9,2,20
48,10,1,3
48,10,2,20
48,11,1,3
48,11,2,20
48,12,1,3
48,12,2,20
48,13,1,3
48,13,2,20
48,14,1,3
48,14,2,20
48,15,1,3
48,15,2,20
48,16,1,3
48,16,2,20
48,17,1,4
48,17,2,20
48,18,1,4
48,18,2,20
48,19,1,3
48,19,2,20
48,20,1,2
48,20,2,20
48,21,1,2
48,21,2,20
48,22,1,2
48,22,2,20
48,23,1,2
48,23,2,20
48,24,1,2
48,24,2,20
48,25,1,3
48,25,2,20
48,26,1,4
48,26,2,20
48,27,1,4
48,27,2,20
48,28,1,3
48,28,2,20
48,29,1,2
48,29,2,20
48,30,1,1
48,30,2,20
48,31,1,1
48,31,2,20
48,32,1,1
48,32,2,20
48,33,1,2
48,33,2,20
48,34,1,3
48,34,2,20
48,35,1,4
48,35,2,20
48,36,1,4
48,36,2,20
48,37,1,3
48,37,2,20
48,38,1,2
48,38,2,20
48,39,1,1
48,39,2,20
48,40,1,0
48,40,2,20
48,41,1,1
48,41,2,20
48,42,1,2
48,42,2,20
48,43,1,3
48,43,2,20
48,44,1,4
48,44,2,20
48,45,1,4
48,45,2,20
48,46,1,3
48,46,2,20
48,47,1,2
48,47,2,20
48,48,1,1
48,48,2,20
48,49,1,1
48,49,2,20
48,50,1,1
48,50,2,20
48,51,1,2
48,51,2,20
48,52,1,3
48,52,2,20
48,53,1,4
48,53,2,20
48,54,1,4
48,54,2,20
48,55,1,3
48,55,2,20
48,56,1,2
48,56,2,20
48,57,1,2
48,57,2,20
48,58,1,2
48,58,2,20
48,59,1,2
48,59,2,20
48,60,1,2
48,60,2,20
48,61,1,3
48,61,2,20
48,62,1,4
48,62,2,20
48,63,1,4
48,63,2,20
48,64,1,3
48,64,2,20
48,65,1,3
48,65,2,20
48,66,1,3
48,66,2,20
48,67,1,3
48,67,2,20
48,68,1,3
48,68,2,20
48,69,1,3
48,69,2,20
48,70,1,3
48,70,2,20
48,71,1,4
48,71,2,20
48,72,1,4
48,72,2,20
48,73,1,4
48,73,2,20
48,74,1,4
48,74,2,20
48,75,1,4
48,75,2,20
48,76,1,4
48,76,2,20
48,77,1,4
48,77,2,20
48,78,1,4
48,78,2,20
48,79,1,4
48,79,2,20
48,80,1,4
48,80,2,20
49,0,1,4
49,0,2,20
49,1,1,4
49,1,2,20
49,2,1,4
49,2,2,20
49,3,1,4
49,3,2,20
49,4,1,4
49,4,2,20
49,5,1,4
49,5,2,20
49,6,1,4
49,6,2,20
49,7,1,4
49,7,2,20
49,8,1,4
49,8,2,20
49,9,1,4
49,9,2,20
49,10,1,3
49,10,2,20
49,11,1,3
49,11,2,20
49,12,1,3
49,12,2,20
49,13,1,3
49,13,2,20
49,14,1,3
49,14,2,20
49,15,1,3
49,15,2,20
49,16,1,3
49,16,2,20
49,17,1,4
49,17,2,20
49,18,1,4
49,18,2,20
49,19,1,3
49,19,2,20
49,20,1,2
49,20,2,20
49,21,1,2
49,21,2,20
49,22,1,2
49,22,2,20
49,23,1,2
49,23,2,20
49,24,1,2
49,24,2,20
49,25,1,3
49,25,2,20
49,26,1,4
49,26,2,20
49,27,1,4
49,27,2,20
49,28,1,3
49,28,2,20
49,29,1,2
49,29,2,20
49,30,1,1
49,30,2,20
49,31,1,1
49,31,2,20
49,32,1,1
49,32,2,20
49,33,1,2
49,33,2,20
49,34,1,3
49,34,2,20
49,35,1,4
49,35,2,20
49,36,1,4
49,36,2,20
49,37,1,3
49,37,2,20
49,38,1,2
49,38,2,20
49,39,1,1
49,39,2,20
49,40,1,0
49,40,2,20
49,41,1,1
49,41,2,20
49,42,1,2
49,42,2,20
49,43,1,3
49,43,2,20
49,44,1,4
49,44,2,20
49,45,1,4
49,45,2,20
49,46,1,3
49,46,2,20
49,47,1,2
49,47,2,20
49,48,1,1
49,48,2,20
49,49,1,1
49,49,2,20
49,50,1,1
49,50,2,20
49,51,1,2
49,51,2,20
49,52,1,3
49,52,2,20
49,53,1,4
49,53,2,20
49,54,1,4
49,54,2,20
49,55,1,3
49,55,2,20
49,56,1,2
49,56,2,20
49,57,1,2
49,57,2,20
49,58,1,2
49,58,2,20
49,59,1,2
49,59,2,20
49,60,1,2
49,60,2,20
49,61,1,3
49,61,2,20
49,62,1,4
49,62,2,20
49,63,1,4
49,63,2,20
49,64,1,3
49,64,2,20
49,65,1,3
49,65,2,20
49,66,1,3
49,66,2,20
49,67,1,3
49,67,2,20
49,68,1,3
49,68,2,20
49,69,1,3
49,69,2,20
49,70,1,3
49,70,2,20
49,71,1,4
49,71,2,20
49,72,1,4
49,72,2,20
49,73,1,4
49,73,2,20
49,74,1,4
49,74,2,20
49,75,1,4
49,75,2,20
49,76,1,4
49,76,2,20
49,77,1,4
49,77,2,20
49,78,1,4
49,78,2,20
49,79,1,4
49,79,2,20
49,80,1,4
49,80,2,20
50,0,1,4
50,0,2,20
50,1,1,4
50,1,2,20
50,2,1,4
50,2,2,20
50,3,1,4
50,3,2,20
50,4,1,4
50,4,2,20
50,5,1,4
50,5,2,20
50,6,1,4
50,6,2,20
50,7,1,4
50,7,2,20
50,8,1,4
50,8,2,20
50,9,1,4
50,9,2,20
50,10,1,3
50,10,2,20
50,11,1,3
50,11,2,20
50,12,1,3
50,12,2,20
50,13,1,3
50,13,2,20
50,14,1,3
50,14,2,20
50,15,1,3
50,15,2,20
50,16,1,3
50,16,2,20
50,17,1,4
50,17,2,20
50,18,1,4
50,18,2,20
50,19,1,3
50,19,2,20
50,20,1,2
50,20,2,20
50,21,1,2
50,21,2,20
50,22,1,2
50,22,2,20
50,23,1,2
50,23,2,20
50,24,1,2
50,24,2,20
50,25,1,3
50,25,2,20
50,26,1,4
50,26,2,20
50,27,1,4
50,27,2,20
50,28,1,3
50,28,2,20
50,29,1,2
50,29,2,20
50,30,1,1
50,30,2,20
50,31,1,1
50,31,2,20
50,32,1,1
50,32,2,20
50,33,1,2
50,33,2,20
50,34,1,3
50,34,2,20
50,35,1,4
50,35,2,20
50,36,1,4
50,36,2,20
50,37,1,3
50,37,2,20
50,38,1,2
50,38,2,20
50,39,1,1
50,39,2,20
50,40,1,0
50,40,2,20
50,41,1,1
50,41,2,20
50,42,1,2
50,42,2,20
50,43,1,3
50,43,2,20
50,44,1,4
50,44,2,20
50,45,1,4
50,45,2,20
50,46,1,3
50,46,2,20
50,47,1,2
50,47,2,20
50,48,1,1
50,48,2,20
50,49,1,1
50,49,2,20
50,50,1,1
50,50,2,20
50,51,1,2
50,51,2,20
50,52,1,3
50,52,2,20
50,53,1,4
50,53,2,20
50,54,1,4
50,54,2,20
50,55,1,3
50,55,2,20
50,56,1,2
50,56,2,20
50,57,1,2
50,57,2,20
50,58,1,2
50,58,2,20
50,59,1,2
50,59,2,20
50,60,1,2
50,60,2,20
50,61,1,3
50,61,2,20
50,62,1,4
50,62,2,20
50,63,1,4
50,63,2,20
50,64,1,3
50,64,2,20
50,65,1,3
50,65,2,20
50,66,1,3
50,66,2,20
50,67,1,3
50,67,2,20
50,68,1,3
50,68,2,20
50,69,1,3
50,69,2,20
50,70,1,3
50,70,2,20
50,71,1,4
50,71,2,20
50,72,1,4
50,72,2,20
50,73,1,4
50,73,2,20
50,74,1,4
50,74,2,20
50,75,1,4
50,75,2,20
50,76,1,4
50,76,2,20
50,77,1,4
50,77,2,20
50,78,1,4
50,78,2,20
50,79,1,4
50,79,2,20
50,80,1,4
50,80,2,20
51,0,1,4
51,0,2,20
51,1,1,4
51,1,2,20
51,2,1,4
51,2,2,20
51,3,1,4
51,3,2,20
51,4,1,4
51,4,2,20
51,5,1,4
51,5,2,20
51,6,1,4
51,6,2,20
51,7,1,4
51,7,2,20
51,8,1,4
51,8,2,20
51,9,1,4
51,9,2,20
51,10,1,3
51,10,2,20
51,11,1,3
51,11,2,20
51,12,1,3
51,12,2,20
51,13,1,3
51,13,2,20
51,14,1,3
51,14,2,20
51,15,1,3
51,15,2,20
51,16,1,3
51,16,2,20
51,17,1,4
51,17,2,20
51,18,1,4
51,18,2,20
51,19,1,3
51,19,2,20
51,20,1,2
51,20,2,20
51,21,1,2
51,21,2,20
51,22,1,2
51,22,2,20
51,23,1,2
51,23,2,20
51,24,1,2
51,24,2,20
51,25,1,3
51,25,2,20
51,26,1,4
51,26,2,20
51,27,1,4
51,27,2,20
51,28,1,3
51,28,2,20
51,29,1,2
51,29,2,20
51,30,1,1
51,30,2,20
51,31,1,1
51,31,2,20
51,32,1,1
51,32,2,20
51,33,1,2
51,33,2,20
51,34,1,3
51,34,2,20
51,35,1,4
51,35,2,20
51,36,1,4
51,36,2,20
51,37,1,3
51,37,2,20
51,38,1,2
51,38,2,20
51,39,1,1
51,39,2,20
51,40,1,0
51,40,2,20
51,41,1,1
51,41,2,20
51,42,1,2
51,42,2,20
51,43,1,3
51,43,2,20
51,44,1,4
51,44,2,20
51,45,1,4
51,45,2,20
51,46,1,3
51,46,2,20
51,47,1,2
51,47,2,20
51,48,1,1
51,48,2,20
51,49,1,1
51,49,2,20
51,50,1,1
51,50,2,20
51,51,1,2
51,51,2,20
51,52,1,3
51,52,2,20
51,53,1,4
51,53,2,20
51,54,1,4
51,54,2,20
51,55,1,3
51,55,2,20
51,56,1,2
51,56,2,20
51,57,1,2
51,57,2,20
51,58,1,2
51,58,2,20
51,59,1,2
51,59,2,20
51,60,1,2
51,60,2,20
51,61,1,3
51,61,2,20
51,62,1,4
51,62,2,20
51,63,1,4
51,63,2,20
51,64,1,3
51,64,2,20
51,65,1,3
51,65,2,20
51,66,1,3
51,66,2,20
51,67,1,3
51,67,2,20
51,68,1,3
51,68,2,20
51,69,1,3
51,69,2,20
51,70,1,3
51,70,2,20
51,71,1,4
51,71,2,20
51,72,1,4
51,72,2,20
51,73,1,4
51,73,2,20
51,74,1,4
51,74,2,20
51,75,1,4
51,75,2,20
51,76,1,4
51,76,2,20
51,77,1,4
51,77,2,20
51,78,1,4
51,78,2,20
51,79,1,4
51,79,2,20
51,80,1,4
51,80,2,20
52,0,1,4
52,0,2,20
52,1,1,4
52,1,2,20
52,2,1,4
52,2,2,20
52,3,1,4
52,3,2,20
52,4,1,4
52,4,2,20
52,5,1,4
52,5,2,20
52,6,1,4
52,6,2,20
52,7,1,4
52,7,2,20
52,8,1,4
52,8,2,20
52,9,1,4
52,9,2,20
52,10,1,3
52,10,2,20
52,11,1,3
52,11,2,20
52,12,1,3
52,12,2,20
52,13,1,3
52,13,2,20
52,14,1,3
52,14,2,20
52,15,1,3
52,15,2,20
52,16,1,3
52,16,2,20
52,17,1,4
52,17,2,20
52,18,1,4
52,18,2,20
52,19,1,3
52,19,2,20
52,20,1,2
52,20,2,20
52,21,1,2
52,21,2,20
52,22,1,2
52,22,2,20
52,23,1,2
52,23,2,20
52,24,1,2
52,24,2,20
52,25,1,3
52,25,2,20
52,26,1,4
52,26,2,20
52,27,1,4
52,27,2,20
52,28,1,3
52,28,2,20
52,29,1,2
52,29,2,20
52,30,1,1
52,30,2,20
52,31,1,1
52,31,2,20
52,32,1,1
52,32,2,20
52,33,1,2
52,33,2,20
52,34,1,3
52,34,2,20
52,35,1,4
52,35,2,20
52,36,1,4
52,36,2,20
52,37,1,3
52,37,2,20
52,38,1,2
52,38,2,20
52,39,1,1
52,39,2,20
52,40,1,0
52,40,2,20
52,41,1,1
52,41,2,20
52,42,1,2
52,42,2,20
52,43,1,3
52,43,2,20
52,44,1,4
52,44,2,20
52,45,1,4
52,45,2,20
52,46,1,3
52,46,2,20
52,47,1,2
52,47,2,20
52,48,1,1
52,48,2,20
52,49,1,1
52,49,2,20
52,50,1,1
52,50,2,20
52,51,1,2
52,51,2,20
52,52,1,3
52,52,2,20
52,53,1,4
52,53,2,20
52,54,1,4
52,54,2,20
52,55,1,3
52,55,2,20
52,56,1,2
52,56,2,20
52,57,1,2
52,57,2,20
52,58,1,2
52,58,2,20
52,59,1,2
52,59,2,20
52,60,1,2
52,60,2,20
52,61,1,3
52,61,2,20
52,62,1,4
52,62,2,20
52,63,1,4
52,63,2,20
52,64,1,3
52,64,2,20
52,65,1,3
52,65,2,20
52,66,1,3
52,66,2,20
52,67,1,3
52,67,2,20
52,68,1,3
52,68,2,20
52,69,1,3
52,69,2,20
52,70,1,3
52,70,2,20
52,71,1,4
52,71,2,20
52,72,1,4
52,72,2,20
52,73,1,4
52,73,2,20
52,74,1,4
52,74,2,20
52,75,1,4
52,75,2,20
52,76,1,4
52,76,2,20
52,77,1,4
52,77,2,20
52,78,1,4
52,78,2,20
52,79,1,4
52,79,2,20
52,80,1,4
52,80,2,20
53,0,1,4
53,0,2,20
53,1,1,4
53,1,2,20
53,2,1,4
53,2,2,20
53,3,1,4
53,3,2,20
53,4,1,4
53,4,2,20
53,5,1,4
53,5,2,20
53,6,1,4
53,6,2,20
53,7,1,4
53,7,2,20
53,8,1,4
53,8,2,20
53,9,1,4
53,9,2,20
53,10,1,3
53,10,2,20
53,11,1,3
53,11,2,20
53,12,1,3
53,12,2,20
53,13,1,3
53,13,2,20
53,14,1,3
53,14,2,20
53,15,1,3
53,15,2,20
53,16,1,3
53,16,2,20
53,17,1,4
53,17,2,20
53,18,1,4
53,18,2,20
53,19,1,3
53,19,2,20
53,20,1,2
53,20,2,20
53,21,1,2
53,21,2,20
53,22,1,2
53,22,2,20
53,23,1,2
53,23,2,20
53,24,1,2
53,24,2,20
53,25,1,3
53,25,2,20
53,26,1,4
53,26,2,20
53,27,1,4
53,27,2,20
53,28,1,3
53,28,2,20
53,29,1,2
53,29,2,20
53,30,1,1
53,30,2,20
53,31,1,1
53,31,2,20
53,32,1,1
53,32,2,20
53,33,1,2
53,33,2,20
53,34,1,3
53,34,2,20
53,35,1,4
53,35,2,20
53,36,1,4
53,36,2,20
53,37,1,3
53,37,2,20
53,38,1,2
53,38,2,20
53,39,1,1
53,39,2,20
53,40,1,0
53,40,2,20
53,41,1,1
53,41,2,20
53,42,1,2
53,42,2,20
53,43,1,3
53,43,2,20
53,44,1,4
53,44,2,20
53,45,1,4
53,45,2,20
53,46,1,3
53,46,2,20
53,47,1,2
53,47,2,20
53,48,1,1
53,48,2,20
53,49,1,1
53,49,2,20
53,50,1,1
53,50,2,20
53,51,1,2
53,51,2,20
53,52,1,3
53,52,2,20
53,53,1,4
53,53,2,20
53,54,1,4
53,54,2,20
53,55,1,3
53,55,2,20
53,56,1,2
53,56,2,20
53,57,1,2
53,57,2,20
53,58,1,2
53,58,2,20
53,59,1,2
53,59,2,20
53,60,1,2
53,60,2,20
53,61,1,3
53,61,2,20
53,62,1,4
53,62,2,20
53,63,1,4
53,63,2,20
53,64,1,3
53,64,2,20
53,65,1,3
53,65,2,20
53,66,1,3
53,66,2,20
53,67,1,3
53,67,2,20
53,68,1,3
53,68,2,20
53,69,1,3
53,69,2,20
53,70,1,3
53,70,2,20
53,71,1,4
53,71,2,20
53,72,1,4
53,72,2,20
53,73,1,4
53,73,2,20
53,74,1,4
53,74,2,20
53,75,1,4
53,75,2,20
53,76,1,4
53,76,2,20
53,77,1,4
53,77,2,20
53,78,1,4
53,78,2,20
53,79,1,4
53,79,2,20
53,80,1,4
53,80,2,20
54,0,1,4
54,0,2,20
54,1,1,4
54,1,2,20
54,2,1,4
54,2,2,20
54,3,1,4
54,3,2,20
54,4,1,4
54,4,2,20
54,5,1,4
54,5,2,20
54,6,1,4
54,6,2,20
54,7,1,4
54,7,2,20
54,8,1,4
54,8,2,20
54,9,1,4
54,9,2,20
54,10,1,3
54,10,2,20
54,11,1,3
54,11,2,20
54,12,1,3
54,12,2,20
54,13,1,3
54,13,2,20
54,14,1,3
54,14,2,20
54,15,1,3
54,15,2,20
54,16,1,3
54,16,2,20
54,17,1,4
54,17,2,20
54,18,1,4
54,18,2,20
54,19,1,3
54,19,2,20
54,20,1,2
54,20,2,20
54,21,1,2
54,21,2,20
54,22,1,2
54,22,2,20
54,23,1,2
54,23,2,20
54,24,1,2
54,24,2,20
54,25,1,3
54,25,2,20
54,26,1,4
54,26,2,20
54,27,1,4
54,27,2,20
54,28,1,3
54,28,2,20
54,29,1,2
54,29,2,20
54,30,1,1
54,30,2,20
54,31,1,1
54,31,2,20
54,32,1,1
54,32,2,20
54,33,1,2
54,33,2,20
54,34,1,3
54,34,2,20
54,35,1,4
54,35,2,20
54,36,1,4
54,36,2,20
54,37,1,3
54,37,2,20
54,38,1,2
54,38,2,20
54,39,1,1
54,39,2,20
54,40,1,0
54,40,2,20
54,41,1,1
54,41,2,20
54,42,1,2
54,42,2,20
54,43,1,3
54,43,2,20
54,44,1,4
54,44,2,20
54,45,1,4
54,45,2,20
54,46,1,3
54,46,2,20
54,47,1,2
54,47,2,20
54,48,1,1
54,48,2,20
54,49,1,1
54,49,2,20
54,50,1,1
54,50,2,20
54,51,1,2
54,51,2,20
54,52,1,3
54,52,2,20
54,53,1,4
54,53,2,20
54,54,1,4
54,54,2,20
54,55,1,3
54,55,2,20
54,56,1,2
54,56,2,20
54,57,1,2
54,57,2,20
54,58,1,2
54,58,2,20
54,59,1,2
54,59,2,20
54,60,1,2
54,60,2,20
54,61,1,3
54,61,2,20
54,62,1,4
54,62,2,20
54,63,1,4
54,63,2,20
54,64,1,3
54,64,2,20
54,65,1,3
54,65,2,20
54,66,1,3
54,66,2,20
54,67,1,3
54,67,2,20
54,68,1,3
54,68,2,20
54,69,1,3
54,69,2,20
54,70,1,3
54,70,2,20
54,71,1,4
54,71,2,20
54,72,1,4
54,72,2,20
54,73,1,4
54,73,2,20
54,74,1,4
54,74,2,20
54,75,1,4
54,75,2,20
54,76,1,4
54,76,2,20
54,77,1,4
54,77,2,20
54,78,1,4
54,78,2,20
54,79,1,4
54,79,2,20
54,80,1,4
54,80,2,20
55,0,1,4
55,0,2,20
55,1,1,4
55,1,2,20
55,2,1,4
55,2,2,20
55,3,1,4
55,3,2,20
55,4,1,4
55,4,2,20
55,5,1,4
55,5,2,20
55,6,1,4
55,6,2,20
55,7,1,4
55,7,2,20
55,8,1,4
55,8,2,20
55,9,1,4
55,9,2,20
55,10,1,3
55,10,2,20
55,11,1,3
55,11,2,20
55,12,1,3
55,12,2,20
55,13,1,3
55,13,2,20
55,14,1,3
55,14,2,20
55,15,1,3
55,15,2,20
55,16,1,3
55,16,2,20
55,17,1,4
55,17,2,20
55,18,1,4
55,18,2,20
55,19,1,3
55,19,2,20
55,20,1,2
55,20,2,20
55,21,1,2
55,21,2,20
55,22,1,2
55,22,2,20
55,23,1,2
55,23,2,20
55,24,1,2
55,24,2,20
55,25,1,3
55,25,2,20
55,26,1,4
55,26,2,20
55,27,1,4
55,27,2,20
55,28,1,3
55,28,2,20
55,29,1,2
55,29,2,20
55,30,1,1
55,30,2,20
55,31,1,1
55,31,2,20
55,32,1,1
55,32,2,20
55,33,1,2
55,33,2,20
55,34,1,3
55,34,2,20
55,35,1,4
55,35,2,20
55,36,1,4
55,36,2,20
55,37,1,3
55,37,2,20
55,38,1,2
55,38,2,20
55,39,1,1
55,39,2,20
55,40,1,0
55,40,2,20
55,41,1,1
55,41,2,20
55,42,1,2
55,42,2,20
55,43,1,3
55,43,2,20
55,44,1,4
55,44,2,20
55,45,1,4
55,45,2,20
55,46,1,3
55,46,2,20
55,47,1,2
55,47,2,20
55,48,1,1
55,48,2,20
55,49,1,1
55,49,2,20
55,50,1,1
55,50,2,20
55,51,1,2
55,51,2,20
55,52,1,3
55,52,2,20
55,53,1,4
55,53,2,20
55,54,1,4
55,54,2,20
55,55,1,3
55,55,2,20
55,56,1,2
55,56,2,20
55,57,1,2
55,57,2,20
55,58,1,2
55,58,2,20
55,59,1,2
55,59,2,20
55,60,1,2
55,60,2,20
55,61,1,3
55,61,2,20
55,62,1,4
55,62,2,20
55,63,1,4
55,63,2,20
55,64,1,3
55,64,2,20
55,65,1,3
55,65,2,20
55,66,1,3
55,66,2,20
55,67,1,3
55,67,2,20
55,68,1,3
55,68,2,20
55,69,1,3
55,69,2,20
55,70,1,3
55,70,2,20
55,71,1,4
55,71,2,20
55,72,1,4
55,72,2,20
55,73,1,4
55,73,2,20
55,74,1,4
55,74,2,20
55,75,1,4
55,75,2,20
55,76,1,4
55,76,2,20
55,77,1,4
55,77,2,20
55,78,1,4
55,78,2,20
55,79,1,4
55,79,2,20
55,80,1,4
55,80,2,20
56,0,1,4
56,0,2,20
56,1,1,4
56,1,2,20
56,2,1,4
56,2,2,20
56,3,1,4
56,3,2,20
56,4,1,4
56,4,2,20
56,5,1,4
56,5,2,20
56,6,1,4
56,6,2,20
56,7,1,4
56,7,2,20
56,8,1,4
56,8,2,20
56,9,1,4
56,9,2,20
56,10,1,3
56,10,2,20
56,11,1,3
56,11,2,20
56,12,1,3
56,12,2,20
56,13,1,3
56,13,2,20
56,14,1,3
56,14,2,20
56,15,1,3
56,15,2,20
56,16,1,3
56,16,2,20
56,17,1,4
56,17,2,20
56,18,1,4
56,18,2,20
56,19,1,3
56,19,2,20
56,20,1,2
56,20,2,20
56,21,1,2
56,21,2,20
56,22,1,2
56,22,2,20
56,23,1,2
56,23,2,20
56,24,1,2
56,24,2,20
56,25,1,3
56,25,2,20
56,26,1,4
56,26,2,20
56,27,1,4
56,27,2,20
56,28,1,3
56,28,2,20
56,29,1,2
56,29,2,20
56,30,1,1
56,30,2,20
56,31,1,1
56,31,2,20
56,32,1,1
56,32,2,20
56,33,1,2
56,33,2,20
56,34,1,3
56,34,2,20
56,35,1,4
56,35,2,20
56,36,1,4
56,36,2,20
56,37,1,3
56,37,2,20
56,38,1,2
56,38,2,20
56,39,1,1
56,39,2,20
56,40,1,0
56,40,2,20
56,41,1,1
56,41,2,20
56,42,1,2
56,42,2,20
56,43,1,3
56,43,2,20
56,44,1,4
56,44,2,20
56,45,1,4
56,45,2,20
56,46,1,3
56,46,2,20
56,47,1,2
56,47,2,20
56,48,1,1
56,48,2,20
56,49,1,1
56,49,2,20
56,50,1,1
56,50,2,20
56,51,1,2
56,51,2,20
56,52,1,3
56,52,2,20
56,53,1,4
56,53,2,20
56,54,1,4
56,54,2,20
56,55,1,3
56,55,2,20
56,56,1,2
56,56,2,20
56,57,1,2
56,57,2,20
56,58,1,2
56,58,2,20
56,59,1,2
56,59,2,20
56,60,1,2
56,60,2,20
56,61,1,3
56,61,2,20
56,62,1,4
56,62,2,20
56,63,1,4
56,63,2,20
56,64,1,3
56,64,2,20
56,65,1,3
56,65,2,20
56,66,1,3
56,66,2,20
56,67,1,3
56,67,2,20
56,68,1,3
56,68,2,20
56,69,1,3
56,69,2,20
56,70,1,3
56,70,2,20
56,71,1,4
56,71,2,20
56,72,1,4
56,72,2,20
56,73,1,4
56,73,2,20
56,74,1,4
56,74,2,20
56,75,1,4
56,75,2,20
56,76,1,4
56,76,2,20
56,77,1,4
56,77,2,20
56,78,1,4
56,78,2,20
56,79,1,4
56,79,2,20
56,80,1,4
56,80,2,20
57,0,1,4
57,0,2,20
57,1,1,4
57,1,2,20
57,2,1,4
57,2,2,20
57,3,1,4
57,3,2,20
57,4,1,4
57,4,2,20
57,5,1,4
57,5,2,20
57,6,1,4
57,6,2,20
57,7,1,4
57,7,2,20
57,8,1,4
57,8,2,20
57,9,1,4
57,9,2,20
57,10,1,3
57,10,2,20
57,11,1,3
57,11,2,20
57,12,1,3
57,12,2,20
57,13,1,3
57,13,2,20
57,14,1,3
57,14,2,20
57,15,1,3
57,15,2,20
57,16,1,3
57,16,2,20
57,17,1,4
57,17,2,20
57,18,1,4
57,18,2,20
57,19,1,3
57,19,2,20
57,20,1,2
57,20,2,20
57,21,1,2
57,21,2,20
57,22,1,2
57,22,2,20
57,23,1,2
57,23,2,20
57,24,1,2
57,24,2,20
57,25,1,3
57,25,2,20
57,26,1,4
57,26,2,20
57,27,1,4
57,27,2,20
57,28,1,3
57,28,2,20
57,29,1,2
57,29,2,20
57,30,1,1
57,30,2,20
57,31,1,1
57,31,2,20
57,32,1,1
57,32,2,20
57,33,1,2
57,33,2,20
57,34,1,3
57,34,2,20
57,35,1,4
57,35,2,20
57,36,1,4
57,36,2,20
57,37,1,3
57,37,2,20
57,38,1,2
57,38,2,20
57,39,1,1
57,39,2,20
57,40,1,0
57,40,2,20
57,41,1,1
57,41,2,20
57,42,1,2
57,42,2,20
57,43,1,3
57,43,2,20
57,44,1,4
57,44,2,20
57,45,1,4
57,45,2,20
57,46,1,3
57,46,2,20
57,47,1,2
57,47,2,20
57,48,1,1
57,48,2,20
57,49,1,1
57,49,2,20
57,50,1,1
57,50,2,20
57,51,1,2
57,51,2,20
57,52,1,3
57,52,2,20
57,53,1,4
57,53,2,20
57,54,1,4
57,54,2,20
57,55,1,3
57,55,2,20
57,56,1,2
57,56,2,20
57,57,1,2
57,57,2,20
57,58,1,2
57,58,2,20
57,59,1,2
57,59,2,20
57,60,1,2
57,60,2,20
57,61,1,3
57,61,2,20
57,62,1,4
57,62,2,20
57,63,1,4
57,63,2,20
57,64,1,3
57,64,2,20
57,65,1,3
57,65,2,20
57,66,1,3
57,66,2,20
57,67,1,3
57,67,2,20
57,68,1,3
57,68,2,20
57,69,1,3
57,69,2,20
57,70,1,3
57,70,2,20
57,71,1,4
57,71,2,20
57,72,1,4
57,72,2,20
57,73,1,4
57,73,2,20
57,74,1,4
57,74,2,20
57,75,1,4
57,75,2,20
57,76,1,4
57,76,2,20
57,77,1,4
57,77,2,20
57,78,1,4
57,78,2,20
57,79,1,4
57,79,2,20
57,80,1,4
57,80,2,20
58,0,1,4
58,0,2,20
58,1,1,4
58,1,2,20
58,2,1,4
58,2,2,20
58,3,1,4
58,3,2,20
58,4,1,4
58,4,2,20
58,5,1,4
58,5,2,20
58,6,1,4
58,6,2,20
58,7,1,4
58,7,2,20
58,8,1,4
58,8,2,20
58,9,1,4
58,9,2,20
58,10,1,3
58,10,2,20
58,11,1,3
58,11,2,20
58,12,1,3
58,12,2,20
58,13,1,3
58,13,2,20
58,14,1,3
58,14,2,20
58,15,1,3
58,15,2,20
58,16,1,3
58,16,2,20
58,17,1,4
58,17,2,20
58,18,1,4
58,18,2,20
58,19,1,3
58,19,2,20
58,20,1,2
58,20,2,20
58,21,1,2
58,21,2,20
58,22,1,2
58,22,2,20
58,23,1,2
58,23,2,20
58,24,1,2
58,24,2,20
58,25,1,3
58,25,2,20
58,26,1,4
58,26,2,20
58,27,1,4
58,27,2,20
58,28,1,3
58,28,2,20
58,29,1,2
58,29,2,20
58,30,1,1
58,30,2,20
58,31,1,1
58,31,2,20
58,32,1,1
58,32,2,20
58,33,1,2
58,33,2,20
58,34,1,3
58,34,2,20
58,35,1,4
58,35,2,20
58,36,1,4
58,36,2,20
58,37,1,3
58,37,2,20
58,38,1,2
58,38,2,20
58,39,1,1
58,39,2,20
58,40,1,0
58,40,2,20
58,41,1,1
58,41,2,20
58,42,1,2
58,42,2,20
58,43,1,3
58,43,2,20
58,44,1,4
58,44,2,20
58,45,1,4
58,45,2,20
58,46,1,3
58,46,2,20
58,47,1,2
58,47,2,20
58,48,1,1
58,48,2,20
58,49,1,1
58,49,2,20
58,50,1,1
58,50,2,20
58,51,1,2
58,51,2,20
58,52,1,3
58,52,2,20
58,53,1,4
58,53,2,20
58,54,1,4
58,54,2,20
58,55,1,3
58,55,2,20
58,56,1,2
58,56,2,20
58,57,1,2
58,57,2,20
58,58,1,2
58,58,2,20
58,59,1,2
58,59,2,20
58,60,1,2
58,60,2,20
58,61,1,3
58,61,2,20
58,62,1,4
58,62,2,20
58,63,1,4
58,63,2,20
58,64,1,3
58,64,2,20
58,65,1,3
58,65,2,20
58,66,1,3
58,66,2,20
58,67,1,3
58,67,2,20
58,68,1,3
58,68,2,20
58,69,1,3
58,69,2,20
58,70,1,3
58,70,2,20
58,71,1,4
58,71,2,20
58,72,1,4
58,72,2,20
58,73,1,4
58,73,2,20
58,74,1,4
58,74,2,20
58,75,1,4
58,75,2,20
58,76,1,4
58,76,2,20
58,77,1,4
58,77,2,20
58,78,1,4
58,78,2,20
58,79,1,4
58,79,2,20
58,80,1,4
58,80,2,20
59,0,1,4
59,0,2,20
59,1,1,4
59,1,2,20
59,2,1,4
59,2,2,20
59,3,1,4
59,3,2,20
59,4,1,4
59,4,2,20
59,5,1,4
59,5,2,20
59,6,1,4
59,6,2,20
59,7,1,4
59,7,2,20
59,8,1,4
59,8,2,20
59,9,1,4
59,9,2,20
59,10,1,3
59,10,2,20
59,11,1,3
59,11,2,20
59,12,1,3
59,12,2,20
59,13,1,3
59,13,2,20
59,14,1,3
59,14,2,20
59,15,1,3
59,15,2,20
59,16,1,3
59,16,2,20
59,17,1,4
59,17,2,20
59,18,1,4
59,18,2,20
59,19,1,3
59,19,2,20
59,20,1,2
59,20,2,20
59,21,1,2
59,21,2,20
59,22,1,2
59,22,2,20
59,23,1,2
59,23,2,20
59,24,1,2
59,24,2,20
59,25,1,3
59,25,2,20
59,26,1,4
59,26,2,20
59,27,1,4
59,27,2,20
59,28,1,3
59,28,2,20
59,29,1,2
59,29,2,20
59,30,1,1
59,30,2,20
59,31,1,1
59,31,2,20
59,32,1,1
59,32,2,20
59,33,1,2
59,33,2,20
59,34,1,3
59,34,2,20
59,35,1,4
59,35,2,20
59,36,1,4
59,36,2,20
59,37,1,3
59,37,2,20
59,38,1,2
59,38,2,20
59,39,1,1
59,39,2,20
59,40,1,0
59,40,2,20
59,41,1,1
59,41,2,20
59,42,1,2
59,42,2,20
59,43,1,3
59,43,2,20
59,44,1,4
59,44,2,20
59,45,1,4
59,45,2,20
59,46,1,3
59,46,2,20
59,47,1,2
59,47,2,20
59,48,1,1
59,48,2,20
59,49,1,1
59,49,2,20
59,50,1,1
59,50,2,20
59,51,1,2
59,51,2,20
59,52,1,3
59,52,2,20
59,53,1,4
59,53,2,20
59,54,1,4
59,54,2,20
59,55,1,3
59,55,2,20
59,56,1,2
59,56,2,20
59,57,1,2
59,57,2,20
59,58,1,2
59,58,2,20
59,59,1,2
59,59,2,20
59,60,1,2
59,60,2,20
59,61,1,3
59,61,2,20
59,62,1,4
59,62,2,20
59,63,1,4
59,63,2,20
59,64,1,3
59,64,2,20
59,65,1,3
59,65,2,20
59,66,1,3
59,66,2,20
59,67,1,3
59,67,2,20
59,68,1,3
59,68,2,20
59,69,1,3
59,69,2,20
59,70,1,3
59,70,2,20
59,71,1,4
59,71,2,20
59,72,1,4
59,72,2,20
59,73,1,4
59,73,2,20
59,74,1,4
59,74,2,20
59,75,1,4
59,75,2,20
59,76,1,4
59,76,2,20
59,77,1,4
59,77,2,20
59,78,1,4
59,78,2,20
59,79,1,4
59,79,2,20
59,80,1,4
59,80,2,20
60,0,1,4
60,0,2,20
60,1,1,4
60,1,2,20
60,2,1,4
60,2,2,20
60,3,1,4
60,3,2,20
60,4,1,4
60,4,2,20
60,5,1,4
60,5,2,20
60,6,1,4
60,6,2,20
60,7,1,4
60,7,2,20
60,8,1,4
60,8,2,20
60,9,1,4
60,9,2,20
60,10,1,3
60,10,2,20
60,11,1,3
60,11,2,20
60,12,1,3
60,12,2,20
60,13,1,3
60,13,2,20
60,14,1,3
60,14,2,20
60,15,1,3
60,15,2,20
60,16,1,3
60,16,2,20
60,17,1,4
60,17,2,20
60,18,1,4
60,18,2,20
60,19,1,3
60,19,2,20
60,20,1,2
60,20,2,20
60,21,1,2
60,21,2,20
60,22,1,2
60,22,2,20
60,23,1,2
60,23,2,20
60,24,1,2
60,24,2,20
60,25,1,3
60,25,2,20
60,26,1,4
60,26,2,20
60,27,1,4
60,27,2,20
60,28,1,3
60,28,2,20
60,29,1,2
60,29,2,20
60,30,1,1
60,30,2,20
60,31,1,1
60,31,2,20
60,32,1,1
60,32,2,20
60,33,1,2
60,33,2,20
60,34,1,3
60,34,2,20
60,35,1,4
60,35,2,20
60,36,1,4
60,36,2,20
60,37,1,3
60,37,2,20
60,38,1,2
60,38,2,20
60,39,1,1
60,39,2,20
60,40,1,0
60,40,2,20
60,41,1,1
60,41,2,20
60,42,1,2
60,42,2,20
60,43,1,3
60,43,2,20
60,44,1,4
60,44,2,20
60,45,1,4
60,45,2,20
60,46,1,3
60,46,2,20
60,47,1,2
60,47,2,20
60,48,1,1
60,48,2,20
60,49,1,1
60,49,2,20
60,50,1,1
60,50,2,20
60,51,1,2
60,51,2,20
60,52,1,3
60,52,2,20
60,53,1,4
60,53,2,20
60,54,1,4
60,54,2,20
60,55,1,3
60,55,2,20
60,56,1,2
60,56,2,20
60,57,1,2
60,57,2,20
60,58,1,2
60,58,2,20
60,59,1,2
60,59,2,20
60,60,1,2
60,60,2,20
60,61,1,3
60,61,2,20
60,62,1,4
60,62,2,20
60,63,1,4
60,63,2,20
60,64,1,3
60,64,2,20
60,65,1,3
60,65,2,20
60,66,1,3
60,66,2,20
60,67,1,3
60,67,2,20
60,68,1,3
60,68,2,20
60,69,1,3
60,69,2,20
60,70,1,3
60,70,2,20
60,71,1,4
60,71,2,20
60,72,1,4
60,72,2,20
60,73,1,4
60,73,2,20
60,74,1,4
60,74,2,20
60,75,1,4
60,75,2,20
60,76,1,4
60,76,2,20
60,77,1,4
60,77,2,20
60,78,1,4
60,78,2,20
60,79,1,4
60,79,2,20
60,80,1,4
60,80,2,20
61,0,1,4
61,0,2,20
61,1,1,4
61,1,2,20
61,2,1,4
61,2,2,20
61,3,1,4
61,3,2,20
61,4,1,4
61,4,2,20
61,5,1,4
61,5,2,20
61,6,1,4
61,6,2,20
61,7,1,4
61,7,2,20
61,8,1,4
61,8,2,20
61,9,1,4
61,9,2,20
61,10,1,3
61,10,2,20
61,11,1,3
61,11,2,20
61,12,1,3
61,12,2,20
61,13,1,3
61,13,2,20
61,14,1,3
61,14,2,20
61,15,1,3
61,15,2,20
61,16,1,3
61,16,2,20
61,17,1,4
61,17,2,20
61,18,1,4
61,18,2,20
61,19,1,3
61,19,2,20
61,20,1,2
61,20,2,20
61,21,1,2
61,21,2,20
61,22,1,2
61,22,2,20
61,23,1,2
61,23,2,20
61,24,1,2
61,24,2,20
61,25,1,3
61,25,2,20
61,26,1,4
61,26,2,20
61,27,1,4
61,27,2,20
61,28,1,3
61,28,2,20
61,29,1,2
61,29,2,20
61,30,1,1
61,30,2,20
61,31,1,1
61,31,2,20
61,32,1,1
61,32,2,20
61,33,1,2
61,33,2,20
61,34,1,3
61,34,2,20
61,35,1,4
61,35,2,20
61,36,1,4
61,36,2,20
61,37,1,3
61,37,2,20
61,38,1,2
61,38,2,20
61,39,1,1
61,39,2,20
61,40,1,0
61,40,2,20
61,41,1,1
61,41,2,20
61,42,1,2
61,42,2,20
61,43,1,3
61,43,2,20
61,44,1,4
61,44,2,20
61,45,1,4
61,45,2,20
61,46,1,3
61,46,2,20
61,47,1,2
61,47,2,20
61,48,1,1
61,48,2,20
61,49,1,1
61,49,2,20
61,50,1,1
61,50,2,20
61,51,1,2
61,51,2,20
61,52,1,3
61,52,2,20
61,53,1,4
61,53,2,20
61,54,1,4
61,54,2,20
61,55,1,3
61,55,2,20
61,56,1,2
61,56,2,20
61,57,1,2
61,57,2,20
61,58,1,2
61,58,2,20
61,59,1,2
61,59,2,20
61,60,1,2
61,60,2,20
61,61,1,3
61,61,2,20
61,62,1,4
61,62,2,20
61,63,1,4
61,63,2,20
61,64,1,3
61,64,2,20
61,65,1,3
61,65,2,20
61,66,1,3
61,66,2,20
61,67,1,3
61,67,2,20
61,68,1,3
61,68,2,20
61,69,1,3
61,69,2,20
61,70,1,3
61,70,2,20
61,71,1,4
61,71,2,20
61,72,1,4
61,72,2,20
61,73,1,4
61,73,2,20
61,74,1,4
61,74,2,20
61,75,1,4
61,75,2,20
61,76,1,4
61,76,2,20
61,77,1,4
61,77,2,20
61,78,1,4
61,78,2,20
61,79,1,4
61,79,2,20
61,80,1,4
61,80,2,20
62,0,1,4
62,0,2,20
62,1,1,4
62,1,2,20
62,2,1,4
62,2,2,20
62,3,1,4
62,3,2,20
62,4,1,4
62,4,2,20
62,5,1,4
62,5,2,20
62,6,1,4
62,6,2,20
62,7,1,4
62,7,2,20
62,8,1,4
62,8,2,20
62,9,1,4
62,9,2,20
62,10,1,3
62,10,2,20
62,11,1,3
62,11,2,20
62,12,1,3
62,12,2,20
62,13,1,3
62,13,2,20
62,14,1,3
62,14,2,20
62,15,1,3
62,15,2,20
62,16,1,3
62,16,2,20
62,17,1,4
62,17,2,20
62,18,1,4
62,18,2,20
62,19,1,3
62,19,2,20
62,20,1,2
62,20,2,20
62,21,1,2
62,21,2,20
62,22,1,2
62,22,2,20
62,23,1,2
62,23,2,20
62,24,1,2
62,24,2,20
62,25,1,3
62,25,2,20
62,26,1,4
62,26,2,20
62,27,1,4
62,27,2,20
62,28,1,3
62,28,2,20
62,29,1,2
62,29,2,20
62,30,1,1
62,30,2,20
62,31,1,1
62,31,2,20
62,32,1,1
62,32,2,20
62,33,1,2
62,33,2,20
62,34,1,3
62,34,2,20
62,35,1,4
62,35,2,20
62,36,1,4
62,36,2,20
62,37,1,3
62,37,2,20
62,38,1,2
62,38,2,20
62,39,1,1
62,39,2,20
62,40,1,0
62,40,2,20
62,41,1,1
62,41,2,20
62,42,1,2
62,42,2,20
62,43,1,3
62,43,2,20
62,44,1,4
62,44,2,20
62,45,1,4
62,45,2,20
62,46,1,3
62,46,2,20
62,47,1,2
62,47,2,20
62,48,1,1
62,48,2,20
62,49,1,1
62,49,2,20
62,50,1,1
62,50,2,20
62,51,1,2
62,51,2,20
62,52,1,3
62,52,2,20
62,53,1,4
62,53,2,20
62,54,1,4
62,54,2,20
62,55,1,3
62,55,2,20
62,56,1,2
62,56,2,20
62,57,1,2
62,57,2,20
62,58,1,2
62,58,2,20
62,59,1,2
62,59,2,20
62,60,1,2
62,60,2,20
62,61,1,3
62,61,2,20
62,62,1,4
62,62,2,20
62,63,1,4
62,63,2,20
62,64,1,3
62,64,2,20
62,65,1,3
62,65,2,20
62,66,1,3
62,66,2,20
62,67,1,3
62,67,2,20
62,68,1,3
62,68,2,20
62,69,1,3
62,69,2,20
62,70,1,3
62,70,2,20
62,71,1,4
62,71,2,20
62,72,1,4
62,72,2,20
62,73,1,4
62,73,2,20
62,74,1,4
62,74,2,20
62,75,1,4
62,75,2,20
62,76,1,4
62,76,2,20
62,77,1,4
62,77,2,20
62,78,1,4
62,78,2,20
62,79,1,4
62,79,2,20
62,80,1,4
62,80,2,20
63,0,1,4
63,0,2,20
63,1,1,4
63,1,2,20
63,2,1,4
63,2,2,20
63,3,1,4
63,3,2,20
63,4,1,4
63,4,2,20
63,5,1,4
63,5,2,20
63,6,1,4
63,6,2,20
63,7,1,4
63,7,2,20
63,8,1,4
63,8,2,20
63,9,1,4
63,9,2,20
63,10,1,3
63,10,2,20
63,11,1,3
63,11,2,20
63,12,1,3
63,12,2,20
63,13,1,3
63,13,2,20
63,14,1,3
63,14,2,20
63,15,1,3
63,15,2,20
63,16,1,3
63,16,2,20
63,17,1,4
63,17,2,20
63,18,1,4
63,18,2,20
63,19,1,3
63,19,2,20
63,20,1,2
63,20,2,20
63,21,1,2
63,21,2,20
63,22,1,2
63,22,2,20
63,23,1,2
63,23,2,20
63,24,1,2
63,24,2,20
63,25,1,3
63,25,2,20
63,26,1,4
63,26,2,20
63,27,1,4
63,27,2,20
63,28,1,3
63,28,2,20
63,29,1,2
63,29,2,20
63,30,1,1
63,30,2,20
63,31,1,1
63,31,2,20
63,32,1,1
63,32,2,20
63,33,1,2
63,33,2,20
63,34,1,3
63,34,2,20
63,35,1,4
63,35,2,20
63,36,1,4
63,36,2,20
63,37,1,3
63,37,2,20
63,38,1,2
63,38,2,20
63,39,1,1
63,39,2,20
63,40,1,0
63,40,2,20
63,41,1,1
63,41,2,20
63,42,1,2
63,42,2,20
63,43,1,3
63,43,2,20
63,44,1,4
63,44,2,20
63,45,1,4
63,45,2,20
63,46,1,3
63,46,2,20
63,47,1,2
63,47,2,20
63,48,1,1
63,48,2,20
63,49,1,1
63,49,2,20
63,50,1,1
63,50,2,20
63,51,1,2
63,51,2,20
63,52,1,3
63,52,2,20
63,53,1,4
63,53,2,20
63,54,1,4
63,54,2,20
63,55,1,3
63,55,2,20
63,56,1,2
63,56,2,20
63,57,1,2
63,57,2,20
63,58,1,2
63,58,2,20
63,59,1,2
63,59,2,20
63,60,1,2
63,60,2,20
63,61,1,3
63,61,2,20
63,62,1,4
63,62,2,20
63,63,1,4
63,63,2,20
63,64,1,3
63,64,2,20
63,65,1,3
63,65,2,20
63,66,1,3
63,66,2,20
63,67,1,3
63,67,2,20
63,68,1,3
63,68,2,20
63,69,1,3
63,69,2,20
63,70,1,3
63,70,2,20
63,71,1,4
63,71,2,20
63,72,1,4
63,72,2,20
63,73,1,4
63,73,2,20
63,74,1,4
63,74,2,20
63,75,1,4
63,75,2,20
63,76,1,4
63,76,2,20
63,77,1,4
63,77,2,20
63,78,1,4
63,78,2,20
63,79,1,4
63,79,2,20
63,80,1,4
63,80,2,20
64,0,1,4
64,0,2,20
64,1,1,4
64,1,2,20
64,2,1,4
64,2,2,20
64,3,1,4
64,3,2,20
64,4,1,4
64,4,2,20
64,5,1,4
64,5,2,20
64,6,1,4
64,6,2,20
64,7,1,4
64,7,2,20
64,8,1,4
64,8,2,20
64,9,1,4
64,9,2,20
64,10,1,3
64,10,2,20
64,11,1,3
64,11,2,20
64,12,1,3
64,12,2,20
64,13,1,3
64,13,2,20
64,14,1,3
64,14,2,20
64,15,1,3
64,15,2,20
64,16,1,3
64,16,2,20
64,17,1,4
64,17,2,20
64,18,1,4
64,18,2,20
64,19,1,3
64,19,2,20
64,20,1,2
64,20,2,20
64,21,1,2
64,21,2,20
64,22,1,2
64,22,2,20
64,23,1,2
64,23,2,20
64,24,1,2
64,24,2,20
64,25,1,3
64,25,2,20
64,26,1,4
64,26,2,20
64,27,1,4
64,27,2,20
64,28,1,3
64,28,2,20
64,29,1,2
64,29,2,20
64,30,1,1
64,30,2,20
64,31,1,1
64,31,2,20
64,32,1,1
64,32,2,20
64,33,1,2
64,33,2,20
64,34,1,3
64,34,2,20
64,35,1,4
64,35,2,20
64,36,1,4
64,36,2,20
64,37,1,3
64,37,2,20
64,38,1,2
64,38,2,20
64,39,1,1
64,39,2,20
64,40,1,0
64,40,2,20
64,41,1,1
64,41,2,20
64,42,1,2
64,42,2,20
64,43,1,3
64,43,2,20
64,44,1,4
64,44,2,20
64,45,1,4
64,45,2,20
64,46,1,3
64,46,2,20
64,47,1,2
64,47,2,20
64,48,1,1
64,48,2,20
64,49,1,1
64,49,2,20
64,50,1,1
64,50,2,20
64,51,1,2
64,51,2,20
64,52,1,3
64,52,2,20
64,53,1,4
64,53,2,20
64,54,1,4
64,54,2,20
64,55,1,3
64,55,2,20
64,56,1,2
64,56,2,20
64,57,1,2
64,57,2,20
64,58,1,2
64,58,2,20
64,59,1,2
64,59,2,20
64,60,1,2
64,60,2,20
64,61,1,3
64,61,2,20
64,62,1,4
64,62,2,20
64,63,1,4
64,63,2,20
64,64,1,3
64,64,2,20
64,65,1,3
64,65,2,20
64,66,1,3
64,66,2,20
64,67,1,3
64,67,2,20
64,68,1,3
64,68,2,20
64,69,1,3
64,69,2,20
64,70,1,3
64,70,2,20
64,71,1,4
64,71,2,20
64,72,1,4
64,72,2,20
64,73,1,4
64,73,2,20
64,74,1,4
64,74,2,20
64,75,1,4
64,75,2,20
64,76,1,4
64,76,2,20
64,77,1,4
64,77,2,20
64,78,1,4
64,78,2,20
64,79,1,4
64,79,2,20
64,80,1,4
64,80,2,20
65,0,1,4
65,0,2,20
65,1,1,4
65,1,2,20
65,2,1,4
65,2,2,20
65,3,1,4
65,3,2,20
65,4,1,4
65,4,2,20
65,5,1,4
65,5,2,20
65,6,1,4
65,6,2,20
65,7,1,4
65,7,2,20
65,8,1,4
65,8,2,20
65,9,1,4
65,9,2,20
65,10,1,3
65,10,2,20
65,11,1,3
65,11,2,20
65,12,1,3
65,12,2,20
65,13,1,3
65,13,2,20
65,14,1,3
65,14,2,20
65,15,1,3
65,15,2,20
65,16,1,3
65,16,2,20
65,17,1,4
65,17,2,20
65,18,1,4
65,18,2,20
65,19,1,3
65,19,2,20
65,20,1,2
65,20,2,20
65,21,1,2
65,21,2,20
65,22,1,2
65,22,2,20
65,23,1,2
65,23,2,20
65,24,1,2
65,24,2,20
65,25,1,3
65,25,2,20
65,26,1,4
65,26,2,20
65,27,1,4
65,27,2,20
65,28,1,3
65,28,2,20
65,29,1,2
65,29,2,20
65,30,1,1
65,30,2,20
65,31,1,1
65,31,2,20
65,32,1,1
65,32,2,20
65,33,1,2
65,33,2,20
65,34,1,3
65,34,2,20
65,35,1,4
65,35,2,20
65,36,1,4
65,36,2,20
65,37,1,3
65,37,2,20
65,38,1,2
65,38,2,20
65,39,1,1
65,39,2,20
65,40,1,0
65,40,2,20
65,41,1,1
65,41,2,20
65,42,1,2
65,42,2,20
65,43,1,3
65,43,2,20
65,44,1,4
65,44,2,20
65,45,1,4
65,45,2,20
65,46,1,3
65,46,2,20
65,47,1,2
65,47,2,20
65,48,1,1
65,48,2,20
65,49,1,1
65,49,2,20
65,50,1,1
65,50,2,20
65,51,1,2
65,51,2,20
65,52,1,3
65,52,2,20
65,53,1,4
65,53,2,20
65,54,1,4
65,54,2,20
65,55,1,3
65,55,2,20
65,56,1,2
65,56,2,20
65,57,1,2
65,57,2,20
65,58,1,2
65,58,2,20
65,59,1,2
65,59,2,20
65,60,1,2
65,60,2,20
65,61,1,3
65,61,2,20
65,62,1,4
65,62,2,20
65,63,1,4
65,63,2,20
65,64,1,3
65,64,2,20
65,65,1,3
65,65,2,20
65,66,1,3
65,66,2,20
65,67,1,3
65,67,2,20
65,68,1,3
65,68,2,20
65,69,1,3
65,69,2,20
65,70,1,3
65,70,2,20
65,71,1,4
65,71,2,20
65,72,1,4
65,72,2,20
65,73,1,4
65,73,2,20
65,74,1,4
65,74,2,20
65,75,1,4
65,75,2,20
65,76,1,4
65,76,2,20
65,77,1,4
65,77,2,20
65,78,1,4
65,78,2,20
65,79,1,4
65,79,2,20
65,80,1,4
65,80,2,20
66,0,1,4
66,0,2,20
66,1,1,4
66,1,2,20
66,2,1,4
66,2,2,20
66,3,1,4
66,3,2,20
66,4,1,4
66,4,2,20
66,5,1,4
66,5,2,20
66,6,1,4
66,6,2,20
66,7,1,4
66,7,2,20
66,8,1,4
66,8,2,20
66,9,1,4
66,9,2,20
66,10,1,3
66,10,2,20
66,11,1,3
66,11,2,20
66,12,1,3
66,12,2,20
66,13,1,3
66,13,2,20
66,14,1,3
66,14,2,20
66,15,1,3
66,15,2,20
66,16,1,3
66,16,2,20
66,17,1,4
66,17,2,20
66,18,1,4
66,18,2,20
66,19,1,3
66,19,2,20
66,20,1,2
66,20,2,20
66,21,1,2
66,21,2,20
66,22,1,2
66,22,2,20
66,23,1,2
66,23,2,20
66,24,1,2
66,24,2,20
66,25,1,3
66,25,2,20
66,26,1,4
66,26,2,20
66,27,1,4
66,27,2,20
66,28,1,3
66,28,2,20
66,29,1,2
66,29,2,20
66,30,1,1
66,30,2,20
66,31,1,1
66,31,2,20
66,32,1,1
66,32,2,20
66,33,1,2
66,33,2,20
66,34,1,3
66,34,2,20
66,35,1,4
66,35,2,20
66,36,1,4
66,36,2,20
66,37,1,3
66,37,2,20
66,38,1,2
66,38,2,20
66,39,1,1
66,39,2,20
66,40,1,0
66,40,2,20
66,41,1,1
66,41,2,20
66,42,1,2
66,42,2,20
66,43,1,3
66,43,2,20
66,44,1,4
66,44,2,20
66,45,1,4
66,45,2,20
66,46,1,3
66,46,2,20
66,47,1,2
66,47,2,20
66,48,1,1
66,48,2,20
66,49,1,1
66,49,2,20
66,50,1,1
66,50,2,20
66,51,1,2
66,51,2,20
66,52,1,3
66,52,2,20
66,53,1,4
66,53,2,20
66,54,1,4
66,54,2,20
66,55,1,3
66,55,2,20
66,56,1,2
66,56,2,20
66,57,1,2
66,57,2,20
66,58,1,2
66,58,2,20
66,59,1,2
66,59,2,20
66,60,1,2
66,60,2,20
66,61,1,3
66,61,2,20
66,62,1,4
66,62,2,20
66,63,1,4
66,63,2,20
66,64,1,3
66,64,2,20
66,65,1,3
66,65,2,20
66,66,1,3
66,66,2,20
66,67,1,3
66,67,2,20
66,68,1,3
66,68,2,20
66,69,1,3
66,69,2,20
66,70,1,3
66,70,2,20
66,71,1,4
66,71,2,20
66,72,1,4
66,72,2,20
66,73,1,4
66,73,2,20
66,74,1,4
66,74,2,20
66,75,1,4
66,75,2,20
66,76,1,4
66,76,2,20
66,77,1,4
66,77,2,20
66,78,1,4
66,78,2,20
66,79,1,4
66,79,2,20
66,80,1,4
66,80,2,20
67,0,1,4
67,0,2,20
67,1,1,4
67,1,2,20
67,2,1,4
67,2,2,20
67,3,1,4
67,3,2,20
67,4,1,4
67,4,2,20
67,5,1,4
67,5,2,20
67,6,1,4
67,6,2,20
67,7,1,4
67,7,2,20
67,8,1,4
67,8,2,20
67,9,1,4
67,9,2,20
67,10,1,3
67,10,2,20
67,11,1,3
67,11,2,20
67,12,1,3
67,12,2,20
67,13,1,3
67,13,2,20
67,14,1,3
67,14,2,20
67,15,1,3
67,15,2,20
67,16,1,3
67,16,2,20
67,17,1,4
67,17,2,20
67,18,1,4
67,18,2,20
67,19,1,3
67,19,2,20
67,20,1,2
67,20,2,20
67,21,1,2
67,21,2,20
67,22,1,2
67,22,2,20
67,23,1,2
67,23,2,20
67,24,1,2
67,24,2,20
67,25,1,3
67,25,2,20
67,26,1,4
67,26,2,20
67,27,1,4
67,27,2,20
67,28,1,3
67,28,2,20
67,29,1,2
67,29,2,20
67,30,1,1
67,30,2,20
67,31,1,1
67,31,2,20
67,32,1,1
67,32,2,20
67,33,1,2
67,33,2,20
67,34,1,3
67,34,2,20
67,35,1,4
67,35,2,20
67,36,1,4
67,36,2,20
67,37,1,3
67,37,2,20
67,38,1,2
67,38,2,20
67,39,1,1
67,39,2,20
67,40,1,0
67,40,2,20
67,41,1,1
67,41,2,20
67,42,1,2
67,42,2,20
67,43,1,3
67,43,2,20
67,44,1,4
67,44,2,20
67,45,1,4
67,45,2,20
67,46,1,3
67,46,2,20
67,47,1,2
67,47,2,20
67,48,1,1
67,48,2,20
67,49,1,1
67,49,2,20
67,50,1,1
67,50,2,20
67,51,1,2
67,51,2,20
67,52,1,3
67,52,2,20
67,53,1,4
67,53,2,20
67,54,1,4
67,54,2,20
67,55,1,3
67,55,2,20
67,56,1,2
67,56,2,20
67,57,1,2
67,57,2,20
67,58,1,2
67,58,2,20
67,59,1,2
67,59,2,20
67,60,1,2
67,60,2,20
67,61,1,3
67,61,2,20
67,62,1,4
67,62,2,20
67,63,1,4
67,63,2,20
67,64,1,3
67,64,2,20
67,65,1,3
67,65,2,20
67,66,1,3
67,66,2,20
67,67,1,3
67,67,2,20
67,68,1,3
67,68,2,20
67,69,1,3
67,69,2,20
67,70,1,3
67,70,2,20
67,71,1,4
67,71,2,20
67,72,1,4
67,72,2,20
67,73,1,4
67,73,2,20
67,74,1,4
67,74,2,20
67,75,1,4
67,75,2,20
67,76,1,4
67,76,2,20
67,77,1,4
67,77,2,20
67,78,1,4
67,78,2,20
67,79,1,4
67,79,2,20
67,80,1,4
67,80,2,20
68,0,1,4
68,0,2,20
68,1,1,4
68,1,2,20
68,2,1,4
68,2,2,20
68,3,1,4
68,3,2,20
68,4,1,4
68,4,2,20
68,5,1,4
68,5,2,20
68,6,1,4
68,6,2,20
68,7,1,4
68,7,2,20
68,8,1,4
68,8,2,20
68,9,1,4
68,9,2,20
68,10,1,3
68,10,2,20
68,11,1,3
68,11,2,20
68,12,1,3
68,12,2,20
68,13,1,3
68,13,2,20
68,14,1,3
68,14,2,20
68,15,1,3
68,15,2,20
68,16,1,3
68,16,2,20
68,17,1,4
68,17,2,20
68,18,1,4
68,18,2,20
68,19,1,3
68,19,2,20
68,20,1,2
68,20,2,20
68,21,1,2
68,21,2,20
68,22,1,2
68,22,2,20
68,23,1,2
68,23,2,20
68,24,1,2
68,24,2,20
68,25,1,3
68,25,2,20
68,26,1,4
68,26,2,20
68,27,1,4
68,27,2,20
68,28,1,3
68,28,2,20
68,29,1,2
68,29,2,20
68,30,1,1
68,30,2,20
68,31,1,1
68,31,2,20
68,32,1,1
68,32,2,20
68,33,1,2
68,33,2,20
68,34,1,3
68,34,2,20
68,35,1,4
68,35,2,20
68,36,1,4
68,36,2,20
68,37,1,3
68,37,2,20
68,38,1,2
68,38,2,20
68,39,1,1
68,39,2,20
68,40,1,0
68,40,2,20
68,41,1,1
68,41,2,20
68,42,1,2
68,42,2,20
68,43,1,3
68,43,2,20
68,44,1,4
68,44,2,20
68,45,1,4
68,45,2,20
68,46,1,3
68,46,2,20
68,47,1,2
68,47,2,20
68,48,1,1
68,48,2,20
68,49,1,1
68,49,2,20
68,50,1,1
68,50,2,20
68,51,1,2
68,51,2,20
68,52,1,3
68,52,2,20
68,53,1,4
68,53,2,20
68,54,1,4
68,54,2,20
68,55,1,3
68,55,2,20
68,56,1,2
68,56,2,20
68,57,1,2
68,57,2,20
68,58,1,2
68,58,2,20
68,59,1,2
68,59,2,20
68,60,1,2
68,60,2,20
68,61,1,3
68,61,2,20
68,62,1,4
68,62,2,20
68,63,1,4
68,63,2,20
68,64,1,3
68,64,2,20
68,65,1,3
68,65,2,20
68,66,1,3
68,66,2,20
68,67,1,3
68,67,2,20
68,68,1,3
68,68,2,20
68,69,1,3
68,69,2,20
68,70,1,3
68,70,2,20
68,71,1,4
68,71,2,20
68,72,1,4
68,72,2,20
68,73,1,4
68,73,2,20
68,74,1,4
68,74,2,20
68,75,1,4
68,75,2,20
68,76,1,4
68,76,2,20
68,77,1,4
68,77,2,20
68,78,1,4
68,78,2,20
68,79,1,4
68,79,2,20
68,80,1,4
68,80,2,20
69,0,1,4
69,0,2,20
69,1,1,4
69,1,2,20
69,2,1,4
69,2,2,20
69,3,1,4
69,3,2,20
69,4,1,4
69,4,2,20
69,5,1,4
69,5,2,20
69,6,1,4
69,6,2,20
69,7,1,4
69,7,2,20
69,8,1,4
69,8,2,20
69,9,1,4
69,9,2,20
69,10,1,3
69,10,2,20
69,11,1,3
69,11,2,20
69,12,1,3
69,12,2,20
69,13,1,3
69,13,2,20
69,14,1,3
69,14,2,20
69,15,1,3
69,15,2,20
69,16,1,3
69,16,2,20
69,17,1,4
69,17,2,20
69,18,1,4
69,18,2,20
69,19,1,3
69,19,2,20
69,20,1,2
69,20,2,20
69,21,1,2
69,21,2,20
69,22,1,2
69,22,2,20
69,23,1,2
69,23,2,20
69,24,1,2
69,24,2,20
69,25,1,3
69,25,2,20
69,26,1,4
69,26,2,20
69,27,1,4
69,27,2,20
69,28,1,3
69,28,2,20
69,29,1,2
69,29,2,20
69,30,1,1
69,30,2,20
69,31,1,1
69,31,2,20
69,32,1,1
69,32,2,20
69,33,1,2
69,33,2,20
69,34,1,3
69,34,2,20
69,35,1,4
69,35,2,20
69,36,1,4
69,36,2,20
69,37,1,3
69,37,2,20
69,38,1,2
69,38,2,20
69,39,1,1
69,39,2,20
69,40,1,0
69,40,2,20
69,41,1,1
69,41,2,20
69,42,1,2
69,42,2,20
69,43,1,3
69,43,2,20
69,44,1,4
69,44,2,20
69,45,1,4
69,45,2,20
69,46,1,3
69,46,2,20
69,47,1,2
69,47,2,20
69,48,1,1
69,48,2,20
69,49,1,1
69,49,2,20
69,50,1,1
69,50,2,20
69,51,1,2
69,51,2,20
69,52,1,3
69,52,2,20
69,53,1,4
69,53,2,20
69,54,1,4
69,54,2,20
69,55,1,3
69,55,2,20
69,56,1,2
69,56,2,20
69,57,1,2
69,57,2,20
69,58,1,2
69,58,2,20
69,59,1,2
69,59,2,20
69,60,1,2
69,60,2,20
69,61,1,3
69,61,2,20
69,62,1,4
69,62,2,20
69,63,1,4
69,63,2,20
69,64,1,3
69,64,2,20
69,65,1,3
69,65,2,20
69,66,1,3
69,66,2,20
69,67,1,3
69,67,2,20
69,68,1,3
69,68,2,20
69,69,1,3
69,69,2,20
69,70,1,3
69,70,2,20
69,71,1,4
69,71,2,20
69,72,1,4
69,72,2,20
69,73,1,4
69,73,2,20
69,74,1,4
69,74,2,20
69,75,1,4
69,75,2,20
69,76,1,4
69,76,2,20
69,77,1,4
69,77,2,20
69,78,1,4
69,78,2,20
69,79,1,4
69,79,2,20
69,80,1,4
69,80,2,20
70,0,1,4
70,0,2,20
70,1,1,4
70,1,2,20
70,2,1,4
70,2,2,20
70,3,1,4
70,3,2,20
70,4,1,4
70,4,2,20
70,5,1,4
70,5,2,20
70,6,1,4
70,6,2,20
70,7,1,4
70,7,2,20
70,8,1,4
70,8,2,20
70,9,1,4
70,9,2,20
70,10,1,3
70,10,2,20
70,11,1,3
70,11,2,20
70,12,1,3
70,12,2,20
70,13,1,3
70,13,2,20
70,14,1,3
70,14,2,20
70,15,1,3
70,15,2,20
70,16,1,3
70,16,2,20
70,17,1,4
70,17,2,20
70,18,1,4
70,18,2,20
70,19,1,3
70,19,2,20
70,20,1,2
70,20,2,20
70,21,1,2
70,21,2,20
70,22,1,2
70,22,2,20
70,23,1,2
70,23,2,20
70,24,1,2
70,24,2,20
70,25,1,3
70,25,2,20
70,26,1,4
70,26,2,20
70,27,1,4
70,27,2,20
70,28,1,3
70,28,2,20
70,29,1,2
70,29,2,20
70,30,1,1
70,30,2,20
70,31,1,1
70,31,2,20
70,32,1,1
70,32,2,20
70,33,1,2
70,33,2,20
70,34,1,3
70,34,2,20
70,35,1,4
70,35,2,20
70,36,1,4
70,36,2,20
70,37,1,3
70,37,2,20
70,38,1,2
70,38,2,20
70,39,1,1
70,39,2,20
70,40,1,0
70,40,2,20
70,41,1,1
70,41,2,20
70,42,1,2
70,42,2,20
70,43,1,3
70,43,2,20
70,44,1,4
70,44,2,20
70,45,1,4
70,45,2,20
70,46,1,3
70,46,2,20
70,47,1,2
70,47,2,20
70,48,1,1
70,48,2,20
70,49,1,1
70,49,2,20
70,50,1,1
70,50,2,20
70,51,1,2
70,51,2,20
70,52,1,3
70,52,2,20
70,53,1,4
70,53,2,20
70,54,1,4
70,54,2,20
70,55,1,3
70,55,2,20
70,56,1,2
70,56,2,20
70,57,1,2
70,57,2,20
70,58,1,2
70,58,2,20
70,59,1,2
70,59,2,20
70,60,1,2
70,60,2,20
70,61,1,3
70,61,2,20
70,62,1,4
70,62,2,20
70,63,1,4
70,63,2,20
70,64,1,3
70,64,2,20
70,65,1,3
70,65,2,20
70,66,1,3
70,66,2,20
70,67,1,3
70,67,2,20
70,68,1,3
70,68,2,20
70,69,1,3
70,69,2,20
70,70,1,3
70,70,2,20
70,71,1,4
70,71,2,20
70,72,1,4
70,72,2,20
70,73,1,4
70,73,2,20
70,74,1,4
70,74,2,20
70,75,1,4
70,75,2,20
70,76,1,4
70,76,2,20
70,77,1,4
70,77,2,20
70,78,1,4
70,78,2,20
70,79,1,4
70,79,2,20
70,80,1,4
70,80,2,20
71,0,1,4
71,0,2,20
71,1,1,4
71,1,2,20
71,2,1,4
71,2,2,20
71,3,1,4
71,3,2,20
71,4,1,4
71,4,2,20
71,5,1,4
71,5,2,20
71,6,1,4
71,6,2,20
71,7,1,4
71,7,2,20
71,8,1,4
71,8,2,20
71,9,1,4
71,9,2,20
71,10,1,3
71,10,2,20
71,11,1,3
71,11,2,20
71,12,1,3
71,12,2,20
71,13,1,3
71,13,2,20
71,14,1,3
71,14,2,20
71,15,1,3
71,15,2,20
71,16,1,3
71,16,2,20
71,17,1,4
71,17,2,20
71,18,1,4
71,18,2,20
71,19,1,3
71,19,2,20
71,20,1,2
71,20,2,20
71,21,1,2
71,21,2,20
71,22,1,2
71,22,2,20
71,23,1,2
71,23,2,20
71,24,1,2
71,24,2,20
71,25,1,3
71,25,2,20
71,26,1,4
71,26,2,20
71,27,1,4
71,27,2,20
71,28,1,3
71,28,2,20
71,29,1,2
71,29,2,20
71,30,1,1
71,30,2,20
71,31,1,1
71,31,2,20
71,32,1,1
71,32,2,20
71,33,1,2
71,33,2,20
71,34,1,3
71,34,2,20
71,35,1,4
71,35,2,20
71,36,1,4
71,36,2,20
71,37,1,3
71,37,2,20
71,38,1,2
71,38,2,20
71,39,1,1
71,39,2,20
71,40,1,0
71,40,2,20
71,41,1,1
71,41,2,20
71,42,1,2
71,42,2,20
71,43,1,3
71,43,2,20
71,44,1,4
71,44,2,20
71,45,1,4
71,45,2,20
71,46,1,3
71,46,2,20
71,47,1,2
71,47,2,20
71,48,1,1
71,48,2,20
71,49,1,1
71,49,2,20
71,50,1,1
71,50,2,20
71,51,1,2
71,51,2,20
71,52,1,3
71,52,2,20
71,53,1,4
71,53,2,20
71,54,1,4
71,54,2,20
71,55,1,3
71,55,2,20
71,56,1,2
71,56,2,20
71,57,1,2
71,57,2,20
71,58,1,2
71,58,2,20
71,59,1,2
71,59,2,20
71,60,1,2
71,60,2,20
71,61,1,3
71,61,2,20
71,62,1,4
71,62,2,20
71,63,1,4
71,63,2,20
71,64,1,3
71,64,2,20
71,65,1,3
71,65,2,20
71,66,1,3
71,66,2,20
71,67,1,3
71,67,2,20
71,68,1,3
71,68,2,20
71,69,1,3
71,69,2,20
71,70,1,3
71,70,2,20
71,71,1,4
71,71,2,20
71,72,1,4
71,72,2,20
71,73,1,4
71,73,2,20
71,74,1,4
71,74,2,20
71,75,1,4
71,75,2,20
71,76,1,4
71,76,2,20
71,77,1,4
71,77,2,20
71,78,1,4
71,78,2,20
71,79,1,4
71,79,2,20
71,80,1,4
71,80,2,20
72,0,1,4
72,0,2,20
72,1,1,4
72,1,2,20
72,2,1,4
72,2,2,20
72,3,1,4
72,3,2,20
72,4,1,4
72,4,2,20
72,5,1,4
72,5,2,20
72,6,1,4
72,6,2,20
72,7,1,4
72,7,2,20
72,8,1,4
72,8,2,20
72,9,1,4
72,9,2,20
72,10,1,3
72,10,2,20
72,11,1,3
72,11,2,20
72,12,1,3
72,12,2,20
72,13,1,3
72,13,2,20
72,14,1,3
72,14,2,20
72,15,1,3
72,15,2,20
72,16,1,3
72,16,2,20
72,17,1,4
72,17,2,20
72,18,1,4
72,18,2,20
72,19,1,3
72,19,2,20
72,20,1,2
72,20,2,20
72,21,1,2
72,21,2,20
72,22,1,2
72,22,2,20
72,23,1,2
72,23,2,20
72,24,1,2
72,24,2,20
72,25,1,3
72,25,2,20
72,26,1,4
72,26,2,20
72,27,1,4
72,27,2,20
72,28,1,3
72,28,2,20
72,29,1,2
72,29,2,20
72,30,1,1
72,30,2,20
72,31,1,1
72,31,2,20
72,32,1,1
72,32,2,20
72,33,1,2
72,33,2,20
72,34,1,3
72,34,2,20
72,35,1,4
72,35,2,20
72,36,1,4
72,36,2,20
72,37,1,3
72,37,2,20
72,38,1,2
72,38,2,20
72,39,1,1
72,39,2,20
72,40,1,0
72,40,2,20
72,41,1,1
72,41,2,20
72,42,1,2
72,42,2,20
72,43,1,3
72,43,2,20
72,44,1,4
72,44,2,20
72,45,1,4
72,45,2,20
72,46,1,3
72,46,2,20
72,47,1,2
72,47,2,20
72,48,1,1
72,48,2,20
72,49,1,1
72,49,2,20
72,50,1,1
72,50,2,20
72,51,1,2
72,51,2,20
72,52,1,3
72,52,2,20
72,53,1,4
72,53,2,20
72,54,1,4
72,54,2,20
72,55,1,3
72,55,2,20
72,56,1,2
72,56,2,20
72,57,1,2
72,57,2,20
72,58,1,2
72,58,2,20
72,59,1,2
72,59,2,20
72,60,1,2
72,60,2,20
72,61,1,3
72,61,2,20
72,62,1,4
72,62,2,20
72,63,1,4
72,63,2,20
72,64,1,3
72,64,2,20
72,65,1,3
72,65,2,20
72,66,1,3
72,66,2,20
72,67,1,3
72,67,2,20
72,68,1,3
72,68,2,20
72,69,1,3
72,69,2,20
72,70,1,3
72,70,2,20
72,71,1,4
72,71,2,20
72,72,1,4
72,72,2,20
72,73,1,4
72,73,2,20
72,74,1,4
72,74,2,20
72,75,1,4
72,75,2,20
72,76,1,4
72,76,2,20
72,77,1,4
72,77,2,20
72,78,1,4
72,78,2,20
72,79,1,4
72,79,2,20
72,80,1,4
72,80,2,20
73,0,1,4
73,0,2,20
73,1,1,4
73,1,2,20
73,2,1,4
73,2,2,20
73,3,1,4
73,3,2,20
73,4,1,4
73,4,2,20
73,5,1,4
73,5,2,20
73,6,1,4
73,6,2,20
73,7,1,4
73,7,2,20
73,8,1,4
73,8,2,20
73,9,1,4
73,9,2,20
73,10,1,3
73,10,2,20
73,11,1,3
73,11,2,20
73,12,1,3
73,12,2,20
73,13,1,3
73,13,2,20
73,14,1,3
73,14,2,20
73,15,1,3
73,15,2,20
73,16,1,3
73,16,2,20
73,17,1,4
73,17,2,20
73,18,1,4
73,18,2,20
73,19,1,3
73,19,2,20
73,20,1,2
73,20,2,20
73,21,1,2
73,21,2,20
73,22,1,2
73,22,2,20
73,23,1,2
73,23,2,20
73,24,1,2
73,24,2,20
73,25,1,3
73,25,2,20
73,26,1,4
73,26,2,20
73,27,1,4
73,27,2,20
73,28,1,3
73,28,2,20
73,29,1,2
73,29,2,20
73,30,1,1
73,30,2,20
73,31,1,1
73,31,2,20
73,32,1,1
73,32,2,20
73,33,1,2
73,33,2,20
73,34,1,3
73,34,2,20
73,35,1,4
73,35,2,20
73,36,1,4
73,36,2,20
73,37,1,3
73,37,2,20
73,38,1,2
73,38,2,20
73,39,1,1
73,39,2,20
73,40,1,0
73,40,2,20
73,41,1,1
73,41,2,20
73,42,1,2
73,42,2,20
73,43,1,3
73,43,2,20
73,44,1,4
73,44,2,20
73,45,1,4
73,45,2,20
73,46,1,3
73,46,2,20
73,47,1,2
73,47,2,20
73,48,1,1
73,48,2,20
73,49,1,1
73,49,2,20
73,50,1,1
73,50,2,20
73,51,1,2
73,51,2,20
73,52,1,3
73,52,2,20
73,53,1,4
73,53,2,20
73,54,1,4
73,54,2,20
73,55,1,3
73,55,2,20
73,56,1,2
73,56,2,20
73,57,1,2
73,57,2,20
73,58,1,2
73,58,2,20
73,59,1,2
73,59,2,20
73,60,1,2
73,60,2,20
73,61,1,3
73,61,2,20
73,62,1,4
73,62,2,20
73,63,1,4
73,63,2,20
73,64,1,3
73,64,2,20
73,65,1,3
73,65,2,20
73,66,1,3
73,66,2,20
73,67,1,3
73,67,2,20
73,68,1,3
73,68,2,20
73,69,1,3
73,69,2,20
73,70,1,3
73,70,2,20
73,71,1,4
73,71,2,20
73,72,1,4
73,72,2,20
73,73,1,4
73,73,2,20
73,74,1,4
73,74,2,20
73,75,1,4
73,75,2,20
73,76,1,4
73,76,2,20
73,77,1,4
73,77,2,20
73,78,1,4
73,78,2,20
73,79,1,4
73,79,2,20
73,80,1,4
73,80,2,20
74,0,1,4
74,0,2,20
74,1,1,4
74,1,2,20
74,2,1,4
74,2,2,20
74,3,1,4
74,3,2,20
74,4,1,4
74,4,2,20
74,5,1,4
74,5,2,20
74,6,1,4
74,6,2,20
74,7,1,4
74,7,2,20
74,8,1,4
74,8,2,20
74,9,1,4
74,9,2,20
74,10,1,3
74,10,2,20
74,11,1,3
74,11,2,20
74,12,1,3
74,12,2,20
74,13,1,3
74,13,2,20
74,14,1,3
74,14,2,20
74,15,1,3
74,15,2,20
74,16,1,3
74,16,2,20
74,17,1,4
74,17,2,20
74,18,1,4
74,18,2,20
74,19,1,3
74,19,2,20
74,20,1,2
74,20,2,20
74,21,1,2
74,21,2,20
74,22,1,2
74,22,2,20
74,23,1,2
74,23,2,20
74,24,1,2
74,24,2,20
74,25,1,3
74,25,2,20
74,26,1,4
74,26,2,20
74,27,1,4
74,27,2,20
74,28,1,3
74,28,2,20
74,29,1,2
74,29,2,20
74,30,1,1
74,30,2,20
74,31,1,1
74,31,2,20
74,32,1,1
74,32,2,20
74,33,1,2
74,33,2,20
74,34,1,3
74,34,2,20
74,35,1,4
74,35,2,20
74,36,1,4
74,36,2,20
74,37,1,3
74,37,2,20
74,38,1,2
74,38,2,20
74,39,1,1
74,39,2,20
74,40,1,0
74,40,2,20
74,41,1,1
74,41,2,20
74,42,1,2
74,42,2,20
74,43,1,3
74,43,2,20
74,44,1,4
74,44,2,20
74,45,1,4
74,45,2,20
74,46,1,3
74,46,2,20
74,47,1,2
74,47,2,20
74,48,1,1
74,48,2,20
74,49,1,1
74,49,2,20
74,50,1,1
74,50,2,20
74,51,1,2
74,51,2,20
74,52,1,3
74,52,2,20
74,53,1,4
74,53,2,20
74,54,1,4
74,54,2,20
74,55,1,3
74,55,2,20
74,56,1,2
74,56,2,20
74,57,1,2
74,57,2,20
74,58,1,2
74,58,2,20
74,59,1,2
74,59,2,20
74,60,1,2
74,60,2,20
74,61,1,3
74,61,2,20
74,62,1,4
74,62,2,20
74,63,1,4
74,63,2,20
74,64,1,3
74,64,2,20
74,65,1,3
74,65,2,20
74,66,1,3
74,66,2,20
74,67,1,3
74,67,2,20
74,68,1,3
74,68,2,20
74,69,1,3
74,69,2,20
74,70,1,3
74,70,2,20
74,71,1,4
74,71,2,20
74,72,1,4
74,72,2,20
74,73,1,4
74,73,2,20
74,74,1,4
74,74,2,20
74,75,1,4
74,75,2,20
74,76,1,4
74,76,2,20
74,77,1,4
74,77,2,20
74,78,1,4
74,78,2,20
74,79,1,4
74,79,2,20
74,80,1,4
74,80,2,20
75,0,1,4
75,0,2,20
75,1,1,4
75,1,2,20
75,2,1,4
75,2,2,20
75,3,1,4
75,3,2,20
75,4,1,4
75,4,2,20
75,5,1,4
75,5,2,20
75,6,1,4
75,6,2,20
75,7,1,4
75,7,2,20
75,8,1,4
75,8,2,20
75,9,1,4
75,9,2,20
75,10,1,3
75,10,2,20
75,11,1,3
75,11,2,20
75,12,1,3
75,12,2,20
75,13,1,3
75,13,2,20
75,14,1,3
75,14,2,20
75,15,1,3
75,15,2,20
75,16,1,3
75,16,2,20
75,17,1,4
75,17,2,20
75,18,1,4
75,18,2,20
75,19,1,3
75,19,2,20
75,20,1,2
75,20,2,20
75,21,1,2
75,21,2,20
75,22,1,2
75,22,2,20
75,23,1,2
75,23,2,20
75,24,1,2
75,24,2,20
75,25,1,3
75,25,2,20
75,26,1,4
75,26,2,20
75,27,1,4
75,27,2,20
75,28,1,3
75,28,2,20
75,29,1,2
75,29,2,20
75,30,1,1
75,30,2,20
75,31,1,1
75,31,2,20
75,32,1,1
75,32,2,20
75,33,1,2
75,33,2,20
75,34,1,3
75,34,2,20
75,35,1,4
75,35,2,20
75,36,1,4
75,36,2,20
75,37,1,3
75,37,2,20
75,38,1,2
75,38,2,20
75,39,1,1
75,39,2,20
75,40,1,0
75,40,2,20
75,41,1,1
75,41,2,20
75,42,1,2
75,42,2,20
75,43,1,3
75,43,2,20
75,44,1,4
75,44,2,20
75,45,1,4
75,45,2,20
75,46,1,3
75,46,2,20
75,47,1,2
75,47,2,20
75,48,1,1
75,48,2,20
75,49,1,1
75,49,2,20
75,50,1,1
75,50,2,20
75,51,1,2
75,51,2,20
75,52,1,3
75,52,2,20
75,53,1,4
75,53,2,20
75,54,1,4
75,54,2,20
75,55,1,3
75,55,2,20
75,56,1,2
75,56,2,20
75,57,1,2
75,57,2,20
75,58,1,2
75,58,2,20
75,59,1,2
75,59,2,20
75,60,1,2
75,60,2,20
75,61,1,3
75,61,2,20
75,62,1,4
75,62,2,20
75,63,1,4
75,63,2,20
75,64,1,3
75,64,2,20
75,65,1,3
75,65,2,20
75,66,1,3
75,66,2,20
75,67,1,3
75,67,2,20
75,68,1,3
75,68,2,20
75,69,1,3
75,69,2,20
75,70,1,3
75,70,2,20
75,71,1,4
75,71,2,20
75,72,1,4
75,72,2,20
75,73,1,4
75,73,2,20
75,74,1,4
75,74,2,20
75,75,1,4
75,75,2,20
75,76,1,4
75,76,2,20
75,77,1,4
75,77,2,20
75,78,1,4
75,78,2,20
75,79,1,4
75,79,2,20
75,80,1,4
75,80,2,20
76,0,1,4
76,0,2,20
76,1,1,4
76,1,2,20
76,2,1,4
76,2,2,20
76,3,1,4
76,3,2,20
76,4,1,4
76,4,2,20
76,5,1,4
76,5,2,20
76,6,1,4
76,6,2,20
76,7,1,4
76,7,2,20
76,8,1,4
76,8,2,20
76,9,1,4
76,9,2,20
76,10,1,3
76,10,2,20
76,11,1,3
76,11,2,20
76,12,1,3
76,12,2,20
76,13,1,3
76,13,2,20
76,14,1,3
76,14,2,20
76,15,1,3
76,15,2,20
76,16,1,3
76,16,2,20
76,17,1,4
76,17,2,20
76,18,1,4
76,18,2,20
76,19,1,3
76,19,2,20
76,20,1,2
76,20,2,20
76,21,1,2
76,21,2,20
76,22,1,2
76,22,2,20
76,23,1,2
76,23,2,20
76,24,1,2
76,24,2,20
76,25,1,3
76,25,2,20
76,26,1,4
76,26,2,20
76,27,1,4
76,27,2,20
76,28,1,3
76,28,2,20
76,29,1,2
76,29,2,20
76,30,1,1
76,30,2,20
76,31,1,1
76,31,2,20
76,32,1,1
76,32,2,20
76,33,1,2
76,33,2,20
76,34,1,3
76,34,2,20
76,35,1,4
76,35,2,20
76,36,1,4
76,36,2,20
76,37,1,3
76,37,2,20
76,38,1,2
76,38,2,20
76,39,1,1
76,39,2,20
76,40,1,0
76,40,2,20
76,41,1,1
76,41,2,20
76,42,1,2
76,42,2,20
76,43,1,3
76,43,2,20
76,44,1,4
76,44,2,20
76,45,1,4
76,45,2,20
76,46,1,3
76,46,2,20
76,47,1,2
76,47,2,20
76,48,1,1
76,48,2,20
76,49,1,1
76,49,2,20
76,50,1,1
76,50,2,20
76,51,1,2
76,51,2,20
76,52,1,3
76,52,2,20
76,53,1,4
76,53,2,20
76,54,1,4
76,54,2,20
76,55,1,3
76,55,2,20
76,56,1,2
76,56,2,20
76,57,1,2
76,57,2,20
76,58,1,2
76,58,2,20
76,59,1,2
76,59,2,20
76,60,1,2
76,60,2,20
76,61,1,3
76,61,2,20
76,62,1,4
76,62,2,20
76,63,1,4
76,63,2,20
76,64,1,3
76,64,2,20
76,65,1,3
76,65,2,20
76,66,1,3
76,66,2,20
76,67,1,3
76,67,2,20
76,68,1,3
76,68,2,20
76,69,1,3
76,69,2,20
76,70,1,3
76,70,2,20
76,71,1,4
76,71,2,20
76,72,1,4
76,72,2,20
76,73,1,4
76,73,2,20
76,74,1,4
76,74,2,20
76,75,1,4
76,75,2,20
76,76,1,4
76,76,2,20
76,77,1,4
76,77,2,20
76,78,1,4
76,78,2,20
76,79,1,4
76,79,2,20
76,80,1,4
76,80,2,20
77,0,1,4
77,0,2,20
77,1,1,4
77,1,2,20
77,2,1,4
77,2,2,20
77,3,1,4
77,3,2,20
77,4,1,4
77,4,2,20
77,5,1,4
77,5,2,20
77,6,1,4
77,6,2,20
77,7,1,4
77,7,2,20
77,8,1,4
77,8,2,20
77,9,1,4
77,9,2,20
77,10,1,3
77,10,2,20
77,11,1,3
77,11,2,20
77,12,1,3
77,12,2,20
77,13,1,3
77,13,2,20
77,14,1,3
77,14,2,20
77,15,1,3
77,15,2,20
77,16,1,3
77,16,2,20
77,17,1,4
77,17,2,20
77,18,1,4
77,18,2,20
77,19,1,3
77,19,2,20
77,20,1,2
77,20,2,20
77,21,1,2
77,21,2,20
77,22,1,2
77,22,2,20
77,23,1,2
77,23,2,20
77,24,1,2
77,24,2,20
77,25,1,3
77,25,2,20
77,26,1,4
77,26,2,20
77,27,1,4
77,27,2,20
77,28,1,3
77,28,2,20
77,29,1,2
77,29,2,20
77,30,1,1
77,30,2,20
77,31,1,1
77,31,2,20
77,32,1,1
77,32,2,20
77,33,1,2
77,33,2,20
77,34,1,3
77,34,2,20
77,35,1,4
77,35,2,20
77,36,1,4
77,36,2,20
77,37,1,3
77,37,2,20
77,38,1,2
77,38,2,20
77,39,1,1
77,39,2,20
77,40,1,0
77,40,2,20
77,41,1,1
77,41,2,20
77,42,1,2
77,42,2,20
77,43,1,3
77,43,2,20
77,44,1,4
77,44,2,20
77,45,1,4
77,45,2,20
77,46,1,3
77,46,2,20
77,47,1,2
77,47,2,20
77,48,1,1
77,48,2,20
77,49,1,1
77,49,2,20
77,50,1,1
77,50,2,20
77,51,1,2
77,51,2,20
77,52,1,3
77,52,2,20
77,53,1,4
77,53,2,20
77,54,1,4
77,54,2,20
77,55,1,3
77,55,2,20
77,56,1,2
77,56,2,20
77,57,1,2
77,57,2,20
77,58,1,2
77,58,2,20
77,59,1,2
77,59,2,20
77,60,1,2
77,60,2,20
77,61,1,3
77,61,2,20
77,62,1,4
77,62,2,20
77,63,1,4
77,63,2,20
77,64,1,3
77,64,2,20
77,65,1,3
77,65,2,20
77,66,1,3
77,66,2,20
77,67,1,3
77,67,2,20
77,68,1,3
77,68,2,20
77,69,1,3
77,69,2,20
77,70,1,3
77,70,2,20
77,71,1,4
77,71,2,20
77,72,1,4
77,72,2,20
77,73,1,4
77,73,2,20
77,74,1,4
77,74,2,20
77,75,1,4
77,75,2,20
77,76,1,4
77,76,2,20
77,77,1,4
77,77,2,20
77,78,1,4
77,78,2,20
77,79,1,4
77,79,2,20
77,80,1,4
77,80,2,20
78,0,1,4
78,0,2,20
78,1,1,4
78,1,2,20
78,2,1,4
78,2,2,20
78,3,1,4
78,3,2,20
78,4,1,4
78,4,2,20
78,5,1,4
78,5,2,20
78,6,1,4
78,6,2,20
78,7,1,4
78,7,2,20
78,8,1,4
78,8,2,20
78,9,1,4
78,9,2,20
78,10,1,3
78,10,2,20
78,11,1,3
78,11,2,20
78,12,1,3
78,12,2,20
78,13,1,3
78,13,2,20
78,14,1,3
78,14,2,20
78,15,1,3
78,15,2,20
78,16,1,3
78,16,2,20
78,17,1,4
78,17,2,20
78,18,1,4
78,18,2,20
78,19,1,3
78,19,2,20
78,20,1,2
78,20,2,20
78,21,1,2
78,21,2,20
78,22,1,2
78,22,2,20
78,23,1,2
78,23,2,20
78,24,1,2
78,24,2,20
78,25,1,3
78,25,2,20
78,26,1,4
78,26,2,20
78,27,1,4
78,27,2,20
78,28,1,3
78,28,2,20
78,29,1,2
78,29,2,20
78,30,1,1
78,30,2,20
78,31,1,1
78,31,2,20
78,32,1,1
78,32,2,20
78,33,1,2
78,33,2,20
78,34,1,3
78,34,2,20
78,35,1,4
78,35,2,20
78,36,1,4
78,36,2,20
78,37,1,3
78,37,2,20
78,38,1,2
78,38,2,20
78,39,1,1
78,39,2,20
78,40,1,0
78,40,2,20
78,41,1,1
78,41,2,20
78,42,1,2
78,42,2,20
78,43,1,3
78,43,2,20
78,44,1,4
78,44,2,20
78,45,1,4
78,45,2,20
78,46,1,3
78,46,2,20
78,47,1,2
78,47,2,20
78,48,1,1
78,48,2,20
78,49,1,1
78,49,2,20
78,50,1,1
78,50,2,20
78,51,1,2
78,51,2,20
78,52,1,3
78,52,2,20
78,53,1,4
78,53,2,20
78,54,1,4
78,54,2,20
78,55,1,3
78,55,2,20
78,56,1,2
78,56,2,20
78,57,1,2
78,57,2,20
78,58,1,2
78,58,2,20
78,59,1,2
78,59,2,20
78,60,1,2
78,60,2,20
78,61,1,3
78,61,2,20
78,62,1,4
78,62,2,20
78,63,1,4
78,63,2,20
78,64,1,3
78,64,2,20
78,65,1,3
78,65,2,20
78,66,1,3
78,66,2,20
78,67,1,3
78,67,2,20
78,68,1,3
78,68,2,20
78,69,1,3
78,69,2,20
78,70,1,3
78,70,2,20
78,71,1,4
78,71,2,20
78,72,1,4
78,72,2,20
78,73,1,4
78,73,2,20
78,74,1,4
78,74,2,20
78,75,1,4
78,75,2,20
78,76,1,4
78,76,2,20
78,77,1,4
78,77,2,20
78,78,1,4
78,78,2,20
78,79,1,4
78,79,2,20
78,80,1,4
78,80,2,20
79,0,1,4
79,0,2,20
79,1,1,4
79,1,2,20
79,2,1,4
79,2,2,20
79,3,1,4
79,3,2,20
79,4,1,4
79,4,2,20
79,5,1,4
79,5,2,20
79,6,1,4
79,6,2,20
79,7,1,4
79,7,2,20
79,8,1,4
79,8,2,20
79,9,1,4
79,9,2,20
79,10,1,3
79,10,2,20
79,11,1,3
79,11,2,20
79,12,1,3
79,12,2,20
79,13,1,3
79,13,2,20
79,14,1,3
79,14,2,20
79,15,1,3
79,15,2,20
79,16,1,3
79,16,2,20
79,17,1,4
79,17,2,20
79,18,1,4
79,18,2,20
79,19,1,3
79,19,2,20
79,20,1,2
79,20,2,20
79,21,1,2
79,21,2,20
79,22,1,2
79,22,2,20
79,23,1,2
79,23,2,20
79,24,1,2
79,24,2,20
79,25,1,3
79,25,2,20
79,26,1,4
79,26,2,20
79,27,1,4
79,27,2,20
79,28,1,3
79,28,2,20
79,29,1,2
79,29,2,20
79,30,1,1
79,30,2,20
79,31,1,1
79,31,2,20
79,32,1,1
79,32,2,20
79,33,1,2
79,33,2,20
79,34,1,3
79,34,2,20
79,35,1,4
79,35,2,20
79,36,1,4
79,36,2,20
79,37,1,3
79,37,2,20
79,38,1,2
79,38,2,20
79,39,1,1
79,39,2,20
79,40,1,0
79,40,2,20
79,41,1,1
79,41,2,20
79,42,1,2
79,42,2,20
79,43,1,3
79,43,2,20
79,44,1,4
79,44,2,20
79,45,1,4
79,45,2,20
79,46,1,3
79,46,2,20
79,47,1,2
79,47,2,20
79,48,1,1
79,48,2,20
79,49,1,1
79,49,2,20
79,50,1,1
79,50,2,20
79,51,1,2
79,51,2,20
79,52,1,3
79,52,2,20
79,53,1,4
79,53,2,20
79,54,1,4
79,54,2,20
79,55,1,3
79,55,2,20
79,56,1,2
79,56,2,20
79,57,1,2
79,57,2,20
79,58,1,2
79,58,2,20
79,59,1,2
79,59,2,20
79,60,1,2
79,60,2,20
79,61,1,3
79,61,2,20
79,62,1,4
79,62,2,20
79,63,1,4
79,63,2,20
79,64,1,3
79,64,2,20
79,65,1,3
79,65,2,20
79,66,1,3
79,66,2,20
79,67,1,3
79,67,2,20
79,68,1,3
79,68,2,20
79,69,1,3
79,69,2,20
79,70,1,3
79,70,2,20
79,71,1,4
79,71,2,20
79,72,1,4
79,72,2,20
79,73,1,4
79,73,2,20
79,74,1,4
79,74,2,20
79,75,1,4
79,75,2,20
79,76,1,4
79,76,2,20
79,77,1,4
79,77,2,20
79,78,1,4
79,78,2,20
79,79,1,4
79,79,2,20
79,80,1,4
79,80,2,20
80,0,1,4
80,0,2,20
80,1,1,4
80,1,2,20
80,2,1,4
80,2,2,20
80,3,1,4
80,3,2,20
80,4,1,4
80,4,2,20
80,5,1,4
80,5,2,20
80,6,1,4
80,6,2,20
80,7,1,4
80,7,2,20
80,8,1,4
80,8,2,20
80,9,1,4
80,9,2,20
80,10,1,3
80,10,2,20
80,11,1,3
80,11,2,20
80,12,1,3
80,12,2,20
80,13,1,3
80,13,2,20
80,14,1,3
80,14,2,20
80,15,1,3
80,15,2,20
80,16,1,3
80,16,2,20
80,17,1,4
80,17,2,20
80,18,1,4
80,18,2,20
80,19,1,3
80,19,2,20
80,20,1,2
80,20,2,20
80,21,1,2
80,21,2,20
80,22,1,2
80,22,2,20
80,23,1,2
80,23,2,20
80,24,1,2
80,24,2,20
80,25,1,3
80,25,2,20
80,26,1,4
80,26,2,20
80,27,1,4
80,27,2,20
80,28,1,3
80,28,2,20
80,29,1,2
80,29,2,20
80,30,1,1
80,30,2,20
80,31,1,1
80,31,2,20
80,32,1,1
80,32,2,20
80,33,1,2
80,33,2,20
80,34,1,3
80,34,2,20
80,35,1,4
80,35,2,20
80,36,1,4
80,36,2,20
80,37,1,3
80,37,2,20
80,38,1,2
80,38,2,20
80,39,1,1
80,39,2,20
80,40,1,0
80,40,2,20
80,41,1,1
80,41,2,20
80,42,1,2
80,42,2,20
80,43,1,3
80,43,2,20
80,44,1,4
80,44,2,20
80,45,1,4
80,45,2,20
80,46,1,3
80,46,2,20
80,47,1,2
80,47,2,20
80,48,1,1
80,48,2,20
80,49,1,1
80,49,2,20
80,50,1,1
80,50,2,20
80,51,1,2
80,51,2,20
80,52,1,3
80,52,2,20
80,53,1,4
80,53,2,20
80,54,1,4
80,54,2,20
80,55,1,3
80,55,2,20
80,56,1,2
80,56,2,20
80,57,1,2
80,57,2,20
80,58,1,2
80,58,2,20
80,59,1,2
80,59,2,20
80,60,1,2
80,60,2,20
80,61,1,3
80,61,2,20
80,62,1,4
80,62,2,20
80,63,1,4
80,63,2,20
80,64,1,3
80,64,2,20
80,65,1,3
80,65,2,20
80,66,1,3
80,66,2,20
80,67,1,3
80,67,2,20
80,68,1,3
80,68,2,20
80,69,1,3
80,69,2,20
80,70,1,3
80,70,2,20
80,71,1,4
80,71,2,20
80,72,1,4
80,72,2,20
80,73,1,4
80,73,2,20
80,74,1,4
80,74,2,20
80,75,1,4
80,75,2,20
80,76,1,4
80,76,2,20
80,77,1,4
80,77,2,20
80,78,1,4
80,78,2,20
80,79,1,4
80,79,2,20
80,80,1,4
80,80,2,20
81,0,1,4
81,0,2,20
81,1,1,4
81,1,2,20
81,2,1,4
81,2,2,20
81,3,1,4
81,3,2,20
81,4,1,4
81,4,2,20
81,5,1,4
81,5,2,20
81,6,1,4
81,6,2,20
81,7,1,4
81,7,2,20
81,8,1,4
81,8,2,20
81,9,1,4
81,9,2,20
81,10,1,3
81,10,2,20
81,11,1,3
81,11,2,20
81,12,1,3
81,12,2,20
81,13,1,3
81,13,2,20
81,14,1,3
81,14,2,20
81,15,1,3
81,15,2,20
81,16,1,3
81,16,2,20
81,17,1,4
81,17,2,20
81,18,1,4
81,18,2,20
81,19,1,3
81,19,2,20
81,20,1,2
81,20,2,20
81,21,1,2
81,21,2,20
81,22,1,2
81,22,2,20
81,23,1,2
81,23,2,20
81,24,1,2
81,24,2,20
81,25,1,3
81,25,2,20
81,26,1,4
81,26,2,20
81,27,1,4
81,27,2,20
81,28,1,3
81,28,2,20
81,29,1,2
81,29,2,20
81,30,1,1
81,30,2,20
81,31,1,1
81,31,2,20
81,32,1,1
81,32,2,20
81,33,1,2
81,33,2,20
81,34,1,3
81,34,2,20
81,35,1,4
81,35,2,20
81,36,1,4
81,36,2,20
81,37,1,3
81,37,2,20
81,38,1,2
81,38,2,20
81,39,1,1
81,39,2,20
81,40,1,0
81,40,2,20
81,41,1,1
81,41,2,20
81,42,1,2
81,42,2,20
81,43,1,3
81,43,2,20
81,44,1,4
81,44,2,20
81,45,1,4
81,45,2,20
81,46,1,3
81,46,2,20
81,47,1,2
81,47,2,20
81,48,1,1
81,48,2,20
81,49,1,1
81,49,2,20
81,50,1,1
81,50,2,20
81,51,1,2
81,51,2,20
81,52,1,3
81,52,2,20
81,53,1,4
81,53,2,20
81,54,1,4
81,54,2,20
81,55,1,3
81,55,2,20
81,56,1,2
81,56,2,20
81,57,1,2
81,57,2,20
81,58,1,2
81,58,2,20
81,59,1,2
81,59,2,20
81,60,1,2
81,60,2,20
81,61,1,3
81,61,2,20
81,62,1,4
81,62,2,20
81,63,1,4
81,63,2,20
81,64,1,3
81,64,2,20
81,65,1,3
81,65,2,20
81,66,1,3
81,66,2,20
81,67,1,3
81,67,2,20
81,68,1,3
81,68,2,20
81,69,1,3
81,69,2,20
81,70,1,3
81,70,2,20
81,71,1,4
81,71,2,20
81,72,1,4
81,72,2,20
81,73,1,4
81,73,2,20
81,74,1,4
81,74,2,20
81,75,1,4
81,75,2,20
81,76,1,4
81,76,2,20
81,77,1,4
81,77,2,20
81,78,1,4
81,78,2,20
81,79,1,4
81,79,2,20
81,80,1,4
81,80,2,20
82,0,1,4
82,0,2,20
82,1,1,4
82,1,2,20
82,2,1,4
82,2,2,20
82,3,1,4
82,3,2,20
82,4,1,4
82,4,2,20
82,5,1,4
82,5,2,20
82,6,1,4
82,6,2,20
82,7,1,4
82,7,2,20
82,8,1,4
82,8,2,20
82,9,1,4
82,9,2,20
82,10,1,3
82,10,2,20
82,11,1,3
82,11,2,20
82,12,1,3
82,12,2,20
82,13,1,3
82,13,2,20
82,14,1,3
82,14,2,20
82,15,1,3
82,15,2,20
82,16,1,3
82,16,2,20
82,17,1,4
82,17,2,20
82,18,1,4
82,18,2,20
82,19,1,3
82,19,2,20
82,20,1,2
82,20,2,20
82,21,1,2
82,21,2,20
82,22,1,2
82,22,2,20
82,23,1,2
82,23,2,20
82,24,1,2
82,24,2,20
82,25,1,3
82,25,2,20
82,26,1,4
82,26,2,20
82,27,1,4
82,27,2,20
82,28,1,3
82,28,2,20
82,29,1,2
82,29,2,20
82,30,1,1
82,30,2,20
82,31,1,1
82,31,2,20
82,32,1,1
82,32,2,20
82,33,1,2
82,33,2,20
82,34,1,3
82,34,2,20
82,35,1,4
82,35,2,20
82,36,1,4
82,36,2,20
82,37,1,3
82,37,2,20
82,38,1,2
82,38,2,20
82,39,1,1
82,39,2,20
82,40,1,0
82,40,2,20
82,41,1,1
82,41,2,20
82,42,1,2
82,42,2,20
82,43,1,3
82,43,2,20
82,44,1,4
82,44,2,20
82,45,1,4
82,45,2,20
82,46,1,3
82,46,2,20
82,47,1,2
82,47,2,20
82,48,1,1
82,48,2,20
82,49,1,1
82,49,2,20
82,50,1,1
82,50,2,20
82,51,1,2
82,51,2,20
82,52,1,3
82,52,2,20
82,53,1,4
82,53,2,20
82,54,1,4
82,54,2,20
82,55,1,3
82,55,2,20
82,56,1,2
82,56,2,20
82,57,1,2
82,57,2,20
82,58,1,2
82,58,2,20
82,59,1,2
82,59,2,20
82,60,1,2
82,60,2,20
82,61,1,3
82,61,2,20
82,62,1,4
82,62,2,20
82,63,1,4
82,63,2,20
82,64,1,3
82,64,2,20
82,65,1,3
82,65,2,20
82,66,1,3
82,66,2,20
82,67,1,3
82,67,2,20
82,68,1,3
82,68,2,20
82,69,1,3
82,69,2,20
82,70,1,3
82,70,2,20
82,71,1,4
82,71,2,20
82,72,1,4
82,72,2,20
82,73,1,4
82,73,2,20
82,74,1,4
82,74,2,20
82,75,1,4
82,75,2,20
82,76,1,4
82,76,2,20
82,77,1,4
82,77,2,20
82,78,1,4
82,78,2,20
82,79,1,4
82,79,2,20
82,80,1,4
82,80,2,20
83,0,1,4
83,0,2,20
83,1,1,4
83,1,2,20
83,2,1,4
83,2,2,20
83,3,1,4
83,3,2,20
83,4,1,4
83,4,2,20
83,5,1,4
83,5,2,20
83,6,1,4
83,6,2,20
83,7,1,4
83,7,2,20
83,8,1,4
83,8,2,20
83,9,1,4
83,9,2,20
83,10,1,3
83,10,2,20
83,11,1,3
83,11,2,20
83,12,1,3
83,12,2,20
83,13,1,3
83,13,2,20
83,14,1,3
83,14,2,20
83,15,1,3
83,15,2,20
83,16,1,3
83,16,2,20
83,17,1,4
83,17,2,20
83,18,1,4
83,18,2,20
83,19,1,3
83,19,2,20
83,20,1,2
83,20,2,20
83,21,1,2
83,21,2,20
83,22,1,2
83,22,2,20
83,23,1,2
83,23,2,20
83,24,1,2
83,24,2,20
83,25,1,3
83,25,2,20
83,26,1,4
83,26,2,20
83,27,1,4
83,27,2,20
83,28,1,3
83,28,2,20
83,29,1,2
83,29,2,20
83,30,1,1
83,30,2,20
83,31,1,1
83,31,2,20
83,32,1,1
83,32,2,20
83,33,1,2
83,33,2,20
83,34,1,3
83,34,2,20
83,35,1,4
83,35,2,20
83,36,1,4
83,36,2,20
83,37,1,3
83,37,2,20
83,38,1,2
83,38,2,20
83,39,1,1
83,39,2,20
83,40,1,0
83,40,2,20
83,41,1,1
83,41,2,20
83,42,1,2
83,42,2,20
83,43,1,3
83,43,2,20
83,44,1,4
83,44,2,20
83,45,1,4
83,45,2,20
83,46,1,3
83,46,2,20
83,47,1,2
83,47,2,20
83,48,1,1
83,48,2,20
83,49,1,1
83,49,2,20
83,50,1,1
83,50,2,20
83,51,1,2
83,51,2,20
83,52,1,3
83,52,2,20
83,53,1,4
83,53,2,20
83,54,1,4
83,54,2,20
83,55,1,3
83,55,2,20
83,56,1,2
83,56,2,20
83,57,1,2
83,57,2,20
83,58,1,2
83,58,2,20
83,59,1,2
83,59,2,20
83,60,1,2
83,60,2,20
83,61,1,3
83,61,2,20
83,62,1,4
83,62,2,20
83,63,1,4
83,63,2,20
83,64,1,3
83,64,2,20
83,65,1,3
83,65,2,20
83,66,1,3
83,66,2,20
83,67,1,3
83,67,2,20
83,68,1,3
83,68,2,20
83,69,1,3
83,69,2,20
83,70,1,3
83,70,2,20
83,71,1,4
83,71,2,20
83,72,1,4
83,72,2,20
83,73,1,4
83,73,2,20
83,74,1,4
83,74,2,20
83,75,1,4
83,75,2,20
83,76,1,4
83,76,2,20
83,77,1,4
83,77,2,20
83,78,1,4
83,78,2,20
83,79,1,4
83,79,2,20
83,80,1,4
83,80,2,20
84,0,1,4
84,0,2,20
84,1,1,4
84,1,2,20
84,2,1,4
84,2,2,20
84,3,1,4
84,3,2,20
84,4,1,4
84,4,2,20
84,5,1,4
84,5,2,20
84,6,1,4
84,6,2,20
84,7,1,4
84,7,2,20
84,8,1,4
84,8,2,20
84,9,1,4
84,9,2,20
84,10,1,3
84,10,2,20
84,11,1,3
84,11,2,20
84,12,1,3
84,12,2,20
84,13,1,3
84,13,2,20
84,14,1,3
84,14,2,20
84,15,1,3
84,15,2,20
84,16,1,3
84,16,2,20
84,17,1,4
84,17,2,20
84,18,1,4
84,18,2,20
84,19,1,3
84,19,2,20
84,20,1,2
84,20,2,20
84,21,1,2
84,21,2,20
84,22,1,2
84,22,2,20
84,23,1,2
84,23,2,20
84,24,1,2
84,24,2,20
84,25,1,3
84,25,2,20
84,26,1,4
84,26,2,20
84,27,1,4
84,27,2,20
84,28,1,3
84,28,2,20
84,29,1,2
84,29,2,20
84,30,1,1
84,30,2,20
84,31,1,1
84,31,2,20
84,32,1,1
84,32,2,20
84,33,1,2
84,33,2,20
84,34,1,3
84,34,2,20
84,35,1,4
84,35,2,20
84,36,1,4
84,36,2,20
84,37,1,3
84,37,2,20
84,38,1,2
84,38,2,20
84,39,1,1
84,39,2,20
84,40,1,0
84,40,2,20
84,41,1,1
84,41,2,20
84,42,1,2
84,42,2,20
84,43,1,3
84,43,2,20
84,44,1,4
84,44,2,20
84,45,1,4
84,45,2,20
84,46,1,3
84,46,2,20
84,47,1,2
84,47,2,20
84,48,1,1
84,48,2,20
84,49,1,1
84,49,2,20
84,50,1,1
84,50,2,20
84,51,1,2
84,51,2,20
84,52,1,3
84,52,2,20
84,53,1,4
84,53,2,20
84,54,1,4
84,54,2,20
84,55,1,3
84,55,2,20
84,56,1,2
84,56,2,20
84,57,1,2
84,57,2,20
84,58,1,2
84,58,2,20
84,59,1,2
84,59,2,20
84,60,1,2
84,60,2,20
84,61,1,3
84,61,2,20
84,62,1,4
84,62,2,20
84,63,1,4
84,63,2,20
84,64,1,3
84,64,2,20
84,65,1,3
84,65,2,20
84,66,1,3
84,66,2,20
84,67,1,3
84,67,2,20
84,68,1,3
84,68,2,20
84,69,1,3
84,69,2,20
84,70,1,3
84,70,2,20
84,71,1,4
84,71,2,20
84,72,1,4
84,72,2,20
84,73,1,4
84,73,2,20
84,74,1,4
84,74,2,20
84,75,1,4
84,75,2,20
84,76,1,4
84,76,2,20
84,77,1,4
84,77,2,20
84,78,1,4
84,78,2,20
84,79,1,4
84,79,2,20
84,80,1,4
84,80,2,20
85,0,1,4
85,0,2,20
85,1,1,4
85,1,2,20
85,2,1,4
85,2,2,20
85,3,1,4
85,3,2,20
85,4,1,4
85,4,2,20
85,5,1,4
85,5,2,20
85,6,1,4
85,6,2,20
85,7,1,4
85,7,2,20
85,8,1,4
85,8,2,20
85,9,1,4
85,9,2,20
85,10,1,3
85,10,2,20
85,11,1,3
85,11,2,20
85,12,1,3
85,12,2,20
85,13,1,3
85,13,2,20
85,14,1,3
85,14,2,20
85,15,1,3
85,15,2,20
85,16,1,3
85,16,2,20
85,17,1,4
85,17,2,20
85,18,1,4
85,18,2,20
85,19,1,3
85,19,2,20
85,20,1,2
85,20,2,20
85,21,1,2
85,21,2,20
85,22,1,2
85,22,2,20
85,23,1,2
85,23,2,20
85,24,1,2
85,24,2,20
85,25,1,3
85,25,2,20
85,26,1,4
85,26,2,20
85,27,1,4
85,27,2,20
85,28,1,3
85,28,2,20
85,29,1,2
85,29,2,20
85,30,1,1
85,30,2,20
85,31,1,1
85,31,2,20
85,32,1,1
85,32,2,20
85,33,1,2
85,33,2,20
85,34,1,3
85,34,2,20
85,35,1,4
85,35,2,20
85,36,1,4
85,36,2,20
85,37,1,3
85,37,2,20
85,38,1,2
85,38,2,20
85,39,1,1
85,39,2,20
85,40,1,0
85,40,2,20
85,41,1,1
85,41,2,20
85,42,1,2
85,42,2,20
85,43,1,3
85,43,2,20
85,44,1,4
85,44,2,20
85,45,1,4
85,45,2,20
85,46,1,3
85,46,2,20
85,47,1,2
85,47,2,20
85,48,1,1
85,48,2,20
85,49,1,1
85,49,2,20
85,50,1,1
85,50,2,20
85,51,1,2
85,51,2,20
85,52,1,3
85,52,2,20
85,53,1,4
85,53,2,20
85,54,1,4
85,54,2,20
85,55,1,3
85,55,2,20
85,56,1,2
85,56,2,20
85,57,1,2
85,57,2,20
85,58,1,2
85,58,2,20
85,59,1,2
85,59,2,20
85,60,1,2
85,60,2,20
85,61,1,3
85,61,2,20
85,62,1,4
85,62,2,20
85,63,1,4
85,63,2,20
85,64,1,3
85,64,2,20
85,65,1,3
85,65,2,20
85,66,1,3
85,66,2,20
85,67,1,3
85,67,2,20
85,68,1,3
85,68,2,20
85,69,1,3
85,69,2,20
85,70,1,3
85,70,2,20
85,71,1,4
85,71,2,20
85,72,1,4
85,72,2,20
85,73,1,4
85,73,2,20
85,74,1,4
85,74,2,20
85,75,1,4
85,75,2,20
85,76,1,4
85,76,2,20
85,77,1,4
85,77,2,20
85,78,1,4
85,78,2,20
85,79,1,4
85,79,2,20
85,80,1,4
85,80,2,20
86,0,1,4
86,0,2,20
86,1,1,4
86,1,2,20
86,2,1,4
86,2,2,20
86,3,1,4
86,3,2,20
86,4,1,4
86,4,2,20
86,5,1,4
86,5,2,20
86,6,1,4
86,6,2,20
86,7,1,4
86,7,2,20
86,8,1,4
86,8,2,20
86,9,1,4
86,9,2,20
86,10,1,3
86,10,2,20
86,11,1,3
86,11,2,20
86,12,1,3
86,12,2,20
86,13,1,3
86,13,2,20
86,14,1,3
86,14,2,20
86,15,1,3
86,15,2,20
86,16,1,3
86,16,2,20
86,17,1,4
86,17,2,20
86,18,1,4
86,18,2,20
86,19,1,3
86,19,2,20
86,20,1,2
86,20,2,20
86,21,1,2
86,21,2,20
86,22,1,2
86,22,2,20
86,23,1,2
86,23,2,20
86,24,1,2
86,24,2,20
86,25,1,3
86,25,2,20
86,26,1,4
86,26,2,20
86,27,1,4
86,27,2,20
86,28,1,3
86,28,2,20
86,29,1,2
86,29,2,20
86,30,1,1
86,30,2,20
86,31,1,1
86,31,2,20
86,32,1,1
86,32,2,20
86,33,1,2
86,33,2,20
86,34,1,3
86,34,2,20
86,35,1,4
86,35,2,20
86,36,1,4
86,36,2,20
86,37,1,3
86,37,2,20
86,38,1,2
86,38,2,20
86,39,1,1
86,39,2,20
86,40,1,0
86,40,2,20
86,41,1,1
86,41,2,20
86,42,1,2
86,42,2,20
86,43,1,3
86,43,2,20
86,44,1,4
86,44,2,20
86,45,1,4
86,45,2,20
86,46,1,3
86,46,2,20
86,47,1,2
86,47,2,20
86,48,1,1
86,48,2,20
86,49,1,1
86,49,2,20
86,50,1,1
86,50,2,20
86,51,1,2
86,51,2,20
86,52,1,3
86,52,2,20
86,53,1,4
86,53,2,20
86,54,1,4
86,54,2,20
86,55,1,3
86,55,2,20
86,56,1,2
86,56,2,20
86,57,1,2
86,57,2,20
86,58,1,2
86,58,2,20
86,59,1,2
86,59,2,20
86,60,1,2
86,60,2,20
86,61,1,3
86,61,2,20
86,62,1,4
86,62,2,20
86,63,1,4
86,63,2,20
86,64,1,3
86,64,2,20
86,65,1,3
86,65,2,20
86,66,1,3
86,66,2,20
86,67,1,3
86,67,2,20
86,68,1,3
86,68,2,20
86,69,1,3
86,69,2,20
86,70,1,3
86,70,2,20
86,71,1,4
86,71,2,20
86,72,1,4
86,72,2,20
86,73,1,4
86,73,2,20
86,74,1,4
86,74,2,20
86,75,1,4
86,75,2,20
86,76,1,4
86,76,2,20
86,77,1,4
86,77,2,20
86,78,1,4
86,78,2,20
86,79,1,4
86,79,2,20
86,80,1,4
86,80,2,20
87,0,1,4
87,0,2,20
87,1,1,4
87,1,2,20
87,2,1,4
87,2,2,20
87,3,1,4
87,3,2,20
87,4,1,4
87,4,2,20
87,5,1,4
87,5,2,20
87,6,1,4
87,6,2,20
87,7,1,4
87,7,2,20
87,8,1,4
87,8,2,20
87,9,1,4
87,9,2,20
87,10,1,3
87,10,2,20
87,11,1,3
87,11,2,20
87,12,1,3
87,12,2,20
87,13,1,3
87,13,2,20
87,14,1,3
87,14,2,20
87,15,1,3
87,15,2,20
87,16,1,3
87,16,2,20
87,17,1,4
87,17,2,20
87,18,1,4
87,18,2,20
87,19,1,3
87,19,2,20
87,20,1,2
87,20,2,20
87,21,1,2
87,21,2,20
87,22,1,2
87,22,2,20
87,23,1,2
87,23,2,20
87,24,1,2
87,24,2,20
87,25,1,3
87,25,2,20
87,26,1,4
87,26,2,20
87,27,1,4
87,27,2,20
87,28,1,3
87,28,2,20
87,29,1,2
87,29,2,20
87,30,1,1
87,30,2,20
87,31,1,1
87,31,2,20
87,32,1,1
87,32,2,20
87,33,1,2
87,33,2,20
87,34,1,3
87,34,2,20
87,35,1,4
87,35,2,20
87,36,1,4
87,36,2,20
87,37,1,3
87,37,2,20
87,38,1,2
87,38,2,20
87,39,1,1
87,39,2,20
87,40,1,0
87,40,2,20
87,41,1,1
87,41,2,20
87,42,1,2
87,42,2,20
87,43,1,3
87,43,2,20
87,44,1,4
87,44,2,20
87,45,1,4
87,45,2,20
87,46,1,3
87,46,2,20
87,47,1,2
87,47,2,20
87,48,1,1
87,48,2,20
87,49,1,1
87,49,2,20
87,50,1,1
87,50,2,20
87,51,1,2
87,51,2,20
87,52,1,3
87,52,2,20
87,53,1,4
87,53,2,20
87,54,1,4
87,54,2,20
87,55,1,3
87,55,2,20
87,56,1,2
87,56,2,20
87,57,1,2
87,57,2,20
87,58,1,2
87,58,2,20
87,59,1,2
87,59,2,20
87,60,1,2
87,60,2,20
87,61,1,3
87,61,2,20
87,62,1,4
87,62,2,20
87,63,1,4
87,63,2,20
87,64,1,3
87,64,2,20
87,65,1,3
87,65,2,20
87,66,1,3
87,66,2,20
87,67,1,3
87,67,2,20
87,68,1,3
87,68,2,20
87,69,1,3
87,69,2,20
87,70,1,3
87,70,2,20
87,71,1,4
87,71,2,20
87,72,1,4
87,72,2,20
87,73,1,4
87,73,2,20
87,74,1,4
87,74,2,20
87,75,1,4
87,75,2,20
87,76,1,4
87,76,2,20
87,77,1,4
87,77,2,20
87,78,1,4
87,78,2,20
87,79,1,4
87,79,2,20
87,80,1,4
87,80,2,20
88,0,1,4
88,0,2,20
88,1,1,4
88,1,2,20
88,2,1,4
88,2,2,20
88,3,1,4
88,3,2,20
88,4,1,4
88,4,2,20
88,5,1,4
88,5,2,20
88,6,1,4
88,6,2,20
88,7,1,4
88,7,2,20
88,8,1,4
88,8,2,20
88,9,1,4
88,9,2,20
88,10,1,3
88,10,2,20
88,11,1,3
88,11,2,20
88,12,1,3
88,12,2,20
88,13,1,3
88,13,2,20
88,14,1,3
88,14,2,20
88,15,1,3
88,15,2,20
88,16,1,3
88,16,2,20
88,17,1,4
88,17,2,20
88,18,1,4
88,18,2,20
88,19,1,3
88,19,2,20
88,20,1,2
88,20,2,20
88,21,1,2
88,21,2,20
88,22,1,2
88,22,2,20
88,23,1,2
88,23,2,20
88,24,1,2
88,24,2,20
88,25,1,3
88,25,2,20
88,26,1,4
88,26,2,20
88,27,1,4
88,27,2,20
88,28,1,3
88,28,2,20
88,29,1,2
88,29,2,20
88,30,1,1
88,30,2,20
88,31,1,1
88,31,2,20
88,32,1,1
88,32,2,20
88,33,1,2
88,33,2,20
88,34,1,3
88,34,2,20
88,35,1,4
88,35,2,20
88,36,1,4
88,36,2,20
88,37,1,3
88,37,2,20
88,38,1,2
88,38,2,20
88,39,1,1
88,39,2,20
88,40,1,0
88,40,2,20
88,41,1,1
88,41,2,20
88,42,1,2
88,42,2,20
88,43,1,3
88,43,2,20
88,44,1,4
88,44,2,20
88,45,1,4
88,45,2,20
88,46,1,3
88,46,2,20
88,47,1,2
88,47,2,20
88,48,1,1
88,48,2,20
88,49,1,1
88,49,2,20
88,50,1,1
88,50,2,20
88,51,1,2
88,51,2,20
88,52,1,3
88,52,2,20
88,53,1,4
88,53,2,20
88,54,1,4
88,54,2,20
88,55,1,3
88,55,2,20
88,56,1,2
88,56,2,20
88,57,1,2
88,57,2,20
88,58,1,2
88,58,2,20
88,59,1,2
88,59,2,20
88,60,1,2
88,60,2,20
88,61,1,3
88,61,2,20
88,62,1,4
88,62,2,20
88,63,1,4
88,63,2,20
88,64,1,3
88,64,2,20
88,65,1,3
88,65,2,20
88,66,1,3
88,66,2,20
88,67,1,3
88,67,2,20
88,68,1,3
88,68,2,20
88,69,1,3
88,69,2,20
88,70,1,3
88,70,2,20
88,71,1,4
88,71,2,20
88,72,1,4
88,72,2,20
88,73,1,4
88,73,2,20
88,74,1,4
88,74,2,20
88,75,1,4
88,75,2,20
88,76,1,4
88,76,2,20
88,77,1,4
88,77,2,20
88,78,1,4
88,78,2,20
88,79,1,4
88,79,2,20
88,80,1,4
88,80,2,20
89,0,1,4
89,0,2,20
89,1,1,4
89,1,2,20
89,2,1,4
89,2,2,20
89,3,1,4
89,3,2,20
89,4,1,4
89,4,2,20
89,5,1,4
89,5,2,20
89,6,1,4
89,6,2,20
89,7,1,4
89,7,2,20
89,8,1,4
89,8,2,20
89,9,1,4
89,9,2,20
89,10,1,3
89,10,2,20
89,11,1,3
89,11,2,20
89,12,1,3
89,12,2,20
89,13,1,3
89,13,2,20
89,14,1,3
89,14,2,20
89,15,1,3
89,15,2,20
89,16,1,3
89,16,2,20
89,17,1,4
89,17,2,20
89,18,1,4
89,18,2,20
89,19,1,3
89,19,2,20
89,20,1,2
89,20,2,20
89,21,1,2
89,21,2,20
89,22,1,2
89,22,2,20
89,23,1,2
89,23,2,20
89,24,1,2
89,24,2,20
89,25,1,3
89,25,2,20
89,26,1,4
89,26,2,20
89,27,1,4
89,27,2,20
89,28,1,3
89,28,2,20
89,29,1,2
89,29,2,20
89,30,1,1
89,30,2,20
89,31,1,1
89,31,2,20
89,32,1,1
89,32,2,20
89,33,1,2
89,33,2,20
89,34,1,3
89,34,2,20
89,35,1,4
89,35,2,20
89,36,1,4
89,36,2,20
89,37,1,3
89,37,2,20
89,38,1,2
89,38,2,20
89,39,1,1
89,39,2,20
89,40,1,0
89,40,2,20
89,41,1,1
89,41,2,20
89,42,1,2
89,42,2,20
89,43,1,3
89,43,2,20
89,44,1,4
89,44,2,20
89,45,1,4
89,45,2,20
89,46,1,3
89,46,2,20
89,47,1,2
89,47,2,20
89,48,1,1
89,48,2,20
89,49,1,1
89,49,2,20
89,50,1,1
89,50,2,20
89,51,1,2
89,51,2,20
89,52,1,3
89,52,2,20
89,53,1,4
89,53,2,20
89,54,1,4
89,54,2,20
89,55,1,3
89,55,2,20
89,56,1,2
89,56,2,20
89,57,1,2
89,57,2,20
89,58,1,2
89,58,2,20
89,59,1,2
89,59,2,20
89,60,1,2
89,60,2,20
89,61,1,3
89,61,2,20
89,62,1,4
89,62,2,20
89,63,1,4
89,63,2,20
89,64,1,3
89,64,2,20
89,65,1,3
89,65,2,20
89,66,1,3
89,66,2,20
89,67,1,3
89,67,2,20
89,68,1,3
89,68,2,20
89,69,1,3
89,69,2,20
89,70,1,3
89,70,2,20
89,71,1,4
89,71,2,20
89,72,1,4
89,72,2,20
89,73,1,4
89,73,2,20
89,74,1,4
89,74,2,20
89,75,1,4
89,75,2,20
89,76,1,4
89,76,2,20
89,77,1,4
89,77,2,20
89,78,1,4
89,78,2,20
89,79,1,4
89,79,2,20
89,80,1,4
89,80,2,20
90,0,1,4
90,0,2,20
90,1,1,4
90,1,2,20
90,2,1,4
90,2,2,20
90,3,1,4
90,3,2,20
90,4,1,4
90,4,2,20
90,5,1,4
90,5,2,20
90,6,1,4
90,6,2,20
90,7,1,4
90,7,2,20
90,8,1,4
90,8,2,20
90,9,1,4
90,9,2,20
90,10,1,3
90,10,2,20
90,11,1,3
90,11,2,20
90,12,1,3
90,12,2,20
90,13,1,3
90,13,2,20
90,14,1,3
90,14,2,20
90,15,1,3
90,15,2,20
90,16,1,3
90,16,2,20
90,17,1,4
90,17,2,20
90,18,1,4
90,18,2,20
90,19,1,3
90,19,2,20
90,20,1,2
90,20,2,20
90,21,1,2
90,21,2,20
90,22,1,2
90,22,2,20
90,23,1,2
90,23,2,20
90,24,1,2
90,24,2,20
90,25,1,3
90,25,2,20
90,26,1,4
90,26,2,20
90,27,1,4
90,27,2,20
90,28,1,3
90,28,2,20
90,29,1,2
90,29,2,20
90,30,1,1
90,30,2,20
90,31,1,1
90,31,2,20
90,32,1,1
90,32,2,20
90,33,1,2
90,33,2,20
90,34,1,3
90,34,2,20
90,35,1,4
90,35,2,20
90,36,1,4
90,36,2,20
90,37,1,3
90,37,2,20
90,38,1,2
90,38,2,20
90,39,1,1
90,39,2,20
90,40,1,0
90,40,2,20
90,41,1,1
90,41,2,20
90,42,1,2
90,42,2,20
90,43,1,3
90,43,2,20
90,44,1,4
90,44,2,20
90,45,1,4
90,45,2,20
90,46,1,3
90,46,2,20
90,47,1,2
90,47,2,20
90,48,1,1
90,48,2,20
90,49,1,1
90,49,2,20
90,50,1,1
90,50,2,20
90,51,1,2
90,51,2,20
90,52,1,3
90,52,2,20
90,53,1,4
90,53,2,20
90,54,1,4
90,54,2,20
90,55,1,3
90,55,2,20
90,56,1,2
90,56,2,20
90,57,1,2
90,57,2,20
90,58,1,2
90,58,2,20
90,59,1,2
90,59,2,20
90,60,1,2
90,60,2,20
90,61,1,3
90,61,2,20
90,62,1,4
90,62,2,20
90,63,1,4
90,63,2,20
90,64,1,3
90,64,2,20
90,65,1,3
90,65,2,20
90,66,1,3
90,66,2,20
90,67,1,3
90,67,2,20
90,68,1,3
90,68,2,20
90,69,1,3
90,69,2,20
90,70,1,3
90,70,2,20
90,71,1,4
90,71,2,20
90,72,1,4
90,72,2,20
90,73,1,4
90,73,2,20
90,74,1,4
90,74,2,20
90,75,1,4
90,75,2,20
90,76,1,4
90,76,2,20
90,77,1,4
90,77,2,20
90,78,1,4
90,78,2,20
90,79,1,4
90,79,2,20
90,80,1,4
90,80,2,20
91,0,1,4
91,0,2,20
91,1,1,4
91,1,2,20
91,2,1,4
91,2,2,20
91,3,1,4
91,3,2,20
91,4,1,4
91,4,2,20
91,5,1,4
91,5,2,20
91,6,1,4
91,6,2,20
91,7,1,4
91,7,2,20
91,8,1,4
91,8,2,20
91,9,1,4
91,9,2,20
91,10,1,3
91,10,2,20
91,11,1,3
91,11,2,20
91,12,1,3
91,12,2,20
91,13,1,3
91,13,2,20
91,14,1,3
91,14,2,20
91,15,1,3
91,15,2,20
91,16,1,3
91,16,2,20
91,17,1,4
91,17,2,20
91,18,1,4
91,18,2,20
91,19,1,3
91,19,2,20
91,20,1,2
91,20,2,20
91,21,1,2
91,21,2,20
91,22,1,2
91,22,2,20
91,23,1,2
91,23,2,20
91,24,1,2
91,24,2,20
91,25,1,3
91,25,2,20
91,26,1,4
91,26,2,20
91,27,1,4
91,27,2,20
91,28,1,3
91,28,2,20
91,29,1,2
91,29,2,20
91,30,1,1
91,30,2,20
91,31,1,1
91,31,2,20
91,32,1,1
91,32,2,20
91,33,1,2
91,33,2,20
91,34,1,3
91,34,2,20
91,35,1,4
91,35,2,20
91,36,1,4
91,36,2,20
91,37,1,3
91,37,2,20
91,38,1,2
91,38,2,20
91,39,1,1
91,39,2,20
91,40,1,0
91,40,2,20
91,41,1,1
91,41,2,20
91,42,1,2
91,42,2,20
91,43,1,3
91,43,2,20
91,44,1,4
91,44,2,20
91,45,1,4
91,45,2,20
91,46,1,3
91,46,2,20
91,47,1,2
91,47,2,20
91,48,1,1
91,48,2,20
91,49,1,1
91,49,2,20
91,50,1,1
91,50,2,20
91,51,1,2
91,51,2,20
91,52,1,3
91,52,2,20
91,53,1,4
91,53,2,20
91,54,1,4
91,54,2,20
91,55,1,3
91,55,2,20
91,56,1,2
91,56,2,20
91,57,1,2
91,57,2,20
91,58,1,2
91,58,2,20
91,59,1,2
91,59,2,20
91,60,1,2
91,60,2,20
91,61,1,3
91,61,2,20
91,62,1,4
91,62,2,20
91,63,1,4
91,63,2,20
91,64,1,3
91,64,2,20
91,65,1,3
91,65,2,20
91,66,1,3
91,66,2,20
91,67,1,3
91,67,2,20
91,68,1,3
91,68,2,20
91,69,1,3
91,69,2,20
91,70,1,3
91,70,2,20
91,71,1,4
91,71,2,20
91,72,1,4
91,72,2,20
91,73,1,4
91,73,2,20
91,74,1,4
91,74,2,20
91,75,1,4
91,75,2,20
91,76,1,4
91,76,2,20
91,77,1,4
91,77,2,20
91,78,1,4
91,78,2,20
91,79,1,4
91,79,2,20
91,80,1,4
91,80,2,20
92,0,1,4
92,0,2,20
92,1,1,4
92,1,2,20
92,2,1,4
92,2,2,20
92,3,1,4
92,3,2,20
92,4,1,4
92,4,2,20
92,5,1,4
92,5,2,20
92,6,1,4
92,6,2,20
92,7,1,4
92,7,2,20
92,8,1,4
92,8,2,20
92,9,1,4
92,9,2,20
92,10,1,3
92,10,2,20
92,11,1,3
92,11,2,20
92,12,1,3
92,12,2,20
92,13,1,3
92,13,2,20
92,14,1,3
92,14,2,20
92,15,1,3
92,15,2,20
92,16,1,3
92,16,2,20
92,17,1,4
92,17,2,20
92,18,1,4
92,18,2,20
92,19,1,3
92,19,2,20
92,20,1,2
92,20,2,20
92,21,1,2
92,21,2,20
92,22,1,2
92,22,2,20
92,23,1,2
92,23,2,20
92,24,1,2
92,24,2,20
92,25,1,3
92,25,2,20
92,26,1,4
92,26,2,20
92,27,1,4
92,27,2,20
92,28,1,3
92,28,2,20
92,29,1,2
92,29,2,20
92,30,1,1
92,30,2,20
92,31,1,1
92,31,2,20
92,32,1,1
92,32,2,20
92,33,1,2
92,33,2,20
92,34,1,3
92,34,2,20
92,35,1,4
92,35,2,20
92,36,1,4
92,36,2,20
92,37,1,3
92,37,2,20
92,38,1,2
92,38,2,20
92,39,1,1
92,39,2,20
92,40,1,0
92,40,2,20
92,41,1,1
92,41,2,20
92,42,1,2
92,42,2,20
92,43,1,3
92,43,2,20
92,44,1,4
92,44,2,20
92,45,1,4
92,45,2,20
92,46,1,3
92,46,2,20
92,47,1,2
92,47,2,20
92,48,1,1
92,48,2,20
92,49,1,1
92,49,2,20
92,50,1,1
92,50,2,20
92,51,1,2
92,51,2,20
92,52,1,3
92,52,2,20
92,53,1,4
92,53,2,20
92,54,1,4
92,54,2,20
92,55,1,3
92,55,2,20
92,56,1,2
92,56,2,20
92,57,1,2
92,57,2,20
92,58,1,2
92,58,2,20
92,59,1,2
92,59,2,20
92,60,1,2
92,60,2,20
92,61,1,3
92,61,2,20
92,62,1,4
92,62,2,20
92,63,1,4
92,63,2,20
92,64,1,3
92,64,2,20
92,65,1,3
92,65,2,20
92,66,1,3
92,66,2,20
92,67,1,3
92,67,2,20
92,68,1,3
92,68,2,20
92,69,1,3
92,69,2,20
92,70,1,3
92,70,2,20
92,71,1,4
92,71,2,20
92,72,1,4
92,72,2,20
92,73,1,4
92,73,2,20
92,74,1,4
92,74,2,20
92,75,1,4
92,75,2,20
92,76,1,4
92,76,2,20
92,77,1,4
92,77,2,20
92,78,1,4
92,78,2,20
92,79,1,4
92,79,2,20
92,80,1,4
92,80,2,20
93,0,1,4
93,0,2,20
93,1,1,4
93,1,2,20
93,2,1,4
93,2,2,20
93,3,1,4
93,3,2,20
93,4,1,4
93,4,2,20
93,5,1,4
93,5,2,20
93,6,1,4
93,6,2,20
93,7,1,4
93,7,2,20
93,8,1,4
93,8,2,20
93,9,1,4
93,9,2,20
93,10,1,3
93,10,2,20
93,11,1,3
93,11,2,20
93,12,1,3
93,12,2,20
93,13,1,3
93,13,2,20
93,14,1,3
93,14,2,20
93,15,1,3
93,15,2,20
93,16,1,3
93,16,2,20
93,17,1,4
93,17,2,20
93,18,1,4
93,18,2,20
93,19,1,3
93,19,2,20
93,20,1,2
93,20,2,20
93,21,1,2
93,21,2,20
93,22,1,2
93,22,2,20
93,23,1,2
93,23,2,20
93,24,1,2
93,24,2,20
93,25,1,3
93,25,2,20
93,26,1,4
93,26,2,20
93,27,1,4
93,27,2,20
93,28,1,3
93,28,2,20
93,29,1,2
93,29,2,20
93,30,1,1
93,30,2,20
93,31,1,1
93,31,2,20
93,32,1,1
93,32,2,20
93,33,1,2
93,33,2,20
93,34,1,3
93,34,2,20
93,35,1,4
93,35,2,20
93,36,1,4
93,36,2,20
93,37,1,3
93,37,2,20
93,38,1,2
93,38,2,20
93,39,1,1
93,39,2,20
93,40,1,0
93,40,2,20
93,41,1,1
93,41,2,20
93,42,1,2
93,42,2,20
93,43,1,3
93,43,2,20
93,44,1,4
93,44,2,20
93,45,1,4
93,45,2,20
93,46,1,3
93,46,2,20
93,47,1,2
93,47,2,20
93,48,1,1
93,48,2,20
93,49,1,1
93,49,2,20
93,50,1,1
93,50,2,20
93,51,1,2
93,51,2,20
93,52,1,3
93,52,2,20
93,53,1,4
93,53,2,20
93,54,1,4
93,54,2,20
93,55,1,3
93,55,2,20
93,56,1,2
93,56,2,20
93,57,1,2
93,57,2,20
93,58,1,2
93,58,2,20
93,59,1,2
93,59,2,20
93,60,1,2
93,60,2,20
93,61,1,3
93,61,2,20
93,62,1,4
93,62,2,20
93,63,1,4
93,63,2,20
93,64,1,3
93,64,2,20
93,65,1,3
93,65,2,20
93,66,1,3
93,66,2,20
93,67,1,3
93,67,2,20
93,68,1,3
93,68,2,20
93,69,1,3
93,69,2,20
93,70,1,3
93,70,2,20
93,71,1,4
93,71,2,20
93,72,1,4
93,72,2,20
93,73,1,4
93,73,2,20
93,74,1,4
93,74,2,20
93,75,1,4
93,75,2,20
93,76,1,4
93,76,2,20
93,77,1,4
93,77,2,20
93,78,1,4
93,78,2,20
93,79,1,4
93,79,2,20
93,80,1,4
93,80,2,20
94,0,1,4
94,0,2,20
94,1,1,4
94,1,2,20
94,2,1,4
94,2,2,20
94,3,1,4
94,3,2,20
94,4,1,4
94,4,2,20
94,5,1,4
94,5,2,20
94,6,1,4
94,6,2,20
94,7,1,4
94,7,2,20
94,8,1,4
94,8,2,20
94,9,1,4
94,9,2,20
94,10,1,3
94,10,2,20
94,11,1,3
94,11,2,20
94,12,1,3
94,12,2,20
94,13,1,3
94,13,2,20
94,14,1,3
94,14,2,20
94,15,1,3
94,15,2,20
94,16,1,3
94,16,2,20
94,17,1,4
94,17,2,20
94,18,1,4
94,18,2,20
94,19,1,3
94,19,2,20
94,20,1,2
94,20,2,20
94,21,1,2
94,21,2,20
94,22,1,2
94,22,2,20
94,23,1,2
94,23,2,20
94,24,1,2
94,24,2,20
94,25,1,3
94,25,2,20
94,26,1,4
94,26,2,20
94,27,1,4
94,27,2,20
94,28,1,3
94,28,2,20
94,29,1,2
94,29,2,20
94,30,1,1
94,30,2,20
94,31,1,1
94,31,2,20
94,32,1,1
94,32,2,20
94,33,1,2
94,33,2,20
94,34,1,3
94,34,2,20
94,35,1,4
94,35,2,20
94,36,1,4
94,36,2,20
94,37,1,3
94,37,2,20
94,38,1,2
94,38,2,20
94,39,1,1
94,39,2,20
94,40,1,0
94,40,2,20
94,41,1,1
94,41,2,20
94,42,1,2
94,42,2,20
94,43,1,3
94,43,2,20
94,44,1,4
94,44,2,20
94,45,1,4
94,45,2,20
94,46,1,3
94,46,2,20
94,47,1,2
94,47,2,20
94,48,1,1
94,48,2,20
94,49,1,1
94,49,2,20
94,50,1,1
94,50,2,20
94,51,1,2
94,51,2,20
94,52,1,3
94,52,2,20
94,53,1,4
94,53,2,20
94,54,1,4
94,54,2,20
94,55,1,3
94,55,2,20
94,56,1,2
94,56,2,20
94,57,1,2
94,57,2,20
94,58,1,2
94,58,2,20
94,59,1,2
94,59,2,20
94,60,1,2
94,60,2,20
94,61,1,3
94,61,2,20
94,62,1,4
94,62,2,20
94,63,1,4
94,63,2,20
94,64,1,3
94,64,2,20
94,65,1,3
94,65,2,20
94,66,1,3
94,66,2,20
94,67,1,3
94,67,2,20
94,68,1,3
94,68,2,20
94,69,1,3
94,69,2,20
94,70,1,3
94,70,2,20
94,71,1,4
94,71,2,20
94,72,1,4
94,72,2,20
94,73,1,4
94,73,2,20
94,74,1,4
94,74,2,20
94,75,1,4
94,75,2,20
94,76,1,4
94,76,2,20
94,77,1,4
94,77,2,20
94,78,1,4
94,78,2,20
94,79,1,4
94,79,2,20
94,80,1,4
94,80,2,20
95,0,1,4
95,0,2,20
95,1,1,4
95,1,2,20
95,2,1,4
95,2,2,20
95,3,1,4
95,3,2,20
95,4,1,4
95,4,2,20
95,5,1,4
95,5,2,20
95,6,1,4
95,6,2,20
95,7,1,4
95,7,2,20
95,8,1,4
95,8,2,20
95,9,1,4
95,9,2,20
95,10,1,3
95,10,2,20
95,11,1,3
95,11,2,20
95,12,1,3
95,12,2,20
95,13,1,3
95,13,2,20
95,14,1,3
95,14,2,20
95,15,1,3
95,15,2,20
95,16,1,3
95,16,2,20
95,17,1,4
95,17,2,20
95,18,1,4
95,18,2,20
95,19,1,3
95,19,2,20
95,20,1,2
95,20,2,20
95,21,1,2
95,21,2,20
95,22,1,2
95,22,2,20
95,23,1,2
95,23,2,20
95,24,1,2
95,24,2,20
95,25,1,3
95,25,2,20
95,26,1,4
95,26,2,20
95,27,1,4
95,27,2,20
95,28,1,3
95,28,2,20
95,29,1,2
95,29,2,20
95,30,1,1
95,30,2,20
95,31,1,1
95,31,2,20
95,32,1,1
95,32,2,20
95,33,1,2
95,33,2,20
95,34,1,3
95,34,2,20
95,35,1,4
95,35,2,20
95,36,1,4
95,36,2,20
95,37,1,3
95,37,2,20
95,38,1,2
95,38,2,20
95,39,1,1
95,39,2,20
95,40,1,0
95,40,2,20
95,41,1,1
95,41,2,20
95,42,1,2
95,42,2,20
95,43,1,3
95,43,2,20
95,44,1,4
95,44,2,20
95,45,1,4
95,45,2,20
95,46,1,3
95,46,2,20
95,47,1,2
95,47,2,20
95,48,1,1
95,48,2,20
95,49,1,1
95,49,2,20
95,50,1,1
95,50,2,20
95,51,1,2
95,51,2,20
95,52,1,3
95,52,2,20
95,53,1,4
95,53,2,20
95,54,1,4
95,54,2,20
95,55,1,3
95,55,2,20
95,56,1,2
95,56,2,20
95,57,1,2
95,57,2,20
95,58,1,2
95,58,2,20
95,59,1,2
95,59,2,20
95,60,1,2
95,60,2,20
95,61,1,3
95,61,2,20
95,62,1,4
95,62,2,20
95,63,1,4
95,63,2,20
95,64,1,3
95,64,2,20
95,65,1,3
95,65,2,20
95,66,1,3
95,66,2,20
95,67,1,3
95,67,2,20
95,68,1,3
95,68,2,20
95,69,1,3
95,69,2,20
95,70,1,3
95,70,2,20
95,71,1,4
95,71,2,20
95,72,1,4
95,72,2,20
95,73,1,4
95,73,2,20
95,74,1,4
95,74,2,20
95,75,1,4
95,75,2,20
95,76,1,4
95,76,2,20
95,77,1,4
95,77,2,20
95,78,1,4
95,78,2,20
95,79,1,4
95,79,2,20
95,80,1,4
95,80,2,20
96,0,1,4
96,0,2,20
96,1,1,4
96,1,2,20
96,2,1,4
96,2,2,20
96,3,1,4
96,3,2,20
96,4,1,4
96,4,2,20
96,5,1,4
96,5,2,20
96,6,1,4
96,6,2,20
96,7,1,4
96,7,2,20
96,8,1,4
96,8,2,20
96,9,1,4
96,9,2,20
96,10,1,3
96,10,2,20
96,11,1,3
96,11,2,20
96,12,1,3
96,12,2,20
96,13,1,3
96,13,2,20
96,14,1,3
96,14,2,20
96,15,1,3
96,15,2,20
96,16,1,3
96,16,2,20
96,17,1,4
96,17,2,20
96,18,1,4
96,18,2,20
96,19,1,3
96,19,2,20
96,20,1,2
96,20,2,20
96,21,1,2
96,21,2,20
96,22,1,2
96,22,2,20
96,23,1,2
96,23,2,20
96,24,1,2
96,24,2,20
96,25,1,3
96,25,2,20
96,26,1,4
96,26,2,20
96,27,1,4
96,27,2,20
96,28,1,3
96,28,2,20
96,29,1,2
96,29,2,20
96,30,1,1
96,30,2,20
96,31,1,1
96,31,2,20
96,32,1,1
96,32,2,20
96,33,1,2
96,33,2,20
96,34,1,3
96,34,2,20
96,35,1,4
96,35,2,20
96,36,1,4
96,36,2,20
96,37,1,3
96,37,2,20
96,38,1,2
96,38,2,20
96,39,1,1
96,39,2,20
96,40,1,0
96,40,2,20
96,41,1,1
96,41,2,20
96,42,1,2
96,42,2,20
96,43,1,3
96,43,2,20
96,44,1,4
96,44,2,20
96,45,1,4
96,45,2,20
96,46,1,3
96,46,2,20
96,47,1,2
96,47,2,20
96,48,1,1
96,48,2,20
96,49,1,1
96,49,2,20
96,50,1,1
96,50,2,20
96,51,1,2
96,51,2,20
96,52,1,3
96,52,2,20
96,53,1,4
96,53,2,20
96,54,1,4
96,54,2,20
96,55,1,3
96,55,2,20
96,56,1,2
96,56,2,20
96,57,1,2
96,57,2,20
96,58,1,2
96,58,2,20
96,59,1,2
96,59,2,20
96,60,1,2
96,60,2,20
96,61,1,3
96,61,2,20
96,62,1,4
96,62,2,20
96,63,1,4
96,63,2,20
96,64,1,3
96,64,2,20
96,65,1,3
96,65,2,20
96,66,1,3
96,66,2,20
96,67,1,3
96,67,2,20
96,68,1,3
96,68,2,20
96,69,1,3
96,69,2,20
96,70,1,3
96,70,2,20
96,71,1,4
96,71,2,20
96,72,1,4
96,72,2,20
96,73,1,4
96,73,2,20
96,74,1,4
96,74,2,20
96,75,1,4
96,75,2,20
96,76,1,4
96,76,2,20
96,77,1,4
96,77,2,20
96,78,1,4
96,78,2,20
96,79,1,4
96,79,2,20
96,80,1,4
96,80,2,20
97,0,1,4
97,0,2,20
97,1,1,4
97,1,2,20
97,2,1,4
97,2,2,20
97,3,1,4
97,3,2,20
97,4,1,4
97,4,2,20
97,5,1,4
97,5,2,20
97,6,1,4
97,6,2,20
97,7,1,4
97,7,2,20
97,8,1,4
97,8,2,20
97,9,1,4
97,9,2,20
97,10,1,3
97,10,2,20
97,11,1,3
97,11,2,20
97,12,1,3
97,12,2,20
97,13,1,3
97,13,2,20
97,14,1,3
97,14,2,20
97,15,1,3
97,15,2,20
97,16,1,3
97,16,2,20
97,17,1,4
97,17,2,20
97,18,1,4
97,18,2,20
97,19,1,3
97,19,2,20
97,20,1,2
97,20,2,20
97,21,1,2
97,21,2,20
97,22,1,2
97,22,2,20
97,23,1,2
97,23,2,20
97,24,1,2
97,24,2,20
97,25,1,3
97,25,2,20
97,26,1,4
97,26,2,20
97,27,1,4
97,27,2,20
97,28,1,3
97,28,2,20
97,29,1,2
97,29,2,20
97,30,1,1
97,30,2,20
97,31,1,1
97,31,2,20
97,32,1,1
97,32,2,20
97,33,1,2
97,33,2,20
97,34,1,3
97,34,2,20
97,35,1,4
97,35,2,20
97,36,1,4
97,36,2,20
97,37,1,3
97,37,2,20
97,38,1,2
97,38,2,20
97,39,1,1
97,39,2,20
97,40,1,0
97,40,2,20
97,41,1,1
97,41,2,20
97,42,1,2
97,42,2,20
97,43,1,3
97,43,2,20
97,44,1,4
97,44,2,20
97,45,1,4
97,45,2,20
97,46,1,3
97,46,2,20
97,47,1,2
97,47,2,20
97,48,1,1
97,48,2,20
97,49,1,1
97,49,2,20
97,50,1,1
97,50,2,20
97,51,1,2
97,51,2,20
97,52,1,3
97,52,2,20
97,53,1,4
97,53,2,20
97,54,1,4
97,54,2,20
97,55,1,3
97,55,2,20
97,56,1,2
97,56,2,20
97,57,1,2
97,57,2,20
97,58,1,2
97,58,2,20
97,59,1,2
97,59,2,20
97,60,1,2
97,60,2,20
97,61,1,3
97,61,2,20
97,62,1,4
97,62,2,20
97,63,1,4
97,63,2,20
97,64,1,3
97,64,2,20
97,65,1,3
97,65,2,20
97,66,1,3
97,66,2,20
97,67,1,3
97,67,2,20
97,68,1,3
97,68,2,20
97,69,1,3
97,69,2,20
97,70,1,3
97,70,2,20
97,71,1,4
97,71,2,20
97,72,1,4
97,72,2,20
97,73,1,4
97,73,2,20
97,74,1,4
97,74,2,20
97,75,1,4
97,75,2,20
97,76,1,4
97,76,2,20
97,77,1,4
97,77,2,20
97,78,1,4
97,78,2,20
97,79,1,4
97,79,2,20
97,80,1,4
97,80,2,20
98,0,1,4
98,0,2,20
98,1,1,4
98,1,2,20
98,2,1,4
98,2,2,20
98,3,1,4
98,3,2,20
98,4,1,4
98,4,2,20
98,5,1,4
98,5,2,20
98,6,1,4
98,6,2,20
98,7,1,4
98,7,2,20
98,8,1,4
98,8,2,20
98,9,1,4
98,9,2,20
98,10,1,3
98,10,2,20
98,11,1,3
98,11,2,20
98,12,1,3
98,12,2,20
98,13,1,3
98,13,2,20
98,14,1,3
98,14,2,20
98,15,1,3
98,15,2,20
98,16,1,3
98,16,2,20
98,17,1,4
98,17,2,20
98,18,1,4
98,18,2,20
98,19,1,3
98,19,2,20
98,20,1,2
98,20,2,20
98,21,1,2
98,21,2,20
98,22,1,2
98,22,2,20
98,23,1,2
98,23,2,20
98,24,1,2
98,24,2,20
98,25,1,3
98,25,2,20
98,26,1,4
98,26,2,20
98,27,1,4
98,27,2,20
98,28,1,3
98,28,2,20
98,29,1,2
98,29,2,20
98,30,1,1
98,30,2,20
98,31,1,1
98,31,2,20
98,32,1,1
98,32,2,20
98,33,1,2
98,33,2,20
98,34,1,3
98,34,2,20
98,35,1,4
98,35,2,20
98,36,1,4
98,36,2,20
98,37,1,3
98,37,2,20
98,38,1,2
98,38,2,20
98,39,1,1
98,39,2,20
98,40,1,0
98,40,2,20
98,41,1,1
98,41,2,20
98,42,1,2
98,42,2,20
98,43,1,3
98,43,2,20
98,44,1,4
98,44,2,20
98,45,1,4
98,45,2,20
98,46,1,3
98,46,2,20
98,47,1,2
98,47,2,20
98,48,1,1
98,48,2,20
98,49,1,1
98,49,2,20
98,50,1,1
98,50,2,20
98,51,1,2
98,51,2,20
98,52,1,3
98,52,2,20
98,53,1,4
98,53,2,20
98,54,1,4
98,54,2,20
98,55,1,3
98,55,2,20
98,56,1,2
98,56,2,20
98,57,1,2
98,57,2,20
98,58,1,2
98,58,2,20
98,59,1,2
98,59,2,20
98,60,1,2
98,60,2,20
98,61,1,3
98,61,2,20
98,62,1,4
98,62,2,20
98,63,1,4
98,63,2,20
98,64,1,3
98,64,2,20
98,65,1,3
98,65,2,20
98,66,1,3
98,66,2,20
98,67,1,3
98,67,2,20
98,68,1,3
98,68,2,20
98,69,1,3
98,69,2,20
98,70,1,3
98,70,2,20
98,71,1,4
98,71,2,20
98,72,1,4
98,72,2,20
98,73,1,4
98,73,2,20
98,74,1,4
98,74,2,20
98,75,1,4
98,75,2,20
98,76,1,4
98,76,2,20
98,77,1,4
98,77,2,20
98,78,1,4
98,78,2,20
98,79,1,4
98,79,2,20
98,80,1,4
98,80,2,20
99,0,1,4
99,0,2,20
99,1,1,4
99,1,2,20
99,2,1,4
99,2,2,20
99,3,1,4
99,3,2,20
99,4,1,4
99,4,2,20
99,5,1,4
99,5,2,20
99,6,1,4
99,6,2,20
99,7,1,4
99,7,2,20
99,8,1,4
99,8,2,20
99,9,1,4
99,9,2,20
99,10,1,3
99,10,2,20
99,11,1,3
99,11,2,20
99,12,1,3
99,12,2,20
99,13,1,3
99,13,2,20
99,14,1,3
99,14,2,20
99,15,1,3
99,15,2,20
99,16,1,3
99,16,2,20
99,17,1,4
99,17,2,20
99,18,1,4
99,18,2,20
99,19,1,3
99,19,2,20
99,20,1,2
99,20,2,20
99,21,1,2
99,21,2,20
99,22,1,2
99,22,2,20
99,23,1,2
99,23,2,20
99,24,1,2
99,24,2,20
99,25,1,3
99,25,2,20
99,26,1,4
99,26,2,20
99,27,1,4
99,27,2,20
99,28,1,3
99,28,2,20
99,29,1,2
99,29,2,20
99,30,1,1
99,30,2,20
99,31,1,1
99,31,2,20
99,32,1,1
99,32,2,20
99,33,1,2
99,33,2,20
99,34,1,3
99,34,2,20
99,35,1,4
99,35,2,20
99,36,1,4
99,36,2,20
99,37,1,3
99,37,2,20
99,38,1,2
99,38,2,20
99,39,1,1
99,39,2,20
99,40,1,0
99,40,2,20
99,41,1,1
99,41,2,20
99,42,1,2
99,42,2,20
99,43,1,3
99,43,2,20
99,44,1,4
99,44,2,20
99,45,1,4
99,45,2,20
99,46,1,3
99,46,2,20
99,47,1,2
99,47,2,20
99,48,1,1
99,48,2,20
99,49,1,1
99,49,2,20
99,50,1,1
99,50,2,20
99,51,1,2
99,51,2,20
99,52,1,3
99,52,2,20
99,53,1,4
99,53,2,20
99,54,1,4
99,54,2,20
99,55,1,3
99,55,2,20
99,56,1,2
99,56,2,20
99,57,1,2
99,57,2,20
99,58,1,2
99,58,2,20
99,59,1,2
99,59,2,20
99,60,1,2
99,60,2,20
99,61,1,3
99,61,2,20
99,62,1,4
99,62,2,20
99,63,1,4
99,63,2,20
99,64,1,3
99,64,2,20
99,65,1,3
99,65,2,20
99,66,1,3
99,66,2,20
99,67,1,3
99,67,2,20
99,68,1,3
99,68,2,20
99,69,1,3
99,69,2,20
99,70,1,3
99,70,2,20
99,71,1,4
99,71,2,20
99,72,1,4
99,72,2,20
99,73,1,4
99,73,2,20
99,74,1,4
99,74,2,20
99,75,1,4
99,75,2,20
99,76,1,4
99,76,2,20
99,77,1,4
99,77,2,20
99,78,1,4
99,78,2,20
99,79,1,4
99,79,2,20
99,80,1,4
99,80,2,20
100,0,1,4
100,0,2,20
100,1,1,4
100,1,2,20
100,2,1,4
100,2,2,20
100,3,1,4
100,3,2,20
100,4,1,4
100,4,2,20
100,5,1,4
100,5,2,20
100,6,1,4
100,6,2,20
100,7,1,4
100,7,2,20
100,8,1,4
100,8,2,20
100,9,1,4
100,9,2,20
100,10,1,3
100,10,2,20
100,11,1,3
100,11,2,20
100,12,1,3
100,12,2,20
100,13,1,3
100,13,2,20
100,14,1,3
100,14,2,20
100,15,1,3
100,15,2,20
100,16,1,3
100,16,2,20
100,17,1,4
100,17,2,20
100,18,1,4
100,18,2,20
100,19,1,3
100,19,2,20
100,20,1,2
100,20,2,20
100,21,1,2
100,21,2,20
100,22,1,2
100,22,2,20
100,23,1,2
100,23,2,20
100,24,1,2
100,24,2,20
100,25,1,3
100,25,2,20
100,26,1,4
100,26,2,20
100,27,1,4
100,27,2,20
100,28,1,3
100,28,2,20
100,29,1,2
100,29,2,20
100,30,1,1
100,30,2,20
100,31,1,1
100,31,2,20
100,32,1,1
100,32,2,20
100,33,1,2
100,33,2,20
100,34,1,3
100,34,2,20
100,35,1,4
100,35,2,20
100,36,1,4
100,36,2,20
100,37,1,3
100,37,2,20
100,38,1,2
100,38,2,20
100,39,1,1
100,39,2,20
100,40,1,0
100,40,2,20
100,41,1,1
100,41,2,20
100,42,1,2
100,42,2,20
100,43,1,3
100,43,2,20
100,44,1,4
100,44,2,20
100,45,1,4
100,45,2,20
100,46,1,3
100,46,2,20
100,47,1,2
100,47,2,20
100,48,1,1
100,48,2,20
100,49,1,1
100,49,2,20
100,50,1,1
100,50,2,20
100,51,1,2
100,51,2,20
100,52,1,3
100,52,2,20
100,53,1,4
100,53,2,20
100,54,1,4
100,54,2,20
100,55,1,3
100,55,2,20
100,56,1,2
100,56,2,20
100,57,1,2
100,57,2,20
100,58,1,2
100,58,2,20
100,59,1,2
100,59,2,20
100,60,1,2
100,60,2,20
100,61,1,3
100,61,2,20
100,62,1,4
100,62,2,20
100,63,1,4
100,63,2,20
100,64,1,3
100,64,2,20
100,65,1,3
100,65,2,20
100,66,1,3
100,66,2,20
100,67,1,3
100,67,2,20
100,68,1,3
100,68,2,20
100,69,1,3
100,69,2,20
100,70,1,3
100,70,2,20
100,71,1,4
100,71,2,20
100,72,1,4
100,72,2,20
100,73,1,4
100,73,2,20
100,74,1,4
100,74,2,20
100,75,1,4
100,75,2,20
100,76,1,4
100,76,2,20
100,77,1,4
100,77,2,20
100,78,1,4
100,78,2,20
100,79,1,4
100,79,2,20
100,80,1,4
100,80,2,20
101,0,1,4
101,0,2,20
101,1,1,4
101,1,2,20
101,2,1,4
101,2,2,20
101,3,1,4
101,3,2,20
101,4,1,4
101,4,2,20
101,5,1,4
101,5,2,20
101,6,1,4
101,6,2,20
101,7,1,4
101,7,2,20
101,8,1,4
101,8,2,20
101,9,1,4
101,9,2,20
101,10,1,3
101,10,2,20
101,11,1,3
101,11,2,20
101,12,1,3
101,12,2,20
101,13,1,3
101,13,2,20
101,14,1,3
101,14,2,20
101,15,1,3
101,15,2,20
101,16,1,3
101,16,2,20
101,17,1,4
101,17,2,20
101,18,1,4
101,18,2,20
101,19,1,3
101,19,2,20
101,20,1,2
101,20,2,20
101,21,1,2
101,21,2,20
101,22,1,2
101,22,2,20
101,23,1,2
101,23,2,20
101,24,1,2
101,24,2,20
101,25,1,3
101,25,2,20
101,26,1,4
101,26,2,20
101,27,1,4
101,27,2,20
101,28,1,3
101,28,2,20
101,29,1,2
101,29,2,20
101,30,1,1
101,30,2,20
101,31,1,1
101,31,2,20
101,32,1,1
101,32,2,20
101,33,1,2
101,33,2,20
101,34,1,3
101,34,2,20
101,35,1,4
101,35,2,20
101,36,1,4
101,36,2,20
101,37,1,3
101,37,2,20
101,38,1,2
101,38,2,20
101,39,1,1
101,39,2,20
101,40,1,0
101,40,2,20
101,41,1,1
101,41,2,20
101,42,1,2
101,42,2,20
101,43,1,3
101,43,2,20
101,44,1,4
101,44,2,20
101,45,1,4
101,45,2,20
101,46,1,3
101,46,2,20
101,47,1,2
101,47,2,20
101,48,1,1
101,48,2,20
101,49,1,1
101,49,2,20
101,50,1,1
101,50,2,20
101,51,1,2
101,51,2,20
101,52,1,3
101,52,2,20
101,53,1,4
101,53,2,20
101,54,1,4
101,54,2,20
101,55,1,3
101,55,2,20
101,56,1,2
101,56,2,20
101,57,1,2
101,57,2,20
101,58,1,2
101,58,2,20
101,59,1,2
101,59,2,20
101,60,1,2
101,60,2,20
101,61,1,3
101,61,2,20
101,62,1,4
101,62,2,20
101,63,1,4
101,63,2,20
101,64,1,3
101,64,2,20
101,65,1,3
101,65,2,20
101,66,1,3
101,66,2,20
101,67,1,3
101,67,2,20
101,68,1,3
101,68,2,20
101,69,1,3
101,69,2,20
101,70,1,3
101,70,2,20
101,71,1,4
101,71,2,20
101,72,1,4
101,72,2,20
101,73,1,4
101,73,2,20
101,74,1,4
101,74,2,20
101,75,1,4
101,75,2,20
101,76,1,4
101,76,2,20
101,77,1,4
101,77,2,20
101,78,1,4
101,78,2,20
101,79,1,4
101,79,2,20
101,80,1,4
101,80,2,20
102,0,1,4
102,0,2,20
102,1,1,4
102,1,2,20
102,2,1,4
102,2,2,20
102,3,1,4
102,3,2,20
102,4,1,4
102,4,2,20
102,5,1,4
102,5,2,20
102,6,1,4
102,6,2,20
102,7,1,4
102,7,2,20
102,8,1,4
102,8,2,20
102,9,1,4
102,9,2,20
102,10,1,3
102,10,2,20
102,11,1,3
102,11,2,20
102,12,1,3
102,12,2,20
102,13,1,3
102,13,2,20
102,14,1,3
102,14,2,20
102,15,1,3
102,15,2,20
102,16,1,3
102,16,2,20
102,17,1,4
102,17,2,20
102,18,1,4
102,18,2,20
102,19,1,3
102,19,2,20
102,20,1,2
102,20,2,20
102,21,1,2
102,21,2,20
102,22,1,2
102,22,2,20
102,23,1,2
102,23,2,20
102,24,1,2
102,24,2,20
102,25,1,3
102,25,2,20
102,26,1,4
102,26,2,20
102,27,1,4
102,27,2,20
102,28,1,3
102,28,2,20
102,29,1,2
102,29,2,20
102,30,1,1
102,30,2,20
102,31,1,1
102,31,2,20
102,32,1,1
102,32,2,20
102,33,1,2
102,33,2,20
102,34,1,3
102,34,2,20
102,35,1,4
102,35,2,20
102,36,1,4
102,36,2,20
102,37,1,3
102,37,2,20
102,38,1,2
102,38,2,20
102,39,1,1
102,39,2,20
102,40,1,0
102,40,2,20
102,41,1,1
102,41,2,20
102,42,1,2
102,42,2,20
102,43,1,3
102,43,2,20
102,44,1,4
102,44,2,20
102,45,1,4
102,45,2,20
102,46,1,3
102,46,2,20
102,47,1,2
102,47,2,20
102,48,1,1
102,48,2,20
102,49,1,1
102,49,2,20
102,50,1,1
102,50,2,20
102,51,1,2
102,51,2,20
102,52,1,3
102,52,2,20
102,53,1,4
102,53,2,20
102,54,1,4
102,54,2,20
102,55,1,3
102,55,2,20
102,56,1,2
102,56,2,20
102,57,1,2
102,57,2,20
102,58,1,2
102,58,2,20
102,59,1,2
102,59,2,20
102,60,1,2
102,60,2,20
102,61,1,3
102,61,2,20
102,62,1,4
102,62,2,20
102,63,1,4
102,63,2,20
102,64,1,3
102,64,2,20
102,65,1,3
102,65,2,20
102,66,1,3
102,66,2,20
102,67,1,3
102,67,2,20
102,68,1,3
102,68,2,20
102,69,1,3
102,69,2,20
102,70,1,3
102,70,2,20
102,71,1,4
102,71,2,20
102,72,1,4
102,72,2,20
102,73,1,4
102,73,2,20
102,74,1,4
102,74,2,20
102,75,1,4
102,75,2,20
102,76,1,4
102,76,2,20
102,77,1,4
102,77,2,20
102,78,1,4
102,78,2,20
102,79,1,4
102,79,2,20
102,80,1,4
102,80,2,20
103,0,1,4
103,0,2,20
103,1,1,4
103,1,2,20
103,2,1,4
103,2,2,20
103,3,1,4
103,3,2,20
103,4,1,4
103,4,2,20
103,5,1,4
103,5,2,20
103,6,1,4
103,6,2,20
103,7,1,4
103,7,2,20
103,8,1,4
103,8,2,20
103,9,1,4
103,9,2,20
103,10,1,3
103,10,2,20
103,11,1,3
103,11,2,20
103,12,1,3
103,12,2,20
103,13,1,3
103,13,2,20
103,14,1,3
103,14,2,20
103,15,1,3
103,15,2,20
103,16,1,3
103,16,2,20
103,17,1,4
103,17,2,20
103,18,1,4
103,18,2,20
103,19,1,3
103,19,2,20
103,20,1,2
103,20,2,20
103,21,1,2
103,21,2,20
103,22,1,2
103,22,2,20
103,23,1,2
103,23,2,20
103,24,1,2
103,24,2,20
103,25,1,3
103,25,2,20
103,26,1,4
103,26,2,20
103,27,1,4
103,27,2,20
103,28,1,3
103,28,2,20
103,29,1,2
103,29,2,20
103,30,1,1
103,30,2,20
103,31,1,1
103,31,2,20
103,32,1,1
103,32,2,20
103,33,1,2
103,33,2,20
103,34,1,3
103,34,2,20
103,35,1,4
103,35,2,20
103,36,1,4
103,36,2,20
103,37,1,3
103,37,2,20
103,38,1,2
103,38,2,20
103,39,1,1
103,39,2,20
103,40,1,0
103,40,2,20
103,41,1,1
103,41,2,20
103,42,1,2
103,42,2,20
103,43,1,3
103,43,2,20
103,44,1,4
103,44,2,20
103,45,1,4
103,45,2,20
103,46,1,3
103,46,2,20
103,47,1,2
103,47,2,20
103,48,1,1
103,48,2,20
103,49,1,1
103,49,2,20
103,50,1,1
103,50,2,20
103,51,1,2
103,51,2,20
103,52,1,3
103,52,2,20
103,53,1,4
103,53,2,20
103,54,1,4
103,54,2,20
103,55,1,3
103,55,2,20
103,56,1,2
103,56,2,20
103,57,1,2
103,57,2,20
103,58,1,2
103,58,2,20
103,59,1,2
103,59,2,20
103,60,1,2
103,60,2,20
103,61,1,3
103,61,2,20
103,62,1,4
103,62,2,20
103,63,1,4
103,63,2,20
103,64,1,3
103,64,2,20
103,65,1,3
103,65,2,20
103,66,1,3
103,66,2,20
103,67,1,3
103,67,2,20
103,68,1,3
103,68,2,20
103,69,1,3
103,69,2,20
103,70,1,3
103,70,2,20
103,71,1,4
103,71,2,20
103,72,1,4
103,72,2,20
103,73,1,4
103,73,2,20
103,74,1,4
103,74,2,20
103,75,1,4
103,75,2,20
103,76,1,4
103,76,2,20
103,77,1,4
103,77,2,20
103,78,1,4
103,78,2,20
103,79,1,4
103,79,2,20
103,80,1,4
103,80,2,20
104,0,1,4
104,0,2,20
104,1,1,4
104,1,2,20
104,2,1,4
104,2,2,20
104,3,1,4
104,3,2,20
104,4,1,4
104,4,2,20
104,5,1,4
104,5,2,20
104,6,1,4
104,6,2,20
104,7,1,4
104,7,2,20
104,8,1,4
104,8,2,20
104,9,1,4
104,9,2,20
104,10,1,3
104,10,2,20
104,11,1,3
104,11,2,20
104,12,1,3
104,12,2,20
104,13,1,3
104,13,2,20
104,14,1,3
104,14,2,20
104,15,1,3
104,15,2,20
104,16,1,3
104,16,2,20
104,17,1,4
104,17,2,20
104,18,1,4
104,18,2,20
104,19,1,3
104,19,2,20
104,20,1,2
104,20,2,20
104,21,1,2
104,21,2,20
104,22,1,2
104,22,2,20
104,23,1,2
104,23,2,20
104,24,1,2
104,24,2,20
104,25,1,3
104,25,2,20
104,26,1,4
104,26,2,20
104,27,1,4
104,27,2,20
104,28,1,3
104,28,2,20
104,29,1,2
104,29,2,20
104,30,1,1
104,30,2,20
104,31,1,1
104,31,2,20
104,32,1,1
104,32,2,20
104,33,1,2
104,33,2,20
104,34,1,3
104,34,2,20
104,35,1,4
104,35,2,20
104,36,1,4
104,36,2,20
104,37,1,3
104,37,2,20
104,38,1,2
104,38,2,20
104,39,1,1
104,39,2,20
104,40,1,0
104,40,2,20
104,41,1,1
104,41,2,20
104,42,1,2
104,42,2,20
104,43,1,3
104,43,2,20
104,44,1,4
104,44,2,20
104,45,1,4
104,45,2,20
104,46,1,3
104,46,2,20
104,47,1,2
104,47,2,20
104,48,1,1
104,48,2,20
104,49,1,1
104,49,2,20
104,50,1,1
104,50,2,20
104,51,1,2
104,51,2,20
104,52,1,3
104,52,2,20
104,53,1,4
104,53,2,20
104,54,1,4
104,54,2,20
104,55,1,3
104,55,2,20
104,56,1,2
104,56,2,20
104,57,1,2
104,57,2,20
104,58,1,2
104,58,2,20
104,59,1,2
104,59,2,20
104,60,1,2
104,60,2,20
104,61,1,3
104,61,2,20
104,62,1,4
104,62,2,20
104,63,1,4
104,63,2,20
104,64,1,3
104,64,2,20
104,65,1,3
104,65,2,20
104,66,1,3
104,66,2,20
104,67,1,3
104,67,2,20
104,68,1,3
104,68,2,20
104,69,1,3
104,69,2,20
104,70,1,3
104,70,2,20
104,71,1,4
104,71,2,20
104,72,1,4
104,72,2,20
104,73,1,4
104,73,2,20
104,74,1,4
104,74,2,20
104,75,1,4
104,75,2,20
104,76,1,4
104,76,2,20
104,77,1,4
104,77,2,20
104,78,1,4
104,78,2,20
104,79,1,4
104,79,2,20
104,80,1,4
104,80,2,20
105,0,1,4
105,0,2,20
105,1,1,4
105,1,2,20
105,2,1,4
105,2,2,20
105,3,1,4
105,3,2,20
105,4,1,4
105,4,2,20
105,5,1,4
105,5,2,20
105,6,1,4
105,6,2,20
105,7,1,4
105,7,2,20
105,8,1,4
105,8,2,20
105,9,1,4
105,9,2,20
105,10,1,3
105,10,2,20
105,11,1,3
105,11,2,20
105,12,1,3
105,12,2,20
105,13,1,3
105,13,2,20
105,14,1,3
105,14,2,20
105,15,1,3
105,15,2,20
105,16,1,3
105,16,2,20
105,17,1,4
105,17,2,20
105,18,1,4
105,18,2,20
105,19,1,3
105,19,2,20
105,20,1,2
105,20,2,20
105,21,1,2
105,21,2,20
105,22,1,2
105,22,2,20
105,23,1,2
105,23,2,20
105,24,1,2
105,24,2,20
105,25,1,3
105,25,2,20
105,26,1,4
105,26,2,20
105,27,1,4
105,27,2,20
105,28,1,3
105,28,2,20
105,29,1,2
105,29,2,20
105,30,1,1
105,30,2,20
105,31,1,1
105,31,2,20
105,32,1,1
105,32,2,20
105,33,1,2
105,33,2,20
105,34,1,3
105,34,2,20
105,35,1,4
105,35,2,20
105,36,1,4
105,36,2,20
105,37,1,3
105,37,2,20
105,38,1,2
105,38,2,20
105,39,1,1
105,39,2,20
105,40,1,0
105,40,2,20
105,41,1,1
105,41,2,20
105,42,1,2
105,42,2,20
105,43,1,3
105,43,2,20
105,44,1,4
105,44,2,20
105,45,1,4
105,45,2,20
105,46,1,3
105,46,2,20
105,47,1,2
105,47,2,20
105,48,1,1
105,48,2,20
105,49,1,1
105,49,2,20
105,50,1,1
105,50,2,20
105,51,1,2
105,51,2,20
105,52,1,3
105,52,2,20
105,53,1,4
105,53,2,20
105,54,1,4
105,54,2,20
105,55,1,3
105,55,2,20
105,56,1,2
105,56,2,20
105,57,1,2
105,57,2,20
105,58,1,2
105,58,2,20
105,59,1,2
105,59,2,20
105,60,1,2
105,60,2,20
105,61,1,3
105,61,2,20
105,62,1,4
105,62,2,20
105,63,1,4
105,63,2,20
105,64,1,3
105,64,2,20
105,65,1,3
105,65,2,20
105,66,1,3
105,66,2,20
105,67,1,3
105,67,2,20
105,68,1,3
105,68,2,20
105,69,1,3
105,69,2,20
105,70,1,3
105,70,2,20
105,71,1,4
105,71,2,20
105,72,1,4
105,72,2,20
105,73,1,4
105,73,2,20
105,74,1,4
105,74,2,20
105,75,1,4
105,75,2,20
105,76,1,4
105,76,2,20
105,77,1,4
105,77,2,20
105,78,1,4
105,78,2,20
105,79,1,4
105,79,2,20
105,80,1,4
105,80,2,20
106,0,1,4
106,0,2,20
106,1,1,4
106,1,2,20
106,2,1,4
106,2,2,20
106,3,1,4
106,3,2,20
106,4,1,4
106,4,2,20
106,5,1,4
106,5,2,20
106,6,1,4
106,6,2,20
106,7,1,4
106,7,2,20
106,8,1,4
106,8,2,20
106,9,1,4
106,9,2,20
106,10,1,3
106,10,2,20
106,11,1,3
106,11,2,20
106,12,1,3
106,12,2,20
106,13,1,3
106,13,2,20
106,14,1,3
106,14,2,20
106,15,1,3
106,15,2,20
106,16,1,3
106,16,2,20
106,17,1,4
106,17,2,20
106,18,1,4
106,18,2,20
106,19,1,3
106,19,2,20
106,20,1,2
106,20,2,20
106,21,1,2
106,21,2,20
106,22,1,2
106,22,2,20
106,23,1,2
106,23,2,20
106,24,1,2
106,24,2,20
106,25,1,3
106,25,2,20
106,26,1,4
106,26,2,20
106,27,1,4
106,27,2,20
106,28,1,3
106,28,2,20
106,29,1,2
106,29,2,20
106,30,1,1
106,30,2,20
106,31,1,1
106,31,2,20
106,32,1,1
106,32,2,20
106,33,1,2
106,33,2,20
106,34,1,3
106,34,2,20
106,35,1,4
106,35,2,20
106,36,1,4
106,36,2,20
106,37,1,3
106,37,2,20
106,38,1,2
106,38,2,20
106,39,1,1
106,39,2,20
106,40,1,0
106,40,2,20
106,41,1,1
106,41,2,20
106,42,1,2
106,42,2,20
106,43,1,3
106,43,2,20
106,44,1,4
106,44,2,20
106,45,1,4
106,45,2,20
106,46,1,3
106,46,2,20
106,47,1,2
106,47,2,20
106,48,1,1
106,48,2,20
106,49,1,1
106,49,2,20
106,50,1,1
106,50,2,20
106,51,1,2
106,51,2,20
106,52,1,3
106,52,2,20
106,53,1,4
106,53,2,20
106,54,1,4
106,54,2,20
106,55,1,3
106,55,2,20
106,56,1,2
106,56,2,20
106,57,1,2
106,57,2,20
106,58,1,2
106,58,2,20
106,59,1,2
106,59,2,20
106,60,1,2
106,60,2,20
106,61,1,3
106,61,2,20
106,62,1,4
106,62,2,20
106,63,1,4
106,63,2,20
106,64,1,3
106,64,2,20
106,65,1,3
106,65,2,20
106,66,1,3
106,66,2,20
106,67,1,3
106,67,2,20
106,68,1,3
106,68,2,20
106,69,1,3
106,69,2,20
106,70,1,3
106,70,2,20
106,71,1,4
106,71,2,20
106,72,1,4
106,72,2,20
106,73,1,4
106,73,2,20
106,74,1,4
106,74,2,20
106,75,1,4
106,75,2,20
106,76,1,4
106,76,2,20
106,77,1,4
106,77,2,20
106,78,1,4
106,78,2,20
106,79,1,4
106,79,2,20
106,80,1,4
106,80,2,20
107,0,1,4
107,0,2,20
107,1,1,4
107,1,2,20
107,2,1,4
107,2,2,20
107,3,1,4
107,3,2,20
107,4,1,4
107,4,2,20
107,5,1,4
107,5,2,20
107,6,1,4
107,6,2,20
107,7,1,4
107,7,2,20
107,8,1,4
107,8,2,20
107,9,1,4
107,9,2,20
107,10,1,3
107,10,2,20
107,11,1,3
107,11,2,20
107,12,1,3
107,12,2,20
107,13,1,3
107,13,2,20
107,14,1,3
107,14,2,20
107,15,1,3
107,15,2,20
107,16,1,3
107,16,2,20
107,17,1,4
107,17,2,20
107,18,1,4
107,18,2,20
107,19,1,3
107,19,2,20
107,20,1,2
107,20,2,20
107,21,1,2
107,21,2,20
107,22,1,2
107,22,2,20
107,23,1,2
107,23,2,20
107,24,1,2
107,24,2,20
107,25,1,3
107,25,2,20
107,26,1,4
107,26,2,20
107,27,1,4
107,27,2,20
107,28,1,3
107,28,2,20
107,29,1,2
107,29,2,20
107,30,1,1
107,30,2,20
107,31,1,1
107,31,2,20
107,32,1,1
107,32,2,20
107,33,1,2
107,33,2,20
107,34,1,3
107,34,2,20
107,35,1,4
107,35,2,20
107,36,1,4
107,36,2,20
107,37,1,3
107,37,2,20
107,38,1,2
107,38,2,20
107,39,1,1
107,39,2,20
107,40,1,0
107,40,2,20
107,41,1,1
107,41,2,20
107,42,1,2
107,42,2,20
107,43,1,3
107,43,2,20
107,44,1,4
107,44,2,20
107,45,1,4
107,45,2,20
107,46,1,3
107,46,2,20
107,47,1,2
107,47,2,20
107,48,1,1
107,48,2,20
107,49,1,1
107,49,2,20
107,50,1,1
107,50,2,20
107,51,1,2
107,51,2,20
107,52,1,3
107,52,2,20
107,53,1,4
107,53,2,20
107,54,1,4
107,54,2,20
107,55,1,3
107,55,2,20
107,56,1,2
107,56,2,20
107,57,1,2
107,57,2,20
107,58,1,2
107,58,2,20
107,59,1,2
107,59,2,20
107,60,1,2
107,60,2,20
107,61,1,3
107,61,2,20
107,62,1,4
107,62,2,20
107,63,1,4
107,63,2,20
107,64,1,3
107,64,2,20
107,65,1,3
107,65,2,20
107,66,1,3
107,66,2,20
107,67,1,3
107,67,2,20
107,68,1,3
107,68,2,20
107,69,1,3
107,69,2,20
107,70,1,3
107,70,2,20
107,71,1,4
107,71,2,20
107,72,1,4
107,72,2,20
107,73,1,4
107,73,2,20
107,74,1,4
107,74,2,20
107,75,1,4
107,75,2,20
107,76,1,4
107,76,2,20
107,77,1,4
107,77,2,20
107,78,1,4
107,78,2,20
107,79,1,4
107,79,2,20
107,80,1,4
107,80,2,20
108,0,1,4
108,0,2,20
108,1,1,4
108,1,2,20
108,2,1,4
108,2,2,20
108,3,1,4
108,3,2,20
108,4,1,4
108,4,2,20
108,5,1,4
108,5,2,20
108,6,1,4
108,6,2,20
108,7,1,4
108,7,2,20
108,8,1,4
108,8,2,20
108,9,1,4
108,9,2,20
108,10,1,3
108,10,2,20
108,11,1,3
108,11,2,20
108,12,1,3
108,12,2,20
108,13,1,3
108,13,2,20
108,14,1,3
108,14,2,20
108,15,1,3
108,15,2,20
108,16,1,3
108,16,2,20
108,17,1,4
108,17,2,20
108,18,1,4
108,18,2,20
108,19,1,3
108,19,2,20
108,20,1,2
108,20,2,20
108,21,1,2
108,21,2,20
108,22,1,2
108,22,2,20
108,23,1,2
108,23,2,20
108,24,1,2
108,24,2,20
108,25,1,3
108,25,2,20
108,26,1,4
108,26,2,20
108,27,1,4
108,27,2,20
108,28,1,3
108,28,2,20
108,29,1,2
108,29,2,20
108,30,1,1
108,30,2,20
108,31,1,1
108,31,2,20
108,32,1,1
108,32,2,20
108,33,1,2
108,33,2,20
108,34,1,3
108,34,2,20
108,35,1,4
108,35,2,20
108,36,1,4
108,36,2,20
108,37,1,3
108,37,2,20
108,38,1,2
108,38,2,20
108,39,1,1
108,39,2,20
108,40,1,0
108,40,2,20
108,41,1,1
108,41,2,20
108,42,1,2
108,42,2,20
108,43,1,3
108,43,2,20
108,44,1,4
108,44,2,20
108,45,1,4
108,45,2,20
108,46,1,3
108,46,2,20
108,47,1,2
108,47,2,20
108,48,1,1
108,48,2,20
108,49,1,1
108,49,2,20
108,50,1,1
108,50,2,20
108,51,1,2
108,51,2,20
108,52,1,3
108,52,2,20
108,53,1,4
108,53,2,20
108,54,1,4
108,54,2,20
108,55,1,3
108,55,2,20
108,56,1,2
108,56,2,20
108,57,1,2
108,57,2,20
108,58,1,2
108,58,2,20
108,59,1,2
108,59,2,20
108,60,1,2
108,60,2,20
108,61,1,3
108,61,2,20
108,62,1,4
108,62,2,20
108,63,1,4
108,63,2,20
108,64,1,3
108,64,2,20
108,65,1,3
108,65,2,20
108,66,1,3
108,66,2,20
108,67,1,3
108,67,2,20
108,68,1,3
108,68,2,20
108,69,1,3
108,69,2,20
108,70,1,3
108,70,2,20
108,71,1,4
108,71,2,20
108,72,1,4
108,72,2,20
108,73,1,4
108,73,2,20
108,74,1,4
108,74,2,20
108,75,1,4
108,75,2,20
108,76,1,4
108,76,2,20
108,77,1,4
108,77,2,20
108,78,1,4
108,78,2,20
108,79,1,4
108,79,2,20
108,80,1,4
108,80,2,20
109,0,1,4
109,0,2,20
109,1,1,4
109,1,2,20
109,2,1,4
109,2,2,20
109,3,1,4
109,3,2,20
109,4,1,4
109,4,2,20
109,5,1,4
109,5,2,20
109,6,1,4
109,6,2,20
109,7,1,4
109,7,2,20
109,8,1,4
109,8,2,20
109,9,1,4
109,9,2,20
109,10,1,3
109,10,2,20
109,11,1,3
109,11,2,20
109,12,1,3
109,12,2,20
109,13,1,3
109,13,2,20
109,14,1,3
109,14,2,20
109,15,1,3
109,15,2,20
109,16,1,3
109,16,2,20
109,17,1,4
109,17,2,20
109,18,1,4
109,18,2,20
109,19,1,3
109,19,2,20
109,20,1,2
109,20,2,20
109,21,1,2
109,21,2,20
109,22,1,2
109,22,2,20
109,23,1,2
109,23,2,20
109,24,1,2
109,24,2,20
109,25,1,3
109,25,2,20
109,26,1,4
109,26,2,20
109,27,1,4
109,27,2,20
109,28,1,3
109,28,2,20
109,29,1,2
109,29,2,20
109,30,1,1
109,30,2,20
109,31,1,1
109,31,2,20
109,32,1,1
109,32,2,20
109,33,1,2
109,33,2,20
109,34,1,3
109,34,2,20
109,35,1,4
109,35,2,20
109,36,1,4
109,36,2,20
109,37,1,3
109,37,2,20
109,38,1,2
109,38,2,20
109,39,1,1
109,39,2,20
109,40,1,0
109,40,2,20
109,41,1,1
109,41,2,20
109,42,1,2
109,42,2,20
109,43,1,3
109,43,2,20
109,44,1,4
109,44,2,20
109,45,1,4
109,45,2,20
109,46,1,3
109,46,2,20
109,47,1,2
109,47,2,20
109,48,1,1
109,48,2,20
109,49,1,1
109,49,2,20
109,50,1,1
109,50,2,20
109,51,1,2
109,51,2,20
109,52,1,3
109,52,2,20
109,53,1,4
109,53,2,20
109,54,1,4
109,54,2,20
109,55,1,3
109,55,2,20
109,56,1,2
109,56,2,20
109,57,1,2
109,57,2,20
109,58,1,2
109,58,2,20
109,59,1,2
109,59,2,20
109,60,1,2
109,60,2,20
109,61,1,3
109,61,2,20
109,62,1,4
109,62,2,20
109,63,1,4
109,63,2,20
109,64,1,3
109,64,2,20
109,65,1,3
109,65,2,20
109,66,1,3
109,66,2,20
109,67,1,3
109,67,2,20
109,68,1,3
109,68,2,20
109,69,1,3
109,69,2,20
109,70,1,3
109,70,2,20
109,71,1,4
109,71,2,20
109,72,1,4
109,72,2,20
109,73,1,4
109,73,2,20
109,74,1,4
109,74,2,20
109,75,1,4
109,75,2,20
109,76,1,4
109,76,2,20
109,77,1,4
109,77,2,20
109,78,1,4
109,78,2,20
109,79,1,4
109,79,2,20
109,80,1,4
109,80,2,20
110,0,1,4
110,0,2,20
110,1,1,4
110,1,2,20
110,2,1,4
110,2,2,20
110,3,1,4
110,3,2,20
110,4,1,4
110,4,2,20
110,5,1,4
110,5,2,20
110,6,1,4
110,6,2,20
110,7,1,4
110,7,2,20
110,8,1,4
110,8,2,20
110,9,1,4
110,9,2,20
110,10,1,3
110,10,2,20
110,11,1,3
110,11,2,20
110,12,1,3
110,12,2,20
110,13,1,3
110,13,2,20
110,14,1,3
110,14,2,20
110,15,1,3
110,15,2,20
110,16,1,3
110,16,2,20
110,17,1,4
110,17,2,20
110,18,1,4
110,18,2,20
110,19,1,3
110,19,2,20
110,20,1,2
110,20,2,20
110,21,1,2
110,21,2,20
110,22,1,2
110,22,2,20
110,23,1,2
110,23,2,20
110,24,1,2
110,24,2,20
110,25,1,3
110,25,2,20
110,26,1,4
110,26,2,20
110,27,1,4
110,27,2,20
110,28,1,3
110,28,2,20
110,29,1,2
110,29,2,20
110,30,1,1
110,30,2,20
110,31,1,1
110,31,2,20
110,32,1,1
110,32,2,20
110,33,1,2
110,33,2,20
110,34,1,3
110,34,2,20
110,35,1,4
110,35,2,20
110,36,1,4
110,36,2,20
110,37,1,3
110,37,2,20
110,38,1,2
110,38,2,20
110,39,1,1
110,39,2,20
110,40,1,0
110,40,2,20
110,41,1,1
110,41,2,20
110,42,1,2
110,42,2,20
110,43,1,3
110,43,2,20
110,44,1,4
110,44,2,20
110,45,1,4
110,45,2,20
110,46,1,3
110,46,2,20
110,47,1,2
110,47,2,20
110,48,1,1
110,48,2,20
110,49,1,1
110,49,2,20
110,50,1,1
110,50,2,20
110,51,1,2
110,51,2,20
110,52,1,3
110,52,2,20
110,53,1,4
110,53,2,20
110,54,1,4
110,54,2,20
110,55,1,3
110,55,2,20
110,56,1,2
110,56,2,20
110,57,1,2
110,57,2,20
110,58,1,2
110,58,2,20
110,59,1,2
110,59,2,20
110,60,1,2
110,60,2,20
110,61,1,3
110,61,2,20
110,62,1,4
110,62,2,20
110,63,1,4
110,63,2,20
110,64,1,3
110,64,2,20
110,65,1,3
110,65,2,20
110,66,1,3
110,66,2,20
110,67,1,3
110,67,2,20
110,68,1,3
110,68,2,20
110,69,1,3
110,69,2,20
110,70,1,3
110,70,2,20
110,71,1,4
110,71,2,20
110,72,1,4
110,72,2,20
110,73,1,4
110,73,2,20
110,74,1,4
110,74,2,20
110,75,1,4
110,75,2,20
110,76,1,4
110,76,2,20
110,77,1,4
110,77,2,20
110,78,1,4
110,78,2,20
110,79,1,4
110,79,2,20
110,80,1,4
110,80,2,20
111,0,1,4
111,0,2,20
111,1,1,4
111,1,2,20
111,2,1,4
111,2,2,20
111,3,1,4
111,3,2,20
111,4,1,4
111,4,2,20
111,5,1,4
111,5,2,20
111,6,1,4
111,6,2,20
111,7,1,4
111,7,2,20
111,8,1,4
111,8,2,20
111,9,1,4
111,9,2,20
111,10,1,3
111,10,2,20
111,11,1,3
111,11,2,20
111,12,1,3
111,12,2,20
111,13,1,3
111,13,2,20
111,14,1,3
111,14,2,20
111,15,1,3
111,15,2,20
111,16,1,3
111,16,2,20
111,17,1,4
111,17,2,20
111,18,1,4
111,18,2,20
111,19,1,3
111,19,2,20
111,20,1,2
111,20,2,20
111,21,1,2
111,21,2,20
111,22,1,2
111,22,2,20
111,23,1,2
111,23,2,20
111,24,1,2
111,24,2,20
111,25,1,3
111,25,2,20
111,26,1,4
111,26,2,20
111,27,1,4
111,27,2,20
111,28,1,3
111,28,2,20
111,29,1,2
111,29,2,20
111,30,1,1
111,30,2,20
111,31,1,1
111,31,2,20
111,32,1,1
111,32,2,20
111,33,1,2
111,33,2,20
111,34,1,3
111,34,2,20
111,35,1,4
111,35,2,20
111,36,1,4
111,36,2,20
111,37,1,3
111,37,2,20
111,38,1,2
111,38,2,20
111,39,1,1
111,39,2,20
111,40,1,0
111,40,2,20
111,41,1,1
111,41,2,20
111,42,1,2
111,42,2,20
111,43,1,3
111,43,2,20
111,44,1,4
111,44,2,20
111,45,1,4
111,45,2,20
111,46,1,3
111,46,2,20
111,47,1,2
111,47,2,20
111,48,1,1
111,48,2,20
111,49,1,1
111,49,2,20
111,50,1,1
111,50,2,20
111,51,1,2
111,51,2,20
111,52,1,3
111,52,2,20
111,53,1,4
111,53,2,20
111,54,1,4
111,54,2,20
111,55,1,3
111,55,2,20
111,56,1,2
111,56,2,20
111,57,1,2
111,57,2,20
111,58,1,2
111,58,2,20
111,59,1,2
111,59,2,20
111,60,1,2
111,60,2,20
111,61,1,3
111,61,2,20
111,62,1,4
111,62,2,20
111,63,1,4
111,63,2,20
111,64,1,3
111,64,2,20
111,65,1,3
111,65,2,20
111,66,1,3
111,66,2,20
111,67,1,3
111,67,2,20
111,68,1,3
111,68,2,20
111,69,1,3
111,69,2,20
111,70,1,3
111,70,2,20
111,71,1,4
111,71,2,20
111,72,1,4
111,72,2,20
111,73,1,4
111,73,2,20
111,74,1,4
111,74,2,20
111,75,1,4
111,75,2,20
111,76,1,4
111,76,2,20
111,77,1,4
111,77,2,20
111,78,1,4
111,78,2,20
111,79,1,4
111,79,2,20
111,80,1,4
111,80,2,20
112,0,1,4
112,0,2,20
112,1,1,4
112,1,2,20
112,2,1,4
112,2,2,20
112,3,1,4
112,3,2,20
112,4,1,4
112,4,2,20
112,5,1,4
112,5,2,20
112,6,1,4
112,6,2,20
112,7,1,4
112,7,2,20
112,8,1,4
112,8,2,20
112,9,1,4
112,9,2,20
112,10,1,3
112,10,2,20
112,11,1,3
112,11,2,20
112,12,1,3
112,12,2,20
112,13,1,3
112,13,2,20
112,14,1,3
112,14,2,20
112,15,1,3
112,15,2,20
112,16,1,3
112,16,2,20
112,17,1,4
112,17,2,20
112,18,1,4
112,18,2,20
112,19,1,3
112,19,2,20
112,20,1,2
112,20,2,20
112,21,1,2
112,21,2,20
112,22,1,2
112,22,2,20
112,23,1,2
112,23,2,20
112,24,1,2
112,24,2,20
112,25,1,3
112,25,2,20
112,26,1,4
112,26,2,20
112,27,1,4
112,27,2,20
112,28,1,3
112,28,2,20
112,29,1,2
112,29,2,20
112,30,1,1
112,30,2,20
112,31,1,1
112,31,2,20
112,32,1,1
112,32,2,20
112,33,1,2
112,33,2,20
112,34,1,3
112,34,2,20
112,35,1,4
112,35,2,20
112,36,1,4
112,36,2,20
112,37,1,3
112,37,2,20
112,38,1,2
112,38,2,20
112,39,1,1
112,39,2,20
112,40,1,0
112,40,2,20
112,41,1,1
112,41,2,20
112,42,1,2
112,42,2,20
112,43,1,3
112,43,2,20
112,44,1,4
112,44,2,20
112,45,1,4
112,45,2,20
112,46,1,3
112,46,2,20
112,47,1,2
112,47,2,20
112,48,1,1
112,48,2,20
112,49,1,1
112,49,2,20
112,50,1,1
112,50,2,20
112,51,1,2
112,51,2,20
112,52,1,3
112,52,2,20
112,53,1,4
112,53,2,20
112,54,1,4
112,54,2,20
112,55,1,3
112,55,2,20
112,56,1,2
112,56,2,20
112,57,1,2
112,57,2,20
112,58,1,2
112,58,2,20
112,59,1,2
112,59,2,20
112,60,1,2
112,60,2,20
112,61,1,3
112,61,2,20
112,62,1,4
112,62,2,20
112,63,1,4
112,63,2,20
112,64,1,3
112,64,2,20
112,65,1,3
112,65,2,20
112,66,1,3
112,66,2,20
112,67,1,3
112,67,2,20
112,68,1,3
112,68,2,20
112,69,1,3
112,69,2,20
112,70,1,3
112,70,2,20
112,71,1,4
112,71,2,20
112,72,1,4
112,72,2,20
112,73,1,4
112,73,2,20
112,74,1,4
112,74,2,20
112,75,1,4
112,75,2,20
112,76,1,4
112,76,2,20
112,77,1,4
112,77,2,20
112,78,1,4
112,78,2,20
112,79,1,4
112,79,2,20
112,80,1,4
112,80,2,20
113,0,1,4
113,0,2,20
113,1,1,4
113,1,2,20
113,2,1,4
113,2,2,20
113,3,1,4
113,3,2,20
113,4,1,4
113,4,2,20
113,5,1,4
113,5,2,20
113,6,1,4
113,6,2,20
113,7,1,4
113,7,2,20
113,8,1,4
113,8,2,20
113,9,1,4
113,9,2,20
113,10,1,3
113,10,2,20
113,11,1,3
113,11,2,20
113,12,1,3
113,12,2,20
113,13,1,3
113,13,2,20
113,14,1,3
113,14,2,20
113,15,1,3
113,15,2,20
113,16,1,3
113,16,2,20
113,17,1,4
113,17,2,20
113,18,1,4
113,18,2,20
113,19,1,3
113,19,2,20
113,20,1,2
113,20,2,20
113,21,1,2
113,21,2,20
113,22,1,2
113,22,2,20
113,23,1,2
113,23,2,20
113,24,1,2
113,24,2,20
113,25,1,3
113,25,2,20
113,26,1,4
113,26,2,20
113,27,1,4
113,27,2,20
113,28,1,3
113,28,2,20
113,29,1,2
113,29,2,20
113,30,1,1
113,30,2,20
113,31,1,1
113,31,2,20
113,32,1,1
113,32,2,20
113,33,1,2
113,33,2,20
113,34,1,3
113,34,2,20
113,35,1,4
113,35,2,20
113,36,1,4
113,36,2,20
113,37,1,3
113,37,2,20
113,38,1,2
113,38,2,20
113,39,1,1
113,39,2,20
113,40,1,0
113,40,2,20
113,41,1,1
113,41,2,20
113,42,1,2
113,42,2,20
113,43,1,3
113,43,2,20
113,44,1,4
113,44,2,20
113,45,1,4
113,45,2,20
113,46,1,3
113,46,2,20
113,47,1,2
113,47,2,20
113,48,1,1
113,48,2,20
113,49,1,1
113,49,2,20
113,50,1,1
113,50,2,20
113,51,1,2
113,51,2,20
113,52,1,3
113,52,2,20
113,53,1,4
113,53,2,20
113,54,1,4
113,54,2,20
113,55,1,3
113,55,2,20
113,56,1,2
113,56,2,20
113,57,1,2
113,57,2,20
113,58,1,2
113,58,2,20
113,59,1,2
113,59,2,20
113,60,1,2
113,60,2,20
113,61,1,3
113,61,2,20
113,62,1,4
113,62,2,20
113,63,1,4
113,63,2,20
113,64,1,3
113,64,2,20
113,65,1,3
113,65,2,20
113,66,1,3
113,66,2,20
113,67,1,3
113,67,2,20
113,68,1,3
113,68,2,20
113,69,1,3
113,69,2,20
113,70,1,3
113,70,2,20
113,71,1,4
113,71,2,20
113,72,1,4
113,72,2,20
113,73,1,4
113,73,2,20
113,74,1,4
113,74,2,20
113,75,1,4
113,75,2,20
113,76,1,4
113,76,2,20
113,77,1,4
113,77,2,20
113,78,1,4
113,78,2,20
113,79,1,4
113,79,2,20
113,80,1,4
113,80,2,20
114,0,1,4
114,0,2,20
114,1,1,4
114,1,2,20
114,2,1,4
114,2,2,20
114,3,1,4
114,3,2,20
114,4,1,4
114,4,2,20
114,5,1,4
114,5,2,20
114,6,1,4
114,6,2,20
114,7,1,4
114,7,2,20
114,8,1,4
114,8,2,20
114,9,1,4
114,9,2,20
114,10,1,3
114,10,2,20
114,11,1,3
114,11,2,20
114,12,1,3
114,12,2,20
114,13,1,3
114,13,2,20
114,14,1,3
114,14,2,20
114,15,1,3
114,15,2,20
114,16,1,3
114,16,2,20
114,17,1,4
114,17,2,20
114,18,1,4
114,18,2,20
114,19,1,3
114,19,2,20
114,20,1,2
114,20,2,20
114,21,1,2
114,21,2,20
114,22,1,2
114,22,2,20
114,23,1,2
114,23,2,20
114,24,1,2
114,24,2,20
114,25,1,3
114,25,2,20
114,26,1,4
114,26,2,20
114,27,1,4
114,27,2,20
114,28,1,3
114,28,2,20
114,29,1,2
114,29,2,20
114,30,1,1
114,30,2,20
114,31,1,1
114,31,2,20
114,32,1,1
114,32,2,20
114,33,1,2
114,33,2,20
114,34,1,3
114,34,2,20
114,35,1,4
114,35,2,20
114,36,1,4
114,36,2,20
114,37,1,3
114,37,2,20
114,38,1,2
114,38,2,20
114,39,1,1
114,39,2,20
114,40,1,0
114,40,2,20
114,41,1,1
114,41,2,20
114,42,1,2
114,42,2,20
114,43,1,3
114,43,2,20
114,44,1,4
114,44,2,20
114,45,1,4
114,45,2,20
114,46,1,3
114,46,2,20
114,47,1,2
114,47,2,20
114,48,1,1
114,48,2,20
114,49,1,1
114,49,2,20
114,50,1,1
114,50,2,20
114,51,1,2
114,51,2,20
114,52,1,3
114,52,2,20
114,53,1,4
114,53,2,20
114,54,1,4
114,54,2,20
114,55,1,3
114,55,2,20
114,56,1,2
114,56,2,20
114,57,1,2
114,57,2,20
114,58,1,2
114,58,2,20
114,59,1,2
114,59,2,20
114,60,1,2
114,60,2,20
114,61,1,3
114,61,2,20
114,62,1,4
114,62,2,20
114,63,1,4
114,63,2,20
114,64,1,3
114,64,2,20
114,65,1,3
114,65,2,20
114,66,1,3
114,66,2,20
114,67,1,3
114,67,2,20
114,68,1,3
114,68,2,20
114,69,1,3
114,69,2,20
114,70,1,3
114,70,2,20
114,71,1,4
114,71,2,20
114,72,1,4
114,72,2,20
114,73,1,4
114,73,2,20
114,74,1,4
114,74,2,20
114,75,1,4
114,75,2,20
114,76,1,4
114,76,2,20
114,77,1,4
114,77,2,20
114,78,1,4
114,78,2,20
114,79,1,4
114,79,2,20
114,80,1,4
114,80,2,20
115,0,1,4
115,0,2,20
115,1,1,4
115,1,2,20
115,2,1,4
115,2,2,20
115,3,1,4
115,3,2,20
115,4,1,4
115,4,2,20
115,5,1,4
115,5,2,20
115,6,1,4
115,6,2,20
115,7,1,4
115,7,2,20
115,8,1,4
115,8,2,20
115,9,1,4
115,9,2,20
115,10,1,3
115,10,2,20
115,11,1,3
115,11,2,20
115,12,1,3
115,12,2,20
115,13,1,3
115,13,2,20
115,14,1,3
115,14,2,20
115,15,1,3
115,15,2,20
115,16,1,3
115,16,2,20
115,17,1,4
115,17,2,20
115,18,1,4
115,18,2,20
115,19,1,3
115,19,2,20
115,20,1,2
115,20,2,20
115,21,1,2
115,21,2,20
115,22,1,2
115,22,2,20
115,23,1,2
115,23,2,20
115,24,1,2
115,24,2,20
115,25,1,3
115,25,2,20
115,26,1,4
115,26,2,20
115,27,1,4
115,27,2,20
115,28,1,3
115,28,2,20
115,29,1,2
115,29,2,20
115,30,1,1
115,30,2,20
115,31,1,1
115,31,2,20
115,32,1,1
115,32,2,20
115,33,1,2
115,33,2,20
115,34,1,3
115,34,2,20
115,35,1,4
115,35,2,20
115,36,1,4
115,36,2,20
115,37,1,3
115,37,2,20
115,38,1,2
115,38,2,20
115,39,1,1
115,39,2,20
115,40,1,0
115,40,2,20
115,41,1,1
115,41,2,20
115,42,1,2
115,42,2,20
115,43,1,3
115,43,2,20
115,44,1,4
115,44,2,20
115,45,1,4
115,45,2,20
115,46,1,3
115,46,2,20
115,47,1,2
115,47,2,20
115,48,1,1
115,48,2,20
115,49,1,1
115,49,2,20
115,50,1,1
115,50,2,20
115,51,1,2
115,51,2,20
115,52,1,3
115,52,2,20
115,53,1,4
115,53,2,20
115,54,1,4
115,54,2,20
115,55,1,3
115,55,2,20
115,56,1,2
115,56,2,20
115,57,1,2
115,57,2,20
115,58,1,2
115,58,2,20
115,59,1,2
115,59,2,20
115,60,1,2
115,60,2,20
115,61,1,3
115,61,2,20
115,62,1,4
115,62,2,20
115,63,1,4
115,63,2,20
115,64,1,3
115,64,2,20
115,65,1,3
115,65,2,20
115,66,1,3
115,66,2,20
115,67,1,3
115,67,2,20
115,68,1,3
115,68,2,20
115,69,1,3
115,69,2,20
115,70,1,3
115,70,2,20
115,71,1,4
115,71,2,20
115,72,1,4
115,72,2,20
115,73,1,4
115,73,2,20
115,74,1,4
115,74,2,20
115,75,1,4
115,75,2,20
115,76,1,4
115,76,2,20
115,77,1,4
115,77,2,20
115,78,1,4
115,78,2,20
115,79,1,4
115,79,2,20
115,80,1,4
115,80,2,20
116,0,1,4
116,0,2,20
116,1,1,4
116,1,2,20
116,2,1,4
116,2,2,20
116,3,1,4
116,3,2,20
116,4,1,4
116,4,2,20
116,5,1,4
116,5,2,20
116,6,1,4
116,6,2,20
116,7,1,4
116,7,2,20
116,8,1,4
116,8,2,20
116,9,1,4
116,9,2,20
116,10,1,3
116,10,2,20
116,11,1,3
116,11,2,20
116,12,1,3
116,12,2,20
116,13,1,3
116,13,2,20
116,14,1,3
116,14,2,20
116,15,1,3
116,15,2,20
116,16,1,3
116,16,2,20
116,17,1,4
116,17,2,20
116,18,1,4
116,18,2,20
116,19,1,3
116,19,2,20
116,20,1,2
116,20,2,20
116,21,1,2
116,21,2,20
116,22,1,2
116,22,2,20
116,23,1,2
116,23,2,20
116,24,1,2
116,24,2,20
116,25,1,3
116,25,2,20
116,26,1,4
116,26,2,20
116,27,1,4
116,27,2,20
116,28,1,3
116,28,2,20
116,29,1,2
116,29,2,20
116,30,1,1
116,30,2,20
116,31,1,1
116,31,2,20
116,32,1,1
116,32,2,20
116,33,1,2
116,33,2,20
116,34,1,3
116,34,2,20
116,35,1,4
116,35,2,20
116,36,1,4
116,36,2,20
116,37,1,3
116,37,2,20
116,38,1,2
116,38,2,20
116,39,1,1
116,39,2,20
116,40,1,0
116,40,2,20
116,41,1,1
116,41,2,20
116,42,1,2
116,42,2,20
116,43,1,3
116,43,2,20
116,44,1,4
116,44,2,20
116,45,1,4
116,45,2,20
116,46,1,3
116,46,2,20
116,47,1,2
116,47,2,20
116,48,1,1
116,48,2,20
116,49,1,1
116,49,2,20
116,50,1,1
116,50,2,20
116,51,1,2
116,51,2,20
116,52,1,3
116,52,2,20
116,53,1,4
116,53,2,20
116,54,1,4
116,54,2,20
116,55,1,3
116,55,2,20
116,56,1,2
116,56,2,20
116,57,1,2
116,57,2,20
116,58,1,2
116,58,2,20
116,59,1,2
116,59,2,20
116,60,1,2
116,60,2,20
116,61,1,3
116,61,2,20
116,62,1,4
116,62,2,20
116,63,1,4
116,63,2,20
116,64,1,3
116,64,2,20
116,65,1,3
116,65,2,20
116,66,1,3
116,66,2,20
116,67,1,3
116,67,2,20
116,68,1,3
116,68,2,20
116,69,1,3
116,69,2,20
116,70,1,3
116,70,2,20
116,71,1,4
116,71,2,20
116,72,1,4
116,72,2,20
116,73,1,4
116,73,2,20
116,74,1,4
116,74,2,20
116,75,1,4
116,75,2,20
116,76,1,4
116,76,2,20
116,77,1,4
116,77,2,20
116,78,1,4
116,78,2,20
116,79,1,4
116,79,2,20
116,80,1,4
116,80,2,20
117,0,1,4
117,0,2,20
117,1,1,4
117,1,2,20
117,2,1,4
117,2,2,20
117,3,1,4
117,3,2,20
117,4,1,4
117,4,2,20
117,5,1,4
117,5,2,20
117,6,1,4
117,6,2,20
117,7,1,4
117,7,2,20
117,8,1,4
117,8,2,20
117,9,1,4
117,9,2,20
117,10,1,3
117,10,2,20
117,11,1,3
117,11,2,20
117,12,1,3
117,12,2,20
117,13,1,3
117,13,2,20
117,14,1,3
117,14,2,20
117,15,1,3
117,15,2,20
117,16,1,3
117,16,2,20
117,17,1,4
117,17,2,20
117,18,1,4
117,18,2,20
117,19,1,3
117,19,2,20
117,20,1,2
117,20,2,20
117,21,1,2
117,21,2,20
117,22,1,2
117,22,2,20
117,23,1,2
117,23,2,20
117,24,1,2
117,24,2,20
117,25,1,3
117,25,2,20
117,26,1,4
117,26,2,20
117,27,1,4
117,27,2,20
117,28,1,3
117,28,2,20
117,29,1,2
117,29,2,20
117,30,1,1
117,30,2,20
117,31,1,1
117,31,2,20
117,32,1,1
117,32,2,20
117,33,1,2
117,33,2,20
117,34,1,3
117,34,2,20
117,35,1,4
117,35,2,20
117,36,1,4
117,36,2,20
117,37,1,3
117,37,2,20
117,38,1,2
117,38,2,20
117,39,1,1
117,39,2,20
117,40,1,0
117,40,2,20
117,41,1,1
117,41,2,20
117,42,1,2
117,42,2,20
117,43,1,3
117,43,2,20
117,44,1,4
117,44,2,20
117,45,1,4
117,45,2,20
117,46,1,3
117,46,2,20
117,47,1,2
117,47,2,20
117,48,1,1
117,48,2,20
117,49,1,1
117,49,2,20
117,50,1,1
117,50,2,20
117,51,1,2
117,51,2,20
117,52,1,3
117,52,2,20
117,53,1,4
117,53,2,20
117,54,1,4
117,54,2,20
117,55,1,3
117,55,2,20
117,56,1,2
117,56,2,20
117,57,1,2
117,57,2,20
117,58,1,2
117,58,2,20
117,59,1,2
117,59,2,20
117,60,1,2
117,60,2,20
117,61,1,3
117,61,2,20
117,62,1,4
117,62,2,20
117,63,1,4
117,63,2,20
117,64,1,3
117,64,2,20
117,65,1,3
117,65,2,20
117,66,1,3
117,66,2,20
117,67,1,3
117,67,2,20
117,68,1,3
117,68,2,20
117,69,1,3
117,69,2,20
117,70,1,3
117,70,2,20
117,71,1,4
117,71,2,20
117,72,1,4
117,72,2,20
117,73,1,4
117,73,2,20
117,74,1,4
117,74,2,20
117,75,1,4
117,75,2,20
117,76,1,4
117,76,2,20
117,77,1,4
117,77,2,20
117,78,1,4
117,78,2,20
117,79,1,4
117,79,2,20
117,80,1,4
117,80,2,20
118,0,1,4
118,0,2,20
118,1,1,4
118,1,2,20
118,2,1,4
118,2,2,20
118,3,1,4
118,3,2,20
118,4,1,4
118,4,2,20
118,5,1,4
118,5,2,20
118,6,1,4
118,6,2,20
118,7,1,4
118,7,2,20
118,8,1,4
118,8,2,20
118,9,1,4
118,9,2,20
118,10,1,3
118,10,2,20
118,11,1,3
118,11,2,20
118,12,1,3
118,12,2,20
118,13,1,3
118,13,2,20
118,14,1,3
118,14,2,20
118,15,1,3
118,15,2,20
118,16,1,3
118,16,2,20
118,17,1,4
118,17,2,20
118,18,1,4
118,18,2,20
118,19,1,3
118,19,2,20
118,20,1,2
118,20,2,20
118,21,1,2
118,21,2,20
118,22,1,2
118,22,2,20
118,23,1,2
118,23,2,20
118,24,1,2
118,24,2,20
118,25,1,3
118,25,2,20
118,26,1,4
118,26,2,20
118,27,1,4
118,27,2,20
118,28,1,3
118,28,2,20
118,29,1,2
118,29,2,20
118,30,1,1
118,30,2,20
118,31,1,1
118,31,2,20
118,32,1,1
118,32,2,20
118,33,1,2
118,33,2,20
118,34,1,3
118,34,2,20
118,35,1,4
118,35,2,20
118,36,1,4
118,36,2,20
118,37,1,3
118,37,2,20
118,38,1,2
118,38,2,20
118,39,1,1
118,39,2,20
118,40,1,0
118,40,2,20
118,41,1,1
118,41,2,20
118,42,1,2
118,42,2,20
118,43,1,3
118,43,2,20
118,44,1,4
118,44,2,20
118,45,1,4
118,45,2,20
118,46,1,3
118,46,2,20
118,47,1,2
118,47,2,20
118,48,1,1
118,48,2,20
118,49,1,1
118,49,2,20
118,50,1,1
118,50,2,20
118,51,1,2
118,51,2,20
118,52,1,3
118,52,2,20
118,53,1,4
118,53,2,20
118,54,1,4
118,54,2,20
118,55,1,3
118,55,2,20
118,56,1,2
118,56,2,20
118,57,1,2
118,57,2,20
118,58,1,2
118,58,2,20
118,59,1,2
118,59,2,20
118,60,1,2
118,60,2,20
118,61,1,3
118,61,2,20
118,62,1,4
118,62,2,20
118,63,1,4
118,63,2,20
118,64,1,3
118,64,2,20
118,65,1,3
118,65,2,20
118,66,1,3
118,66,2,20
118,67,1,3
118,67,2,20
118,68,1,3
118,68,2,20
118,69,1,3
118,69,2,20
118,70,1,3
118,70,2,20
118,71,1,4
118,71,2,20
118,72,1,4
118,72,2,20
118,73,1,4
118,73,2,20
118,74,1,4
118,74,2,20
118,75,1,4
118,75,2,20
118,76,1,4
118,76,2,20
118,77,1,4
118,77,2,20
118,78,1,4
118,78,2,20
118,79,1,4
118,79,2,20
118,80,1,4
118,80,2,20
119,0,1,4
119,0,2,20
119,1,1,4
119,1,2,20
119,2,1,4
119,2,2,20
119,3,1,4
119,3,2,20
119,4,1,4
119,4,2,20
119,5,1,4
119,5,2,20
119,6,1,4
119,6,2,20
119,7,1,4
119,7,2,20
119,8,1,4
119,8,2,20
119,9,1,4
119,9,2,20
119,10,1,3
119,10,2,20
119,11,1,3
119,11,2,20
119,12,1,3
119,12,2,20
119,13,1,3
119,13,2,20
119,14,1,3
119,14,2,20
119,15,1,3
119,15,2,20
119,16,1,3
119,16,2,20
119,17,1,4
119,17,2,20
119,18,1,4
119,18,2,20
119,19,1,3
119,19,2,20
119,20,1,2
119,20,2,20
119,21,1,2
119,21,2,20
119,22,1,2
119,22,2,20
119,23,1,2
119,23,2,20
119,24,1,2
119,24,2,20
119,25,1,3
119,25,2,20
119,26,1,4
119,26,2,20
119,27,1,4
119,27,2,20
119,28,1,3
119,28,2,20
119,29,1,2
119,29,2,20
119,30,1,1
119,30,2,20
119,31,1,1
119,31,2,20
119,32,1,1
119,32,2,20
119,33,1,2
119,33,2,20
119,34,1,3
119,34,2,20
119,35,1,4
119,35,2,20
119,36,1,4
119,36,2,20
119,37,1,3
119,37,2,20
119,38,1,2
119,38,2,20
119,39,1,1
119,39,2,20
119,40,1,0
119,40,2,20
119,41,1,1
119,41,2,20
119,42,1,2
119,42,2,20
119,43,1,3
119,43,2,20
119,44,1,4
119,44,2,20
119,45,1,4
119,45,2,20
119,46,1,3
119,46,2,20
119,47,1,2
119,47,2,20
119,48,1,1
119,48,2,20
119,49,1,1
119,49,2,20
119,50,1,1
119,50,2,20
119,51,1,2
119,51,2,20
119,52,1,3
119,52,2,20
119,53,1,4
119,53,2,20
119,54,1,4
119,54,2,20
119,55,1,3
119,55,2,20
119,56,1,2
119,56,2,20
119,57,1,2
119,57,2,20
119,58,1,2
119,58,2,20
119,59,1,2
119,59,2,20
119,60,1,2
119,60,2,20
119,61,1,3
119,61,2,20
119,62,1,4
119,62,2,20
119,63,1,4
119,63,2,20
119,64,1,3
119,64,2,20
119,65,1,3
119,65,2,20
119,66,1,3
119,66,2,20
119,67,1,3
119,67,2,20
119,68,1,3
119,68,2,20
119,69,1,3
119,69,2,20
119,70,1,3
119,70,2,20
119,71,1,4
119,71,2,20
119,72,1,4
119,72,2,20
119,73,1,4
119,73,2,20
119,74,1,4
119,74,2,20
119,75,1,4
119,75,2,20
119,76,1,4
119,76,2,20
119,77,1,4
119,77,2,20
119,78,1,4
119,78,2,20
119,79,1,4
119,79,2,20
119,80,1,4
119,80,2,20
120,0,1,4
120,0,2,20
120,1,1,4
120,1,2,20
120,2,1,4
120,2,2,20
120,3,1,4
120,3,2,20
120,4,1,4
120,4,2,20
120,5,1,4
120,5,2,20
120,6,1,4
120,6,2,20
120,7,1,4
120,7,2,20
120,8,1,4
120,8,2,20
120,9,1,4
120,9,2,20
120,10,1,3
120,10,2,20
120,11,1,3
120,11,2,20
120,12,1,3
120,12,2,20
120,13,1,3
120,13,2,20
120,14,1,3
120,14,2,20
120,15,1,3
120,15,2,20
120,16,1,3
120,16,2,20
120,17,1,4
120,17,2,20
120,18,1,4
120,18,2,20
120,19,1,3
120,19,2,20
120,20,1,2
120,20,2,20
120,21,1,2
120,21,2,20
120,22,1,2
120,22,2,20
120,23,1,2
120,23,2,20
120,24,1,2
120,24,2,20
120,25,1,3
120,25,2,20
120,26,1,4
120,26,2,20
120,27,1,4
120,27,2,20
120,28,1,3
120,28,2,20
120,29,1,2
120,29,2,20
120,30,1,1
120,30,2,20
120,31,1,1
120,31,2,20
120,32,1,1
120,32,2,20
120,33,1,2
120,33,2,20
120,34,1,3
120,34,2,20
120,35,1,4
120,35,2,20
120,36,1,4
120,36,2,20
120,37,1,3
120,37,2,20
120,38,1,2
120,38,2,20
120,39,1,1
120,39,2,20
120,40,1,0
120,40,2,20
120,41,1,1
120,41,2,20
120,42,1,2
120,42,2,20
120,43,1,3
120,43,2,20
120,44,1,4
120,44,2,20
120,45,1,4
120,45,2,20
120,46,1,3
120,46,2,20
120,47,1,2
120,47,2,20
120,48,1,1
120,48,2,20
120,49,1,1
120,49,2,20
120,50,1,1
120,50,2,20
120,51,1,2
120,51,2,20
120,52,1,3
120,52,2,20
120,53,1,4
120,53,2,20
120,54,1,4
120,54,2,20
120,55,1,3
120,55,2,20
120,56,1,2
120,56,2,20
120,57,1,2
120,57,2,20
120,58,1,2
120,58,2,20
120,59,1,2
120,59,2,20
120,60,1,2
120,60,2,20
120,61,1,3
120,61,2,20
120,62,1,4
120,62,2,20
120,63,1,4
120,63,2,20
120,64,1,3
120,64,2,20
120,65,1,3
120,65,2,20
120,66,1,3
120,66,2,20
120,67,1,3
120,67,2,20
120,68,1,3
120,68,2,20
120,69,1,3
120,69,2,20
120,70,1,3
120,70,2,20
120,71,1,4
120,71,2,20
120,72,1,4
120,72,2,20
120,73,1,4
120,73,2,20
120,74,1,4
120,74,2,20
120,75,1,4
120,75,2,20
120,76,1,4
120,76,2,20
120,77,1,4
120,77,2,20
120,78,1,4
120,78,2,20
120,79,1,4
120,79,2,20
120,80,1,4
120,80,2,20
