tick,place,kind,value
0,0,1,8
0,0,2,0
0,0,3,100
0,0,4,0
0,0,5,10
0,1,1,8
0,1,2,0
0,1,3,100
0,1,4,0
0,1,5,10
0,2,1,8
0,2,2,0
0,2,3,100
0,2,4,0
0,2,5,10
0,3,1,7
0,3,2,0
0,3,3,100
0,3,4,0
0,3,5,10
0,4,1,7
0,4,2,0
0,4,3,100
0,4,4,0
0,4,5,10
0,5,1,7
0,5,2,0
0,5,3,100
0,5,4,0
0,5,5,10
0,6,1,6
0,6,2,0
0,6,3,100
0,6,4,0
0,6,5,10
0,7,1,6
0,7,2,0
0,7,3,100
0,7,4,0
0,7,5,10
0,8,1,6
0,8,2,0
0,8,3,100
0,8,4,0
0,8,5,10
0,9,1,5
0,9,2,0
0,9,3,100
0,9,4,0
0,9,5,10
0,10,1,5
0,10,2,0
0,10,3,100
0,10,4,0
0,10,5,10
0,11,1,5
0,11,2,0
0,11,3,100
0,11,4,0
0,11,5,10
0,12,1,4
0,12,2,0
0,12,3,100
0,12,4,0
0,12,5,10
0,13,1,4
0,13,2,0
0,13,3,100
0,13,4,0
0,13,5,10
0,14,1,4
0,14,2,0
0,14,3,100
0,14,4,0
0,14,5,10
0,15,1,3
0,15,2,0
0,15,3,100
0,15,4,0
0,15,5,10
0,16,1,3
0,16,2,0
0,16,3,100
0,16,4,0
0,16,5,10
0,17,1,3
0,17,2,0
0,17,3,100
0,17,4,0
0,17,5,10
0,18,1,2
0,18,2,0
0,18,3,100
0,18,4,0
0,18,5,10
0,19,1,2
0,19,2,0
0,19,3,100
0,19,4,0
0,19,5,10
0,20,1,2
0,20,2,0
0,20,3,100
0,20,4,0
0,20,5,10
0,21,1,1
0,21,2,0
0,21,3,100
0,21,4,0
0,21,5,10
0,22,1,1
0,22,2,0
0,22,3,100
0,22,4,0
0,22,5,10
0,23,1,1
0,23,2,0
0,23,3,100
0,23,4,0
0,23,5,10
0,24,1,0
0,24,2,0
0,24,3,100
0,24,4,0
0,24,5,10
0,25,1,0
0,25,2,0
0,25,3,100
0,25,4,0
0,25,5,10
0,26,1,0
0,26,2,0
0,26,3,100
0,26,4,0
0,26,5,10
1,0,1,8
1,0,2,1
1,0,3,100
1,0,4,0
1,0,5,8
1,1,1,8
1,1,2,1
1,1,3,100
1,1,4,0
1,1,5,13
1,2,1,8
1,2,2,1
1,2,3,100
1,2,4,0
1,2,5,10
1,3,1,7
1,3,2,1
1,3,3,100
1,3,4,0
1,3,5,10
1,4,1,7
1,4,2,1
1,4,3,100
1,4,4,0
1,4,5,10
1,5,1,7
1,5,2,1
1,5,3,100
1,5,4,0
1,5,5,10
1,6,1,6
1,6,2,1
1,6,3,100
1,6,4,0
1,6,5,10
1,7,1,6
1,7,2,1
1,7,3,100
1,7,4,0
1,7,5,10
1,8,1,6
1,8,2,1
1,8,3,100
1,8,4,0
1,8,5,10
1,9,1,5
1,9,2,1
1,9,3,100
1,9,4,0
1,9,5,10
1,10,1,5
1,10,2,1
1,10,3,100
1,10,4,0
1,10,5,10
1,11,1,5
1,11,2,1
1,11,3,100
1,11,4,0
1,11,5,10
1,12,1,4
1,12,2,1
1,12,3,100
1,12,4,0
1,12,5,10
1,13,1,4
1,13,2,1
1,13,3,100
1,13,4,0
1,13,5,10
1,14,1,4
1,14,2,1
1,14,3,100
1,14,4,0
1,14,5,10
1,15,1,3
1,15,2,1
1,15,3,100
1,15,4,0
1,15,5,10
1,16,1,3
1,16,2,1
1,16,3,100
1,16,4,0
1,16,5,10
1,17,1,3
1,17,2,1
1,17,3,100
1,17,4,0
1,17,5,10
1,18,1,2
1,18,2,1
1,18,3,100
1,18,4,0
1,18,5,10
1,19,1,2
1,19,2,1
1,19,3,100
1,19,4,0
1,19,5,10
1,20,1,2
1,20,2,1
1,20,3,100
1,20,4,0
1,20,5,10
1,21,1,1
1,21,2,1
1,21,3,100
1,21,4,0
1,21,5,10
1,22,1,1
1,22,2,1
1,22,3,100
1,22,4,0
1,22,5,10
1,23,1,1
1,23,2,1
1,23,3,100
1,23,4,0
1,23,5,10
1,24,1,0
1,24,2,1
1,24,3,100
1,24,4,0
1,24,5,10
1,25,1,0
1,25,2,1
1,25,3,100
1,25,4,0
1,25,5,10
1,26,1,0
1,26,2,1
1,26,3,100
1,26,4,0
1,26,5,10
2,0,1,8
2,0,2,2
2,0,3,100
2,0,4,0
2,0,5,6
2,1,1,8
2,1,2,2
2,1,3,100
2,1,4,0
2,1,5,16
2,2,1,8
2,2,2,2
2,2,3,100
2,2,4,0
2,2,5,10
2,3,1,7
2,3,2,2
2,3,3,100
2,3,4,0
2,3,5,10
2,4,1,7
2,4,2,2
2,4,3,100
2,4,4,0
2,4,5,10
2,5,1,7
2,5,2,2
2,5,3,100
2,5,4,0
2,5,5,10
2,6,1,6
2,6,2,2
2,6,3,100
2,6,4,0
2,6,5,10
2,7,1,6
2,7,2,2
2,7,3,100
2,7,4,0
2,7,5,10
2,8,1,6
2,8,2,2
2,8,3,100
2,8,4,0
2,8,5,10
2,9,1,5
2,9,2,2
2,9,3,100
2,9,4,0
2,9,5,10
2,10,1,5
2,10,2,2
2,10,3,100
2,10,4,0
2,10,5,10
2,11,1,5
2,11,2,2
2,11,3,100
2,11,4,0
2,11,5,10
2,12,1,4
2,12,2,2
2,12,3,100
2,12,4,0
2,12,5,10
2,13,1,4
2,13,2,2
2,13,3,100
2,13,4,0
2,13,5,10
2,14,1,4
2,14,2,2
2,14,3,100
2,14,4,0
2,14,5,10
2,15,1,3
2,15,2,2
2,15,3,100
2,15,4,0
2,15,5,10
2,16,1,3
2,16,2,2
2,16,3,100
2,16,4,0
2,16,5,10
2,17,1,3
2,17,2,2
2,17,3,100
2,17,4,0
2,17,5,10
2,18,1,2
2,18,2,2
2,18,3,100
2,18,4,0
2,18,5,10
2,19,1,2
2,19,2,2
2,19,3,100
2,19,4,0
2,19,5,10
2,20,1,2
2,20,2,2
2,20,3,100
2,20,4,0
2,20,5,10
2,21,1,1
2,21,2,2
2,21,3,100
2,21,4,0
2,21,5,10
2,22,1,1
2,22,2,2
2,22,3,100
2,22,4,0
2,22,5,10
2,23,1,1
2,23,2,2
2,23,3,100
2,23,4,0
2,23,5,10
2,24,1,0
2,24,2,2
2,24,3,100
2,24,4,0
2,24,5,10
2,25,1,0
2,25,2,2
2,25,3,100
2,25,4,0
2,25,5,10
2,26,1,0
2,26,2,2
2,26,3,100
2,26,4,0
2,26,5,10
3,0,1,8
3,0,2,3
3,0,3,100
3,0,4,0
3,0,5,4
3,1,1,8
3,1,2,3
3,1,3,100
3,1,4,0
3,1,5,19
3,2,1,8
3,2,2,3
3,2,3,100
3,2,4,0
3,2,5,10
3,3,1,7
3,3,2,3
3,3,3,100
3,3,4,0
3,3,5,10
3,4,1,7
3,4,2,3
3,4,3,100
3,4,4,0
3,4,5,10
3,5,1,7
3,5,2,3
3,5,3,100
3,5,4,0
3,5,5,10
3,6,1,6
3,6,2,3
3,6,3,100
3,6,4,0
3,6,5,10
3,7,1,6
3,7,2,3
3,7,3,100
3,7,4,0
3,7,5,10
3,8,1,6
3,8,2,3
3,8,3,100
3,8,4,0
3,8,5,10
3,9,1,5
3,9,2,3
3,9,3,100
3,9,4,0
3,9,5,10
3,10,1,5
3,10,2,3
3,10,3,100
3,10,4,0
3,10,5,10
3,11,1,5
3,11,2,3
3,11,3,100
3,11,4,0
3,11,5,10
3,12,1,4
3,12,2,3
3,12,3,100
3,12,4,0
3,12,5,10
3,13,1,4
3,13,2,3
3,13,3,100
3,13,4,0
3,13,5,10
3,14,1,4
3,14,2,3
3,14,3,100
3,14,4,0
3,14,5,10
3,15,1,3
3,15,2,3
3,15,3,100
3,15,4,0
3,15,5,10
3,16,1,3
3,16,2,3
3,16,3,100
3,16,4,0
3,16,5,10
3,17,1,3
3,17,2,3
3,17,3,100
3,17,4,0
3,17,5,10
3,18,1,2
3,18,2,3
3,18,3,100
3,18,4,0
3,18,5,10
3,19,1,2
3,19,2,3
3,19,3,100
3,19,4,0
3,19,5,10
3,20,1,2
3,20,2,3
3,20,3,100
3,20,4,0
3,20,5,10
3,21,1,1
3,21,2,3
3,21,3,100
3,21,4,0
3,21,5,10
3,22,1,1
3,22,2,3
3,22,3,100
3,22,4,0
3,22,5,10
3,23,1,1
3,23,2,3
3,23,3,100
3,23,4,0
3,23,5,10
3,24,1,0
3,24,2,3
3,24,3,100
3,24,4,0
3,24,5,10
3,25,1,0
3,25,2,3
3,25,3,100
3,25,4,0
3,25,5,10
3,26,1,0
3,26,2,3
3,26,3,100
3,26,4,0
3,26,5,10
4,0,1,8
4,0,2,4
4,0,3,100
4,0,4,0
4,0,5,2
4,1,1,8
4,1,2,4
4,1,3,100
4,1,4,0
4,1,5,22
4,2,1,8
4,2,2,4
4,2,3,100
4,2,4,0
4,2,5,10
4,3,1,7
4,3,2,4
4,3,3,100
4,3,4,0
4,3,5,10
4,4,1,7
4,4,2,4
4,4,3,100
4,4,4,0
4,4,5,10
4,5,1,7
4,5,2,4
4,5,3,100
4,5,4,0
4,5,5,10
4,6,1,6
4,6,2,4
4,6,3,100
4,6,4,0
4,6,5,10
4,7,1,6
4,7,2,4
4,7,3,100
4,7,4,0
4,7,5,10
4,8,1,6
4,8,2,4
4,8,3,100
4,8,4,0
4,8,5,10
4,9,1,5
4,9,2,4
4,9,3,100
4,9,4,0
4,9,5,10
4,10,1,5
4,10,2,4
4,10,3,100
4,10,4,0
4,10,5,10
4,11,1,5
4,11,2,4
4,11,3,100
4,11,4,0
4,11,5,10
4,12,1,4
4,12,2,4
4,12,3,100
4,12,4,0
4,12,5,10
4,13,1,4
4,13,2,4
4,13,3,100
4,13,4,0
4,13,5,10
4,14,1,4
4,14,2,4
4,14,3,100
4,14,4,0
4,14,5,10
4,15,1,3
4,15,2,4
4,15,3,100
4,15,4,0
4,15,5,10
4,16,1,3
4,16,2,4
4,16,3,100
4,16,4,0
4,16,5,10
4,17,1,3
4,17,2,4
4,17,3,100
4,17,4,0
4,17,5,10
4,18,1,2
4,18,2,4
4,18,3,100
4,18,4,0
4,18,5,10
4,19,1,2
4,19,2,4
4,19,3,100
4,19,4,0
4,19,5,10
4,20,1,2
4,20,2,4
4,20,3,100
4,20,4,0
4,20,5,10
4,21,1,1
4,21,2,4
4,21,3,100
4,21,4,0
4,21,5,10
4,22,1,1
4,22,2,4
4,22,3,100
4,22,4,0
4,22,5,10
4,23,1,1
4,23,2,4
4,23,3,100
4,23,4,0
4,23,5,10
4,24,1,0
4,24,2,4
4,24,3,100
4,24,4,0
4,24,5,10
4,25,1,0
4,25,2,4
4,25,3,100
4,25,4,0
4,25,5,10
4,26,1,0
4,26,2,4
4,26,3,100
4,26,4,0
4,26,5,10
5,0,1,8
5,0,2,5
5,0,3,100
5,0,4,0
5,0,5,0
5,1,1,8
5,1,2,5
5,1,3,100
5,1,4,0
5,1,5,25
5,2,1,8
5,2,2,5
5,2,3,100
5,2,4,0
5,2,5,10
5,3,1,7
5,3,2,5
5,3,3,100
5,3,4,0
5,3,5,10
5,4,1,7
5,4,2,5
5,4,3,100
5,4,4,0
5,4,5,10
5,5,1,7
5,5,2,5
5,5,3,100
5,5,4,0
5,5,5,10
5,6,1,6
5,6,2,5
5,6,3,100
5,6,4,0
5,6,5,10
5,7,1,6
5,7,2,5
5,7,3,100
5,7,4,0
5,7,5,10
5,8,1,6
5,8,2,5
5,8,3,100
5,8,4,0
5,8,5,10
5,9,1,5
5,9,2,5
5,9,3,100
5,9,4,0
5,9,5,10
5,10,1,5
5,10,2,5
5,10,3,100
5,10,4,0
5,10,5,10
5,11,1,5
5,11,2,5
5,11,3,100
5,11,4,0
5,11,5,10
5,12,1,4
5,12,2,5
5,12,3,100
5,12,4,0
5,12,5,10
5,13,1,4
5,13,2,5
5,13,3,100
5,13,4,0
5,13,5,10
5,14,1,4
5,14,2,5
5,14,3,100
5,14,4,0
5,14,5,10
5,15,1,3
5,15,2,5
5,15,3,100
5,15,4,0
5,15,5,10
5,16,1,3
5,16,2,5
5,16,3,100
5,16,4,0
5,16,5,10
5,17,1,3
5,17,2,5
5,17,3,100
5,17,4,0
5,17,5,10
5,18,1,2
5,18,2,5
5,18,3,100
5,18,4,0
5,18,5,10
5,19,1,2
5,19,2,5
5,19,3,100
5,19,4,0
5,19,5,10
5,20,1,2
5,20,2,5
5,20,3,100
5,20,4,0
5,20,5,10
5,21,1,1
5,21,2,5
5,21,3,100
5,21,4,0
5,21,5,10
5,22,1,1
5,22,2,5
5,22,3,100
5,22,4,0
5,22,5,10
5,23,1,1
5,23,2,5
5,23,3,100
5,23,4,0
5,23,5,10
5,24,1,0
5,24,2,5
5,24,3,100
5,24,4,0
5,24,5,10
5,25,1,0
5,25,2,5
5,25,3,100
5,25,4,0
5,25,5,10
5,26,1,0
5,26,2,5
5,26,3,100
5,26,4,0
5,26,5,10
6,0,1,8
6,0,2,6
6,0,3,100
6,0,4,0
6,0,5,-2
6,1,1,8
6,1,2,6
6,1,3,100
6,1,4,0
6,1,5,28
6,2,1,8
6,2,2,6
6,2,3,100
6,2,4,0
6,2,5,10
6,3,1,7
6,3,2,6
6,3,3,100
6,3,4,0
6,3,5,10
6,4,1,7
6,4,2,6
6,4,3,100
6,4,4,0
6,4,5,10
6,5,1,7
6,5,2,6
6,5,3,100
6,5,4,0
6,5,5,10
6,6,1,6
6,6,2,6
6,6,3,100
6,6,4,0
6,6,5,10
6,7,1,6
6,7,2,6
6,7,3,100
6,7,4,0
6,7,5,10
6,8,1,6
6,8,2,6
6,8,3,100
6,8,4,0
6,8,5,10
6,9,1,5
6,9,2,6
6,9,3,100
6,9,4,0
6,9,5,10
6,10,1,5
6,10,2,6
6,10,3,100
6,10,4,0
6,10,5,10
6,11,1,5
6,11,2,6
6,11,3,100
6,11,4,0
6,11,5,10
6,12,1,4
6,12,2,6
6,12,3,100
6,12,4,0
6,12,5,10
6,13,1,4
6,13,2,6
6,13,3,100
6,13,4,0
6,13,5,10
6,14,1,4
6,14,2,6
6,14,3,100
6,14,4,0
6,14,5,10
6,15,1,3
6,15,2,6
6,15,3,100
6,15,4,0
6,15,5,10
6,16,1,3
6,16,2,6
6,16,3,100
6,16,4,0
6,16,5,10
6,17,1,3
6,17,2,6
6,17,3,100
6,17,4,0
6,17,5,10
6,18,1,2
6,18,2,6
6,18,3,100
6,18,4,0
6,18,5,10
6,19,1,2
6,19,2,6
6,19,3,100
6,19,4,0
6,19,5,10
6,20,1,2
6,20,2,6
6,20,3,100
6,20,4,0
6,20,5,10
6,21,1,1
6,21,2,6
6,21,3,100
6,21,4,0
6,21,5,10
6,22,1,1
6,22,2,6
6,22,3,100
6,22,4,0
6,22,5,10
6,23,1,1
6,23,2,6
6,23,3,100
6,23,4,0
6,23,5,10
6,24,1,0
6,24,2,6
6,24,3,100
6,24,4,0
6,24,5,10
6,25,1,0
6,25,2,6
6,25,3,100
6,25,4,0
6,25,5,10
6,26,1,0
6,26,2,6
6,26,3,100
6,26,4,0
6,26,5,10
7,0,1,8
7,0,2,7
7,0,3,100
7,0,4,0
7,0,5,-4
7,1,1,8
7,1,2,7
7,1,3,100
7,1,4,0
7,1,5,31
7,2,1,8
7,2,2,7
7,2,3,100
7,2,4,0
7,2,5,10
7,3,1,7
7,3,2,7
7,3,3,100
7,3,4,0
7,3,5,10
7,4,1,7
7,4,2,7
7,4,3,100
7,4,4,0
7,4,5,10
7,5,1,7
7,5,2,7
7,5,3,100
7,5,4,0
7,5,5,10
7,6,1,6
7,6,2,7
7,6,3,100
7,6,4,0
7,6,5,10
7,7,1,6
7,7,2,7
7,7,3,100
7,7,4,0
7,7,5,10
7,8,1,6
7,8,2,7
7,8,3,100
7,8,4,0
7,8,5,10
7,9,1,5
7,9,2,7
7,9,3,100
7,9,4,0
7,9,5,10
7,10,1,5
7,10,2,7
7,10,3,100
7,10,4,0
7,10,5,10
7,11,1,5
7,11,2,7
7,11,3,100
7,11,4,0
7,11,5,10
7,12,1,4
7,12,2,7
7,12,3,100
7,12,4,0
7,12,5,10
7,13,1,4
7,13,2,7
7,13,3,100
7,13,4,0
7,13,5,10
7,14,1,4
7,14,2,7
7,14,3,100
7,14,4,0
7,14,5,10
7,15,1,3
7,15,2,7
7,15,3,100
7,15,4,0
7,15,5,10
7,16,1,3
7,16,2,7
7,16,3,100
7,16,4,0
7,16,5,10
7,17,1,3
7,17,2,7
7,17,3,100
7,17,4,0
7,17,5,10
7,18,1,2
7,18,2,7
7,18,3,100
7,18,4,0
7,18,5,10
7,19,1,2
7,19,2,7
7,19,3,100
7,19,4,0
7,19,5,10
7,20,1,2
7,20,2,7
7,20,3,100
7,20,4,0
7,20,5,10
7,21,1,1
7,21,2,7
7,21,3,100
7,21,4,0
7,21,5,10
7,22,1,1
7,22,2,7
7,22,3,100
7,22,4,0
7,22,5,10
7,23,1,1
7,23,2,7
7,23,3,100
7,23,4,0
7,23,5,10
7,24,1,0
7,24,2,7
7,24,3,100
7,24,4,0
7,24,5,10
7,25,1,0
7,25,2,7
7,25,3,100
7,25,4,0
7,25,5,10
7,26,1,0
7,26,2,7
7,26,3,100
7,26,4,0
7,26,5,10
8,0,1,8
8,0,2,8
8,0,3,100
8,0,4,0
8,0,5,-6
8,1,1,8
8,1,2,8
8,1,3,100
8,1,4,0
8,1,5,34
8,2,1,8
8,2,2,8
8,2,3,100
8,2,4,0
8,2,5,10
8,3,1,7
8,3,2,8
8,3,3,100
8,3,4,0
8,3,5,10
8,4,1,7
8,4,2,8
8,4,3,100
8,4,4,0
8,4,5,10
8,5,1,7
8,5,2,8
8,5,3,100
8,5,4,0
8,5,5,10
8,6,1,6
8,6,2,8
8,6,3,100
8,6,4,0
8,6,5,10
8,7,1,6
8,7,2,8
8,7,3,100
8,7,4,0
8,7,5,10
8,8,1,6
8,8,2,8
8,8,3,100
8,8,4,0
8,8,5,10
8,9,1,5
8,9,2,8
8,9,3,100
8,9,4,0
8,9,5,10
8,10,1,5
8,10,2,8
8,10,3,100
8,10,4,0
8,10,5,10
8,11,1,5
8,11,2,8
8,11,3,100
8,11,4,0
8,11,5,10
8,12,1,4
8,12,2,8
8,12,3,100
8,12,4,0
8,12,5,10
8,13,1,4
8,13,2,8
8,13,3,100
8,13,4,0
8,13,5,10
8,14,1,4
8,14,2,8
8,14,3,100
8,14,4,0
8,14,5,10
8,15,1,3
8,15,2,8
8,15,3,100
8,15,4,0
8,15,5,10
8,16,1,3
8,16,2,8
8,16,3,100
8,16,4,0
8,16,5,10
8,17,1,3
8,17,2,8
8,17,3,100
8,17,4,0
8,17,5,10
8,18,1,2
8,18,2,8
8,18,3,100
8,18,4,0
8,18,5,10
8,19,1,2
8,19,2,8
8,19,3,100
8,19,4,0
8,19,5,10
8,20,1,2
8,20,2,8
8,20,3,100
8,20,4,0
8,20,5,10
8,21,1,1
8,21,2,8
8,21,3,100
8,21,4,0
8,21,5,10
8,22,1,1
8,22,2,8
8,22,3,100
8,22,4,0
8,22,5,10
8,23,1,1
8,23,2,8
8,23,3,100
8,23,4,0
8,23,5,10
8,24,1,0
8,24,2,8
8,24,3,100
8,24,4,0
8,24,5,10
8,25,1,0
8,25,2,8
8,25,3,100
8,25,4,0
8,25,5,10
8,26,1,0
8,26,2,8
8,26,3,100
8,26,4,0
8,26,5,10
9,0,1,8
9,0,2,9
9,0,3,100
9,0,4,0
9,0,5,-8
9,1,1,8
9,1,2,9
9,1,3,100
9,1,4,0
9,1,5,37
9,2,1,8
9,2,2,9
9,2,3,100
9,2,4,0
9,2,5,10
9,3,1,7
9,3,2,9
9,3,3,100
9,3,4,0
9,3,5,10
9,4,1,7
9,4,2,9
9,4,3,100
9,4,4,0
9,4,5,10
9,5,1,7
9,5,2,9
9,5,3,100
9,5,4,0
9,5,5,10
9,6,1,6
9,6,2,9
9,6,3,100
9,6,4,0
9,6,5,10
9,7,1,6
9,7,2,9
9,7,3,100
9,7,4,0
9,7,5,10
9,8,1,6
9,8,2,9
9,8,3,100
9,8,4,0
9,8,5,10
9,9,1,5
9,9,2,9
9,9,3,100
9,9,4,0
9,9,5,10
9,10,1,5
9,10,2,9
9,10,3,100
9,10,4,0
9,10,5,10
9,11,1,5
9,11,2,9
9,11,3,100
9,11,4,0
9,11,5,10
9,12,1,4
9,12,2,9
9,12,3,100
9,12,4,0
9,12,5,10
9,13,1,4
9,13,2,9
9,13,3,100
9,13,4,0
9,13,5,10
9,14,1,4
9,14,2,9
9,14,3,100
9,14,4,0
9,14,5,10
9,15,1,3
9,15,2,9
9,15,3,100
9,15,4,0
9,15,5,10
9,16,1,3
9,16,2,9
9,16,3,100
9,16,4,0
9,16,5,10
9,17,1,3
9,17,2,9
9,17,3,100
9,17,4,0
9,17,5,10
9,18,1,2
9,18,2,9
9,18,3,100
9,18,4,0
9,18,5,10
9,19,1,2
9,19,2,9
9,19,3,100
9,19,4,0
9,19,5,10
9,20,1,2
9,20,2,9
9,20,3,100
9,20,4,0
9,20,5,10
9,21,1,1
9,21,2,9
9,21,3,100
9,21,4,0
9,21,5,10
9,22,1,1
9,22,2,9
9,22,3,100
9,22,4,0
9,22,5,10
9,23,1,1
9,23,2,9
9,23,3,100
9,23,4,0
9,23,5,10
9,24,1,0
9,24,2,9
9,24,3,100
9,24,4,0
9,24,5,10
9,25,1,0
9,25,2,9
9,25,3,100
9,25,4,0
9,25,5,10
9,26,1,0
9,26,2,9
9,26,3,100
9,26,4,0
9,26,5,10
10,0,1,8
10,0,2,10
10,0,3,100
10,0,4,0
10,0,5,-10
10,1,1,8
10,1,2,10
10,1,3,100
10,1,4,0
10,1,5,40
10,2,1,8
10,2,2,10
10,2,3,100
10,2,4,0
10,2,5,10
10,3,1,7
10,3,2,10
10,3,3,100
10,3,4,0
10,3,5,10
10,4,1,7
10,4,2,10
10,4,3,100
10,4,4,0
10,4,5,10
10,5,1,7
10,5,2,10
10,5,3,100
10,5,4,0
10,5,5,10
10,6,1,6
10,6,2,10
10,6,3,100
10,6,4,0
10,6,5,10
10,7,1,6
10,7,2,10
10,7,3,100
10,7,4,0
10,7,5,10
10,8,1,6
10,8,2,10
10,8,3,100
10,8,4,0
10,8,5,10
10,9,1,5
10,9,2,10
10,9,3,100
10,9,4,0
10,9,5,10
10,10,1,5
10,10,2,10
10,10,3,100
10,10,4,0
10,10,5,10
10,11,1,5
10,11,2,10
10,11,3,100
10,11,4,0
10,11,5,10
10,12,1,4
10,12,2,10
10,12,3,100
10,12,4,0
10,12,5,10
10,13,1,4
10,13,2,10
10,13,3,100
10,13,4,0
10,13,5,10
10,14,1,4
10,14,2,10
10,14,3,100
10,14,4,0
10,14,5,10
10,15,1,3
10,15,2,10
10,15,3,100
10,15,4,0
10,15,5,10
10,16,1,3
10,16,2,10
10,16,3,100
10,16,4,0
10,16,5,10
10,17,1,3
10,17,2,10
10,17,3,100
10,17,4,0
10,17,5,10
10,18,1,2
10,18,2,10
10,18,3,100
10,18,4,0
10,18,5,10
10,19,1,2
10,19,2,10
10,19,3,100
10,19,4,0
10,19,5,10
10,20,1,2
10,20,2,10
10,20,3,100
10,20,4,0
10,20,5,10
10,21,1,1
10,21,2,10
10,21,3,100
10,21,4,0
10,21,5,10
10,22,1,1
10,22,2,10
10,22,3,100
10,22,4,0
10,22,5,10
10,23,1,1
10,23,2,10
10,23,3,100
10,23,4,0
10,23,5,10
10,24,1,0
10,24,2,10
10,24,3,100
10,24,4,0
10,24,5,10
10,25,1,0
10,25,2,10
10,25,3,100
10,25,4,0
10,25,5,10
10,26,1,0
10,26,2,10
10,26,3,100
10,26,4,0
10,26,5,10
11,0,1,8
11,0,2,11
11,0,3,100
11,0,4,0
11,0,5,-12
11,1,1,8
11,1,2,11
11,1,3,100
11,1,4,0
11,1,5,43
11,2,1,8
11,2,2,11
11,2,3,100
11,2,4,0
11,2,5,10
11,3,1,7
11,3,2,11
11,3,3,100
11,3,4,0
11,3,5,10
11,4,1,7
11,4,2,11
11,4,3,100
11,4,4,0
11,4,5,10
11,5,1,7
11,5,2,11
11,5,3,100
11,5,4,0
11,5,5,10
11,6,1,6
11,6,2,11
11,6,3,100
11,6,4,0
11,6,5,10
11,7,1,6
11,7,2,11
11,7,3,100
11,7,4,0
11,7,5,10
11,8,1,6
11,8,2,11
11,8,3,100
11,8,4,0
11,8,5,10
11,9,1,5
11,9,2,11
11,9,3,100
11,9,4,0
11,9,5,10
11,10,1,5
11,10,2,11
11,10,3,100
11,10,4,0
11,10,5,10
11,11,1,5
11,11,2,11
11,11,3,100
11,11,4,0
11,11,5,10
11,12,1,4
11,12,2,11
11,12,3,100
11,12,4,0
11,12,5,10
11,13,1,4
11,13,2,11
11,13,3,100
11,13,4,0
11,13,5,10
11,14,1,4
11,14,2,11
11,14,3,100
11,14,4,0
11,14,5,10
11,15,1,3
11,15,2,11
11,15,3,100
11,15,4,0
11,15,5,10
11,16,1,3
11,16,2,11
11,16,3,100
11,16,4,0
11,16,5,10
11,17,1,3
11,17,2,11
11,17,3,100
11,17,4,0
11,17,5,10
11,18,1,2
11,18,2,11
11,18,3,100
11,18,4,0
11,18,5,10
11,19,1,2
11,19,2,11
11,19,3,100
11,19,4,0
11,19,5,10
11,20,1,2
11,20,2,11
11,20,3,100
11,20,4,0
11,20,5,10
11,21,1,1
11,21,2,11
11,21,3,100
11,21,4,0
11,21,5,10
11,22,1,1
11,22,2,11
11,22,3,100
11,22,4,0
11,22,5,10
11,23,1,1
11,23,2,11
11,23,3,100
11,23,4,0
11,23,5,10
11,24,1,0
11,24,2,11
11,24,3,100
11,24,4,0
11,24,5,10
11,25,1,0
11,25,2,11
11,25,3,100
11,25,4,0
11,25,5,10
11,26,1,0
11,26,2,11
11,26,3,100
11,26,4,0
11,26,5,10
12,0,1,8
12,0,2,12
12,0,3,100
12,0,4,0
12,0,5,-14
12,1,1,8
12,1,2,12
12,1,3,100
12,1,4,0
12,1,5,46
12,2,1,8
12,2,2,12
12,2,3,100
12,2,4,0
12,2,5,10
12,3,1,7
12,3,2,12
12,3,3,100
12,3,4,0
12,3,5,10
12,4,1,7
12,4,2,12
12,4,3,100
12,4,4,0
12,4,5,10
12,5,1,7
12,5,2,12
12,5,3,100
12,5,4,0
12,5,5,10
12,6,1,6
12,6,2,12
12,6,3,100
12,6,4,0
12,6,5,10
12,7,1,6
12,7,2,12
12,7,3,100
12,7,4,0
12,7,5,10
12,8,1,6
12,8,2,12
12,8,3,100
12,8,4,0
12,8,5,10
12,9,1,5
12,9,2,12
12,9,3,100
12,9,4,0
12,9,5,10
12,10,1,5
12,10,2,12
12,10,3,100
12,10,4,0
12,10,5,10
12,11,1,5
12,11,2,12
12,11,3,100
12,11,4,0
12,11,5,10
12,12,1,4
12,12,2,12
12,12,3,100
12,12,4,0
12,12,5,10
12,13,1,4
12,13,2,12
12,13,3,100
12,13,4,0
12,13,5,10
12,14,1,4
12,14,2,12
12,14,3,100
12,14,4,0
12,14,5,10
12,15,1,3
12,15,2,12
12,15,3,100
12,15,4,0
12,15,5,10
12,16,1,3
12,16,2,12
12,16,3,100
12,16,4,0
12,16,5,10
12,17,1,3
12,17,2,12
12,17,3,100
12,17,4,0
12,17,5,10
12,18,1,2
12,18,2,12
12,18,3,100
12,18,4,0
12,18,5,10
12,19,1,2
12,19,2,12
12,19,3,100
12,19,4,0
12,19,5,10
12,20,1,2
12,20,2,12
12,20,3,100
12,20,4,0
12,20,5,10
12,21,1,1
12,21,2,12
12,21,3,100
12,21,4,0
12,21,5,10
12,22,1,1
12,22,2,12
12,22,3,100
12,22,4,0
12,22,5,10
12,23,1,1
12,23,2,12
12,23,3,100
12,23,4,0
12,23,5,10
12,24,1,0
12,24,2,12
12,24,3,100
12,24,4,0
12,24,5,10
12,25,1,0
12,25,2,12
12,25,3,100
12,25,4,0
12,25,5,10
12,26,1,0
12,26,2,12
12,26,3,100
12,26,4,0
12,26,5,10
13,0,1,8
13,0,2,13
13,0,3,100
13,0,4,0
13,0,5,-16
13,1,1,8
13,1,2,13
13,1,3,100
13,1,4,0
13,1,5,49
13,2,1,8
13,2,2,13
13,2,3,100
13,2,4,0
13,2,5,10
13,3,1,7
13,3,2,13
13,3,3,100
13,3,4,0
13,3,5,10
13,4,1,7
13,4,2,13
13,4,3,100
13,4,4,0
13,4,5,10
13,5,1,7
13,5,2,13
13,5,3,100
13,5,4,0
13,5,5,10
13,6,1,6
13,6,2,13
13,6,3,100
13,6,4,0
13,6,5,10
13,7,1,6
13,7,2,13
13,7,3,100
13,7,4,0
13,7,5,10
13,8,1,6
13,8,2,13
13,8,3,100
13,8,4,0
13,8,5,10
13,9,1,5
13,9,2,13
13,9,3,100
13,9,4,0
13,9,5,10
13,10,1,5
13,10,2,13
13,10,3,100
13,10,4,0
13,10,5,10
13,11,1,5
13,11,2,13
13,11,3,100
13,11,4,0
13,11,5,10
13,12,1,4
13,12,2,13
13,12,3,100
13,12,4,0
13,12,5,10
13,13,1,4
13,13,2,13
13,13,3,100
13,13,4,0
13,13,5,10
13,14,1,4
13,14,2,13
13,14,3,100
13,14,4,0
13,14,5,10
13,15,1,3
13,15,2,13
13,15,3,100
13,15,4,0
13,15,5,10
13,16,1,3
13,16,2,13
13,16,3,100
13,16,4,0
13,16,5,10
13,17,1,3
13,17,2,13
13,17,3,100
13,17,4,0
13,17,5,10
13,18,1,2
13,18,2,13
13,18,3,100
13,18,4,0
13,18,5,10
13,19,1,2
13,19,2,13
13,19,3,100
13,19,4,0
13,19,5,10
13,20,1,2
13,20,2,13
13,20,3,100
13,20,4,0
13,20,5,10
13,21,1,1
13,21,2,13
13,21,3,100
13,21,4,0
13,21,5,10
13,22,1,1
13,22,2,13
13,22,3,100
13,22,4,0
13,22,5,10
13,23,1,1
13,23,2,13
13,23,3,100
13,23,4,0
13,23,5,10
13,24,1,0
13,24,2,13
13,24,3,100
13,24,4,0
13,24,5,10
13,25,1,0
13,25,2,13
13,25,3,100
13,25,4,0
13,25,5,10
13,26,1,0
13,26,2,13
13,26,3,100
13,26,4,0
13,26,5,10
14,0,1,8
14,0,2,14
14,0,3,100
14,0,4,0
14,0,5,-18
14,1,1,8
14,1,2,14
14,1,3,100
14,1,4,0
14,1,5,52
14,2,1,8
14,2,2,14
14,2,3,100
14,2,4,0
14,2,5,10
14,3,1,7
14,3,2,14
14,3,3,100
14,3,4,0
14,3,5,10
14,4,1,7
14,4,2,14
14,4,3,100
14,4,4,0
14,4,5,10
14,5,1,7
14,5,2,14
14,5,3,100
14,5,4,0
14,5,5,10
14,6,1,6
14,6,2,14
14,6,3,100
14,6,4,0
14,6,5,10
14,7,1,6
14,7,2,14
14,7,3,100
14,7,4,0
14,7,5,10
14,8,1,6
14,8,2,14
14,8,3,100
14,8,4,0
14,8,5,10
14,9,1,5
14,9,2,14
14,9,3,100
14,9,4,0
14,9,5,10
14,10,1,5
14,10,2,14
14,10,3,100
14,10,4,0
14,10,5,10
14,11,1,5
14,11,2,14
14,11,3,100
14,11,4,0
14,11,5,10
14,12,1,4
14,12,2,14
14,12,3,100
14,12,4,0
14,12,5,10
14,13,1,4
14,13,2,14
14,13,3,100
14,13,4,0
14,13,5,10
14,14,1,4
14,14,2,14
14,14,3,100
14,14,4,0
14,14,5,10
14,15,1,3
14,15,2,14
14,15,3,100
14,15,4,0
14,15,5,10
14,16,1,3
14,16,2,14
14,16,3,100
14,16,4,0
14,16,5,10
14,17,1,3
14,17,2,14
14,17,3,100
14,17,4,0
14,17,5,10
14,18,1,2
14,18,2,14
14,18,3,100
14,18,4,0
14,18,5,10
14,19,1,2
14,19,2,14
14,19,3,100
14,19,4,0
14,19,5,10
14,20,1,2
14,20,2,14
14,20,3,100
14,20,4,0
14,20,5,10
14,21,1,1
14,21,2,14
14,21,3,100
14,21,4,0
14,21,5,10
14,22,1,1
14,22,2,14
14,22,3,100
14,22,4,0
14,22,5,10
14,23,1,1
14,23,2,14
14,23,3,100
14,23,4,0
14,23,5,10
14,24,1,0
14,24,2,14
14,24,3,100
14,24,4,0
14,24,5,10
14,25,1,0
14,25,2,14
14,25,3,100
14,25,4,0
14,25,5,10
14,26,1,0
14,26,2,14
14,26,3,100
14,26,4,0
14,26,5,10
15,0,1,8
15,0,2,15
15,0,3,100
15,0,4,0
15,0,5,-20
15,1,1,8
15,1,2,15
15,1,3,100
15,1,4,0
15,1,5,55
15,2,1,8
15,2,2,15
15,2,3,100
15,2,4,0
15,2,5,10
15,3,1,7
15,3,2,15
15,3,3,100
15,3,4,0
15,3,5,10
15,4,1,7
15,4,2,15
15,4,3,100
15,4,4,0
15,4,5,10
15,5,1,7
15,5,2,15
15,5,3,100
15,5,4,0
15,5,5,10
15,6,1,6
15,6,2,15
15,6,3,100
15,6,4,0
15,6,5,10
15,7,1,6
15,7,2,15
15,7,3,100
15,7,4,0
15,7,5,10
15,8,1,6
15,8,2,15
15,8,3,100
15,8,4,0
15,8,5,10
15,9,1,5
15,9,2,15
15,9,3,100
15,9,4,0
15,9,5,10
15,10,1,5
15,10,2,15
15,10,3,100
15,10,4,0
15,10,5,10
15,11,1,5
15,11,2,15
15,11,3,100
15,11,4,0
15,11,5,10
15,12,1,4
15,12,2,15
15,12,3,100
15,12,4,0
15,12,5,10
15,13,1,4
15,13,2,15
15,13,3,100
15,13,4,0
15,13,5,10
15,14,1,4
15,14,2,15
15,14,3,100
15,14,4,0
15,14,5,10
15,15,1,3
15,15,2,15
15,15,3,100
15,15,4,0
15,15,5,10
15,16,1,3
15,16,2,15
15,16,3,100
15,16,4,0
15,16,5,10
15,17,1,3
15,17,2,15
15,17,3,100
15,17,4,0
15,17,5,10
15,18,1,2
15,18,2,15
15,18,3,100
15,18,4,0
15,18,5,10
15,19,1,2
15,19,2,15
15,19,3,100
15,19,4,0
15,19,5,10
15,20,1,2
15,20,2,15
15,20,3,100
15,20,4,0
15,20,5,10
15,21,1,1
15,21,2,15
15,21,3,100
15,21,4,0
15,21,5,10
15,22,1,1
15,22,2,15
15,22,3,100
15,22,4,0
15,22,5,10
15,23,1,1
15,23,2,15
15,23,3,100
15,23,4,0
15,23,5,10
15,24,1,0
15,24,2,15
15,24,3,100
15,24,4,0
15,24,5,10
15,25,1,0
15,25,2,15
15,25,3,100
15,25,4,0
15,25,5,10
15,26,1,0
15,26,2,15
15,26,3,100
15,26,4,0
15,26,5,10
16,0,1,8
16,0,2,16
16,0,3,100
16,0,4,0
16,0,5,-22
16,1,1,8
16,1,2,16
16,1,3,100
16,1,4,0
16,1,5,58
16,2,1,8
16,2,2,16
16,2,3,100
16,2,4,0
16,2,5,10
16,3,1,7
16,3,2,16
16,3,3,100
16,3,4,0
16,3,5,10
16,4,1,7
16,4,2,16
16,4,3,100
16,4,4,0
16,4,5,10
16,5,1,7
16,5,2,16
16,5,3,100
16,5,4,0
16,5,5,10
16,6,1,6
16,6,2,16
16,6,3,100
16,6,4,0
16,6,5,10
16,7,1,6
16,7,2,16
16,7,3,100
16,7,4,0
16,7,5,10
16,8,1,6
16,8,2,16
16,8,3,100
16,8,4,0
16,8,5,10
16,9,1,5
16,9,2,16
16,9,3,100
16,9,4,0
16,9,5,10
16,10,1,5
16,10,2,16
16,10,3,100
16,10,4,0
16,10,5,10
16,11,1,5
16,11,2,16
16,11,3,100
16,11,4,0
16,11,5,10
16,12,1,4
16,12,2,16
16,12,3,100
16,12,4,0
16,12,5,10
16,13,1,4
16,13,2,16
16,13,3,100
16,13,4,0
16,13,5,10
16,14,1,4
16,14,2,16
16,14,3,100
16,14,4,0
16,14,5,10
16,15,1,3
16,15,2,16
16,15,3,100
16,15,4,0
16,15,5,10
16,16,1,3
16,16,2,16
16,16,3,100
16,16,4,0
16,16,5,10
16,17,1,3
16,17,2,16
16,17,3,100
16,17,4,0
16,17,5,10
16,18,1,2
16,18,2,16
16,18,3,100
16,18,4,0
16,18,5,10
16,19,1,2
16,19,2,16
16,19,3,100
16,19,4,0
16,19,5,10
16,20,1,2
16,20,2,16
16,20,3,100
16,20,4,0
16,20,5,10
16,21,1,1
16,21,2,16
16,21,3,100
16,21,4,0
16,21,5,10
16,22,1,1
16,22,2,16
16,22,3,100
16,22,4,0
16,22,5,10
16,23,1,1
16,23,2,16
16,23,3,100
16,23,4,0
16,23,5,10
16,24,1,0
16,24,2,16
16,24,3,100
16,24,4,0
16,24,5,10
16,25,1,0
16,25,2,16
16,25,3,100
16,25,4,0
16,25,5,10
16,26,1,0
16,26,2,16
16,26,3,100
16,26,4,0
16,26,5,10
17,0,1,8
17,0,2,17
17,0,3,100
17,0,4,0
17,0,5,-24
17,1,1,8
17,1,2,17
17,1,3,100
17,1,4,0
17,1,5,61
17,2,1,8
17,2,2,17
17,2,3,100
17,2,4,0
17,2,5,10
17,3,1,7
17,3,2,17
17,3,3,100
17,3,4,0
17,3,5,10
17,4,1,7
17,4,2,17
17,4,3,100
17,4,4,0
17,4,5,10
17,5,1,7
17,5,2,17
17,5,3,100
17,5,4,0
17,5,5,10
17,6,1,6
17,6,2,17
17,6,3,100
17,6,4,0
17,6,5,10
17,7,1,6
17,7,2,17
17,7,3,100
17,7,4,0
17,7,5,10
17,8,1,6
17,8,2,17
17,8,3,100
17,8,4,0
17,8,5,10
17,9,1,5
17,9,2,17
17,9,3,100
17,9,4,0
17,9,5,10
17,10,1,5
17,10,2,17
17,10,3,100
17,10,4,0
17,10,5,10
17,11,1,5
17,11,2,17
17,11,3,100
17,11,4,0
17,11,5,10
17,12,1,4
17,12,2,17
17,12,3,100
17,12,4,0
17,12,5,10
17,13,1,4
17,13,2,17
17,13,3,100
17,13,4,0
17,13,5,10
17,14,1,4
17,14,2,17
17,14,3,100
17,14,4,0
17,14,5,10
17,15,1,3
17,15,2,17
17,15,3,100
17,15,4,0
17,15,5,10
17,16,1,3
17,16,2,17
17,16,3,100
17,16,4,0
17,16,5,10
17,17,1,3
17,17,2,17
17,17,3,100
17,17,4,0
17,17,5,10
17,18,1,2
17,18,2,17
17,18,3,100
17,18,4,0
17,18,5,10
17,19,1,2
17,19,2,17
17,19,3,100
17,19,4,0
17,19,5,10
17,20,1,2
17,20,2,17
17,20,3,100
17,20,4,0
17,20,5,10
17,21,1,1
17,21,2,17
17,21,3,100
17,21,4,0
17,21,5,10
17,22,1,1
17,22,2,17
17,22,3,100
17,22,4,0
17,22,5,10
17,23,1,1
17,23,2,17
17,23,3,100
17,23,4,0
17,23,5,10
17,24,1,0
17,24,2,17
17,24,3,100
17,24,4,0
17,24,5,10
17,25,1,0
17,25,2,17
17,25,3,100
17,25,4,0
17,25,5,10
17,26,1,0
17,26,2,17
17,26,3,100
17,26,4,0
17,26,5,10
18,0,1,8
18,0,2,18
18,0,3,100
18,0,4,0
18,0,5,-26
18,1,1,8
18,1,2,18
18,1,3,100
18,1,4,0
18,1,5,64
18,2,1,8
18,2,2,18
18,2,3,100
18,2,4,0
18,2,5,10
18,3,1,7
18,3,2,18
18,3,3,100
18,3,4,0
18,3,5,10
18,4,1,7
18,4,2,18
18,4,3,100
18,4,4,0
18,4,5,10
18,5,1,7
18,5,2,18
18,5,3,100
18,5,4,0
18,5,5,10
18,6,1,6
18,6,2,18
18,6,3,100
18,6,4,0
18,6,5,10
18,7,1,6
18,7,2,18
18,7,3,100
18,7,4,0
18,7,5,10
18,8,1,6
18,8,2,18
18,8,3,100
18,8,4,0
18,8,5,10
18,9,1,5
18,9,2,18
18,9,3,100
18,9,4,0
18,9,5,10
18,10,1,5
18,10,2,18
18,10,3,100
18,10,4,0
18,10,5,10
18,11,1,5
18,11,2,18
18,11,3,100
18,11,4,0
18,11,5,10
18,12,1,4
18,12,2,18
18,12,3,100
18,12,4,0
18,12,5,10
18,13,1,4
18,13,2,18
18,13,3,100
18,13,4,0
18,13,5,10
18,14,1,4
18,14,2,18
18,14,3,100
18,14,4,0
18,14,5,10
18,15,1,3
18,15,2,18
18,15,3,100
18,15,4,0
18,15,5,10
18,16,1,3
18,16,2,18
18,16,3,100
18,16,4,0
18,16,5,10
18,17,1,3
18,17,2,18
18,17,3,100
18,17,4,0
18,17,5,10
18,18,1,2
18,18,2,18
18,18,3,100
18,18,4,0
18,18,5,10
18,19,1,2
18,19,2,18
18,19,3,100
18,19,4,0
18,19,5,10
18,20,1,2
18,20,2,18
18,20,3,100
18,20,4,0
18,20,5,10
18,21,1,1
18,21,2,18
18,21,3,100
18,21,4,0
18,21,5,10
18,22,1,1
18,22,2,18
18,22,3,100
18,22,4,0
18,22,5,10
18,23,1,1
18,23,2,18
18,23,3,100
18,23,4,0
18,23,5,10
18,24,1,0
18,24,2,18
18,24,3,100
18,24,4,0
18,24,5,10
18,25,1,0
18,25,2,18
18,25,3,100
18,25,4,0
18,25,5,10
18,26,1,0
18,26,2,18
18,26,3,100
18,26,4,0
18,26,5,10
19,0,1,8
19,0,2,19
19,0,3,100
19,0,4,0
19,0,5,-28
19,1,1,8
19,1,2,19
19,1,3,100
19,1,4,0
19,1,5,67
19,2,1,8
19,2,2,19
19,2,3,100
19,2,4,0
19,2,5,10
19,3,1,7
19,3,2,19
19,3,3,100
19,3,4,0
19,3,5,10
19,4,1,7
19,4,2,19
19,4,3,100
19,4,4,0
19,4,5,10
19,5,1,7
19,5,2,19
19,5,3,100
19,5,4,0
19,5,5,10
19,6,1,6
19,6,2,19
19,6,3,100
19,6,4,0
19,6,5,10
19,7,1,6
19,7,2,19
19,7,3,100
19,7,4,0
19,7,5,10
19,8,1,6
19,8,2,19
19,8,3,100
19,8,4,0
19,8,5,10
19,9,1,5
19,9,2,19
19,9,3,100
19,9,4,0
19,9,5,10
19,10,1,5
19,10,2,19
19,10,3,100
19,10,4,0
19,10,5,10
19,11,1,5
19,11,2,19
19,11,3,100
19,11,4,0
19,11,5,10
19,12,1,4
19,12,2,19
19,12,3,100
19,12,4,0
19,12,5,10
19,13,1,4
19,13,2,19
19,13,3,100
19,13,4,0
19,13,5,10
19,14,1,4
19,14,2,19
19,14,3,100
19,14,4,0
19,14,5,10
19,15,1,3
19,15,2,19
19,15,3,100
19,15,4,0
19,15,5,10
19,16,1,3
19,16,2,19
19,16,3,100
19,16,4,0
19,16,5,10
19,17,1,3
19,17,2,19
19,17,3,100
19,17,4,0
19,17,5,10
19,18,1,2
19,18,2,19
19,18,3,100
19,18,4,0
19,18,5,10
19,19,1,2
19,19,2,19
19,19,3,100
19,19,4,0
19,19,5,10
19,20,1,2
19,20,2,19
19,20,3,100
19,20,4,0
19,20,5,10
19,21,1,1
19,21,2,19
19,21,3,100
19,21,4,0
19,21,5,10
19,22,1,1
19,22,2,19
19,22,3,100
19,22,4,0
19,22,5,10
19,23,1,1
19,23,2,19
19,23,3,100
19,23,4,0
19,23,5,10
19,24,1,0
19,24,2,19
19,24,3,100
19,24,4,0
19,24,5,10
19,25,1,0
19,25,2,19
19,25,3,100
19,25,4,0
19,25,5,10
19,26,1,0
19,26,2,19
19,26,3,100
19,26,4,0
19,26,5,10
20,0,1,8
20,0,2,20
20,0,3,100
20,0,4,0
20,0,5,-30
20,1,1,8
20,1,2,20
20,1,3,100
20,1,4,0
20,1,5,70
20,2,1,8
20,2,2,20
20,2,3,100
20,2,4,0
20,2,5,10
20,3,1,7
20,3,2,20
20,3,3,100
20,3,4,0
20,3,5,10
20,4,1,7
20,4,2,20
20,4,3,100
20,4,4,0
20,4,5,10
20,5,1,7
20,5,2,20
20,5,3,100
20,5,4,0
20,5,5,10
20,6,1,6
20,6,2,20
20,6,3,100
20,6,4,0
20,6,5,10
20,7,1,6
20,7,2,20
20,7,3,100
20,7,4,0
20,7,5,10
20,8,1,6
20,8,2,20
20,8,3,100
20,8,4,0
20,8,5,10
20,9,1,5
20,9,2,20
20,9,3,100
20,9,4,0
20,9,5,10
20,10,1,5
20,10,2,20
20,10,3,100
20,10,4,0
20,10,5,10
20,11,1,5
20,11,2,20
20,11,3,100
20,11,4,0
20,11,5,10
20,12,1,4
20,12,2,20
20,12,3,100
20,12,4,0
20,12,5,10
20,13,1,4
20,13,2,20
20,13,3,100
20,13,4,0
20,13,5,10
20,14,1,4
20,14,2,20
20,14,3,100
20,14,4,0
20,14,5,10
20,15,1,3
20,15,2,20
20,15,3,100
20,15,4,0
20,15,5,10
20,16,1,3
20,16,2,20
20,16,3,100
20,16,4,0
20,16,5,10
20,17,1,3
20,17,2,20
20,17,3,100
20,17,4,0
20,17,5,10
20,18,1,2
20,18,2,20
20,18,3,100
20,18,4,0
20,18,5,10
20,19,1,2
20,19,2,20
20,19,3,100
20,19,4,0
20,19,5,10
20,20,1,2
20,20,2,20
20,20,3,100
20,20,4,0
20,20,5,10
20,21,1,1
20,21,2,20
20,21,3,100
20,21,4,0
20,21,5,10
20,22,1,1
20,22,2,20
20,22,3,100
20,22,4,0
20,22,5,10
20,23,1,1
20,23,2,20
20,23,3,100
20,23,4,0
20,23,5,10
20,24,1,0
20,24,2,20
20,24,3,100
20,24,4,0
20,24,5,10
20,25,1,0
20,25,2,20
20,25,3,100
20,25,4,0
20,25,5,10
20,26,1,0
20,26,2,20
20,26,3,100
20,26,4,0
20,26,5,10
21,0,1,8
21,0,2,20
21,0,3,100
21,0,4,0
21,0,5,-32
21,1,1,8
21,1,2,20
21,1,3,100
21,1,4,0
21,1,5,73
21,2,1,8
21,2,2,20
21,2,3,100
21,2,4,0
21,2,5,10
21,3,1,7
21,3,2,20
21,3,3,100
21,3,4,0
21,3,5,10
21,4,1,7
21,4,2,20
21,4,3,100
21,4,4,0
21,4,5,10
21,5,1,7
21,5,2,20
21,5,3,100
21,5,4,0
21,5,5,10
21,6,1,6
21,6,2,20
21,6,3,100
21,6,4,0
21,6,5,10
21,7,1,6
21,7,2,20
21,7,3,100
21,7,4,0
21,7,5,10
21,8,1,6
21,8,2,20
21,8,3,100
21,8,4,0
21,8,5,10
21,9,1,5
21,9,2,20
21,9,3,100
21,9,4,0
21,9,5,10
21,10,1,5
21,10,2,20
21,10,3,100
21,10,4,0
21,10,5,10
21,11,1,5
21,11,2,20
21,11,3,100
21,11,4,0
21,11,5,10
21,12,1,4
21,12,2,20
21,12,3,100
21,12,4,0
21,12,5,10
21,13,1,4
21,13,2,20
21,13,3,100
21,13,4,0
21,13,5,10
21,14,1,4
21,14,2,20
21,14,3,100
21,14,4,0
21,14,5,10
21,15,1,3
21,15,2,20
21,15,3,100
21,15,4,0
21,15,5,10
21,16,1,3
21,16,2,20
21,16,3,100
21,16,4,0
21,16,5,10
21,17,1,3
21,17,2,20
21,17,3,100
21,17,4,0
21,17,5,10
21,18,1,2
21,18,2,20
21,18,3,100
21,18,4,0
21,18,5,10
21,19,1,2
21,19,2,20
21,19,3,100
21,19,4,0
21,19,5,10
21,20,1,2
21,20,2,20
21,20,3,100
21,20,4,0
21,20,5,10
21,21,1,1
21,21,2,20
21,21,3,100
21,21,4,0
21,21,5,10
21,22,1,1
21,22,2,20
21,22,3,100
21,22,4,0
21,22,5,10
21,23,1,1
21,23,2,20
21,23,3,100
21,23,4,0
21,23,5,10
21,24,1,0
21,24,2,20
21,24,3,100
21,24,4,0
21,24,5,10
21,25,1,0
21,25,2,20
21,25,3,100
21,25,4,0
21,25,5,10
21,26,1,0
21,26,2,20
21,26,3,100
21,26,4,0
21,26,5,10
22,0,1,8
22,0,2,20
22,0,3,100
22,0,4,0
22,0,5,-34
22,1,1,8
22,1,2,20
22,1,3,100
22,1,4,0
22,1,5,76
22,2,1,8
22,2,2,20
22,2,3,100
22,2,4,0
22,2,5,10
22,3,1,7
22,3,2,20
22,3,3,100
22,3,4,0
22,3,5,10
22,4,1,7
22,4,2,20
22,4,3,100
22,4,4,0
22,4,5,10
22,5,1,7
22,5,2,20
22,5,3,100
22,5,4,0
22,5,5,10
22,6,1,6
22,6,2,20
22,6,3,100
22,6,4,0
22,6,5,10
22,7,1,6
22,7,2,20
22,7,3,100
22,7,4,0
22,7,5,10
22,8,1,6
22,8,2,20
22,8,3,100
22,8,4,0
22,8,5,10
22,9,1,5
22,9,2,20
22,9,3,100
22,9,4,0
22,9,5,10
22,10,1,5
22,10,2,20
22,10,3,100
22,10,4,0
22,10,5,10
22,11,1,5
22,11,2,20
22,11,3,100
22,11,4,0
22,11,5,10
22,12,1,4
22,12,2,20
22,12,3,100
22,12,4,0
22,12,5,10
22,13,1,4
22,13,2,20
22,13,3,100
22,13,4,0
22,13,5,10
22,14,1,4
22,14,2,20
22,14,3,100
22,14,4,0
22,14,5,10
22,15,1,3
22,15,2,20
22,15,3,100
22,15,4,0
22,15,5,10
22,16,1,3
22,16,2,20
22,16,3,100
22,16,4,0
22,16,5,10
22,17,1,3
22,17,2,20
22,17,3,100
22,17,4,0
22,17,5,10
22,18,1,2
22,18,2,20
22,18,3,100
22,18,4,0
22,18,5,10
22,19,1,2
22,19,2,20
22,19,3,100
22,19,4,0
22,19,5,10
22,20,1,2
22,20,2,20
22,20,3,100
22,20,4,0
22,20,5,10
22,21,1,1
22,21,2,20
22,21,3,100
22,21,4,0
22,21,5,10
22,22,1,1
22,22,2,20
22,22,3,100
22,22,4,0
22,22,5,10
22,23,1,1
22,23,2,20
22,23,3,100
22,23,4,0
22,23,5,10
22,24,1,0
22,24,2,20
22,24,3,100
22,24,4,0
22,24,5,10
22,25,1,0
22,25,2,20
22,25,3,100
22,25,4,0
22,25,5,10
22,26,1,0
22,26,2,20
22,26,3,100
22,26,4,0
22,26,5,10
23,0,1,8
23,0,2,20
23,0,3,100
23,0,4,0
23,0,5,-36
23,1,1,8
23,1,2,20
23,1,3,100
23,1,4,0
23,1,5,79
23,2,1,8
23,2,2,20
23,2,3,100
23,2,4,0
23,2,5,10
23,3,1,7
23,3,2,20
23,3,3,100
23,3,4,0
23,3,5,10
23,4,1,7
23,4,2,20
23,4,3,100
23,4,4,0
23,4,5,10
23,5,1,7
23,5,2,20
23,5,3,100
23,5,4,0
23,5,5,10
23,6,1,6
23,6,2,20
23,6,3,100
23,6,4,0
23,6,5,10
23,7,1,6
23,7,2,20
23,7,3,100
23,7,4,0
23,7,5,10
23,8,1,6
23,8,2,20
23,8,3,100
23,8,4,0
23,8,5,10
23,9,1,5
23,9,2,20
23,9,3,100
23,9,4,0
23,9,5,10
23,10,1,5
23,10,2,20
23,10,3,100
23,10,4,0
23,10,5,10
23,11,1,5
23,11,2,20
23,11,3,100
23,11,4,0
23,11,5,10
23,12,1,4
23,12,2,20
23,12,3,100
23,12,4,0
23,12,5,10
23,13,1,4
23,13,2,20
23,13,3,100
23,13,4,0
23,13,5,10
23,14,1,4
23,14,2,20
23,14,3,100
23,14,4,0
23,14,5,10
23,15,1,3
23,15,2,20
23,15,3,100
23,15,4,0
23,15,5,10
23,16,1,3
23,16,2,20
23,16,3,100
23,16,4,0
23,16,5,10
23,17,1,3
23,17,2,20
23,17,3,100
23,17,4,0
23,17,5,10
23,18,1,2
23,18,2,20
23,18,3,100
23,18,4,0
23,18,5,10
23,19,1,2
23,19,2,20
23,19,3,100
23,19,4,0
23,19,5,10
23,20,1,2
23,20,2,20
23,20,3,100
23,20,4,0
23,20,5,10
23,21,1,1
23,21,2,20
23,21,3,100
23,21,4,0
23,21,5,10
23,22,1,1
23,22,2,20
23,22,3,100
23,22,4,0
23,22,5,10
23,23,1,1
23,23,2,20
23,23,3,100
23,23,4,0
23,23,5,10
23,24,1,0
23,24,2,20
23,24,3,100
23,24,4,0
23,24,5,10
23,25,1,0
23,25,2,20
23,25,3,100
23,25,4,0
23,25,5,10
23,26,1,0
23,26,2,20
23,26,3,100
23,26,4,0
23,26,5,10
24,0,1,8
24,0,2,20
24,0,3,100
24,0,4,0
24,0,5,-38
24,1,1,8
24,1,2,20
24,1,3,100
24,1,4,0
24,1,5,82
24,2,1,8
24,2,2,20
24,2,3,100
24,2,4,0
24,2,5,10
24,3,1,7
24,3,2,20
24,3,3,100
24,3,4,0
24,3,5,10
24,4,1,7
24,4,2,20
24,4,3,100
24,4,4,0
24,4,5,10
24,5,1,7
24,5,2,20
24,5,3,100
24,5,4,0
24,5,5,10
24,6,1,6
24,6,2,20
24,6,3,100
24,6,4,0
24,6,5,10
24,7,1,6
24,7,2,20
24,7,3,100
24,7,4,0
24,7,5,10
24,8,1,6
24,8,2,20
24,8,3,100
24,8,4,0
24,8,5,10
24,9,1,5
24,9,2,20
24,9,3,100
24,9,4,0
24,9,5,10
24,10,1,5
24,10,2,20
24,10,3,100
24,10,4,0
24,10,5,10
24,11,1,5
24,11,2,20
24,11,3,100
24,11,4,0
24,11,5,10
24,12,1,4
24,12,2,20
24,12,3,100
24,12,4,0
24,12,5,10
24,13,1,4
24,13,2,20
24,13,3,100
24,13,4,0
24,13,5,10
24,14,1,4
24,14,2,20
24,14,3,100
24,14,4,0
24,14,5,10
24,15,1,3
24,15,2,20
24,15,3,100
24,15,4,0
24,15,5,10
24,16,1,3
24,16,2,20
24,16,3,100
24,16,4,0
24,16,5,10
24,17,1,3
24,17,2,20
24,17,3,100
24,17,4,0
24,17,5,10
24,18,1,2
24,18,2,20
24,18,3,100
24,18,4,0
24,18,5,10
24,19,1,2
24,19,2,20
24,19,3,100
24,19,4,0
24,19,5,10
24,20,1,2
24,20,2,20
24,20,3,100
24,20,4,0
24,20,5,10
24,21,1,1
24,21,2,20
24,21,3,100
24,21,4,0
24,21,5,10
24,22,1,1
24,22,2,20
24,22,3,100
24,22,4,0
24,22,5,10
24,23,1,1
24,23,2,20
24,23,3,100
24,23,4,0
24,23,5,10
24,24,1,0
24,24,2,20
24,24,3,100
24,24,4,0
24,24,5,10
24,25,1,0
24,25,2,20
24,25,3,100
24,25,4,0
24,25,5,10
24,26,1,0
24,26,2,20
24,26,3,100
24,26,4,0
24,26,5,10
25,0,1,8
25,0,2,20
25,0,3,100
25,0,4,0
25,0,5,-40
25,1,1,8
25,1,2,20
25,1,3,100
25,1,4,0
25,1,5,85
25,2,1,8
25,2,2,20
25,2,3,100
25,2,4,0
25,2,5,10
25,3,1,7
25,3,2,20
25,3,3,100
25,3,4,0
25,3,5,10
25,4,1,7
25,4,2,20
25,4,3,100
25,4,4,0
25,4,5,10
25,5,1,7
25,5,2,20
25,5,3,100
25,5,4,0
25,5,5,10
25,6,1,6
25,6,2,20
25,6,3,100
25,6,4,0
25,6,5,10
25,7,1,6
25,7,2,20
25,7,3,100
25,7,4,0
25,7,5,10
25,8,1,6
25,8,2,20
25,8,3,100
25,8,4,0
25,8,5,10
25,9,1,5
25,9,2,20
25,9,3,100
25,9,4,0
25,9,5,10
25,10,1,5
25,10,2,20
25,10,3,100
25,10,4,0
25,10,5,10
25,11,1,5
25,11,2,20
25,11,3,100
25,11,4,0
25,11,5,10
25,12,1,4
25,12,2,20
25,12,3,100
25,12,4,0
25,12,5,10
25,13,1,4
25,13,2,20
25,13,3,100
25,13,4,0
25,13,5,10
25,14,1,4
25,14,2,20
25,14,3,100
25,14,4,0
25,14,5,10
25,15,1,3
25,15,2,20
25,15,3,100
25,15,4,0
25,15,5,10
25,16,1,3
25,16,2,20
25,16,3,100
25,16,4,0
25,16,5,10
25,17,1,3
25,17,2,20
25,17,3,100
25,17,4,0
25,17,5,10
25,18,1,2
25,18,2,20
25,18,3,100
25,18,4,0
25,18,5,10
25,19,1,2
25,19,2,20
25,19,3,100
25,19,4,0
25,19,5,10
25,20,1,2
25,20,2,20
25,20,3,100
25,20,4,0
25,20,5,10
25,21,1,1
25,21,2,20
25,21,3,100
25,21,4,0
25,21,5,10
25,22,1,1
25,22,2,20
25,22,3,100
25,22,4,0
25,22,5,10
25,23,1,1
25,23,2,20
25,23,3,100
25,23,4,0
25,23,5,10
25,24,1,0
25,24,2,20
25,24,3,100
25,24,4,0
25,24,5,10
25,25,1,0
25,25,2,20
25,25,3,100
25,25,4,0
25,25,5,10
25,26,1,0
25,26,2,20
25,26,3,100
25,26,4,0
25,26,5,10
26,0,1,8
26,0,2,20
26,0,3,100
26,0,4,0
26,0,5,-42
26,1,1,8
26,1,2,20
26,1,3,100
26,1,4,0
26,1,5,88
26,2,1,8
26,2,2,20
26,2,3,100
26,2,4,0
26,2,5,10
26,3,1,7
26,3,2,20
26,3,3,100
26,3,4,0
26,3,5,10
26,4,1,7
26,4,2,20
26,4,3,100
26,4,4,0
26,4,5,10
26,5,1,7
26,5,2,20
26,5,3,100
26,5,4,0
26,5,5,10
26,6,1,6
26,6,2,20
26,6,3,100
26,6,4,0
26,6,5,10
26,7,1,6
26,7,2,20
26,7,3,100
26,7,4,0
26,7,5,10
26,8,1,6
26,8,2,20
26,8,3,100
26,8,4,0
26,8,5,10
26,9,1,5
26,9,2,20
26,9,3,100
26,9,4,0
26,9,5,10
26,10,1,5
26,10,2,20
26,10,3,100
26,10,4,0
26,10,5,10
26,11,1,5
26,11,2,20
26,11,3,100
26,11,4,0
26,11,5,10
26,12,1,4
26,12,2,20
26,12,3,100
26,12,4,0
26,12,5,10
26,13,1,4
26,13,2,20
26,13,3,100
26,13,4,0
26,13,5,10
26,14,1,4
26,14,2,20
26,14,3,100
26,14,4,0
26,14,5,10
26,15,1,3
26,15,2,20
26,15,3,100
26,15,4,0
26,15,5,10
26,16,1,3
26,16,2,20
26,16,3,100
26,16,4,0
26,16,5,10
26,17,1,3
26,17,2,20
26,17,3,100
26,17,4,0
26,17,5,10
26,18,1,2
26,18,2,20
26,18,3,100
26,18,4,0
26,18,5,10
26,19,1,2
26,19,2,20
26,19,3,100
26,19,4,0
26,19,5,10
26,20,1,2
26,20,2,20
26,20,3,100
26,20,4,0
26,20,5,10
26,21,1,1
26,21,2,20
26,21,3,100
26,21,4,0
26,21,5,10
26,22,1,1
26,22,2,20
26,22,3,100
26,22,4,0
26,22,5,10
26,23,1,1
26,23,2,20
26,23,3,100
26,23,4,0
26,23,5,10
26,24,1,0
26,24,2,20
26,24,3,100
26,24,4,0
26,24,5,10
26,25,1,0
26,25,2,20
26,25,3,100
26,25,4,0
26,25,5,10
26,26,1,0
26,26,2,20
26,26,3,100
26,26,4,0
26,26,5,10
27,0,1,8
27,0,2,20
27,0,3,100
27,0,4,0
27,0,5,-44
27,1,1,8
27,1,2,20
27,1,3,100
27,1,4,0
27,1,5,91
27,2,1,8
27,2,2,20
27,2,3,100
27,2,4,0
27,2,5,10
27,3,1,7
27,3,2,20
27,3,3,100
27,3,4,0
27,3,5,10
27,4,1,7
27,4,2,20
27,4,3,100
27,4,4,0
27,4,5,10
27,5,1,7
27,5,2,20
27,5,3,100
27,5,4,0
27,5,5,10
27,6,1,6
27,6,2,20
27,6,3,100
27,6,4,0
27,6,5,10
27,7,1,6
27,7,2,20
27,7,3,100
27,7,4,0
27,7,5,10
27,8,1,6
27,8,2,20
27,8,3,100
27,8,4,0
27,8,5,10
27,9,1,5
27,9,2,20
27,9,3,100
27,9,4,0
27,9,5,10
27,10,1,5
27,10,2,20
27,10,3,100
27,10,4,0
27,10,5,10
27,11,1,5
27,11,2,20
27,11,3,100
27,11,4,0
27,11,5,10
27,12,1,4
27,12,2,20
27,12,3,100
27,12,4,0
27,12,5,10
27,13,1,4
27,13,2,20
27,13,3,100
27,13,4,0
27,13,5,10
27,14,1,4
27,14,2,20
27,14,3,100
27,14,4,0
27,14,5,10
27,15,1,3
27,15,2,20
27,15,3,100
27,15,4,0
27,15,5,10
27,16,1,3
27,16,2,20
27,16,3,100
27,16,4,0
27,16,5,10
27,17,1,3
27,17,2,20
27,17,3,100
27,17,4,0
27,17,5,10
27,18,1,2
27,18,2,20
27,18,3,100
27,18,4,0
27,18,5,10
27,19,1,2
27,19,2,20
27,19,3,100
27,19,4,0
27,19,5,10
27,20,1,2
27,20,2,20
27,20,3,100
27,20,4,0
27,20,5,10
27,21,1,1
27,21,2,20
27,21,3,100
27,21,4,0
27,21,5,10
27,22,1,1
27,22,2,20
27,22,3,100
27,22,4,0
27,22,5,10
27,23,1,1
27,23,2,20
27,23,3,100
27,23,4,0
27,23,5,10
27,24,1,0
27,24,2,20
27,24,3,100
27,24,4,0
27,24,5,10
27,25,1,0
27,25,2,20
27,25,3,100
27,25,4,0
27,25,5,10
27,26,1,0
27,26,2,20
27,26,3,100
27,26,4,0
27,26,5,10
28,0,1,8
28,0,2,20
28,0,3,100
28,0,4,0
28,0,5,-46
28,1,1,8
28,1,2,20
28,1,3,100
28,1,4,0
28,1,5,94
28,2,1,8
28,2,2,20
28,2,3,100
28,2,4,0
28,2,5,10
28,3,1,7
28,3,2,20
28,3,3,100
28,3,4,0
28,3,5,10
28,4,1,7
28,4,2,20
28,4,3,100
28,4,4,0
28,4,5,10
28,5,1,7
28,5,2,20
28,5,3,100
28,5,4,0
28,5,5,10
28,6,1,6
28,6,2,20
28,6,3,100
28,6,4,0
28,6,5,10
28,7,1,6
28,7,2,20
28,7,3,100
28,7,4,0
28,7,5,10
28,8,1,6
28,8,2,20
28,8,3,100
28,8,4,0
28,8,5,10
28,9,1,5
28,9,2,20
28,9,3,100
28,9,4,0
28,9,5,10
28,10,1,5
28,10,2,20
28,10,3,100
28,10,4,0
28,10,5,10
28,11,1,5
28,11,2,20
28,11,3,100
28,11,4,0
28,11,5,10
28,12,1,4
28,12,2,20
28,12,3,100
28,12,4,0
28,12,5,10
28,13,1,4
28,13,2,20
28,13,3,100
28,13,4,0
28,13,5,10
28,14,1,4
28,14,2,20
28,14,3,100
28,14,4,0
28,14,5,10
28,15,1,3
28,15,2,20
28,15,3,100
28,15,4,0
28,15,5,10
28,16,1,3
28,16,2,20
28,16,3,100
28,16,4,0
28,16,5,10
28,17,1,3
28,17,2,20
28,17,3,100
28,17,4,0
28,17,5,10
28,18,1,2
28,18,2,20
28,18,3,100
28,18,4,0
28,18,5,10
28,19,1,2
28,19,2,20
28,19,3,100
28,19,4,0
28,19,5,10
28,20,1,2
28,20,2,20
28,20,3,100
28,20,4,0
28,20,5,10
28,21,1,1
28,21,2,20
28,21,3,100
28,21,4,0
28,21,5,10
28,22,1,1
28,22,2,20
28,22,3,100
28,22,4,0
28,22,5,10
28,23,1,1
28,23,2,20
28,23,3,100
28,23,4,0
28,23,5,10
28,24,1,0
28,24,2,20
28,24,3,100
28,24,4,0
28,24,5,10
28,25,1,0
28,25,2,20
28,25,3,100
28,25,4,0
28,25,5,10
28,26,1,0
28,26,2,20
28,26,3,100
28,26,4,0
28,26,5,10
29,0,1,8
29,0,2,20
29,0,3,100
29,0,4,0
29,0,5,-48
29,1,1,8
29,1,2,20
29,1,3,100
29,1,4,0
29,1,5,97
29,2,1,8
29,2,2,20
29,2,3,100
29,2,4,0
29,2,5,10
29,3,1,7
29,3,2,20
29,3,3,100
29,3,4,0
29,3,5,10
29,4,1,7
29,4,2,20
29,4,3,100
29,4,4,0
29,4,5,10
29,5,1,7
29,5,2,20
29,5,3,100
29,5,4,0
29,5,5,10
29,6,1,6
29,6,2,20
29,6,3,100
29,6,4,0
29,6,5,10
29,7,1,6
29,7,2,20
29,7,3,100
29,7,4,0
29,7,5,10
29,8,1,6
29,8,2,20
29,8,3,100
29,8,4,0
29,8,5,10
29,9,1,5
29,9,2,20
29,9,3,100
29,9,4,0
29,9,5,10
29,10,1,5
29,10,2,20
29,10,3,100
29,10,4,0
29,10,5,10
29,11,1,5
29,11,2,20
29,11,3,100
29,11,4,0
29,11,5,10
29,12,1,4
29,12,2,20
29,12,3,100
29,12,4,0
29,12,5,10
29,13,1,4
29,13,2,20
29,13,3,100
29,13,4,0
29,13,5,10
29,14,1,4
29,14,2,20
29,14,3,100
29,14,4,0
29,14,5,10
29,15,1,3
29,15,2,20
29,15,3,100
29,15,4,0
29,15,5,10
29,16,1,3
29,16,2,20
29,16,3,100
29,16,4,0
29,16,5,10
29,17,1,3
29,17,2,20
29,17,3,100
29,17,4,0
29,17,5,10
29,18,1,2
29,18,2,20
29,18,3,100
29,18,4,0
29,18,5,10
29,19,1,2
29,19,2,20
29,19,3,100
29,19,4,0
29,19,5,10
29,20,1,2
29,20,2,20
29,20,3,100
29,20,4,0
29,20,5,10
29,21,1,1
29,21,2,20
29,21,3,100
29,21,4,0
29,21,5,10
29,22,1,1
29,22,2,20
29,22,3,100
29,22,4,0
29,22,5,10
29,23,1,1
29,23,2,20
29,23,3,100
29,23,4,0
29,23,5,10
29,24,1,0
29,24,2,20
29,24,3,100
29,24,4,0
29,24,5,10
29,25,1,0
29,25,2,20
29,25,3,100
29,25,4,0
29,25,5,10
29,26,1,0
29,26,2,20
29,26,3,100
29,26,4,0
29,26,5,10
30,0,1,8
30,0,2,20
30,0,3,100
30,0,4,0
30,0,5,-50
30,1,1,8
30,1,2,20
30,1,3,100
30,1,4,0
30,1,5,100
30,2,1,8
30,2,2,20
30,2,3,100
30,2,4,0
30,2,5,10
30,3,1,7
30,3,2,20
30,3,3,100
30,3,4,0
30,3,5,10
30,4,1,7
30,4,2,20
30,4,3,100
30,4,4,0
30,4,5,10
30,5,1,7
30,5,2,20
30,5,3,100
30,5,4,0
30,5,5,10
30,6,1,6
30,6,2,20
30,6,3,100
30,6,4,0
30,6,5,10
30,7,1,6
30,7,2,20
30,7,3,100
30,7,4,0
30,7,5,10
30,8,1,6
30,8,2,20
30,8,3,100
30,8,4,0
30,8,5,10
30,9,1,5
30,9,2,20
30,9,3,100
30,9,4,0
30,9,5,10
30,10,1,5
30,10,2,20
30,10,3,100
30,10,4,0
30,10,5,10
30,11,1,5
30,11,2,20
30,11,3,100
30,11,4,0
30,11,5,10
30,12,1,4
30,12,2,20
30,12,3,100
30,12,4,0
30,12,5,10
30,13,1,4
30,13,2,20
30,13,3,100
30,13,4,0
30,13,5,10
30,14,1,4
30,14,2,20
30,14,3,100
30,14,4,0
30,14,5,10
30,15,1,3
30,15,2,20
30,15,3,100
30,15,4,0
30,15,5,10
30,16,1,3
30,16,2,20
30,16,3,100
30,16,4,0
30,16,5,10
30,17,1,3
30,17,2,20
30,17,3,100
30,17,4,0
30,17,5,10
30,18,1,2
30,18,2,20
30,18,3,100
30,18,4,0
30,18,5,10
30,19,1,2
30,19,2,20
30,19,3,100
30,19,4,0
30,19,5,10
30,20,1,2
30,20,2,20
30,20,3,100
30,20,4,0
30,20,5,10
30,21,1,1
30,21,2,20
30,21,3,100
30,21,4,0
30,21,5,10
30,22,1,1
30,22,2,20
30,22,3,100
30,22,4,0
30,22,5,10
30,23,1,1
30,23,2,20
30,23,3,100
30,23,4,0
30,23,5,10
30,24,1,0
30,24,2,20
30,24,3,100
30,24,4,0
30,24,5,10
30,25,1,0
30,25,2,20
30,25,3,100
30,25,4,0
30,25,5,10
30,26,1,0
30,26,2,20
30,26,3,100
30,26,4,0
30,26,5,10
31,0,1,8
31,0,2,20
31,0,3,100
31,0,4,0
31,0,5,-52
31,1,1,8
31,1,2,20
31,1,3,100
31,1,4,0
31,1,5,103
31,2,1,8
31,2,2,20
31,2,3,100
31,2,4,0
31,2,5,10
31,3,1,7
31,3,2,20
31,3,3,100
31,3,4,0
31,3,5,10
31,4,1,7
31,4,2,20
31,4,3,100
31,4,4,0
31,4,5,10
31,5,1,7
31,5,2,20
31,5,3,100
31,5,4,0
31,5,5,10
31,6,1,6
31,6,2,20
31,6,3,100
31,6,4,0
31,6,5,10
31,7,1,6
31,7,2,20
31,7,3,100
31,7,4,0
31,7,5,10
31,8,1,6
31,8,2,20
31,8,3,100
31,8,4,0
31,8,5,10
31,9,1,5
31,9,2,20
31,9,3,100
31,9,4,0
31,9,5,10
31,10,1,5
31,10,2,20
31,10,3,100
31,10,4,0
31,10,5,10
31,11,1,5
31,11,2,20
31,11,3,100
31,11,4,0
31,11,5,10
31,12,1,4
31,12,2,20
31,12,3,100
31,12,4,0
31,12,5,10
31,13,1,4
31,13,2,20
31,13,3,100
31,13,4,0
31,13,5,10
31,14,1,4
31,14,2,20
31,14,3,100
31,14,4,0
31,14,5,10
31,15,1,3
31,15,2,20
31,15,3,100
31,15,4,0
31,15,5,10
31,16,1,3
31,16,2,20
31,16,3,100
31,16,4,0
31,16,5,10
31,17,1,3
31,17,2,20
31,17,3,100
31,17,4,0
31,17,5,10
31,18,1,2
31,18,2,20
31,18,3,100
31,18,4,0
31,18,5,10
31,19,1,2
31,19,2,20
31,19,3,100
31,19,4,0
31,19,5,10
31,20,1,2
31,20,2,20
31,20,3,100
31,20,4,0
31,20,5,10
31,21,1,1
31,21,2,20
31,21,3,100
31,21,4,0
31,21,5,10
31,22,1,1
31,22,2,20
31,22,3,100
31,22,4,0
31,22,5,10
31,23,1,1
31,23,2,20
31,23,3,100
31,23,4,0
31,23,5,10
31,24,1,0
31,24,2,20
31,24,3,100
31,24,4,0
31,24,5,10
31,25,1,0
31,25,2,20
31,25,3,100
31,25,4,0
31,25,5,10
31,26,1,0
31,26,2,20
31,26,3,100
31,26,4,0
31,26,5,10
32,0,1,8
32,0,2,20
32,0,3,100
32,0,4,0
32,0,5,-54
32,1,1,8
32,1,2,20
32,1,3,100
32,1,4,0
32,1,5,106
32,2,1,8
32,2,2,20
32,2,3,100
32,2,4,0
32,2,5,10
32,3,1,7
32,3,2,20
32,3,3,100
32,3,4,0
32,3,5,10
32,4,1,7
32,4,2,20
32,4,3,100
32,4,4,0
32,4,5,10
32,5,1,7
32,5,2,20
32,5,3,100
32,5,4,0
32,5,5,10
32,6,1,6
32,6,2,20
32,6,3,100
32,6,4,0
32,6,5,10
32,7,1,6
32,7,2,20
32,7,3,100
32,7,4,0
32,7,5,10
32,8,1,6
32,8,2,20
32,8,3,100
32,8,4,0
32,8,5,10
32,9,1,5
32,9,2,20
32,9,3,100
32,9,4,0
32,9,5,10
32,10,1,5
32,10,2,20
32,10,3,100
32,10,4,0
32,10,5,10
32,11,1,5
32,11,2,20
32,11,3,100
32,11,4,0
32,11,5,10
32,12,1,4
32,12,2,20
32,12,3,100
32,12,4,0
32,12,5,10
32,13,1,4
32,13,2,20
32,13,3,100
32,13,4,0
32,13,5,10
32,14,1,4
32,14,2,20
32,14,3,100
32,14,4,0
32,14,5,10
32,15,1,3
32,15,2,20
32,15,3,100
32,15,4,0
32,15,5,10
32,16,1,3
32,16,2,20
32,16,3,100
32,16,4,0
32,16,5,10
32,17,1,3
32,17,2,20
32,17,3,100
32,17,4,0
32,17,5,10
32,18,1,2
32,18,2,20
32,18,3,100
32,18,4,0
32,18,5,10
32,19,1,2
32,19,2,20
32,19,3,100
32,19,4,0
32,19,5,10
32,20,1,2
32,20,2,20
32,20,3,100
32,20,4,0
32,20,5,10
32,21,1,1
32,21,2,20
32,21,3,100
32,21,4,0
32,21,5,10
32,22,1,1
32,22,2,20
32,22,3,100
32,22,4,0
32,22,5,10
32,23,1,1
32,23,2,20
32,23,3,100
32,23,4,0
32,23,5,10
32,24,1,0
32,24,2,20
32,24,3,100
32,24,4,0
32,24,5,10
32,25,1,0
32,25,2,20
32,25,3,100
32,25,4,0
32,25,5,10
32,26,1,0
32,26,2,20
32,26,3,100
32,26,4,0
32,26,5,10
33,0,1,8
33,0,2,20
33,0,3,100
33,0,4,0
33,0,5,-56
33,1,1,8
33,1,2,20
33,1,3,100
33,1,4,0
33,1,5,109
33,2,1,8
33,2,2,20
33,2,3,100
33,2,4,0
33,2,5,10
33,3,1,7
33,3,2,20
33,3,3,100
33,3,4,0
33,3,5,10
33,4,1,7
33,4,2,20
33,4,3,100
33,4,4,0
33,4,5,10
33,5,1,7
33,5,2,20
33,5,3,100
33,5,4,0
33,5,5,10
33,6,1,6
33,6,2,20
33,6,3,100
33,6,4,0
33,6,5,10
33,7,1,6
33,7,2,20
33,7,3,100
33,7,4,0
33,7,5,10
33,8,1,6
33,8,2,20
33,8,3,100
33,8,4,0
33,8,5,10
33,9,1,5
33,9,2,20
33,9,3,100
33,9,4,0
33,9,5,10
33,10,1,5
33,10,2,20
33,10,3,100
33,10,4,0
33,10,5,10
33,11,1,5
33,11,2,20
33,11,3,100
33,11,4,0
33,11,5,10
33,12,1,4
33,12,2,20
33,12,3,100
33,12,4,0
33,12,5,10
33,13,1,4
33,13,2,20
33,13,3,100
33,13,4,0
33,13,5,10
33,14,1,4
33,14,2,20
33,14,3,100
33,14,4,0
33,14,5,10
33,15,1,3
33,15,2,20
33,15,3,100
33,15,4,0
33,15,5,10
33,16,1,3
33,16,2,20
33,16,3,100
33,16,4,0
33,16,5,10
33,17,1,3
33,17,2,20
33,17,3,100
33,17,4,0
33,17,5,10
33,18,1,2
33,18,2,20
33,18,3,100
33,18,4,0
33,18,5,10
33,19,1,2
33,19,2,20
33,19,3,100
33,19,4,0
33,19,5,10
33,20,1,2
33,20,2,20
33,20,3,100
33,20,4,0
33,20,5,10
33,21,1,1
33,21,2,20
33,21,3,100
33,21,4,0
33,21,5,10
33,22,1,1
33,22,2,20
33,22,3,100
33,22,4,0
33,22,5,10
33,23,1,1
33,23,2,20
33,23,3,100
33,23,4,0
33,23,5,10
33,24,1,0
33,24,2,20
33,24,3,100
33,24,4,0
33,24,5,10
33,25,1,0
33,25,2,20
33,25,3,100
33,25,4,0
33,25,5,10
33,26,1,0
33,26,2,20
33,26,3,100
33,26,4,0
33,26,5,10
34,0,1,8
34,0,2,20
34,0,3,100
34,0,4,0
34,0,5,-58
34,1,1,8
34,1,2,20
34,1,3,100
34,1,4,0
34,1,5,112
34,2,1,8
34,2,2,20
34,2,3,100
34,2,4,0
34,2,5,10
34,3,1,7
34,3,2,20
34,3,3,100
34,3,4,0
34,3,5,10
34,4,1,7
34,4,2,20
34,4,3,100
34,4,4,0
34,4,5,10
34,5,1,7
34,5,2,20
34,5,3,100
34,5,4,0
34,5,5,10
34,6,1,6
34,6,2,20
34,6,3,100
34,6,4,0
34,6,5,10
34,7,1,6
34,7,2,20
34,7,3,100
34,7,4,0
34,7,5,10
34,8,1,6
34,8,2,20
34,8,3,100
34,8,4,0
34,8,5,10
34,9,1,5
34,9,2,20
34,9,3,100
34,9,4,0
34,9,5,10
34,10,1,5
34,10,2,20
34,10,3,100
34,10,4,0
34,10,5,10
34,11,1,5
34,11,2,20
34,11,3,100
34,11,4,0
34,11,5,10
34,12,1,4
34,12,2,20
34,12,3,100
34,12,4,0
34,12,5,10
34,13,1,4
34,13,2,20
34,13,3,100
34,13,4,0
34,13,5,10
34,14,1,4
34,14,2,20
34,14,3,100
34,14,4,0
34,14,5,10
34,15,1,3
34,15,2,20
34,15,3,100
34,15,4,0
34,15,5,10
34,16,1,3
34,16,2,20
34,16,3,100
34,16,4,0
34,16,5,10
34,17,1,3
34,17,2,20
34,17,3,100
34,17,4,0
34,17,5,10
34,18,1,2
34,18,2,20
34,18,3,100
34,18,4,0
34,18,5,10
34,19,1,2
34,19,2,20
34,19,3,100
34,19,4,0
34,19,5,10
34,20,1,2
34,20,2,20
34,20,3,100
34,20,4,0
34,20,5,10
34,21,1,1
34,21,2,20
34,21,3,100
34,21,4,0
34,21,5,10
34,22,1,1
34,22,2,20
34,22,3,100
34,22,4,0
34,22,5,10
34,23,1,1
34,23,2,20
34,23,3,100
34,23,4,0
34,23,5,10
34,24,1,0
34,24,2,20
34,24,3,100
34,24,4,0
34,24,5,10
34,25,1,0
34,25,2,20
34,25,3,100
34,25,4,0
34,25,5,10
34,26,1,0
34,26,2,20
34,26,3,100
34,26,4,0
34,26,5,10
35,0,1,8
35,0,2,20
35,0,3,100
35,0,4,0
35,0,5,-60
35,1,1,8
35,1,2,20
35,1,3,100
35,1,4,0
35,1,5,115
35,2,1,8
35,2,2,20
35,2,3,100
35,2,4,0
35,2,5,10
35,3,1,7
35,3,2,20
35,3,3,100
35,3,4,0
35,3,5,10
35,4,1,7
35,4,2,20
35,4,3,100
35,4,4,0
35,4,5,10
35,5,1,7
35,5,2,20
35,5,3,100
35,5,4,0
35,5,5,10
35,6,1,6
35,6,2,20
35,6,3,100
35,6,4,0
35,6,5,10
35,7,1,6
35,7,2,20
35,7,3,100
35,7,4,0
35,7,5,10
35,8,1,6
35,8,2,20
35,8,3,100
35,8,4,0
35,8,5,10
35,9,1,5
35,9,2,20
35,9,3,100
35,9,4,0
35,9,5,10
35,10,1,5
35,10,2,20
35,10,3,100
35,10,4,0
35,10,5,10
35,11,1,5
35,11,2,20
35,11,3,100
35,11,4,0
35,11,5,10
35,12,1,4
35,12,2,20
35,12,3,100
35,12,4,0
35,12,5,10
35,13,1,4
35,13,2,20
35,13,3,100
35,13,4,0
35,13,5,10
35,14,1,4
35,14,2,20
35,14,3,100
35,14,4,0
35,14,5,10
35,15,1,3
35,15,2,20
35,15,3,100
35,15,4,0
35,15,5,10
35,16,1,3
35,16,2,20
35,16,3,100
35,16,4,0
35,16,5,10
35,17,1,3
35,17,2,20
35,17,3,100
35,17,4,0
35,17,5,10
35,18,1,2
35,18,2,20
35,18,3,100
35,18,4,0
35,18,5,10
35,19,1,2
35,19,2,20
35,19,3,100
35,19,4,0
35,19,5,10
35,20,1,2
35,20,2,20
35,20,3,100
35,20,4,0
35,20,5,10
35,21,1,1
35,21,2,20
35,21,3,100
35,21,4,0
35,21,5,10
35,22,1,1
35,22,2,20
35,22,3,100
35,22,4,0
35,22,5,10
35,23,1,1
35,23,2,20
35,23,3,100
35,23,4,0
35,23,5,10
35,24,1,0
35,24,2,20
35,24,3,100
35,24,4,0
35,24,5,10
35,25,1,0
35,25,2,20
35,25,3,100
35,25,4,0
35,25,5,10
35,26,1,0
35,26,2,20
35,26,3,100
35,26,4,0
35,26,5,10
36,0,1,8
36,0,2,20
36,0,3,100
36,0,4,0
36,0,5,-62
36,1,1,8
36,1,2,20
36,1,3,100
36,1,4,0
36,1,5,118
36,2,1,8
36,2,2,20
36,2,3,100
36,2,4,0
36,2,5,10
36,3,1,7
36,3,2,20
36,3,3,100
36,3,4,0
36,3,5,10
36,4,1,7
36,4,2,20
36,4,3,100
36,4,4,0
36,4,5,10
36,5,1,7
36,5,2,20
36,5,3,100
36,5,4,0
36,5,5,10
36,6,1,6
36,6,2,20
36,6,3,100
36,6,4,0
36,6,5,10
36,7,1,6
36,7,2,20
36,7,3,100
36,7,4,0
36,7,5,10
36,8,1,6
36,8,2,20
36,8,3,100
36,8,4,0
36,8,5,10
36,9,1,5
36,9,2,20
36,9,3,100
36,9,4,0
36,9,5,10
36,10,1,5
36,10,2,20
36,10,3,100
36,10,4,0
36,10,5,10
36,11,1,5
36,11,2,20
36,11,3,100
36,11,4,0
36,11,5,10
36,12,1,4
36,12,2,20
36,12,3,100
36,12,4,0
36,12,5,10
36,13,1,4
36,13,2,20
36,13,3,100
36,13,4,0
36,13,5,10
36,14,1,4
36,14,2,20
36,14,3,100
36,14,4,0
36,14,5,10
36,15,1,3
36,15,2,20
36,15,3,100
36,15,4,0
36,15,5,10
36,16,1,3
36,16,2,20
36,16,3,100
36,16,4,0
36,16,5,10
36,17,1,3
36,17,2,20
36,17,3,100
36,17,4,0
36,17,5,10
36,18,1,2
36,18,2,20
36,18,3,100
36,18,4,0
36,18,5,10
36,19,1,2
36,19,2,20
36,19,3,100
36,19,4,0
36,19,5,10
36,20,1,2
36,20,2,20
36,20,3,100
36,20,4,0
36,20,5,10
36,21,1,1
36,21,2,20
36,21,3,100
36,21,4,0
36,21,5,10
36,22,1,1
36,22,2,20
36,22,3,100
36,22,4,0
36,22,5,10
36,23,1,1
36,23,2,20
36,23,3,100
36,23,4,0
36,23,5,10
36,24,1,0
36,24,2,20
36,24,3,100
36,24,4,0
36,24,5,10
36,25,1,0
36,25,2,20
36,25,3,100
36,25,4,0
36,25,5,10
36,26,1,0
36,26,2,20
36,26,3,100
36,26,4,0
36,26,5,10
37,0,1,8
37,0,2,20
37,0,3,100
37,0,4,0
37,0,5,-64
37,1,1,8
37,1,2,20
37,1,3,100
37,1,4,0
37,1,5,121
37,2,1,8
37,2,2,20
37,2,3,100
37,2,4,0
37,2,5,10
37,3,1,7
37,3,2,20
37,3,3,100
37,3,4,0
37,3,5,10
37,4,1,7
37,4,2,20
37,4,3,100
37,4,4,0
37,4,5,10
37,5,1,7
37,5,2,20
37,5,3,100
37,5,4,0
37,5,5,10
37,6,1,6
37,6,2,20
37,6,3,100
37,6,4,0
37,6,5,10
37,7,1,6
37,7,2,20
37,7,3,100
37,7,4,0
37,7,5,10
37,8,1,6
37,8,2,20
37,8,3,100
37,8,4,0
37,8,5,10
37,9,1,5
37,9,2,20
37,9,3,100
37,9,4,0
37,9,5,10
37,10,1,5
37,10,2,20
37,10,3,100
37,10,4,0
37,10,5,10
37,11,1,5
37,11,2,20
37,11,3,100
37,11,4,0
37,11,5,10
37,12,1,4
37,12,2,20
37,12,3,100
37,12,4,0
37,12,5,10
37,13,1,4
37,13,2,20
37,13,3,100
37,13,4,0
37,13,5,10
37,14,1,4
37,14,2,20
37,14,3,100
37,14,4,0
37,14,5,10
37,15,1,3
37,15,2,20
37,15,3,100
37,15,4,0
37,15,5,10
37,16,1,3
37,16,2,20
37,16,3,100
37,16,4,0
37,16,5,10
37,17,1,3
37,17,2,20
37,17,3,100
37,17,4,0
37,17,5,10
37,18,1,2
37,18,2,20
37,18,3,100
37,18,4,0
37,18,5,10
37,19,1,2
37,19,2,20
37,19,3,100
37,19,4,0
37,19,5,10
37,20,1,2
37,20,2,20
37,20,3,100
37,20,4,0
37,20,5,10
37,21,1,1
37,21,2,20
37,21,3,100
37,21,4,0
37,21,5,10
37,22,1,1
37,22,2,20
37,22,3,100
37,22,4,0
37,22,5,10
37,23,1,1
37,23,2,20
37,23,3,100
37,23,4,0
37,23,5,10
37,24,1,0
37,24,2,20
37,24,3,100
37,24,4,0
37,24,5,10
37,25,1,0
37,25,2,20
37,25,3,100
37,25,4,0
37,25,5,10
37,26,1,0
37,26,2,20
37,26,3,100
37,26,4,0
37,26,5,10
38,0,1,8
38,0,2,20
38,0,3,100
38,0,4,0
38,0,5,-66
38,1,1,8
38,1,2,20
38,1,3,100
38,1,4,0
38,1,5,124
38,2,1,8
38,2,2,20
38,2,3,100
38,2,4,0
38,2,5,10
38,3,1,7
38,3,2,20
38,3,3,100
38,3,4,0
38,3,5,10
38,4,1,7
38,4,2,20
38,4,3,100
38,4,4,0
38,4,5,10
38,5,1,7
38,5,2,20
38,5,3,100
38,5,4,0
38,5,5,10
38,6,1,6
38,6,2,20
38,6,3,100
38,6,4,0
38,6,5,10
38,7,1,6
38,7,2,20
38,7,3,100
38,7,4,0
38,7,5,10
38,8,1,6
38,8,2,20
38,8,3,100
38,8,4,0
38,8,5,10
38,9,1,5
38,9,2,20
38,9,3,100
38,9,4,0
38,9,5,10
38,10,1,5
38,10,2,20
38,10,3,100
38,10,4,0
38,10,5,10
38,11,1,5
38,11,2,20
38,11,3,100
38,11,4,0
38,11,5,10
38,12,1,4
38,12,2,20
38,12,3,100
38,12,4,0
38,12,5,10
38,13,1,4
38,13,2,20
38,13,3,100
38,13,4,0
38,13,5,10
38,14,1,4
38,14,2,20
38,14,3,100
38,14,4,0
38,14,5,10
38,15,1,3
38,15,2,20
38,15,3,100
38,15,4,0
38,15,5,10
38,16,1,3
38,16,2,20
38,16,3,100
38,16,4,0
38,16,5,10
38,17,1,3
38,17,2,20
38,17,3,100
38,17,4,0
38,17,5,10
38,18,1,2
38,18,2,20
38,18,3,100
38,18,4,0
38,18,5,10
38,19,1,2
38,19,2,20
38,19,3,100
38,19,4,0
38,19,5,10
38,20,1,2
38,20,2,20
38,20,3,100
38,20,4,0
38,20,5,10
38,21,1,1
38,21,2,20
38,21,3,100
38,21,4,0
38,21,5,10
38,22,1,1
38,22,2,20
38,22,3,100
38,22,4,0
38,22,5,10
38,23,1,1
38,23,2,20
38,23,3,100
38,23,4,0
38,23,5,10
38,24,1,0
38,24,2,20
38,24,3,100
38,24,4,0
38,24,5,10
38,25,1,0
38,25,2,20
38,25,3,100
38,25,4,0
38,25,5,10
38,26,1,0
38,26,2,20
38,26,3,100
38,26,4,0
38,26,5,10
39,0,1,8
39,0,2,20
39,0,3,100
39,0,4,0
39,0,5,-68
39,1,1,8
39,1,2,20
39,1,3,100
39,1,4,0
39,1,5,127
39,2,1,8
39,2,2,20
39,2,3,100
39,2,4,0
39,2,5,10
39,3,1,7
39,3,2,20
39,3,3,100
39,3,4,0
39,3,5,10
39,4,1,7
39,4,2,20
39,4,3,100
39,4,4,0
39,4,5,10
39,5,1,7
39,5,2,20
39,5,3,100
39,5,4,0
39,5,5,10
39,6,1,6
39,6,2,20
39,6,3,100
39,6,4,0
39,6,5,10
39,7,1,6
39,7,2,20
39,7,3,100
39,7,4,0
39,7,5,10
39,8,1,6
39,8,2,20
39,8,3,100
39,8,4,0
39,8,5,10
39,9,1,5
39,9,2,20
39,9,3,100
39,9,4,0
39,9,5,10
39,10,1,5
39,10,2,20
39,10,3,100
39,10,4,0
39,10,5,10
39,11,1,5
39,11,2,20
39,11,3,100
39,11,4,0
39,11,5,10
39,12,1,4
39,12,2,20
39,12,3,100
39,12,4,0
39,12,5,10
39,13,1,4
39,13,2,20
39,13,3,100
39,13,4,0
39,13,5,10
39,14,1,4
39,14,2,20
39,14,3,100
39,14,4,0
39,14,5,10
39,15,1,3
39,15,2,20
39,15,3,100
39,15,4,0
39,15,5,10
39,16,1,3
39,16,2,20
39,16,3,100
39,16,4,0
39,16,5,10
39,17,1,3
39,17,2,20
39,17,3,100
39,17,4,0
39,17,5,10
39,18,1,2
39,18,2,20
39,18,3,100
39,18,4,0
39,18,5,10
39,19,1,2
39,19,2,20
39,19,3,100
39,19,4,0
39,19,5,10
39,20,1,2
39,20,2,20
39,20,3,100
39,20,4,0
39,20,5,10
39,21,1,1
39,21,2,20
39,21,3,100
39,21,4,0
39,21,5,10
39,22,1,1
39,22,2,20
39,22,3,100
39,22,4,0
39,22,5,10
39,23,1,1
39,23,2,20
39,23,3,100
39,23,4,0
39,23,5,10
39,24,1,0
39,24,2,20
39,24,3,100
39,24,4,0
39,24,5,10
39,25,1,0
39,25,2,20
39,25,3,100
39,25,4,0
39,25,5,10
39,26,1,0
39,26,2,20
39,26,3,100
39,26,4,0
39,26,5,10
40,0,1,8
40,0,2,20
40,0,3,100
40,0,4,0
40,0,5,-70
40,1,1,8
40,1,2,20
40,1,3,100
40,1,4,0
40,1,5,130
40,2,1,8
40,2,2,20
40,2,3,100
40,2,4,0
40,2,5,10
40,3,1,7
40,3,2,20
40,3,3,100
40,3,4,0
40,3,5,10
40,4,1,7
40,4,2,20
40,4,3,100
40,4,4,0
40,4,5,10
40,5,1,7
40,5,2,20
40,5,3,100
40,5,4,0
40,5,5,10
40,6,1,6
40,6,2,20
40,6,3,100
40,6,4,0
40,6,5,10
40,7,1,6
40,7,2,20
40,7,3,100
40,7,4,0
40,7,5,10
40,8,1,6
40,8,2,20
40,8,3,100
40,8,4,0
40,8,5,10
40,9,1,5
40,9,2,20
40,9,3,100
40,9,4,0
40,9,5,10
40,10,1,5
40,10,2,20
40,10,3,100
40,10,4,0
40,10,5,10
40,11,1,5
40,11,2,20
40,11,3,100
40,11,4,0
40,11,5,10
40,12,1,4
40,12,2,20
40,12,3,100
40,12,4,0
40,12,5,10
40,13,1,4
40,13,2,20
40,13,3,100
40,13,4,0
40,13,5,10
40,14,1,4
40,14,2,20
40,14,3,100
40,14,4,0
40,14,5,10
40,15,1,3
40,15,2,20
40,15,3,100
40,15,4,0
40,15,5,10
40,16,1,3
40,16,2,20
40,16,3,100
40,16,4,0
40,16,5,10
40,17,1,3
40,17,2,20
40,17,3,100
40,17,4,0
40,17,5,10
40,18,1,2
40,18,2,20
40,18,3,100
40,18,4,0
40,18,5,10
40,19,1,2
40,19,2,20
40,19,3,100
40,19,4,0
40,19,5,10
40,20,1,2
40,20,2,20
40,20,3,100
40,20,4,0
40,20,5,10
40,21,1,1
40,21,2,20
40,21,3,100
40,21,4,0
40,21,5,10
40,22,1,1
40,22,2,20
40,22,3,100
40,22,4,0
40,22,5,10
40,23,1,1
40,23,2,20
40,23,3,100
40,23,4,0
40,23,5,10
40,24,1,0
40,24,2,20
40,24,3,100
40,24,4,0
40,24,5,10
40,25,1,0
40,25,2,20
40,25,3,100
40,25,4,0
40,25,5,10
40,26,1,0
40,26,2,20
40,26,3,100
40,26,4,0
40,26,5,10
41,0,1,8
41,0,2,20
41,0,3,100
41,0,4,0
41,0,5,-72
41,1,1,8
41,1,2,20
41,1,3,100
41,1,4,0
41,1,5,133
41,2,1,8
41,2,2,20
41,2,3,100
41,2,4,0
41,2,5,10
41,3,1,7
41,3,2,20
41,3,3,100
41,3,4,0
41,3,5,10
41,4,1,7
41,4,2,20
41,4,3,100
41,4,4,0
41,4,5,10
41,5,1,7
41,5,2,20
41,5,3,100
41,5,4,0
41,5,5,10
41,6,1,6
41,6,2,20
41,6,3,100
41,6,4,0
41,6,5,10
41,7,1,6
41,7,2,20
41,7,3,100
41,7,4,0
41,7,5,10
41,8,1,6
41,8,2,20
41,8,3,100
41,8,4,0
41,8,5,10
41,9,1,5
41,9,2,20
41,9,3,100
41,9,4,0
41,9,5,10
41,10,1,5
41,10,2,20
41,10,3,100
41,10,4,0
41,10,5,10
41,11,1,5
41,11,2,20
41,11,3,100
41,11,4,0
41,11,5,10
41,12,1,4
41,12,2,20
41,12,3,100
41,12,4,0
41,12,5,10
41,13,1,4
41,13,2,20
41,13,3,100
41,13,4,0
41,13,5,10
41,14,1,4
41,14,2,20
41,14,3,100
41,14,4,0
41,14,5,10
41,15,1,3
41,15,2,20
41,15,3,100
41,15,4,0
41,15,5,10
41,16,1,3
41,16,2,20
41,16,3,100
41,16,4,0
41,16,5,10
41,17,1,3
41,17,2,20
41,17,3,100
41,17,4,0
41,17,5,10
41,18,1,2
41,18,2,20
41,18,3,100
41,18,4,0
41,18,5,10
41,19,1,2
41,19,2,20
41,19,3,100
41,19,4,0
41,19,5,10
41,20,1,2
41,20,2,20
41,20,3,100
41,20,4,0
41,20,5,10
41,21,1,1
41,21,2,20
41,21,3,100
41,21,4,0
41,21,5,10
41,22,1,1
41,22,2,20
41,22,3,100
41,22,4,0
41,22,5,10
41,23,1,1
41,23,2,20
41,23,3,100
41,23,4,0
41,23,5,10
41,24,1,0
41,24,2,20
41,24,3,100
41,24,4,0
41,24,5,10
41,25,1,0
41,25,2,20
41,25,3,100
41,25,4,0
41,25,5,10
41,26,1,0
41,26,2,20
41,26,3,100
41,26,4,0
41,26,5,10
42,0,1,8
42,0,2,20
42,0,3,100
42,0,4,0
42,0,5,-74
42,1,1,8
42,1,2,20
42,1,3,100
42,1,4,0
42,1,5,136
42,2,1,8
42,2,2,20
42,2,3,100
42,2,4,0
42,2,5,10
42,3,1,7
42,3,2,20
42,3,3,100
42,3,4,0
42,3,5,10
42,4,1,7
42,4,2,20
42,4,3,100
42,4,4,0
42,4,5,10
42,5,1,7
42,5,2,20
42,5,3,100
42,5,4,0
42,5,5,10
42,6,1,6
42,6,2,20
42,6,3,100
42,6,4,0
42,6,5,10
42,7,1,6
42,7,2,20
42,7,3,100
42,7,4,0
42,7,5,10
42,8,1,6
42,8,2,20
42,8,3,100
42,8,4,0
42,8,5,10
42,9,1,5
42,9,2,20
42,9,3,100
42,9,4,0
42,9,5,10
42,10,1,5
42,10,2,20
42,10,3,100
42,10,4,0
42,10,5,10
42,11,1,5
42,11,2,20
42,11,3,100
42,11,4,0
42,11,5,10
42,12,1,4
42,12,2,20
42,12,3,100
42,12,4,0
42,12,5,10
42,13,1,4
42,13,2,20
42,13,3,100
42,13,4,0
42,13,5,10
42,14,1,4
42,14,2,20
42,14,3,100
42,14,4,0
42,14,5,10
42,15,1,3
42,15,2,20
42,15,3,100
42,15,4,0
42,15,5,10
42,16,1,3
42,16,2,20
42,16,3,100
42,16,4,0
42,16,5,10
42,17,1,3
42,17,2,20
42,17,3,100
42,17,4,0
42,17,5,10
42,18,1,2
42,18,2,20
42,18,3,100
42,18,4,0
42,18,5,10
42,19,1,2
42,19,2,20
42,19,3,100
42,19,4,0
42,19,5,10
42,20,1,2
42,20,2,20
42,20,3,100
42,20,4,0
42,20,5,10
42,21,1,1
42,21,2,20
42,21,3,100
42,21,4,0
42,21,5,10
42,22,1,1
42,22,2,20
42,22,3,100
42,22,4,0
42,22,5,10
42,23,1,1
42,23,2,20
42,23,3,100
42,23,4,0
42,23,5,10
42,24,1,0
42,24,2,20
42,24,3,100
42,24,4,0
42,24,5,10
42,25,1,0
42,25,2,20
42,25,3,100
42,25,4,0
42,25,5,10
42,26,1,0
42,26,2,20
42,26,3,100
42,26,4,0
42,26,5,10
43,0,1,8
43,0,2,20
43,0,3,100
43,0,4,0
43,0,5,-76
43,1,1,8
43,1,2,20
43,1,3,100
43,1,4,0
43,1,5,139
43,2,1,8
43,2,2,20
43,2,3,100
43,2,4,0
43,2,5,10
43,3,1,7
43,3,2,20
43,3,3,100
43,3,4,0
43,3,5,10
43,4,1,7
43,4,2,20
43,4,3,100
43,4,4,0
43,4,5,10
43,5,1,7
43,5,2,20
43,5,3,100
43,5,4,0
43,5,5,10
43,6,1,6
43,6,2,20
43,6,3,100
43,6,4,0
43,6,5,10
43,7,1,6
43,7,2,20
43,7,3,100
43,7,4,0
43,7,5,10
43,8,1,6
43,8,2,20
43,8,3,100
43,8,4,0
43,8,5,10
43,9,1,5
43,9,2,20
43,9,3,100
43,9,4,0
43,9,5,10
43,10,1,5
43,10,2,20
43,10,3,100
43,10,4,0
43,10,5,10
43,11,1,5
43,11,2,20
43,11,3,100
43,11,4,0
43,11,5,10
43,12,1,4
43,12,2,20
43,12,3,100
43,12,4,0
43,12,5,10
43,13,1,4
43,13,2,20
43,13,3,100
43,13,4,0
43,13,5,10
43,14,1,4
43,14,2,20
43,14,3,100
43,14,4,0
43,14,5,10
43,15,1,3
43,15,2,20
43,15,3,100
43,15,4,0
43,15,5,10
43,16,1,3
43,16,2,20
43,16,3,100
43,16,4,0
43,16,5,10
43,17,1,3
43,17,2,20
43,17,3,100
43,17,4,0
43,17,5,10
43,18,1,2
43,18,2,20
43,18,3,100
43,18,4,0
43,18,5,10
43,19,1,2
43,19,2,20
43,19,3,100
43,19,4,0
43,19,5,10
43,20,1,2
43,20,2,20
43,20,3,100
43,20,4,0
43,20,5,10
43,21,1,1
43,21,2,20
43,21,3,100
43,21,4,0
43,21,5,10
43,22,1,1
43,22,2,20
43,22,3,100
43,22,4,0
43,22,5,10
43,23,1,1
43,23,2,20
43,23,3,100
43,23,4,0
43,23,5,10
43,24,1,0
43,24,2,20
43,24,3,100
43,24,4,0
43,24,5,10
43,25,1,0
43,25,2,20
43,25,3,100
43,25,4,0
43,25,5,10
43,26,1,0
43,26,2,20
43,26,3,100
43,26,4,0
43,26,5,10
44,0,1,8
44,0,2,20
44,0,3,100
44,0,4,0
44,0,5,-78
44,1,1,8
44,1,2,20
44,1,3,100
44,1,4,0
44,1,5,142
44,2,1,8
44,2,2,20
44,2,3,100
44,2,4,0
44,2,5,10
44,3,1,7
44,3,2,20
44,3,3,100
44,3,4,0
44,3,5,10
44,4,1,7
44,4,2,20
44,4,3,100
44,4,4,0
44,4,5,10
44,5,1,7
44,5,2,20
44,5,3,100
44,5,4,0
44,5,5,10
44,6,1,6
44,6,2,20
44,6,3,100
44,6,4,0
44,6,5,10
44,7,1,6
44,7,2,20
44,7,3,100
44,7,4,0
44,7,5,10
44,8,1,6
44,8,2,20
44,8,3,100
44,8,4,0
44,8,5,10
44,9,1,5
44,9,2,20
44,9,3,100
44,9,4,0
44,9,5,10
44,10,1,5
44,10,2,20
44,10,3,100
44,10,4,0
44,10,5,10
44,11,1,5
44,11,2,20
44,11,3,100
44,11,4,0
44,11,5,10
44,12,1,4
44,12,2,20
44,12,3,100
44,12,4,0
44,12,5,10
44,13,1,4
44,13,2,20
44,13,3,100
44,13,4,0
44,13,5,10
44,14,1,4
44,14,2,20
44,14,3,100
44,14,4,0
44,14,5,10
44,15,1,3
44,15,2,20
44,15,3,100
44,15,4,0
44,15,5,10
44,16,1,3
44,16,2,20
44,16,3,100
44,16,4,0
44,16,5,10
44,17,1,3
44,17,2,20
44,17,3,100
44,17,4,0
44,17,5,10
44,18,1,2
44,18,2,20
44,18,3,100
44,18,4,0
44,18,5,10
44,19,1,2
44,19,2,20
44,19,3,100
44,19,4,0
44,19,5,10
44,20,1,2
44,20,2,20
44,20,3,100
44,20,4,0
44,20,5,10
44,21,1,1
44,21,2,20
44,21,3,100
44,21,4,0
44,21,5,10
44,22,1,1
44,22,2,20
44,22,3,100
44,22,4,0
44,22,5,10
44,23,1,1
44,23,2,20
44,23,3,100
44,23,4,0
44,23,5,10
44,24,1,0
44,24,2,20
44,24,3,100
44,24,4,0
44,24,5,10
44,25,1,0
44,25,2,20
44,25,3,100
44,25,4,0
44,25,5,10
44,26,1,0
44,26,2,20
44,26,3,100
44,26,4,0
44,26,5,10
45,0,1,8
45,0,2,20
45,0,3,100
45,0,4,0
45,0,5,-80
45,1,1,8
45,1,2,20
45,1,3,100
45,1,4,0
45,1,5,145
45,2,1,8
45,2,2,20
45,2,3,100
45,2,4,0
45,2,5,10
45,3,1,7
45,3,2,20
45,3,3,100
45,3,4,0
45,3,5,10
45,4,1,7
45,4,2,20
45,4,3,100
45,4,4,0
45,4,5,10
45,5,1,7
45,5,2,20
45,5,3,100
45,5,4,0
45,5,5,10
45,6,1,6
45,6,2,20
45,6,3,100
45,6,4,0
45,6,5,10
45,7,1,6
45,7,2,20
45,7,3,100
45,7,4,0
45,7,5,10
45,8,1,6
45,8,2,20
45,8,3,100
45,8,4,0
45,8,5,10
45,9,1,5
45,9,2,20
45,9,3,100
45,9,4,0
45,9,5,10
45,10,1,5
45,10,2,20
45,10,3,100
45,10,4,0
45,10,5,10
45,11,1,5
45,11,2,20
45,11,3,100
45,11,4,0
45,11,5,10
45,12,1,4
45,12,2,20
45,12,3,100
45,12,4,0
45,12,5,10
45,13,1,4
45,13,2,20
45,13,3,100
45,13,4,0
45,13,5,10
45,14,1,4
45,14,2,20
45,14,3,100
45,14,4,0
45,14,5,10
45,15,1,3
45,15,2,20
45,15,3,100
45,15,4,0
45,15,5,10
45,16,1,3
45,16,2,20
45,16,3,100
45,16,4,0
45,16,5,10
45,17,1,3
45,17,2,20
45,17,3,100
45,17,4,0
45,17,5,10
45,18,1,2
45,18,2,20
45,18,3,100
45,18,4,0
45,18,5,10
45,19,1,2
45,19,2,20
45,19,3,100
45,19,4,0
45,19,5,10
45,20,1,2
45,20,2,20
45,20,3,100
45,20,4,0
45,20,5,10
45,21,1,1
45,21,2,20
45,21,3,100
45,21,4,0
45,21,5,10
45,22,1,1
45,22,2,20
45,22,3,100
45,22,4,0
45,22,5,10
45,23,1,1
45,23,2,20
45,23,3,100
45,23,4,0
45,23,5,10
45,24,1,0
45,24,2,20
45,24,3,100
45,24,4,0
45,24,5,10
45,25,1,0
45,25,2,20
45,25,3,100
45,25,4,0
45,25,5,10
45,26,1,0
45,26,2,20
45,26,3,100
45,26,4,0
45,26,5,10
46,0,1,8
46,0,2,20
46,0,3,100
46,0,4,0
46,0,5,-82
46,1,1,8
46,1,2,20
46,1,3,100
46,1,4,0
46,1,5,148
46,2,1,8
46,2,2,20
46,2,3,100
46,2,4,0
46,2,5,10
46,3,1,7
46,3,2,20
46,3,3,100
46,3,4,0
46,3,5,10
46,4,1,7
46,4,2,20
46,4,3,100
46,4,4,0
46,4,5,10
46,5,1,7
46,5,2,20
46,5,3,100
46,5,4,0
46,5,5,10
46,6,1,6
46,6,2,20
46,6,3,100
46,6,4,0
46,6,5,10
46,7,1,6
46,7,2,20
46,7,3,100
46,7,4,0
46,7,5,10
46,8,1,6
46,8,2,20
46,8,3,100
46,8,4,0
46,8,5,10
46,9,1,5
46,9,2,20
46,9,3,100
46,9,4,0
46,9,5,10
46,10,1,5
46,10,2,20
46,10,3,100
46,10,4,0
46,10,5,10
46,11,1,5
46,11,2,20
46,11,3,100
46,11,4,0
46,11,5,10
46,12,1,4
46,12,2,20
46,12,3,100
46,12,4,0
46,12,5,10
46,13,1,4
46,13,2,20
46,13,3,100
46,13,4,0
46,13,5,10
46,14,1,4
46,14,2,20
46,14,3,100
46,14,4,0
46,14,5,10
46,15,1,3
46,15,2,20
46,15,3,100
46,15,4,0
46,15,5,10
46,16,1,3
46,16,2,20
46,16,3,100
46,16,4,0
46,16,5,10
46,17,1,3
46,17,2,20
46,17,3,100
46,17,4,0
46,17,5,10
46,18,1,2
46,18,2,20
46,18,3,100
46,18,4,0
46,18,5,10
46,19,1,2
46,19,2,20
46,19,3,100
46,19,4,0
46,19,5,10
46,20,1,2
46,20,2,20
46,20,3,100
46,20,4,0
46,20,5,10
46,21,1,1
46,21,2,20
46,21,3,100
46,21,4,0
46,21,5,10
46,22,1,1
46,22,2,20
46,22,3,100
46,22,4,0
46,22,5,10
46,23,1,1
46,23,2,20
46,23,3,100
46,23,4,0
46,23,5,10
46,24,1,0
46,24,2,20
46,24,3,100
46,24,4,0
46,24,5,10
46,25,1,0
46,25,2,20
46,25,3,100
46,25,4,0
46,25,5,10
46,26,1,0
46,26,2,20
46,26,3,100
46,26,4,0
46,26,5,10
47,0,1,8
47,0,2,20
47,0,3,100
47,0,4,0
47,0,5,-84
47,1,1,8
47,1,2,20
47,1,3,100
47,1,4,0
47,1,5,151
47,2,1,8
47,2,2,20
47,2,3,100
47,2,4,0
47,2,5,10
47,3,1,7
47,3,2,20
47,3,3,100
47,3,4,0
47,3,5,10
47,4,1,7
47,4,2,20
47,4,3,100
47,4,4,0
47,4,5,10
47,5,1,7
47,5,2,20
47,5,3,100
47,5,4,0
47,5,5,10
47,6,1,6
47,6,2,20
47,6,3,100
47,6,4,0
47,6,5,10
47,7,1,6
47,7,2,20
47,7,3,100
47,7,4,0
47,7,5,10
47,8,1,6
47,8,2,20
47,8,3,100
47,8,4,0
47,8,5,10
47,9,1,5
47,9,2,20
47,9,3,100
47,9,4,0
47,9,5,10
47,10,1,5
47,10,2,20
47,10,3,100
47,10,4,0
47,10,5,10
47,11,1,5
47,11,2,20
47,11,3,100
47,11,4,0
47,11,5,10
47,12,1,4
47,12,2,20
47,12,3,100
47,12,4,0
47,12,5,10
47,13,1,4
47,13,2,20
47,13,3,100
47,13,4,0
47,13,5,10
47,14,1,4
47,14,2,20
47,14,3,100
47,14,4,0
47,14,5,10
47,15,1,3
47,15,2,20
47,15,3,100
47,15,4,0
47,15,5,10
47,16,1,3
47,16,2,20
47,16,3,100
47,16,4,0
47,16,5,10
47,17,1,3
47,17,2,20
47,17,3,100
47,17,4,0
47,17,5,10
47,18,1,2
47,18,2,20
47,18,3,100
47,18,4,0
47,18,5,10
47,19,1,2
47,19,2,20
47,19,3,100
47,19,4,0
47,19,5,10
47,20,1,2
47,20,2,20
47,20,3,100
47,20,4,0
47,20,5,10
47,21,1,1
47,21,2,20
47,21,3,100
47,21,4,0
47,21,5,10
47,22,1,1
47,22,2,20
47,22,3,100
47,22,4,0
47,22,5,10
47,23,1,1
47,23,2,20
47,23,3,100
47,23,4,0
47,23,5,10
47,24,1,0
47,24,2,20
47,24,3,100
47,24,4,0
47,24,5,10
47,25,1,0
47,25,2,20
47,25,3,100
47,25,4,0
47,25,5,10
47,26,1,0
47,26,2,20
47,26,3,100
47,26,4,0
47,26,5,10
48,0,1,8
48,0,2,20
48,0,3,100
48,0,4,0
48,0,5,-86
48,1,1,8
48,1,2,20
48,1,3,100
48,1,4,0
48,1,5,154
48,2,1,8
48,2,2,20
48,2,3,100
48,2,4,0
48,2,5,10
48,3,1,7
48,3,2,20
48,3,3,100
48,3,4,0
48,3,5,10
48,4,1,7
48,4,2,20
48,4,3,100
48,4,4,0
48,4,5,10
48,5,1,7
48,5,2,20
48,5,3,100
48,5,4,0
48,5,5,10
48,6,1,6
48,6,2,20
48,6,3,100
48,6,4,0
48,6,5,10
48,7,1,6
48,7,2,20
48,7,3,100
48,7,4,0
48,7,5,10
48,8,1,6
48,8,2,20
48,8,3,100
48,8,4,0
48,8,5,10
48,9,1,5
48,9,2,20
48,9,3,100
48,9,4,0
48,9,5,10
48,10,1,5
48,10,2,20
48,10,3,100
48,10,4,0
48,10,5,10
48,11,1,5
48,11,2,20
48,11,3,100
48,11,4,0
48,11,5,10
48,12,1,4
48,12,2,20
48,12,3,100
48,12,4,0
48,12,5,10
48,13,1,4
48,13,2,20
48,13,3,100
48,13,4,0
48,13,5,10
48,14,1,4
48,14,2,20
48,14,3,100
48,14,4,0
48,14,5,10
48,15,1,3
48,15,2,20
48,15,3,100
48,15,4,0
48,15,5,10
48,16,1,3
48,16,2,20
48,16,3,100
48,16,4,0
48,16,5,10
48,17,1,3
48,17,2,20
48,17,3,100
48,17,4,0
48,17,5,10
48,18,1,2
48,18,2,20
48,18,3,100
48,18,4,0
48,18,5,10
48,19,1,2
48,19,2,20
48,19,3,100
48,19,4,0
48,19,5,10
48,20,1,2
48,20,2,20
48,20,3,100
48,20,4,0
48,20,5,10
48,21,1,1
48,21,2,20
48,21,3,100
48,21,4,0
48,21,5,10
48,22,1,1
48,22,2,20
48,22,3,100
48,22,4,0
48,22,5,10
48,23,1,1
48,23,2,20
48,23,3,100
48,23,4,0
48,23,5,10
48,24,1,0
48,24,2,20
48,24,3,100
48,24,4,0
48,24,5,10
48,25,1,0
48,25,2,20
48,25,3,100
48,25,4,0
48,25,5,10
48,26,1,0
48,26,2,20
48,26,3,100
48,26,4,0
48,26,5,10
49,0,1,8
49,0,2,20
49,0,3,100
49,0,4,0
49,0,5,-88
49,1,1,8
49,1,2,20
49,1,3,100
49,1,4,0
49,1,5,157
49,2,1,8
49,2,2,20
49,2,3,100
49,2,4,0
49,2,5,10
49,3,1,7
49,3,2,20
49,3,3,100
49,3,4,0
49,3,5,10
49,4,1,7
49,4,2,20
49,4,3,100
49,4,4,0
49,4,5,10
49,5,1,7
49,5,2,20
49,5,3,100
49,5,4,0
49,5,5,10
49,6,1,6
49,6,2,20
49,6,3,100
49,6,4,0
49,6,5,10
49,7,1,6
49,7,2,20
49,7,3,100
49,7,4,0
49,7,5,10
49,8,1,6
49,8,2,20
49,8,3,100
49,8,4,0
49,8,5,10
49,9,1,5
49,9,2,20
49,9,3,100
49,9,4,0
49,9,5,10
49,10,1,5
49,10,2,20
49,10,3,100
49,10,4,0
49,10,5,10
49,11,1,5
49,11,2,20
49,11,3,100
49,11,4,0
49,11,5,10
49,12,1,4
49,12,2,20
49,12,3,100
49,12,4,0
49,12,5,10
49,13,1,4
49,13,2,20
49,13,3,100
49,13,4,0
49,13,5,10
49,14,1,4
49,14,2,20
49,14,3,100
49,14,4,0
49,14,5,10
49,15,1,3
49,15,2,20
49,15,3,100
49,15,4,0
49,15,5,10
49,16,1,3
49,16,2,20
49,16,3,100
49,16,4,0
49,16,5,10
49,17,1,3
49,17,2,20
49,17,3,100
49,17,4,0
49,17,5,10
49,18,1,2
49,18,2,20
49,18,3,100
49,18,4,0
49,18,5,10
49,19,1,2
49,19,2,20
49,19,3,100
49,19,4,0
49,19,5,10
49,20,1,2
49,20,2,20
49,20,3,100
49,20,4,0
49,20,5,10
49,21,1,1
49,21,2,20
49,21,3,100
49,21,4,0
49,21,5,10
49,22,1,1
49,22,2,20
49,22,3,100
49,22,4,0
49,22,5,10
49,23,1,1
49,23,2,20
49,23,3,100
49,23,4,0
49,23,5,10
49,24,1,0
49,24,2,20
49,24,3,100
49,24,4,0
49,24,5,10
49,25,1,0
49,25,2,20
49,25,3,100
49,25,4,0
49,25,5,10
49,26,1,0
49,26,2,20
49,26,3,100
49,26,4,0
49,26,5,10
50,0,1,8
50,0,2,20
50,0,3,100
50,0,4,0
50,0,5,-90
50,1,1,8
50,1,2,20
50,1,3,100
50,1,4,0
50,1,5,160
50,2,1,8
50,2,2,20
50,2,3,100
50,2,4,0
50,2,5,10
50,3,1,7
50,3,2,20
50,3,3,100
50,3,4,0
50,3,5,10
50,4,1,7
50,4,2,20
50,4,3,100
50,4,4,0
50,4,5,10
50,5,1,7
50,5,2,20
50,5,3,100
50,5,4,0
50,5,5,10
50,6,1,6
50,6,2,20
50,6,3,100
50,6,4,0
50,6,5,10
50,7,1,6
50,7,2,20
50,7,3,100
50,7,4,0
50,7,5,10
50,8,1,6
50,8,2,20
50,8,3,100
50,8,4,0
50,8,5,10
50,9,1,5
50,9,2,20
50,9,3,100
50,9,4,0
50,9,5,10
50,10,1,5
50,10,2,20
50,10,3,100
50,10,4,0
50,10,5,10
50,11,1,5
50,11,2,20
50,11,3,100
50,11,4,0
50,11,5,10
50,12,1,4
50,12,2,20
50,12,3,100
50,12,4,0
50,12,5,10
50,13,1,4
50,13,2,20
50,13,3,100
50,13,4,0
50,13,5,10
50,14,1,4
50,14,2,20
50,14,3,100
50,14,4,0
50,14,5,10
50,15,1,3
50,15,2,20
50,15,3,100
50,15,4,0
50,15,5,10
50,16,1,3
50,16,2,20
50,16,3,100
50,16,4,0
50,16,5,10
50,17,1,3
50,17,2,20
50,17,3,100
50,17,4,0
50,17,5,10
50,18,1,2
50,18,2,20
50,18,3,100
50,18,4,0
50,18,5,10
50,19,1,2
50,19,2,20
50,19,3,100
50,19,4,0
50,19,5,10
50,20,1,2
50,20,2,20
50,20,3,100
50,20,4,0
50,20,5,10
50,21,1,1
50,21,2,20
50,21,3,100
50,21,4,0
50,21,5,10
50,22,1,1
50,22,2,20
50,22,3,100
50,22,4,0
50,22,5,10
50,23,1,1
50,23,2,20
50,23,3,100
50,23,4,0
50,23,5,10
50,24,1,0
50,24,2,20
50,24,3,100
50,24,4,0
50,24,5,10
50,25,1,0
50,25,2,20
50,25,3,100
50,25,4,0
50,25,5,10
50,26,1,0
50,26,2,20
50,26,3,100
50,26,4,0
50,26,5,10
51,0,1,8
51,0,2,20
51,0,3,100
51,0,4,0
51,0,5,-92
51,1,1,8
51,1,2,20
51,1,3,100
51,1,4,0
51,1,5,163
51,2,1,8
51,2,2,20
51,2,3,100
51,2,4,0
51,2,5,10
51,3,1,7
51,3,2,20
51,3,3,100
51,3,4,0
51,3,5,10
51,4,1,7
51,4,2,20
51,4,3,100
51,4,4,0
51,4,5,10
51,5,1,7
51,5,2,20
51,5,3,100
51,5,4,0
51,5,5,10
51,6,1,6
51,6,2,20
51,6,3,100
51,6,4,0
51,6,5,10
51,7,1,6
51,7,2,20
51,7,3,100
51,7,4,0
51,7,5,10
51,8,1,6
51,8,2,20
51,8,3,100
51,8,4,0
51,8,5,10
51,9,1,5
51,9,2,20
51,9,3,100
51,9,4,0
51,9,5,10
51,10,1,5
51,10,2,20
51,10,3,100
51,10,4,0
51,10,5,10
51,11,1,5
51,11,2,20
51,11,3,100
51,11,4,0
51,11,5,10
51,12,1,4
51,12,2,20
51,12,3,100
51,12,4,0
51,12,5,10
51,13,1,4
51,13,2,20
51,13,3,100
51,13,4,0
51,13,5,10
51,14,1,4
51,14,2,20
51,14,3,100
51,14,4,0
51,14,5,10
51,15,1,3
51,15,2,20
51,15,3,100
51,15,4,0
51,15,5,10
51,16,1,3
51,16,2,20
51,16,3,100
51,16,4,0
51,16,5,10
51,17,1,3
51,17,2,20
51,17,3,100
51,17,4,0
51,17,5,10
51,18,1,2
51,18,2,20
51,18,3,100
51,18,4,0
51,18,5,10
51,19,1,2
51,19,2,20
51,19,3,100
51,19,4,0
51,19,5,10
51,20,1,2
51,20,2,20
51,20,3,100
51,20,4,0
51,20,5,10
51,21,1,1
51,21,2,20
51,21,3,100
51,21,4,0
51,21,5,10
51,22,1,1
51,22,2,20
51,22,3,100
51,22,4,0
51,22,5,10
51,23,1,1
51,23,2,20
51,23,3,100
51,23,4,0
51,23,5,10
51,24,1,0
51,24,2,20
51,24,3,100
51,24,4,0
51,24,5,10
51,25,1,0
51,25,2,20
51,25,3,100
51,25,4,0
51,25,5,10
51,26,1,0
51,26,2,20
51,26,3,100
51,26,4,0
51,26,5,10
52,0,1,8
52,0,2,20
52,0,3,100
52,0,4,0
52,0,5,-94
52,1,1,8
52,1,2,20
52,1,3,100
52,1,4,0
52,1,5,166
52,2,1,8
52,2,2,20
52,2,3,100
52,2,4,0
52,2,5,10
52,3,1,7
52,3,2,20
52,3,3,100
52,3,4,0
52,3,5,10
52,4,1,7
52,4,2,20
52,4,3,100
52,4,4,0
52,4,5,10
52,5,1,7
52,5,2,20
52,5,3,100
52,5,4,0
52,5,5,10
52,6,1,6
52,6,2,20
52,6,3,100
52,6,4,0
52,6,5,10
52,7,1,6
52,7,2,20
52,7,3,100
52,7,4,0
52,7,5,10
52,8,1,6
52,8,2,20
52,8,3,100
52,8,4,0
52,8,5,10
52,9,1,5
52,9,2,20
52,9,3,100
52,9,4,0
52,9,5,10
52,10,1,5
52,10,2,20
52,10,3,100
52,10,4,0
52,10,5,10
52,11,1,5
52,11,2,20
52,11,3,100
52,11,4,0
52,11,5,10
52,12,1,4
52,12,2,20
52,12,3,100
52,12,4,0
52,12,5,10
52,13,1,4
52,13,2,20
52,13,3,100
52,13,4,0
52,13,5,10
52,14,1,4
52,14,2,20
52,14,3,100
52,14,4,0
52,14,5,10
52,15,1,3
52,15,2,20
52,15,3,100
52,15,4,0
52,15,5,10
52,16,1,3
52,16,2,20
52,16,3,100
52,16,4,0
52,16,5,10
52,17,1,3
52,17,2,20
52,17,3,100
52,17,4,0
52,17,5,10
52,18,1,2
52,18,2,20
52,18,3,100
52,18,4,0
52,18,5,10
52,19,1,2
52,19,2,20
52,19,3,100
52,19,4,0
52,19,5,10
52,20,1,2
52,20,2,20
52,20,3,100
52,20,4,0
52,20,5,10
52,21,1,1
52,21,2,20
52,21,3,100
52,21,4,0
52,21,5,10
52,22,1,1
52,22,2,20
52,22,3,100
52,22,4,0
52,22,5,10
52,23,1,1
52,23,2,20
52,23,3,100
52,23,4,0
52,23,5,10
52,24,1,0
52,24,2,20
52,24,3,100
52,24,4,0
52,24,5,10
52,25,1,0
52,25,2,20
52,25,3,100
52,25,4,0
52,25,5,10
52,26,1,0
52,26,2,20
52,26,3,100
52,26,4,0
52,26,5,10
53,0,1,8
53,0,2,20
53,0,3,100
53,0,4,0
53,0,5,-96
53,1,1,8
53,1,2,20
53,1,3,100
53,1,4,0
53,1,5,169
53,2,1,8
53,2,2,20
53,2,3,100
53,2,4,0
53,2,5,10
53,3,1,7
53,3,2,20
53,3,3,100
53,3,4,0
53,3,5,10
53,4,1,7
53,4,2,20
53,4,3,100
53,4,4,0
53,4,5,10
53,5,1,7
53,5,2,20
53,5,3,100
53,5,4,0
53,5,5,10
53,6,1,6
53,6,2,20
53,6,3,100
53,6,4,0
53,6,5,10
53,7,1,6
53,7,2,20
53,7,3,100
53,7,4,0
53,7,5,10
53,8,1,6
53,8,2,20
53,8,3,100
53,8,4,0
53,8,5,10
53,9,1,5
53,9,2,20
53,9,3,100
53,9,4,0
53,9,5,10
53,10,1,5
53,10,2,20
53,10,3,100
53,10,4,0
53,10,5,10
53,11,1,5
53,11,2,20
53,11,3,100
53,11,4,0
53,11,5,10
53,12,1,4
53,12,2,20
53,12,3,100
53,12,4,0
53,12,5,10
53,13,1,4
53,13,2,20
53,13,3,100
53,13,4,0
53,13,5,10
53,14,1,4
53,14,2,20
53,14,3,100
53,14,4,0
53,14,5,10
53,15,1,3
53,15,2,20
53,15,3,100
53,15,4,0
53,15,5,10
53,16,1,3
53,16,2,20
53,16,3,100
53,16,4,0
53,16,5,10
53,17,1,3
53,17,2,20
53,17,3,100
53,17,4,0
53,17,5,10
53,18,1,2
53,18,2,20
53,18,3,100
53,18,4,0
53,18,5,10
53,19,1,2
53,19,2,20
53,19,3,100
53,19,4,0
53,19,5,10
53,20,1,2
53,20,2,20
53,20,3,100
53,20,4,0
53,20,5,10
53,21,1,1
53,21,2,20
53,21,3,100
53,21,4,0
53,21,5,10
53,22,1,1
53,22,2,20
53,22,3,100
53,22,4,0
53,22,5,10
53,23,1,1
53,23,2,20
53,23,3,100
53,23,4,0
53,23,5,10
53,24,1,0
53,24,2,20
53,24,3,100
53,24,4,0
53,24,5,10
53,25,1,0
53,25,2,20
53,25,3,100
53,25,4,0
53,25,5,10
53,26,1,0
53,26,2,20
53,26,3,100
53,26,4,0
53,26,5,10
54,0,1,8
54,0,2,20
54,0,3,100
54,0,4,0
54,0,5,-98
54,1,1,8
54,1,2,20
54,1,3,100
54,1,4,0
54,1,5,172
54,2,1,8
54,2,2,20
54,2,3,100
54,2,4,0
54,2,5,10
54,3,1,7
54,3,2,20
54,3,3,100
54,3,4,0
54,3,5,10
54,4,1,7
54,4,2,20
54,4,3,100
54,4,4,0
54,4,5,10
54,5,1,7
54,5,2,20
54,5,3,100
54,5,4,0
54,5,5,10
54,6,1,6
54,6,2,20
54,6,3,100
54,6,4,0
54,6,5,10
54,7,1,6
54,7,2,20
54,7,3,100
54,7,4,0
54,7,5,10
54,8,1,6
54,8,2,20
54,8,3,100
54,8,4,0
54,8,5,10
54,9,1,5
54,9,2,20
54,9,3,100
54,9,4,0
54,9,5,10
54,10,1,5
54,10,2,20
54,10,3,100
54,10,4,0
54,10,5,10
54,11,1,5
54,11,2,20
54,11,3,100
54,11,4,0
54,11,5,10
54,12,1,4
54,12,2,20
54,12,3,100
54,12,4,0
54,12,5,10
54,13,1,4
54,13,2,20
54,13,3,100
54,13,4,0
54,13,5,10
54,14,1,4
54,14,2,20
54,14,3,100
54,14,4,0
54,14,5,10
54,15,1,3
54,15,2,20
54,15,3,100
54,15,4,0
54,15,5,10
54,16,1,3
54,16,2,20
54,16,3,100
54,16,4,0
54,16,5,10
54,17,1,3
54,17,2,20
54,17,3,100
54,17,4,0
54,17,5,10
54,18,1,2
54,18,2,20
54,18,3,100
54,18,4,0
54,18,5,10
54,19,1,2
54,19,2,20
54,19,3,100
54,19,4,0
54,19,5,10
54,20,1,2
54,20,2,20
54,20,3,100
54,20,4,0
54,20,5,10
54,21,1,1
54,21,2,20
54,21,3,100
54,21,4,0
54,21,5,10
54,22,1,1
54,22,2,20
54,22,3,100
54,22,4,0
54,22,5,10
54,23,1,1
54,23,2,20
54,23,3,100
54,23,4,0
54,23,5,10
54,24,1,0
54,24,2,20
54,24,3,100
54,24,4,0
54,24,5,10
54,25,1,0
54,25,2,20
54,25,3,100
54,25,4,0
54,25,5,10
54,26,1,0
54,26,2,20
54,26,3,100
54,26,4,0
54,26,5,10
55,0,1,8
55,0,2,20
55,0,3,100
55,0,4,0
55,0,5,-100
55,1,1,8
55,1,2,20
55,1,3,100
55,1,4,0
55,1,5,175
55,2,1,8
55,2,2,20
55,2,3,100
55,2,4,0
55,2,5,10
55,3,1,7
55,3,2,20
55,3,3,100
55,3,4,0
55,3,5,10
55,4,1,7
55,4,2,20
55,4,3,100
55,4,4,0
55,4,5,10
55,5,1,7
55,5,2,20
55,5,3,100
55,5,4,0
55,5,5,10
55,6,1,6
55,6,2,20
55,6,3,100
55,6,4,0
55,6,5,10
55,7,1,6
55,7,2,20
55,7,3,100
55,7,4,0
55,7,5,10
55,8,1,6
55,8,2,20
55,8,3,100
55,8,4,0
55,8,5,10
55,9,1,5
55,9,2,20
55,9,3,100
55,9,4,0
55,9,5,10
55,10,1,5
55,10,2,20
55,10,3,100
55,10,4,0
55,10,5,10
55,11,1,5
55,11,2,20
55,11,3,100
55,11,4,0
55,11,5,10
55,12,1,4
55,12,2,20
55,12,3,100
55,12,4,0
55,12,5,10
55,13,1,4
55,13,2,20
55,13,3,100
55,13,4,0
55,13,5,10
55,14,1,4
55,14,2,20
55,14,3,100
55,14,4,0
55,14,5,10
55,15,1,3
55,15,2,20
55,15,3,100
55,15,4,0
55,15,5,10
55,16,1,3
55,16,2,20
55,16,3,100
55,16,4,0
55,16,5,10
55,17,1,3
55,17,2,20
55,17,3,100
55,17,4,0
55,17,5,10
55,18,1,2
55,18,2,20
55,18,3,100
55,18,4,0
55,18,5,10
55,19,1,2
55,19,2,20
55,19,3,100
55,19,4,0
55,19,5,10
55,20,1,2
55,20,2,20
55,20,3,100
55,20,4,0
55,20,5,10
55,21,1,1
55,21,2,20
55,21,3,100
55,21,4,0
55,21,5,10
55,22,1,1
55,22,2,20
55,22,3,100
55,22,4,0
55,22,5,10
55,23,1,1
55,23,2,20
55,23,3,100
55,23,4,0
55,23,5,10
55,24,1,0
55,24,2,20
55,24,3,100
55,24,4,0
55,24,5,10
55,25,1,0
55,25,2,20
55,25,3,100
55,25,4,0
55,25,5,10
55,26,1,0
55,26,2,20
55,26,3,100
55,26,4,0
55,26,5,10
56,0,1,8
56,0,2,20
56,0,3,100
56,0,4,0
56,0,5,-102
56,1,1,8
56,1,2,20
56,1,3,100
56,1,4,0
56,1,5,178
56,2,1,8
56,2,2,20
56,2,3,100
56,2,4,0
56,2,5,10
56,3,1,7
56,3,2,20
56,3,3,100
56,3,4,0
56,3,5,10
56,4,1,7
56,4,2,20
56,4,3,100
56,4,4,0
56,4,5,10
56,5,1,7
56,5,2,20
56,5,3,100
56,5,4,0
56,5,5,10
56,6,1,6
56,6,2,20
56,6,3,100
56,6,4,0
56,6,5,10
56,7,1,6
56,7,2,20
56,7,3,100
56,7,4,0
56,7,5,10
56,8,1,6
56,8,2,20
56,8,3,100
56,8,4,0
56,8,5,10
56,9,1,5
56,9,2,20
56,9,3,100
56,9,4,0
56,9,5,10
56,10,1,5
56,10,2,20
56,10,3,100
56,10,4,0
56,10,5,10
56,11,1,5
56,11,2,20
56,11,3,100
56,11,4,0
56,11,5,10
56,12,1,4
56,12,2,20
56,12,3,100
56,12,4,0
56,12,5,10
56,13,1,4
56,13,2,20
56,13,3,100
56,13,4,0
56,13,5,10
56,14,1,4
56,14,2,20
56,14,3,100
56,14,4,0
56,14,5,10
56,15,1,3
56,15,2,20
56,15,3,100
56,15,4,0
56,15,5,10
56,16,1,3
56,16,2,20
56,16,3,100
56,16,4,0
56,16,5,10
56,17,1,3
56,17,2,20
56,17,3,100
56,17,4,0
56,17,5,10
56,18,1,2
56,18,2,20
56,18,3,100
56,18,4,0
56,18,5,10
56,19,1,2
56,19,2,20
56,19,3,100
56,19,4,0
56,19,5,10
56,20,1,2
56,20,2,20
56,20,3,100
56,20,4,0
56,20,5,10
56,21,1,1
56,21,2,20
56,21,3,100
56,21,4,0
56,21,5,10
56,22,1,1
56,22,2,20
56,22,3,100
56,22,4,0
56,22,5,10
56,23,1,1
56,23,2,20
56,23,3,100
56,23,4,0
56,23,5,10
56,24,1,0
56,24,2,20
56,24,3,100
56,24,4,0
56,24,5,10
56,25,1,0
56,25,2,20
56,25,3,100
56,25,4,0
56,25,5,10
56,26,1,0
56,26,2,20
56,26,3,100
56,26,4,0
56,26,5,10
57,0,1,8
57,0,2,20
57,0,3,100
57,0,4,0
57,0,5,-104
57,1,1,8
57,1,2,20
57,1,3,100
57,1,4,0
57,1,5,181
57,2,1,8
57,2,2,20
57,2,3,100
57,2,4,0
57,2,5,10
57,3,1,7
57,3,2,20
57,3,3,100
57,3,4,0
57,3,5,10
57,4,1,7
57,4,2,20
57,4,3,100
57,4,4,0
57,4,5,10
57,5,1,7
57,5,2,20
57,5,3,100
57,5,4,0
57,5,5,10
57,6,1,6
57,6,2,20
57,6,3,100
57,6,4,0
57,6,5,10
57,7,1,6
57,7,2,20
57,7,3,100
57,7,4,0
57,7,5,10
57,8,1,6
57,8,2,20
57,8,3,100
57,8,4,0
57,8,5,10
57,9,1,5
57,9,2,20
57,9,3,100
57,9,4,0
57,9,5,10
57,10,1,5
57,10,2,20
57,10,3,100
57,10,4,0
57,10,5,10
57,11,1,5
57,11,2,20
57,11,3,100
57,11,4,0
57,11,5,10
57,12,1,4
57,12,2,20
57,12,3,100
57,12,4,0
57,12,5,10
57,13,1,4
57,13,2,20
57,13,3,100
57,13,4,0
57,13,5,10
57,14,1,4
57,14,2,20
57,14,3,100
57,14,4,0
57,14,5,10
57,15,1,3
57,15,2,20
57,15,3,100
57,15,4,0
57,15,5,10
57,16,1,3
57,16,2,20
57,16,3,100
57,16,4,0
57,16,5,10
57,17,1,3
57,17,2,20
57,17,3,100
57,17,4,0
57,17,5,10
57,18,1,2
57,18,2,20
57,18,3,100
57,18,4,0
57,18,5,10
57,19,1,2
57,19,2,20
57,19,3,100
57,19,4,0
57,19,5,10
57,20,1,2
57,20,2,20
57,20,3,100
57,20,4,0
57,20,5,10
57,21,1,1
57,21,2,20
57,21,3,100
57,21,4,0
57,21,5,10
57,22,1,1
57,22,2,20
57,22,3,100
57,22,4,0
57,22,5,10
57,23,1,1
57,23,2,20
57,23,3,100
57,23,4,0
57,23,5,10
57,24,1,0
57,24,2,20
57,24,3,100
57,24,4,0
57,24,5,10
57,25,1,0
57,25,2,20
57,25,3,100
57,25,4,0
57,25,5,10
57,26,1,0
57,26,2,20
57,26,3,100
57,26,4,0
57,26,5,10
58,0,1,8
58,0,2,20
58,0,3,100
58,0,4,0
58,0,5,-106
58,1,1,8
58,1,2,20
58,1,3,100
58,1,4,0
58,1,5,184
58,2,1,8
58,2,2,20
58,2,3,100
58,2,4,0
58,2,5,10
58,3,1,7
58,3,2,20
58,3,3,100
58,3,4,0
58,3,5,10
58,4,1,7
58,4,2,20
58,4,3,100
58,4,4,0
58,4,5,10
58,5,1,7
58,5,2,20
58,5,3,100
58,5,4,0
58,5,5,10
58,6,1,6
58,6,2,20
58,6,3,100
58,6,4,0
58,6,5,10
58,7,1,6
58,7,2,20
58,7,3,100
58,7,4,0
58,7,5,10
58,8,1,6
58,8,2,20
58,8,3,100
58,8,4,0
58,8,5,10
58,9,1,5
58,9,2,20
58,9,3,100
58,9,4,0
58,9,5,10
58,10,1,5
58,10,2,20
58,10,3,100
58,10,4,0
58,10,5,10
58,11,1,5
58,11,2,20
58,11,3,100
58,11,4,0
58,11,5,10
58,12,1,4
58,12,2,20
58,12,3,100
58,12,4,0
58,12,5,10
58,13,1,4
58,13,2,20
58,13,3,100
58,13,4,0
58,13,5,10
58,14,1,4
58,14,2,20
58,14,3,100
58,14,4,0
58,14,5,10
58,15,1,3
58,15,2,20
58,15,3,100
58,15,4,0
58,15,5,10
58,16,1,3
58,16,2,20
58,16,3,100
58,16,4,0
58,16,5,10
58,17,1,3
58,17,2,20
58,17,3,100
58,17,4,0
58,17,5,10
58,18,1,2
58,18,2,20
58,18,3,100
58,18,4,0
58,18,5,10
58,19,1,2
58,19,2,20
58,19,3,100
58,19,4,0
58,19,5,10
58,20,1,2
58,20,2,20
58,20,3,100
58,20,4,0
58,20,5,10
58,21,1,1
58,21,2,20
58,21,3,100
58,21,4,0
58,21,5,10
58,22,1,1
58,22,2,20
58,22,3,100
58,22,4,0
58,22,5,10
58,23,1,1
58,23,2,20
58,23,3,100
58,23,4,0
58,23,5,10
58,24,1,0
58,24,2,20
58,24,3,100
58,24,4,0
58,24,5,10
58,25,1,0
58,25,2,20
58,25,3,100
58,25,4,0
58,25,5,10
58,26,1,0
58,26,2,20
58,26,3,100
58,26,4,0
58,26,5,10
59,0,1,8
59,0,2,20
59,0,3,100
59,0,4,0
59,0,5,-108
59,1,1,8
59,1,2,20
59,1,3,100
59,1,4,0
59,1,5,187
59,2,1,8
59,2,2,20
59,2,3,100
59,2,4,0
59,2,5,10
59,3,1,7
59,3,2,20
59,3,3,100
59,3,4,0
59,3,5,10
59,4,1,7
59,4,2,20
59,4,3,100
59,4,4,0
59,4,5,10
59,5,1,7
59,5,2,20
59,5,3,100
59,5,4,0
59,5,5,10
59,6,1,6
59,6,2,20
59,6,3,100
59,6,4,0
59,6,5,10
59,7,1,6
59,7,2,20
59,7,3,100
59,7,4,0
59,7,5,10
59,8,1,6
59,8,2,20
59,8,3,100
59,8,4,0
59,8,5,10
59,9,1,5
59,9,2,20
59,9,3,100
59,9,4,0
59,9,5,10
59,10,1,5
59,10,2,20
59,10,3,100
59,10,4,0
59,10,5,10
59,11,1,5
59,11,2,20
59,11,3,100
59,11,4,0
59,11,5,10
59,12,1,4
59,12,2,20
59,12,3,100
59,12,4,0
59,12,5,10
59,13,1,4
59,13,2,20
59,13,3,100
59,13,4,0
59,13,5,10
59,14,1,4
59,14,2,20
59,14,3,100
59,14,4,0
59,14,5,10
59,15,1,3
59,15,2,20
59,15,3,100
59,15,4,0
59,15,5,10
59,16,1,3
59,16,2,20
59,16,3,100
59,16,4,0
59,16,5,10
59,17,1,3
59,17,2,20
59,17,3,100
59,17,4,0
59,17,5,10
59,18,1,2
59,18,2,20
59,18,3,100
59,18,4,0
59,18,5,10
59,19,1,2
59,19,2,20
59,19,3,100
59,19,4,0
59,19,5,10
59,20,1,2
59,20,2,20
59,20,3,100
59,20,4,0
59,20,5,10
59,21,1,1
59,21,2,20
59,21,3,100
59,21,4,0
59,21,5,10
59,22,1,1
59,22,2,20
59,22,3,100
59,22,4,0
59,22,5,10
59,23,1,1
59,23,2,20
59,23,3,100
59,23,4,0
59,23,5,10
59,24,1,0
59,24,2,20
59,24,3,100
59,24,4,0
59,24,5,10
59,25,1,0
59,25,2,20
59,25,3,100
59,25,4,0
59,25,5,10
59,26,1,0
59,26,2,20
59,26,3,100
59,26,4,0
59,26,5,10
60,0,1,8
60,0,2,20
60,0,3,100
60,0,4,0
60,0,5,-110
60,1,1,8
60,1,2,20
60,1,3,100
60,1,4,0
60,1,5,190
60,2,1,8
60,2,2,20
60,2,3,100
60,2,4,0
60,2,5,10
60,3,1,7
60,3,2,20
60,3,3,100
60,3,4,0
60,3,5,10
60,4,1,7
60,4,2,20
60,4,3,100
60,4,4,0
60,4,5,10
60,5,1,7
60,5,2,20
60,5,3,100
60,5,4,0
60,5,5,10
60,6,1,6
60,6,2,20
60,6,3,100
60,6,4,0
60,6,5,10
60,7,1,6
60,7,2,20
60,7,3,100
60,7,4,0
60,7,5,10
60,8,1,6
60,8,2,20
60,8,3,100
60,8,4,0
60,8,5,10
60,9,1,5
60,9,2,20
60,9,3,100
60,9,4,0
60,9,5,10
60,10,1,5
60,10,2,20
60,10,3,100
60,10,4,0
60,10,5,10
60,11,1,5
60,11,2,20
60,11,3,100
60,11,4,0
60,11,5,10
60,12,1,4
60,12,2,20
60,12,3,100
60,12,4,0
60,12,5,10
60,13,1,4
60,13,2,20
60,13,3,100
60,13,4,0
60,13,5,10
60,14,1,4
60,14,2,20
60,14,3,100
60,14,4,0
60,14,5,10
60,15,1,3
60,15,2,20
60,15,3,100
60,15,4,0
60,15,5,10
60,16,1,3
60,16,2,20
60,16,3,100
60,16,4,0
60,16,5,10
60,17,1,3
60,17,2,20
60,17,3,100
60,17,4,0
60,17,5,10
60,18,1,2
60,18,2,20
60,18,3,100
60,18,4,0
60,18,5,10
60,19,1,2
60,19,2,20
60,19,3,100
60,19,4,0
60,19,5,10
60,20,1,2
60,20,2,20
60,20,3,100
60,20,4,0
60,20,5,10
60,21,1,1
60,21,2,20
60,21,3,100
60,21,4,0
60,21,5,10
60,22,1,1
60,22,2,20
60,22,3,100
60,22,4,0
60,22,5,10
60,23,1,1
60,23,2,20
60,23,3,100
60,23,4,0
60,23,5,10
60,24,1,0
60,24,2,20
60,24,3,100
60,24,4,0
60,24,5,10
60,25,1,0
60,25,2,20
60,25,3,100
60,25,4,0
60,25,5,10
60,26,1,0
60,26,2,20
60,26,3,100
60,26,4,0
60,26,5,10
61,0,1,8
61,0,2,20
61,0,3,100
61,0,4,0
61,0,5,-112
61,1,1,8
61,1,2,20
61,1,3,100
61,1,4,0
61,1,5,193
61,2,1,8
61,2,2,20
61,2,3,100
61,2,4,0
61,2,5,10
61,3,1,7
61,3,2,20
61,3,3,100
61,3,4,0
61,3,5,10
61,4,1,7
61,4,2,20
61,4,3,100
61,4,4,0
61,4,5,10
61,5,1,7
61,5,2,20
61,5,3,100
61,5,4,0
61,5,5,10
61,6,1,6
61,6,2,20
61,6,3,100
61,6,4,0
61,6,5,10
61,7,1,6
61,7,2,20
61,7,3,100
61,7,4,0
61,7,5,10
61,8,1,6
61,8,2,20
61,8,3,100
61,8,4,0
61,8,5,10
61,9,1,5
61,9,2,20
61,9,3,100
61,9,4,0
61,9,5,10
61,10,1,5
61,10,2,20
61,10,3,100
61,10,4,0
61,10,5,10
61,11,1,5
61,11,2,20
61,11,3,100
61,11,4,0
61,11,5,10
61,12,1,4
61,12,2,20
61,12,3,100
61,12,4,0
61,12,5,10
61,13,1,4
61,13,2,20
61,13,3,100
61,13,4,0
61,13,5,10
61,14,1,4
61,14,2,20
61,14,3,100
61,14,4,0
61,14,5,10
61,15,1,3
61,15,2,20
61,15,3,100
61,15,4,0
61,15,5,10
61,16,1,3
61,16,2,20
61,16,3,100
61,16,4,0
61,16,5,10
61,17,1,3
61,17,2,20
61,17,3,100
61,17,4,0
61,17,5,10
61,18,1,2
61,18,2,20
61,18,3,100
61,18,4,0
61,18,5,10
61,19,1,2
61,19,2,20
61,19,3,100
61,19,4,0
61,19,5,10
61,20,1,2
61,20,2,20
61,20,3,100
61,20,4,0
61,20,5,10
61,21,1,1
61,21,2,20
61,21,3,100
61,21,4,0
61,21,5,10
61,22,1,1
61,22,2,20
61,22,3,100
61,22,4,0
61,22,5,10
61,23,1,1
61,23,2,20
61,23,3,100
61,23,4,0
61,23,5,10
61,24,1,0
61,24,2,20
61,24,3,100
61,24,4,0
61,24,5,10
61,25,1,0
61,25,2,20
61,25,3,100
61,25,4,0
61,25,5,10
61,26,1,0
61,26,2,20
61,26,3,100
61,26,4,0
61,26,5,10
62,0,1,8
62,0,2,20
62,0,3,100
62,0,4,0
62,0,5,-114
62,1,1,8
62,1,2,20
62,1,3,100
62,1,4,0
62,1,5,196
62,2,1,8
62,2,2,20
62,2,3,100
62,2,4,0
62,2,5,10
62,3,1,7
62,3,2,20
62,3,3,100
62,3,4,0
62,3,5,10
62,4,1,7
62,4,2,20
62,4,3,100
62,4,4,0
62,4,5,10
62,5,1,7
62,5,2,20
62,5,3,100
62,5,4,0
62,5,5,10
62,6,1,6
62,6,2,20
62,6,3,100
62,6,4,0
62,6,5,10
62,7,1,6
62,7,2,20
62,7,3,100
62,7,4,0
62,7,5,10
62,8,1,6
62,8,2,20
62,8,3,100
62,8,4,0
62,8,5,10
62,9,1,5
62,9,2,20
62,9,3,100
62,9,4,0
62,9,5,10
62,10,1,5
62,10,2,20
62,10,3,100
62,10,4,0
62,10,5,10
62,11,1,5
62,11,2,20
62,11,3,100
62,11,4,0
62,11,5,10
62,12,1,4
62,12,2,20
62,12,3,100
62,12,4,0
62,12,5,10
62,13,1,4
62,13,2,20
62,13,3,100
62,13,4,0
62,13,5,10
62,14,1,4
62,14,2,20
62,14,3,100
62,14,4,0
62,14,5,10
62,15,1,3
62,15,2,20
62,15,3,100
62,15,4,0
62,15,5,10
62,16,1,3
62,16,2,20
62,16,3,100
62,16,4,0
62,16,5,10
62,17,1,3
62,17,2,20
62,17,3,100
62,17,4,0
62,17,5,10
62,18,1,2
62,18,2,20
62,18,3,100
62,18,4,0
62,18,5,10
62,19,1,2
62,19,2,20
62,19,3,100
62,19,4,0
62,19,5,10
62,20,1,2
62,20,2,20
62,20,3,100
62,20,4,0
62,20,5,10
62,21,1,1
62,21,2,20
62,21,3,100
62,21,4,0
62,21,5,10
62,22,1,1
62,22,2,20
62,22,3,100
62,22,4,0
62,22,5,10
62,23,1,1
62,23,2,20
62,23,3,100
62,23,4,0
62,23,5,10
62,24,1,0
62,24,2,20
62,24,3,100
62,24,4,0
62,24,5,10
62,25,1,0
62,25,2,20
62,25,3,100
62,25,4,0
62,25,5,10
62,26,1,0
62,26,2,20
62,26,3,100
62,26,4,0
62,26,5,10
63,0,1,8
63,0,2,20
63,0,3,100
63,0,4,0
63,0,5,-116
63,1,1,8
63,1,2,20
63,1,3,100
63,1,4,0
63,1,5,199
63,2,1,8
63,2,2,20
63,2,3,100
63,2,4,0
63,2,5,10
63,3,1,7
63,3,2,20
63,3,3,100
63,3,4,0
63,3,5,10
63,4,1,7
63,4,2,20
63,4,3,100
63,4,4,0
63,4,5,10
63,5,1,7
63,5,2,20
63,5,3,100
63,5,4,0
63,5,5,10
63,6,1,6
63,6,2,20
63,6,3,100
63,6,4,0
63,6,5,10
63,7,1,6
63,7,2,20
63,7,3,100
63,7,4,0
63,7,5,10
63,8,1,6
63,8,2,20
63,8,3,100
63,8,4,0
63,8,5,10
63,9,1,5
63,9,2,20
63,9,3,100
63,9,4,0
63,9,5,10
63,10,1,5
63,10,2,20
63,10,3,100
63,10,4,0
63,10,5,10
63,11,1,5
63,11,2,20
63,11,3,100
63,11,4,0
63,11,5,10
63,12,1,4
63,12,2,20
63,12,3,100
63,12,4,0
63,12,5,10
63,13,1,4
63,13,2,20
63,13,3,100
63,13,4,0
63,13,5,10
63,14,1,4
63,14,2,20
63,14,3,100
63,14,4,0
63,14,5,10
63,15,1,3
63,15,2,20
63,15,3,100
63,15,4,0
63,15,5,10
63,16,1,3
63,16,2,20
63,16,3,100
63,16,4,0
63,16,5,10
63,17,1,3
63,17,2,20
63,17,3,100
63,17,4,0
63,17,5,10
63,18,1,2
63,18,2,20
63,18,3,100
63,18,4,0
63,18,5,10
63,19,1,2
63,19,2,20
63,19,3,100
63,19,4,0
63,19,5,10
63,20,1,2
63,20,2,20
63,20,3,100
63,20,4,0
63,20,5,10
63,21,1,1
63,21,2,20
63,21,3,100
63,21,4,0
63,21,5,10
63,22,1,1
63,22,2,20
63,22,3,100
63,22,4,0
63,22,5,10
63,23,1,1
63,23,2,20
63,23,3,100
63,23,4,0
63,23,5,10
63,24,1,0
63,24,2,20
63,24,3,100
63,24,4,0
63,24,5,10
63,25,1,0
63,25,2,20
63,25,3,100
63,25,4,0
63,25,5,10
63,26,1,0
63,26,2,20
63,26,3,100
63,26,4,0
63,26,5,10
64,0,1,8
64,0,2,20
64,0,3,100
64,0,4,0
64,0,5,-118
64,1,1,8
64,1,2,20
64,1,3,100
64,1,4,0
64,1,5,202
64,2,1,8
64,2,2,20
64,2,3,100
64,2,4,0
64,2,5,10
64,3,1,7
64,3,2,20
64,3,3,100
64,3,4,0
64,3,5,10
64,4,1,7
64,4,2,20
64,4,3,100
64,4,4,0
64,4,5,10
64,5,1,7
64,5,2,20
64,5,3,100
64,5,4,0
64,5,5,10
64,6,1,6
64,6,2,20
64,6,3,100
64,6,4,0
64,6,5,10
64,7,1,6
64,7,2,20
64,7,3,100
64,7,4,0
64,7,5,10
64,8,1,6
64,8,2,20
64,8,3,100
64,8,4,0
64,8,5,10
64,9,1,5
64,9,2,20
64,9,3,100
64,9,4,0
64,9,5,10
64,10,1,5
64,10,2,20
64,10,3,100
64,10,4,0
64,10,5,10
64,11,1,5
64,11,2,20
64,11,3,100
64,11,4,0
64,11,5,10
64,12,1,4
64,12,2,20
64,12,3,100
64,12,4,0
64,12,5,10
64,13,1,4
64,13,2,20
64,13,3,100
64,13,4,0
64,13,5,10
64,14,1,4
64,14,2,20
64,14,3,100
64,14,4,0
64,14,5,10
64,15,1,3
64,15,2,20
64,15,3,100
64,15,4,0
64,15,5,10
64,16,1,3
64,16,2,20
64,16,3,100
64,16,4,0
64,16,5,10
64,17,1,3
64,17,2,20
64,17,3,100
64,17,4,0
64,17,5,10
64,18,1,2
64,18,2,20
64,18,3,100
64,18,4,0
64,18,5,10
64,19,1,2
64,19,2,20
64,19,3,100
64,19,4,0
64,19,5,10
64,20,1,2
64,20,2,20
64,20,3,100
64,20,4,0
64,20,5,10
64,21,1,1
64,21,2,20
64,21,3,100
64,21,4,0
64,21,5,10
64,22,1,1
64,22,2,20
64,22,3,100
64,22,4,0
64,22,5,10
64,23,1,1
64,23,2,20
64,23,3,100
64,23,4,0
64,23,5,10
64,24,1,0
64,24,2,20
64,24,3,100
64,24,4,0
64,24,5,10
64,25,1,0
64,25,2,20
64,25,3,100
64,25,4,0
64,25,5,10
64,26,1,0
64,26,2,20
64,26,3,100
64,26,4,0
64,26,5,10
65,0,1,8
65,0,2,20
65,0,3,100
65,0,4,0
65,0,5,-120
65,1,1,8
65,1,2,20
65,1,3,100
65,1,4,0
65,1,5,205
65,2,1,8
65,2,2,20
65,2,3,100
65,2,4,0
65,2,5,10
65,3,1,7
65,3,2,20
65,3,3,100
65,3,4,0
65,3,5,10
65,4,1,7
65,4,2,20
65,4,3,100
65,4,4,0
65,4,5,10
65,5,1,7
65,5,2,20
65,5,3,100
65,5,4,0
65,5,5,10
65,6,1,6
65,6,2,20
65,6,3,100
65,6,4,0
65,6,5,10
65,7,1,6
65,7,2,20
65,7,3,100
65,7,4,0
65,7,5,10
65,8,1,6
65,8,2,20
65,8,3,100
65,8,4,0
65,8,5,10
65,9,1,5
65,9,2,20
65,9,3,100
65,9,4,0
65,9,5,10
65,10,1,5
65,10,2,20
65,10,3,100
65,10,4,0
65,10,5,10
65,11,1,5
65,11,2,20
65,11,3,100
65,11,4,0
65,11,5,10
65,12,1,4
65,12,2,20
65,12,3,100
65,12,4,0
65,12,5,10
65,13,1,4
65,13,2,20
65,13,3,100
65,13,4,0
65,13,5,10
65,14,1,4
65,14,2,20
65,14,3,100
65,14,4,0
65,14,5,10
65,15,1,3
65,15,2,20
65,15,3,100
65,15,4,0
65,15,5,10
65,16,1,3
65,16,2,20
65,16,3,100
65,16,4,0
65,16,5,10
65,17,1,3
65,17,2,20
65,17,3,100
65,17,4,0
65,17,5,10
65,18,1,2
65,18,2,20
65,18,3,100
65,18,4,0
65,18,5,10
65,19,1,2
65,19,2,20
65,19,3,100
65,19,4,0
65,19,5,10
65,20,1,2
65,20,2,20
65,20,3,100
65,20,4,0
65,20,5,10
65,21,1,1
65,21,2,20
65,21,3,100
65,21,4,0
65,21,5,10
65,22,1,1
65,22,2,20
65,22,3,100
65,22,4,0
65,22,5,10
65,23,1,1
65,23,2,20
65,23,3,100
65,23,4,0
65,23,5,10
65,24,1,0
65,24,2,20
65,24,3,100
65,24,4,0
65,24,5,10
65,25,1,0
65,25,2,20
65,25,3,100
65,25,4,0
65,25,5,10
65,26,1,0
65,26,2,20
65,26,3,100
65,26,4,0
65,26,5,10
66,0,1,8
66,0,2,20
66,0,3,100
66,0,4,0
66,0,5,-122
66,1,1,8
66,1,2,20
66,1,3,100
66,1,4,0
66,1,5,208
66,2,1,8
66,2,2,20
66,2,3,100
66,2,4,0
66,2,5,10
66,3,1,7
66,3,2,20
66,3,3,100
66,3,4,0
66,3,5,10
66,4,1,7
66,4,2,20
66,4,3,100
66,4,4,0
66,4,5,10
66,5,1,7
66,5,2,20
66,5,3,100
66,5,4,0
66,5,5,10
66,6,1,6
66,6,2,20
66,6,3,100
66,6,4,0
66,6,5,10
66,7,1,6
66,7,2,20
66,7,3,100
66,7,4,0
66,7,5,10
66,8,1,6
66,8,2,20
66,8,3,100
66,8,4,0
66,8,5,10
66,9,1,5
66,9,2,20
66,9,3,100
66,9,4,0
66,9,5,10
66,10,1,5
66,10,2,20
66,10,3,100
66,10,4,0
66,10,5,10
66,11,1,5
66,11,2,20
66,11,3,100
66,11,4,0
66,11,5,10
66,12,1,4
66,12,2,20
66,12,3,100
66,12,4,0
66,12,5,10
66,13,1,4
66,13,2,20
66,13,3,100
66,13,4,0
66,13,5,10
66,14,1,4
66,14,2,20
66,14,3,100
66,14,4,0
66,14,5,10
66,15,1,3
66,15,2,20
66,15,3,100
66,15,4,0
66,15,5,10
66,16,1,3
66,16,2,20
66,16,3,100
66,16,4,0
66,16,5,10
66,17,1,3
66,17,2,20
66,17,3,100
66,17,4,0
66,17,5,10
66,18,1,2
66,18,2,20
66,18,3,100
66,18,4,0
66,18,5,10
66,19,1,2
66,19,2,20
66,19,3,100
66,19,4,0
66,19,5,10
66,20,1,2
66,20,2,20
66,20,3,100
66,20,4,0
66,20,5,10
66,21,1,1
66,21,2,20
66,21,3,100
66,21,4,0
66,21,5,10
66,22,1,1
66,22,2,20
66,22,3,100
66,22,4,0
66,22,5,10
66,23,1,1
66,23,2,20
66,23,3,100
66,23,4,0
66,23,5,10
66,24,1,0
66,24,2,20
66,24,3,100
66,24,4,0
66,24,5,10
66,25,1,0
66,25,2,20
66,25,3,100
66,25,4,0
66,25,5,10
66,26,1,0
66,26,2,20
66,26,3,100
66,26,4,0
66,26,5,10
67,0,1,8
67,0,2,20
67,0,3,100
67,0,4,0
67,0,5,-124
67,1,1,8
67,1,2,20
67,1,3,100
67,1,4,0
67,1,5,211
67,2,1,8
67,2,2,20
67,2,3,100
67,2,4,0
67,2,5,10
67,3,1,7
67,3,2,20
67,3,3,100
67,3,4,0
67,3,5,10
67,4,1,7
67,4,2,20
67,4,3,100
67,4,4,0
67,4,5,10
67,5,1,7
67,5,2,20
67,5,3,100
67,5,4,0
67,5,5,10
67,6,1,6
67,6,2,20
67,6,3,100
67,6,4,0
67,6,5,10
67,7,1,6
67,7,2,20
67,7,3,100
67,7,4,0
67,7,5,10
67,8,1,6
67,8,2,20
67,8,3,100
67,8,4,0
67,8,5,10
67,9,1,5
67,9,2,20
67,9,3,100
67,9,4,0
67,9,5,10
67,10,1,5
67,10,2,20
67,10,3,100
67,10,4,0
67,10,5,10
67,11,1,5
67,11,2,20
67,11,3,100
67,11,4,0
67,11,5,10
67,12,1,4
67,12,2,20
67,12,3,100
67,12,4,0
67,12,5,10
67,13,1,4
67,13,2,20
67,13,3,100
67,13,4,0
67,13,5,10
67,14,1,4
67,14,2,20
67,14,3,100
67,14,4,0
67,14,5,10
67,15,1,3
67,15,2,20
67,15,3,100
67,15,4,0
67,15,5,10
67,16,1,3
67,16,2,20
67,16,3,100
67,16,4,0
67,16,5,10
67,17,1,3
67,17,2,20
67,17,3,100
67,17,4,0
67,17,5,10
67,18,1,2
67,18,2,20
67,18,3,100
67,18,4,0
67,18,5,10
67,19,1,2
67,19,2,20
67,19,3,100
67,19,4,0
67,19,5,10
67,20,1,2
67,20,2,20
67,20,3,100
67,20,4,0
67,20,5,10
67,21,1,1
67,21,2,20
67,21,3,100
67,21,4,0
67,21,5,10
67,22,1,1
67,22,2,20
67,22,3,100
67,22,4,0
67,22,5,10
67,23,1,1
67,23,2,20
67,23,3,100
67,23,4,0
67,23,5,10
67,24,1,0
67,24,2,20
67,24,3,100
67,24,4,0
67,24,5,10
67,25,1,0
67,25,2,20
67,25,3,100
67,25,4,0
67,25,5,10
67,26,1,0
67,26,2,20
67,26,3,100
67,26,4,0
67,26,5,10
68,0,1,8
68,0,2,20
68,0,3,100
68,0,4,0
68,0,5,-126
68,1,1,8
68,1,2,20
68,1,3,100
68,1,4,0
68,1,5,214
68,2,1,8
68,2,2,20
68,2,3,100
68,2,4,0
68,2,5,10
68,3,1,7
68,3,2,20
68,3,3,100
68,3,4,0
68,3,5,10
68,4,1,7
68,4,2,20
68,4,3,100
68,4,4,0
68,4,5,10
68,5,1,7
68,5,2,20
68,5,3,100
68,5,4,0
68,5,5,10
68,6,1,6
68,6,2,20
68,6,3,100
68,6,4,0
68,6,5,10
68,7,1,6
68,7,2,20
68,7,3,100
68,7,4,0
68,7,5,10
68,8,1,6
68,8,2,20
68,8,3,100
68,8,4,0
68,8,5,10
68,9,1,5
68,9,2,20
68,9,3,100
68,9,4,0
68,9,5,10
68,10,1,5
68,10,2,20
68,10,3,100
68,10,4,0
68,10,5,10
68,11,1,5
68,11,2,20
68,11,3,100
68,11,4,0
68,11,5,10
68,12,1,4
68,12,2,20
68,12,3,100
68,12,4,0
68,12,5,10
68,13,1,4
68,13,2,20
68,13,3,100
68,13,4,0
68,13,5,10
68,14,1,4
68,14,2,20
68,14,3,100
68,14,4,0
68,14,5,10
68,15,1,3
68,15,2,20
68,15,3,100
68,15,4,0
68,15,5,10
68,16,1,3
68,16,2,20
68,16,3,100
68,16,4,0
68,16,5,10
68,17,1,3
68,17,2,20
68,17,3,100
68,17,4,0
68,17,5,10
68,18,1,2
68,18,2,20
68,18,3,100
68,18,4,0
68,18,5,10
68,19,1,2
68,19,2,20
68,19,3,100
68,19,4,0
68,19,5,10
68,20,1,2
68,20,2,20
68,20,3,100
68,20,4,0
68,20,5,10
68,21,1,1
68,21,2,20
68,21,3,100
68,21,4,0
68,21,5,10
68,22,1,1
68,22,2,20
68,22,3,100
68,22,4,0
68,22,5,10
68,23,1,1
68,23,2,20
68,23,3,100
68,23,4,0
68,23,5,10
68,24,1,0
68,24,2,20
68,24,3,100
68,24,4,0
68,24,5,10
68,25,1,0
68,25,2,20
68,25,3,100
68,25,4,0
68,25,5,10
68,26,1,0
68,26,2,20
68,26,3,100
68,26,4,0
68,26,5,10
69,0,1,8
69,0,2,20
69,0,3,100
69,0,4,0
69,0,5,-128
69,1,1,8
69,1,2,20
69,1,3,100
69,1,4,0
69,1,5,217
69,2,1,8
69,2,2,20
69,2,3,100
69,2,4,0
69,2,5,10
69,3,1,7
69,3,2,20
69,3,3,100
69,3,4,0
69,3,5,10
69,4,1,7
69,4,2,20
69,4,3,100
69,4,4,0
69,4,5,10
69,5,1,7
69,5,2,20
69,5,3,100
69,5,4,0
69,5,5,10
69,6,1,6
69,6,2,20
69,6,3,100
69,6,4,0
69,6,5,10
69,7,1,6
69,7,2,20
69,7,3,100
69,7,4,0
69,7,5,10
69,8,1,6
69,8,2,20
69,8,3,100
69,8,4,0
69,8,5,10
69,9,1,5
69,9,2,20
69,9,3,100
69,9,4,0
69,9,5,10
69,10,1,5
69,10,2,20
69,10,3,100
69,10,4,0
69,10,5,10
69,11,1,5
69,11,2,20
69,11,3,100
69,11,4,0
69,11,5,10
69,12,1,4
69,12,2,20
69,12,3,100
69,12,4,0
69,12,5,10
69,13,1,4
69,13,2,20
69,13,3,100
69,13,4,0
69,13,5,10
69,14,1,4
69,14,2,20
69,14,3,100
69,14,4,0
69,14,5,10
69,15,1,3
69,15,2,20
69,15,3,100
69,15,4,0
69,15,5,10
69,16,1,3
69,16,2,20
69,16,3,100
69,16,4,0
69,16,5,10
69,17,1,3
69,17,2,20
69,17,3,100
69,17,4,0
69,17,5,10
69,18,1,2
69,18,2,20
69,18,3,100
69,18,4,0
69,18,5,10
69,19,1,2
69,19,2,20
69,19,3,100
69,19,4,0
69,19,5,10
69,20,1,2
69,20,2,20
69,20,3,100
69,20,4,0
69,20,5,10
69,21,1,1
69,21,2,20
69,21,3,100
69,21,4,0
69,21,5,10
69,22,1,1
69,22,2,20
69,22,3,100
69,22,4,0
69,22,5,10
69,23,1,1
69,23,2,20
69,23,3,100
69,23,4,0
69,23,5,10
69,24,1,0
69,24,2,20
69,24,3,100
69,24,4,0
69,24,5,10
69,25,1,0
69,25,2,20
69,25,3,100
69,25,4,0
69,25,5,10
69,26,1,0
69,26,2,20
69,26,3,100
69,26,4,0
69,26,5,10
70,0,1,8
70,0,2,20
70,0,3,100
70,0,4,0
70,0,5,-130
70,1,1,8
70,1,2,20
70,1,3,100
70,1,4,0
70,1,5,220
70,2,1,8
70,2,2,20
70,2,3,100
70,2,4,0
70,2,5,10
70,3,1,7
70,3,2,20
70,3,3,100
70,3,4,0
70,3,5,10
70,4,1,7
70,4,2,20
70,4,3,100
70,4,4,0
70,4,5,10
70,5,1,7
70,5,2,20
70,5,3,100
70,5,4,0
70,5,5,10
70,6,1,6
70,6,2,20
70,6,3,100
70,6,4,0
70,6,5,10
70,7,1,6
70,7,2,20
70,7,3,100
70,7,4,0
70,7,5,10
70,8,1,6
70,8,2,20
70,8,3,100
70,8,4,0
70,8,5,10
70,9,1,5
70,9,2,20
70,9,3,100
70,9,4,0
70,9,5,10
70,10,1,5
70,10,2,20
70,10,3,100
70,10,4,0
70,10,5,10
70,11,1,5
70,11,2,20
70,11,3,100
70,11,4,0
70,11,5,10
70,12,1,4
70,12,2,20
70,12,3,100
70,12,4,0
70,12,5,10
70,13,1,4
70,13,2,20
70,13,3,100
70,13,4,0
70,13,5,10
70,14,1,4
70,14,2,20
70,14,3,100
70,14,4,0
70,14,5,10
70,15,1,3
70,15,2,20
70,15,3,100
70,15,4,0
70,15,5,10
70,16,1,3
70,16,2,20
70,16,3,100
70,16,4,0
70,16,5,10
70,17,1,3
70,17,2,20
70,17,3,100
70,17,4,0
70,17,5,10
70,18,1,2
70,18,2,20
70,18,3,100
70,18,4,0
70,18,5,10
70,19,1,2
70,19,2,20
70,19,3,100
70,19,4,0
70,19,5,10
70,20,1,2
70,20,2,20
70,20,3,100
70,20,4,0
70,20,5,10
70,21,1,1
70,21,2,20
70,21,3,100
70,21,4,0
70,21,5,10
70,22,1,1
70,22,2,20
70,22,3,100
70,22,4,0
70,22,5,10
70,23,1,1
70,23,2,20
70,23,3,100
70,23,4,0
70,23,5,10
70,24,1,0
70,24,2,20
70,24,3,100
70,24,4,0
70,24,5,10
70,25,1,0
70,25,2,20
70,25,3,100
70,25,4,0
70,25,5,10
70,26,1,0
70,26,2,20
70,26,3,100
70,26,4,0
70,26,5,10
71,0,1,8
71,0,2,20
71,0,3,100
71,0,4,0
71,0,5,-132
71,1,1,8
71,1,2,20
71,1,3,100
71,1,4,0
71,1,5,223
71,2,1,8
71,2,2,20
71,2,3,100
71,2,4,0
71,2,5,10
71,3,1,7
71,3,2,20
71,3,3,100
71,3,4,0
71,3,5,10
71,4,1,7
71,4,2,20
71,4,3,100
71,4,4,0
71,4,5,10
71,5,1,7
71,5,2,20
71,5,3,100
71,5,4,0
71,5,5,10
71,6,1,6
71,6,2,20
71,6,3,100
71,6,4,0
71,6,5,10
71,7,1,6
71,7,2,20
71,7,3,100
71,7,4,0
71,7,5,10
71,8,1,6
71,8,2,20
71,8,3,100
71,8,4,0
71,8,5,10
71,9,1,5
71,9,2,20
71,9,3,100
71,9,4,0
71,9,5,10
71,10,1,5
71,10,2,20
71,10,3,100
71,10,4,0
71,10,5,10
71,11,1,5
71,11,2,20
71,11,3,100
71,11,4,0
71,11,5,10
71,12,1,4
71,12,2,20
71,12,3,100
71,12,4,0
71,12,5,10
71,13,1,4
71,13,2,20
71,13,3,100
71,13,4,0
71,13,5,10
71,14,1,4
71,14,2,20
71,14,3,100
71,14,4,0
71,14,5,10
71,15,1,3
71,15,2,20
71,15,3,100
71,15,4,0
71,15,5,10
71,16,1,3
71,16,2,20
71,16,3,100
71,16,4,0
71,16,5,10
71,17,1,3
71,17,2,20
71,17,3,100
71,17,4,0
71,17,5,10
71,18,1,2
71,18,2,20
71,18,3,100
71,18,4,0
71,18,5,10
71,19,1,2
71,19,2,20
71,19,3,100
71,19,4,0
71,19,5,10
71,20,1,2
71,20,2,20
71,20,3,100
71,20,4,0
71,20,5,10
71,21,1,1
71,21,2,20
71,21,3,100
71,21,4,0
71,21,5,10
71,22,1,1
71,22,2,20
71,22,3,100
71,22,4,0
71,22,5,10
71,23,1,1
71,23,2,20
71,23,3,100
71,23,4,0
71,23,5,10
71,24,1,0
71,24,2,20
71,24,3,100
71,24,4,0
71,24,5,10
71,25,1,0
71,25,2,20
71,25,3,100
71,25,4,0
71,25,5,10
71,26,1,0
71,26,2,20
71,26,3,100
71,26,4,0
71,26,5,10
72,0,1,8
72,0,2,20
72,0,3,100
72,0,4,0
72,0,5,-134
72,1,1,8
72,1,2,20
72,1,3,100
72,1,4,0
72,1,5,226
72,2,1,8
72,2,2,20
72,2,3,100
72,2,4,0
72,2,5,10
72,3,1,7
72,3,2,20
72,3,3,100
72,3,4,0
72,3,5,10
72,4,1,7
72,4,2,20
72,4,3,100
72,4,4,0
72,4,5,10
72,5,1,7
72,5,2,20
72,5,3,100
72,5,4,0
72,5,5,10
72,6,1,6
72,6,2,20
72,6,3,100
72,6,4,0
72,6,5,10
72,7,1,6
72,7,2,20
72,7,3,100
72,7,4,0
72,7,5,10
72,8,1,6
72,8,2,20
72,8,3,100
72,8,4,0
72,8,5,10
72,9,1,5
72,9,2,20
72,9,3,100
72,9,4,0
72,9,5,10
72,10,1,5
72,10,2,20
72,10,3,100
72,10,4,0
72,10,5,10
72,11,1,5
72,11,2,20
72,11,3,100
72,11,4,0
72,11,5,10
72,12,1,4
72,12,2,20
72,12,3,100
72,12,4,0
72,12,5,10
72,13,1,4
72,13,2,20
72,13,3,100
72,13,4,0
72,13,5,10
72,14,1,4
72,14,2,20
72,14,3,100
72,14,4,0
72,14,5,10
72,15,1,3
72,15,2,20
72,15,3,100
72,15,4,0
72,15,5,10
72,16,1,3
72,16,2,20
72,16,3,100
72,16,4,0
72,16,5,10
72,17,1,3
72,17,2,20
72,17,3,100
72,17,4,0
72,17,5,10
72,18,1,2
72,18,2,20
72,18,3,100
72,18,4,0
72,18,5,10
72,19,1,2
72,19,2,20
72,19,3,100
72,19,4,0
72,19,5,10
72,20,1,2
72,20,2,20
72,20,3,100
72,20,4,0
72,20,5,10
72,21,1,1
72,21,2,20
72,21,3,100
72,21,4,0
72,21,5,10
72,22,1,1
72,22,2,20
72,22,3,100
72,22,4,0
72,22,5,10
72,23,1,1
72,23,2,20
72,23,3,100
72,23,4,0
72,23,5,10
72,24,1,0
72,24,2,20
72,24,3,100
72,24,4,0
72,24,5,10
72,25,1,0
72,25,2,20
72,25,3,100
72,25,4,0
72,25,5,10
72,26,1,0
72,26,2,20
72,26,3,100
72,26,4,0
72,26,5,10
73,0,1,8
73,0,2,20
73,0,3,100
73,0,4,0
73,0,5,-136
73,1,1,8
73,1,2,20
73,1,3,100
73,1,4,0
73,1,5,229
73,2,1,8
73,2,2,20
73,2,3,100
73,2,4,0
73,2,5,10
73,3,1,7
73,3,2,20
73,3,3,100
73,3,4,0
73,3,5,10
73,4,1,7
73,4,2,20
73,4,3,100
73,4,4,0
73,4,5,10
73,5,1,7
73,5,2,20
73,5,3,100
73,5,4,0
73,5,5,10
73,6,1,6
73,6,2,20
73,6,3,100
73,6,4,0
73,6,5,10
73,7,1,6
73,7,2,20
73,7,3,100
73,7,4,0
73,7,5,10
73,8,1,6
73,8,2,20
73,8,3,100
73,8,4,0
73,8,5,10
73,9,1,5
73,9,2,20
73,9,3,100
73,9,4,0
73,9,5,10
73,10,1,5
73,10,2,20
73,10,3,100
73,10,4,0
73,10,5,10
73,11,1,5
73,11,2,20
73,11,3,100
73,11,4,0
73,11,5,10
73,12,1,4
73,12,2,20
73,12,3,100
73,12,4,0
73,12,5,10
73,13,1,4
73,13,2,20
73,13,3,100
73,13,4,0
73,13,5,10
73,14,1,4
73,14,2,20
73,14,3,100
73,14,4,0
73,14,5,10
73,15,1,3
73,15,2,20
73,15,3,100
73,15,4,0
73,15,5,10
73,16,1,3
73,16,2,20
73,16,3,100
73,16,4,0
73,16,5,10
73,17,1,3
73,17,2,20
73,17,3,100
73,17,4,0
73,17,5,10
73,18,1,2
73,18,2,20
73,18,3,100
73,18,4,0
73,18,5,10
73,19,1,2
73,19,2,20
73,19,3,100
73,19,4,0
73,19,5,10
73,20,1,2
73,20,2,20
73,20,3,100
73,20,4,0
73,20,5,10
73,21,1,1
73,21,2,20
73,21,3,100
73,21,4,0
73,21,5,10
73,22,1,1
73,22,2,20
73,22,3,100
73,22,4,0
73,22,5,10
73,23,1,1
73,23,2,20
73,23,3,100
73,23,4,0
73,23,5,10
73,24,1,0
73,24,2,20
73,24,3,100
73,24,4,0
73,24,5,10
73,25,1,0
73,25,2,20
73,25,3,100
73,25,4,0
73,25,5,10
73,26,1,0
73,26,2,20
73,26,3,100
73,26,4,0
73,26,5,10
74,0,1,8
74,0,2,20
74,0,3,100
74,0,4,0
74,0,5,-138
74,1,1,8
74,1,2,20
74,1,3,100
74,1,4,0
74,1,5,232
74,2,1,8
74,2,2,20
74,2,3,100
74,2,4,0
74,2,5,10
74,3,1,7
74,3,2,20
74,3,3,100
74,3,4,0
74,3,5,10
74,4,1,7
74,4,2,20
74,4,3,100
74,4,4,0
74,4,5,10
74,5,1,7
74,5,2,20
74,5,3,100
74,5,4,0
74,5,5,10
74,6,1,6
74,6,2,20
74,6,3,100
74,6,4,0
74,6,5,10
74,7,1,6
74,7,2,20
74,7,3,100
74,7,4,0
74,7,5,10
74,8,1,6
74,8,2,20
74,8,3,100
74,8,4,0
74,8,5,10
74,9,1,5
74,9,2,20
74,9,3,100
74,9,4,0
74,9,5,10
74,10,1,5
74,10,2,20
74,10,3,100
74,10,4,0
74,10,5,10
74,11,1,5
74,11,2,20
74,11,3,100
74,11,4,0
74,11,5,10
74,12,1,4
74,12,2,20
74,12,3,100
74,12,4,0
74,12,5,10
74,13,1,4
74,13,2,20
74,13,3,100
74,13,4,0
74,13,5,10
74,14,1,4
74,14,2,20
74,14,3,100
74,14,4,0
74,14,5,10
74,15,1,3
74,15,2,20
74,15,3,100
74,15,4,0
74,15,5,10
74,16,1,3
74,16,2,20
74,16,3,100
74,16,4,0
74,16,5,10
74,17,1,3
74,17,2,20
74,17,3,100
74,17,4,0
74,17,5,10
74,18,1,2
74,18,2,20
74,18,3,100
74,18,4,0
74,18,5,10
74,19,1,2
74,19,2,20
74,19,3,100
74,19,4,0
74,19,5,10
74,20,1,2
74,20,2,20
74,20,3,100
74,20,4,0
74,20,5,10
74,21,1,1
74,21,2,20
74,21,3,100
74,21,4,0
74,21,5,10
74,22,1,1
74,22,2,20
74,22,3,100
74,22,4,0
74,22,5,10
74,23,1,1
74,23,2,20
74,23,3,100
74,23,4,0
74,23,5,10
74,24,1,0
74,24,2,20
74,24,3,100
74,24,4,0
74,24,5,10
74,25,1,0
74,25,2,20
74,25,3,100
74,25,4,0
74,25,5,10
74,26,1,0
74,26,2,20
74,26,3,100
74,26,4,0
74,26,5,10
75,0,1,8
75,0,2,20
75,0,3,100
75,0,4,0
75,0,5,-140
75,1,1,8
75,1,2,20
75,1,3,100
75,1,4,0
75,1,5,235
75,2,1,8
75,2,2,20
75,2,3,100
75,2,4,0
75,2,5,10
75,3,1,7
75,3,2,20
75,3,3,100
75,3,4,0
75,3,5,10
75,4,1,7
75,4,2,20
75,4,3,100
75,4,4,0
75,4,5,10
75,5,1,7
75,5,2,20
75,5,3,100
75,5,4,0
75,5,5,10
75,6,1,6
75,6,2,20
75,6,3,100
75,6,4,0
75,6,5,10
75,7,1,6
75,7,2,20
75,7,3,100
75,7,4,0
75,7,5,10
75,8,1,6
75,8,2,20
75,8,3,100
75,8,4,0
75,8,5,10
75,9,1,5
75,9,2,20
75,9,3,100
75,9,4,0
75,9,5,10
75,10,1,5
75,10,2,20
75,10,3,100
75,10,4,0
75,10,5,10
75,11,1,5
75,11,2,20
75,11,3,100
75,11,4,0
75,11,5,10
75,12,1,4
75,12,2,20
75,12,3,100
75,12,4,0
75,12,5,10
75,13,1,4
75,13,2,20
75,13,3,100
75,13,4,0
75,13,5,10
75,14,1,4
75,14,2,20
75,14,3,100
75,14,4,0
75,14,5,10
75,15,1,3
75,15,2,20
75,15,3,100
75,15,4,0
75,15,5,10
75,16,1,3
75,16,2,20
75,16,3,100
75,16,4,0
75,16,5,10
75,17,1,3
75,17,2,20
75,17,3,100
75,17,4,0
75,17,5,10
75,18,1,2
75,18,2,20
75,18,3,100
75,18,4,0
75,18,5,10
75,19,1,2
75,19,2,20
75,19,3,100
75,19,4,0
75,19,5,10
75,20,1,2
75,20,2,20
75,20,3,100
75,20,4,0
75,20,5,10
75,21,1,1
75,21,2,20
75,21,3,100
75,21,4,0
75,21,5,10
75,22,1,1
75,22,2,20
75,22,3,100
75,22,4,0
75,22,5,10
75,23,1,1
75,23,2,20
75,23,3,100
75,23,4,0
75,23,5,10
75,24,1,0
75,24,2,20
75,24,3,100
75,24,4,0
75,24,5,10
75,25,1,0
75,25,2,20
75,25,3,100
75,25,4,0
75,25,5,10
75,26,1,0
75,26,2,20
75,26,3,100
75,26,4,0
75,26,5,10
76,0,1,8
76,0,2,20
76,0,3,100
76,0,4,0
76,0,5,-142
76,1,1,8
76,1,2,20
76,1,3,100
76,1,4,0
76,1,5,238
76,2,1,8
76,2,2,20
76,2,3,100
76,2,4,0
76,2,5,10
76,3,1,7
76,3,2,20
76,3,3,100
76,3,4,0
76,3,5,10
76,4,1,7
76,4,2,20
76,4,3,100
76,4,4,0
76,4,5,10
76,5,1,7
76,5,2,20
76,5,3,100
76,5,4,0
76,5,5,10
76,6,1,6
76,6,2,20
76,6,3,100
76,6,4,0
76,6,5,10
76,7,1,6
76,7,2,20
76,7,3,100
76,7,4,0
76,7,5,10
76,8,1,6
76,8,2,20
76,8,3,100
76,8,4,0
76,8,5,10
76,9,1,5
76,9,2,20
76,9,3,100
76,9,4,0
76,9,5,10
76,10,1,5
76,10,2,20
76,10,3,100
76,10,4,0
76,10,5,10
76,11,1,5
76,11,2,20
76,11,3,100
76,11,4,0
76,11,5,10
76,12,1,4
76,12,2,20
76,12,3,100
76,12,4,0
76,12,5,10
76,13,1,4
76,13,2,20
76,13,3,100
76,13,4,0
76,13,5,10
76,14,1,4
76,14,2,20
76,14,3,100
76,14,4,0
76,14,5,10
76,15,1,3
76,15,2,20
76,15,3,100
76,15,4,0
76,15,5,10
76,16,1,3
76,16,2,20
76,16,3,100
76,16,4,0
76,16,5,10
76,17,1,3
76,17,2,20
76,17,3,100
76,17,4,0
76,17,5,10
76,18,1,2
76,18,2,20
76,18,3,100
76,18,4,0
76,18,5,10
76,19,1,2
76,19,2,20
76,19,3,100
76,19,4,0
76,19,5,10
76,20,1,2
76,20,2,20
76,20,3,100
76,20,4,0
76,20,5,10
76,21,1,1
76,21,2,20
76,21,3,100
76,21,4,0
76,21,5,10
76,22,1,1
76,22,2,20
76,22,3,100
76,22,4,0
76,22,5,10
76,23,1,1
76,23,2,20
76,23,3,100
76,23,4,0
76,23,5,10
76,24,1,0
76,24,2,20
76,24,3,100
76,24,4,0
76,24,5,10
76,25,1,0
76,25,2,20
76,25,3,100
76,25,4,0
76,25,5,10
76,26,1,0
76,26,2,20
76,26,3,100
76,26,4,0
76,26,5,10
77,0,1,8
77,0,2,20
77,0,3,100
77,0,4,0
77,0,5,-144
77,1,1,8
77,1,2,20
77,1,3,100
77,1,4,0
77,1,5,241
77,2,1,8
77,2,2,20
77,2,3,100
77,2,4,0
77,2,5,10
77,3,1,7
77,3,2,20
77,3,3,100
77,3,4,0
77,3,5,10
77,4,1,7
77,4,2,20
77,4,3,100
77,4,4,0
77,4,5,10
77,5,1,7
77,5,2,20
77,5,3,100
77,5,4,0
77,5,5,10
77,6,1,6
77,6,2,20
77,6,3,100
77,6,4,0
77,6,5,10
77,7,1,6
77,7,2,20
77,7,3,100
77,7,4,0
77,7,5,10
77,8,1,6
77,8,2,20
77,8,3,100
77,8,4,0
77,8,5,10
77,9,1,5
77,9,2,20
77,9,3,100
77,9,4,0
77,9,5,10
77,10,1,5
77,10,2,20
77,10,3,100
77,10,4,0
77,10,5,10
77,11,1,5
77,11,2,20
77,11,3,100
77,11,4,0
77,11,5,10
77,12,1,4
77,12,2,20
77,12,3,100
77,12,4,0
77,12,5,10
77,13,1,4
77,13,2,20
77,13,3,100
77,13,4,0
77,13,5,10
77,14,1,4
77,14,2,20
77,14,3,100
77,14,4,0
77,14,5,10
77,15,1,3
77,15,2,20
77,15,3,100
77,15,4,0
77,15,5,10
77,16,1,3
77,16,2,20
77,16,3,100
77,16,4,0
77,16,5,10
77,17,1,3
77,17,2,20
77,17,3,100
77,17,4,0
77,17,5,10
77,18,1,2
77,18,2,20
77,18,3,100
77,18,4,0
77,18,5,10
77,19,1,2
77,19,2,20
77,19,3,100
77,19,4,0
77,19,5,10
77,20,1,2
77,20,2,20
77,20,3,100
77,20,4,0
77,20,5,10
77,21,1,1
77,21,2,20
77,21,3,100
77,21,4,0
77,21,5,10
77,22,1,1
77,22,2,20
77,22,3,100
77,22,4,0
77,22,5,10
77,23,1,1
77,23,2,20
77,23,3,100
77,23,4,0
77,23,5,10
77,24,1,0
77,24,2,20
77,24,3,100
77,24,4,0
77,24,5,10
77,25,1,0
77,25,2,20
77,25,3,100
77,25,4,0
77,25,5,10
77,26,1,0
77,26,2,20
77,26,3,100
77,26,4,0
77,26,5,10
78,0,1,8
78,0,2,20
78,0,3,100
78,0,4,0
78,0,5,-146
78,1,1,8
78,1,2,20
78,1,3,100
78,1,4,0
78,1,5,244
78,2,1,8
78,2,2,20
78,2,3,100
78,2,4,0
78,2,5,10
78,3,1,7
78,3,2,20
78,3,3,100
78,3,4,0
78,3,5,10
78,4,1,7
78,4,2,20
78,4,3,100
78,4,4,0
78,4,5,10
78,5,1,7
78,5,2,20
78,5,3,100
78,5,4,0
78,5,5,10
78,6,1,6
78,6,2,20
78,6,3,100
78,6,4,0
78,6,5,10
78,7,1,6
78,7,2,20
78,7,3,100
78,7,4,0
78,7,5,10
78,8,1,6
78,8,2,20
78,8,3,100
78,8,4,0
78,8,5,10
78,9,1,5
78,9,2,20
78,9,3,100
78,9,4,0
78,9,5,10
78,10,1,5
78,10,2,20
78,10,3,100
78,10,4,0
78,10,5,10
78,11,1,5
78,11,2,20
78,11,3,100
78,11,4,0
78,11,5,10
78,12,1,4
78,12,2,20
78,12,3,100
78,12,4,0
78,12,5,10
78,13,1,4
78,13,2,20
78,13,3,100
78,13,4,0
78,13,5,10
78,14,1,4
78,14,2,20
78,14,3,100
78,14,4,0
78,14,5,10
78,15,1,3
78,15,2,20
78,15,3,100
78,15,4,0
78,15,5,10
78,16,1,3
78,16,2,20
78,16,3,100
78,16,4,0
78,16,5,10
78,17,1,3
78,17,2,20
78,17,3,100
78,17,4,0
78,17,5,10
78,18,1,2
78,18,2,20
78,18,3,100
78,18,4,0
78,18,5,10
78,19,1,2
78,19,2,20
78,19,3,100
78,19,4,0
78,19,5,10
78,20,1,2
78,20,2,20
78,20,3,100
78,20,4,0
78,20,5,10
78,21,1,1
78,21,2,20
78,21,3,100
78,21,4,0
78,21,5,10
78,22,1,1
78,22,2,20
78,22,3,100
78,22,4,0
78,22,5,10
78,23,1,1
78,23,2,20
78,23,3,100
78,23,4,0
78,23,5,10
78,24,1,0
78,24,2,20
78,24,3,100
78,24,4,0
78,24,5,10
78,25,1,0
78,25,2,20
78,25,3,100
78,25,4,0
78,25,5,10
78,26,1,0
78,26,2,20
78,26,3,100
78,26,4,0
78,26,5,10
79,0,1,8
79,0,2,20
79,0,3,100
79,0,4,0
79,0,5,-148
79,1,1,8
79,1,2,20
79,1,3,100
79,1,4,0
79,1,5,247
79,2,1,8
79,2,2,20
79,2,3,100
79,2,4,0
79,2,5,10
79,3,1,7
79,3,2,20
79,3,3,100
79,3,4,0
79,3,5,10
79,4,1,7
79,4,2,20
79,4,3,100
79,4,4,0
79,4,5,10
79,5,1,7
79,5,2,20
79,5,3,100
79,5,4,0
79,5,5,10
79,6,1,6
79,6,2,20
79,6,3,100
79,6,4,0
79,6,5,10
79,7,1,6
79,7,2,20
79,7,3,100
79,7,4,0
79,7,5,10
79,8,1,6
79,8,2,20
79,8,3,100
79,8,4,0
79,8,5,10
79,9,1,5
79,9,2,20
79,9,3,100
79,9,4,0
79,9,5,10
79,10,1,5
79,10,2,20
79,10,3,100
79,10,4,0
79,10,5,10
79,11,1,5
79,11,2,20
79,11,3,100
79,11,4,0
79,11,5,10
79,12,1,4
79,12,2,20
79,12,3,100
79,12,4,0
79,12,5,10
79,13,1,4
79,13,2,20
79,13,3,100
79,13,4,0
79,13,5,10
79,14,1,4
79,14,2,20
79,14,3,100
79,14,4,0
79,14,5,10
79,15,1,3
79,15,2,20
79,15,3,100
79,15,4,0
79,15,5,10
79,16,1,3
79,16,2,20
79,16,3,100
79,16,4,0
79,16,5,10
79,17,1,3
79,17,2,20
79,17,3,100
79,17,4,0
79,17,5,10
79,18,1,2
79,18,2,20
79,18,3,100
79,18,4,0
79,18,5,10
79,19,1,2
79,19,2,20
79,19,3,100
79,19,4,0
79,19,5,10
79,20,1,2
79,20,2,20
79,20,3,100
79,20,4,0
79,20,5,10
79,21,1,1
79,21,2,20
79,21,3,100
79,21,4,0
79,21,5,10
79,22,1,1
79,22,2,20
79,22,3,100
79,22,4,0
79,22,5,10
79,23,1,1
79,23,2,20
79,23,3,100
79,23,4,0
79,23,5,10
79,24,1,0
79,24,2,20
79,24,3,100
79,24,4,0
79,24,5,10
79,25,1,0
79,25,2,20
79,25,3,100
79,25,4,0
79,25,5,10
79,26,1,0
79,26,2,20
79,26,3,100
79,26,4,0
79,26,5,10
80,0,1,8
80,0,2,20
80,0,3,100
80,0,4,0
80,0,5,-150
80,1,1,8
80,1,2,20
80,1,3,100
80,1,4,0
80,1,5,250
80,2,1,8
80,2,2,20
80,2,3,100
80,2,4,0
80,2,5,10
80,3,1,7
80,3,2,20
80,3,3,100
80,3,4,0
80,3,5,10
80,4,1,7
80,4,2,20
80,4,3,100
80,4,4,0
80,4,5,10
80,5,1,7
80,5,2,20
80,5,3,100
80,5,4,0
80,5,5,10
80,6,1,6
80,6,2,20
80,6,3,100
80,6,4,0
80,6,5,10
80,7,1,6
80,7,2,20
80,7,3,100
80,7,4,0
80,7,5,10
80,8,1,6
80,8,2,20
80,8,3,100
80,8,4,0
80,8,5,10
80,9,1,5
80,9,2,20
80,9,3,100
80,9,4,0
80,9,5,10
80,10,1,5
80,10,2,20
80,10,3,100
80,10,4,0
80,10,5,10
80,11,1,5
80,11,2,20
80,11,3,100
80,11,4,0
80,11,5,10
80,12,1,4
80,12,2,20
80,12,3,100
80,12,4,0
80,12,5,10
80,13,1,4
80,13,2,20
80,13,3,100
80,13,4,0
80,13,5,10
80,14,1,4
80,14,2,20
80,14,3,100
80,14,4,0
80,14,5,10
80,15,1,3
80,15,2,20
80,15,3,100
80,15,4,0
80,15,5,10
80,16,1,3
80,16,2,20
80,16,3,100
80,16,4,0
80,16,5,10
80,17,1,3
80,17,2,20
80,17,3,100
80,17,4,0
80,17,5,10
80,18,1,2
80,18,2,20
80,18,3,100
80,18,4,0
80,18,5,10
80,19,1,2
80,19,2,20
80,19,3,100
80,19,4,0
80,19,5,10
80,20,1,2
80,20,2,20
80,20,3,100
80,20,4,0
80,20,5,10
80,21,1,1
80,21,2,20
80,21,3,100
80,21,4,0
80,21,5,10
80,22,1,1
80,22,2,20
80,22,3,100
80,22,4,0
80,22,5,10
80,23,1,1
80,23,2,20
80,23,3,100
80,23,4,0
80,23,5,10
80,24,1,0
80,24,2,20
80,24,3,100
80,24,4,0
80,24,5,10
80,25,1,0
80,25,2,20
80,25,3,100
80,25,4,0
80,25,5,10
80,26,1,0
80,26,2,20
80,26,3,100
80,26,4,0
80,26,5,10
81,0,1,8
81,0,2,20
81,0,3,100
81,0,4,0
81,0,5,-152
81,1,1,8
81,1,2,20
81,1,3,100
81,1,4,0
81,1,5,253
81,2,1,8
81,2,2,20
81,2,3,100
81,2,4,0
81,2,5,10
81,3,1,7
81,3,2,20
81,3,3,100
81,3,4,0
81,3,5,10
81,4,1,7
81,4,2,20
81,4,3,100
81,4,4,0
81,4,5,10
81,5,1,7
81,5,2,20
81,5,3,100
81,5,4,0
81,5,5,10
81,6,1,6
81,6,2,20
81,6,3,100
81,6,4,0
81,6,5,10
81,7,1,6
81,7,2,20
81,7,3,100
81,7,4,0
81,7,5,10
81,8,1,6
81,8,2,20
81,8,3,100
81,8,4,0
81,8,5,10
81,9,1,5
81,9,2,20
81,9,3,100
81,9,4,0
81,9,5,10
81,10,1,5
81,10,2,20
81,10,3,100
81,10,4,0
81,10,5,10
81,11,1,5
81,11,2,20
81,11,3,100
81,11,4,0
81,11,5,10
81,12,1,4
81,12,2,20
81,12,3,100
81,12,4,0
81,12,5,10
81,13,1,4
81,13,2,20
81,13,3,100
81,13,4,0
81,13,5,10
81,14,1,4
81,14,2,20
81,14,3,100
81,14,4,0
81,14,5,10
81,15,1,3
81,15,2,20
81,15,3,100
81,15,4,0
81,15,5,10
81,16,1,3
81,16,2,20
81,16,3,100
81,16,4,0
81,16,5,10
81,17,1,3
81,17,2,20
81,17,3,100
81,17,4,0
81,17,5,10
81,18,1,2
81,18,2,20
81,18,3,100
81,18,4,0
81,18,5,10
81,19,1,2
81,19,2,20
81,19,3,100
81,19,4,0
81,19,5,10
81,20,1,2
81,20,2,20
81,20,3,100
81,20,4,0
81,20,5,10
81,21,1,1
81,21,2,20
81,21,3,100
81,21,4,0
81,21,5,10
81,22,1,1
81,22,2,20
81,22,3,100
81,22,4,0
81,22,5,10
81,23,1,1
81,23,2,20
81,23,3,100
81,23,4,0
81,23,5,10
81,24,1,0
81,24,2,20
81,24,3,100
81,24,4,0
81,24,5,10
81,25,1,0
81,25,2,20
81,25,3,100
81,25,4,0
81,25,5,10
81,26,1,0
81,26,2,20
81,26,3,100
81,26,4,0
81,26,5,10
82,0,1,8
82,0,2,20
82,0,3,100
82,0,4,0
82,0,5,-154
82,1,1,8
82,1,2,20
82,1,3,100
82,1,4,0
82,1,5,256
82,2,1,8
82,2,2,20
82,2,3,100
82,2,4,0
82,2,5,10
82,3,1,7
82,3,2,20
82,3,3,100
82,3,4,0
82,3,5,10
82,4,1,7
82,4,2,20
82,4,3,100
82,4,4,0
82,4,5,10
82,5,1,7
82,5,2,20
82,5,3,100
82,5,4,0
82,5,5,10
82,6,1,6
82,6,2,20
82,6,3,100
82,6,4,0
82,6,5,10
82,7,1,6
82,7,2,20
82,7,3,100
82,7,4,0
82,7,5,10
82,8,1,6
82,8,2,20
82,8,3,100
82,8,4,0
82,8,5,10
82,9,1,5
82,9,2,20
82,9,3,100
82,9,4,0
82,9,5,10
82,10,1,5
82,10,2,20
82,10,3,100
82,10,4,0
82,10,5,10
82,11,1,5
82,11,2,20
82,11,3,100
82,11,4,0
82,11,5,10
82,12,1,4
82,12,2,20
82,12,3,100
82,12,4,0
82,12,5,10
82,13,1,4
82,13,2,20
82,13,3,100
82,13,4,0
82,13,5,10
82,14,1,4
82,14,2,20
82,14,3,100
82,14,4,0
82,14,5,10
82,15,1,3
82,15,2,20
82,15,3,100
82,15,4,0
82,15,5,10
82,16,1,3
82,16,2,20
82,16,3,100
82,16,4,0
82,16,5,10
82,17,1,3
82,17,2,20
82,17,3,100
82,17,4,0
82,17,5,10
82,18,1,2
82,18,2,20
82,18,3,100
82,18,4,0
82,18,5,10
82,19,1,2
82,19,2,20
82,19,3,100
82,19,4,0
82,19,5,10
82,20,1,2
82,20,2,20
82,20,3,100
82,20,4,0
82,20,5,10
82,21,1,1
82,21,2,20
82,21,3,100
82,21,4,0
82,21,5,10
82,22,1,1
82,22,2,20
82,22,3,100
82,22,4,0
82,22,5,10
82,23,1,1
82,23,2,20
82,23,3,100
82,23,4,0
82,23,5,10
82,24,1,0
82,24,2,20
82,24,3,100
82,24,4,0
82,24,5,10
82,25,1,0
82,25,2,20
82,25,3,100
82,25,4,0
82,25,5,10
82,26,1,0
82,26,2,20
82,26,3,100
82,26,4,0
82,26,5,10
83,0,1,8
83,0,2,20
83,0,3,100
83,0,4,0
83,0,5,-156
83,1,1,8
83,1,2,20
83,1,3,100
83,1,4,0
83,1,5,259
83,2,1,8
83,2,2,20
83,2,3,100
83,2,4,0
83,2,5,10
83,3,1,7
83,3,2,20
83,3,3,100
83,3,4,0
83,3,5,10
83,4,1,7
83,4,2,20
83,4,3,100
83,4,4,0
83,4,5,10
83,5,1,7
83,5,2,20
83,5,3,100
83,5,4,0
83,5,5,10
83,6,1,6
83,6,2,20
83,6,3,100
83,6,4,0
83,6,5,10
83,7,1,6
83,7,2,20
83,7,3,100
83,7,4,0
83,7,5,10
83,8,1,6
83,8,2,20
83,8,3,100
83,8,4,0
83,8,5,10
83,9,1,5
83,9,2,20
83,9,3,100
83,9,4,0
83,9,5,10
83,10,1,5
83,10,2,20
83,10,3,100
83,10,4,0
83,10,5,10
83,11,1,5
83,11,2,20
83,11,3,100
83,11,4,0
83,11,5,10
83,12,1,4
83,12,2,20
83,12,3,100
83,12,4,0
83,12,5,10
83,13,1,4
83,13,2,20
83,13,3,100
83,13,4,0
83,13,5,10
83,14,1,4
83,14,2,20
83,14,3,100
83,14,4,0
83,14,5,10
83,15,1,3
83,15,2,20
83,15,3,100
83,15,4,0
83,15,5,10
83,16,1,3
83,16,2,20
83,16,3,100
83,16,4,0
83,16,5,10
83,17,1,3
83,17,2,20
83,17,3,100
83,17,4,0
83,17,5,10
83,18,1,2
83,18,2,20
83,18,3,100
83,18,4,0
83,18,5,10
83,19,1,2
83,19,2,20
83,19,3,100
83,19,4,0
83,19,5,10
83,20,1,2
83,20,2,20
83,20,3,100
83,20,4,0
83,20,5,10
83,21,1,1
83,21,2,20
83,21,3,100
83,21,4,0
83,21,5,10
83,22,1,1
83,22,2,20
83,22,3,100
83,22,4,0
83,22,5,10
83,23,1,1
83,23,2,20
83,23,3,100
83,23,4,0
83,23,5,10
83,24,1,0
83,24,2,20
83,24,3,100
83,24,4,0
83,24,5,10
83,25,1,0
83,25,2,20
83,25,3,100
83,25,4,0
83,25,5,10
83,26,1,0
83,26,2,20
83,26,3,100
83,26,4,0
83,26,5,10
84,0,1,8
84,0,2,20
84,0,3,100
84,0,4,0
84,0,5,-158
84,1,1,8
84,1,2,20
84,1,3,100
84,1,4,0
84,1,5,262
84,2,1,8
84,2,2,20
84,2,3,100
84,2,4,0
84,2,5,10
84,3,1,7
84,3,2,20
84,3,3,100
84,3,4,0
84,3,5,10
84,4,1,7
84,4,2,20
84,4,3,100
84,4,4,0
84,4,5,10
84,5,1,7
84,5,2,20
84,5,3,100
84,5,4,0
84,5,5,10
84,6,1,6
84,6,2,20
84,6,3,100
84,6,4,0
84,6,5,10
84,7,1,6
84,7,2,20
84,7,3,100
84,7,4,0
84,7,5,10
84,8,1,6
84,8,2,20
84,8,3,100
84,8,4,0
84,8,5,10
84,9,1,5
84,9,2,20
84,9,3,100
84,9,4,0
84,9,5,10
84,10,1,5
84,10,2,20
84,10,3,100
84,10,4,0
84,10,5,10
84,11,1,5
84,11,2,20
84,11,3,100
84,11,4,0
84,11,5,10
84,12,1,4
84,12,2,20
84,12,3,100
84,12,4,0
84,12,5,10
84,13,1,4
84,13,2,20
84,13,3,100
84,13,4,0
84,13,5,10
84,14,1,4
84,14,2,20
84,14,3,100
84,14,4,0
84,14,5,10
84,15,1,3
84,15,2,20
84,15,3,100
84,15,4,0
84,15,5,10
84,16,1,3
84,16,2,20
84,16,3,100
84,16,4,0
84,16,5,10
84,17,1,3
84,17,2,20
84,17,3,100
84,17,4,0
84,17,5,10
84,18,1,2
84,18,2,20
84,18,3,100
84,18,4,0
84,18,5,10
84,19,1,2
84,19,2,20
84,19,3,100
84,19,4,0
84,19,5,10
84,20,1,2
84,20,2,20
84,20,3,100
84,20,4,0
84,20,5,10
84,21,1,1
84,21,2,20
84,21,3,100
84,21,4,0
84,21,5,10
84,22,1,1
84,22,2,20
84,22,3,100
84,22,4,0
84,22,5,10
84,23,1,1
84,23,2,20
84,23,3,100
84,23,4,0
84,23,5,10
84,24,1,0
84,24,2,20
84,24,3,100
84,24,4,0
84,24,5,10
84,25,1,0
84,25,2,20
84,25,3,100
84,25,4,0
84,25,5,10
84,26,1,0
84,26,2,20
84,26,3,100
84,26,4,0
84,26,5,10
85,0,1,8
85,0,2,20
85,0,3,100
85,0,4,0
85,0,5,-160
85,1,1,8
85,1,2,20
85,1,3,100
85,1,4,0
85,1,5,265
85,2,1,8
85,2,2,20
85,2,3,100
85,2,4,0
85,2,5,10
85,3,1,7
85,3,2,20
85,3,3,100
85,3,4,0
85,3,5,10
85,4,1,7
85,4,2,20
85,4,3,100
85,4,4,0
85,4,5,10
85,5,1,7
85,5,2,20
85,5,3,100
85,5,4,0
85,5,5,10
85,6,1,6
85,6,2,20
85,6,3,100
85,6,4,0
85,6,5,10
85,7,1,6
85,7,2,20
85,7,3,100
85,7,4,0
85,7,5,10
85,8,1,6
85,8,2,20
85,8,3,100
85,8,4,0
85,8,5,10
85,9,1,5
85,9,2,20
85,9,3,100
85,9,4,0
85,9,5,10
85,10,1,5
85,10,2,20
85,10,3,100
85,10,4,0
85,10,5,10
85,11,1,5
85,11,2,20
85,11,3,100
85,11,4,0
85,11,5,10
85,12,1,4
85,12,2,20
85,12,3,100
85,12,4,0
85,12,5,10
85,13,1,4
85,13,2,20
85,13,3,100
85,13,4,0
85,13,5,10
85,14,1,4
85,14,2,20
85,14,3,100
85,14,4,0
85,14,5,10
85,15,1,3
85,15,2,20
85,15,3,100
85,15,4,0
85,15,5,10
85,16,1,3
85,16,2,20
85,16,3,100
85,16,4,0
85,16,5,10
85,17,1,3
85,17,2,20
85,17,3,100
85,17,4,0
85,17,5,10
85,18,1,2
85,18,2,20
85,18,3,100
85,18,4,0
85,18,5,10
85,19,1,2
85,19,2,20
85,19,3,100
85,19,4,0
85,19,5,10
85,20,1,2
85,20,2,20
85,20,3,100
85,20,4,0
85,20,5,10
85,21,1,1
85,21,2,20
85,21,3,100
85,21,4,0
85,21,5,10
85,22,1,1
85,22,2,20
85,22,3,100
85,22,4,0
85,22,5,10
85,23,1,1
85,23,2,20
85,23,3,100
85,23,4,0
85,23,5,10
85,24,1,0
85,24,2,20
85,24,3,100
85,24,4,0
85,24,5,10
85,25,1,0
85,25,2,20
85,25,3,100
85,25,4,0
85,25,5,10
85,26,1,0
85,26,2,20
85,26,3,100
85,26,4,0
85,26,5,10
86,0,1,8
86,0,2,20
86,0,3,100
86,0,4,0
86,0,5,-162
86,1,1,8
86,1,2,20
86,1,3,100
86,1,4,0
86,1,5,268
86,2,1,8
86,2,2,20
86,2,3,100
86,2,4,0
86,2,5,10
86,3,1,7
86,3,2,20
86,3,3,100
86,3,4,0
86,3,5,10
86,4,1,7
86,4,2,20
86,4,3,100
86,4,4,0
86,4,5,10
86,5,1,7
86,5,2,20
86,5,3,100
86,5,4,0
86,5,5,10
86,6,1,6
86,6,2,20
86,6,3,100
86,6,4,0
86,6,5,10
86,7,1,6
86,7,2,20
86,7,3,100
86,7,4,0
86,7,5,10
86,8,1,6
86,8,2,20
86,8,3,100
86,8,4,0
86,8,5,10
86,9,1,5
86,9,2,20
86,9,3,100
86,9,4,0
86,9,5,10
86,10,1,5
86,10,2,20
86,10,3,100
86,10,4,0
86,10,5,10
86,11,1,5
86,11,2,20
86,11,3,100
86,11,4,0
86,11,5,10
86,12,1,4
86,12,2,20
86,12,3,100
86,12,4,0
86,12,5,10
86,13,1,4
86,13,2,20
86,13,3,100
86,13,4,0
86,13,5,10
86,14,1,4
86,14,2,20
86,14,3,100
86,14,4,0
86,14,5,10
86,15,1,3
86,15,2,20
86,15,3,100
86,15,4,0
86,15,5,10
86,16,1,3
86,16,2,20
86,16,3,100
86,16,4,0
86,16,5,10
86,17,1,3
86,17,2,20
86,17,3,100
86,17,4,0
86,17,5,10
86,18,1,2
86,18,2,20
86,18,3,100
86,18,4,0
86,18,5,10
86,19,1,2
86,19,2,20
86,19,3,100
86,19,4,0
86,19,5,10
86,20,1,2
86,20,2,20
86,20,3,100
86,20,4,0
86,20,5,10
86,21,1,1
86,21,2,20
86,21,3,100
86,21,4,0
86,21,5,10
86,22,1,1
86,22,2,20
86,22,3,100
86,22,4,0
86,22,5,10
86,23,1,1
86,23,2,20
86,23,3,100
86,23,4,0
86,23,5,10
86,24,1,0
86,24,2,20
86,24,3,100
86,24,4,0
86,24,5,10
86,25,1,0
86,25,2,20
86,25,3,100
86,25,4,0
86,25,5,10
86,26,1,0
86,26,2,20
86,26,3,100
86,26,4,0
86,26,5,10
87,0,1,8
87,0,2,20
87,0,3,100
87,0,4,0
87,0,5,-164
87,1,1,8
87,1,2,20
87,1,3,100
87,1,4,0
87,1,5,271
87,2,1,8
87,2,2,20
87,2,3,100
87,2,4,0
87,2,5,10
87,3,1,7
87,3,2,20
87,3,3,100
87,3,4,0
87,3,5,10
87,4,1,7
87,4,2,20
87,4,3,100
87,4,4,0
87,4,5,10
87,5,1,7
87,5,2,20
87,5,3,100
87,5,4,0
87,5,5,10
87,6,1,6
87,6,2,20
87,6,3,100
87,6,4,0
87,6,5,10
87,7,1,6
87,7,2,20
87,7,3,100
87,7,4,0
87,7,5,10
87,8,1,6
87,8,2,20
87,8,3,100
87,8,4,0
87,8,5,10
87,9,1,5
87,9,2,20
87,9,3,100
87,9,4,0
87,9,5,10
87,10,1,5
87,10,2,20
87,10,3,100
87,10,4,0
87,10,5,10
87,11,1,5
87,11,2,20
87,11,3,100
87,11,4,0
87,11,5,10
87,12,1,4
87,12,2,20
87,12,3,100
87,12,4,0
87,12,5,10
87,13,1,4
87,13,2,20
87,13,3,100
87,13,4,0
87,13,5,10
87,14,1,4
87,14,2,20
87,14,3,100
87,14,4,0
87,14,5,10
87,15,1,3
87,15,2,20
87,15,3,100
87,15,4,0
87,15,5,10
87,16,1,3
87,16,2,20
87,16,3,100
87,16,4,0
87,16,5,10
87,17,1,3
87,17,2,20
87,17,3,100
87,17,4,0
87,17,5,10
87,18,1,2
87,18,2,20
87,18,3,100
87,18,4,0
87,18,5,10
87,19,1,2
87,19,2,20
87,19,3,100
87,19,4,0
87,19,5,10
87,20,1,2
87,20,2,20
87,20,3,100
87,20,4,0
87,20,5,10
87,21,1,1
87,21,2,20
87,21,3,100
87,21,4,0
87,21,5,10
87,22,1,1
87,22,2,20
87,22,3,100
87,22,4,0
87,22,5,10
87,23,1,1
87,23,2,20
87,23,3,100
87,23,4,0
87,23,5,10
87,24,1,0
87,24,2,20
87,24,3,100
87,24,4,0
87,24,5,10
87,25,1,0
87,25,2,20
87,25,3,100
87,25,4,0
87,25,5,10
87,26,1,0
87,26,2,20
87,26,3,100
87,26,4,0
87,26,5,10
88,0,1,8
88,0,2,20
88,0,3,100
88,0,4,0
88,0,5,-166
88,1,1,8
88,1,2,20
88,1,3,100
88,1,4,0
88,1,5,274
88,2,1,8
88,2,2,20
88,2,3,100
88,2,4,0
88,2,5,10
88,3,1,7
88,3,2,20
88,3,3,100
88,3,4,0
88,3,5,10
88,4,1,7
88,4,2,20
88,4,3,100
88,4,4,0
88,4,5,10
88,5,1,7
88,5,2,20
88,5,3,100
88,5,4,0
88,5,5,10
88,6,1,6
88,6,2,20
88,6,3,100
88,6,4,0
88,6,5,10
88,7,1,6
88,7,2,20
88,7,3,100
88,7,4,0
88,7,5,10
88,8,1,6
88,8,2,20
88,8,3,100
88,8,4,0
88,8,5,10
88,9,1,5
88,9,2,20
88,9,3,100
88,9,4,0
88,9,5,10
88,10,1,5
88,10,2,20
88,10,3,100
88,10,4,0
88,10,5,10
88,11,1,5
88,11,2,20
88,11,3,100
88,11,4,0
88,11,5,10
88,12,1,4
88,12,2,20
88,12,3,100
88,12,4,0
88,12,5,10
88,13,1,4
88,13,2,20
88,13,3,100
88,13,4,0
88,13,5,10
88,14,1,4
88,14,2,20
88,14,3,100
88,14,4,0
88,14,5,10
88,15,1,3
88,15,2,20
88,15,3,100
88,15,4,0
88,15,5,10
88,16,1,3
88,16,2,20
88,16,3,100
88,16,4,0
88,16,5,10
88,17,1,3
88,17,2,20
88,17,3,100
88,17,4,0
88,17,5,10
88,18,1,2
88,18,2,20
88,18,3,100
88,18,4,0
88,18,5,10
88,19,1,2
88,19,2,20
88,19,3,100
88,19,4,0
88,19,5,10
88,20,1,2
88,20,2,20
88,20,3,100
88,20,4,0
88,20,5,10
88,21,1,1
88,21,2,20
88,21,3,100
88,21,4,0
88,21,5,10
88,22,1,1
88,22,2,20
88,22,3,100
88,22,4,0
88,22,5,10
88,23,1,1
88,23,2,20
88,23,3,100
88,23,4,0
88,23,5,10
88,24,1,0
88,24,2,20
88,24,3,100
88,24,4,0
88,24,5,10
88,25,1,0
88,25,2,20
88,25,3,100
88,25,4,0
88,25,5,10
88,26,1,0
88,26,2,20
88,26,3,100
88,26,4,0
88,26,5,10
89,0,1,8
89,0,2,20
89,0,3,100
89,0,4,0
89,0,5,-168
89,1,1,8
89,1,2,20
89,1,3,100
89,1,4,0
89,1,5,277
89,2,1,8
89,2,2,20
89,2,3,100
89,2,4,0
89,2,5,10
89,3,1,7
89,3,2,20
89,3,3,100
89,3,4,0
89,3,5,10
89,4,1,7
89,4,2,20
89,4,3,100
89,4,4,0
89,4,5,10
89,5,1,7
89,5,2,20
89,5,3,100
89,5,4,0
89,5,5,10
89,6,1,6
89,6,2,20
89,6,3,100
89,6,4,0
89,6,5,10
89,7,1,6
89,7,2,20
89,7,3,100
89,7,4,0
89,7,5,10
89,8,1,6
89,8,2,20
89,8,3,100
89,8,4,0
89,8,5,10
89,9,1,5
89,9,2,20
89,9,3,100
89,9,4,0
89,9,5,10
89,10,1,5
89,10,2,20
89,10,3,100
89,10,4,0
89,10,5,10
89,11,1,5
89,11,2,20
89,11,3,100
89,11,4,0
89,11,5,10
89,12,1,4
89,12,2,20
89,12,3,100
89,12,4,0
89,12,5,10
89,13,1,4
89,13,2,20
89,13,3,100
89,13,4,0
89,13,5,10
89,14,1,4
89,14,2,20
89,14,3,100
89,14,4,0
89,14,5,10
89,15,1,3
89,15,2,20
89,15,3,100
89,15,4,0
89,15,5,10
89,16,1,3
89,16,2,20
89,16,3,100
89,16,4,0
89,16,5,10
89,17,1,3
89,17,2,20
89,17,3,100
89,17,4,0
89,17,5,10
89,18,1,2
89,18,2,20
89,18,3,100
89,18,4,0
89,18,5,10
89,19,1,2
89,19,2,20
89,19,3,100
89,19,4,0
89,19,5,10
89,20,1,2
89,20,2,20
89,20,3,100
89,20,4,0
89,20,5,10
89,21,1,1
89,21,2,20
89,21,3,100
89,21,4,0
89,21,5,10
89,22,1,1
89,22,2,20
89,22,3,100
89,22,4,0
89,22,5,10
89,23,1,1
89,23,2,20
89,23,3,100
89,23,4,0
89,23,5,10
89,24,1,0
89,24,2,20
89,24,3,100
89,24,4,0
89,24,5,10
89,25,1,0
89,25,2,20
89,25,3,100
89,25,4,0
89,25,5,10
89,26,1,0
89,26,2,20
89,26,3,100
89,26,4,0
89,26,5,10
90,0,1,8
90,0,2,20
90,0,3,100
90,0,4,0
90,0,5,-170
90,1,1,8
90,1,2,20
90,1,3,100
90,1,4,0
90,1,5,280
90,2,1,8
90,2,2,20
90,2,3,100
90,2,4,0
90,2,5,10
90,3,1,7
90,3,2,20
90,3,3,100
90,3,4,0
90,3,5,10
90,4,1,7
90,4,2,20
90,4,3,100
90,4,4,0
90,4,5,10
90,5,1,7
90,5,2,20
90,5,3,100
90,5,4,0
90,5,5,10
90,6,1,6
90,6,2,20
90,6,3,100
90,6,4,0
90,6,5,10
90,7,1,6
90,7,2,20
90,7,3,100
90,7,4,0
90,7,5,10
90,8,1,6
90,8,2,20
90,8,3,100
90,8,4,0
90,8,5,10
90,9,1,5
90,9,2,20
90,9,3,100
90,9,4,0
90,9,5,10
90,10,1,5
90,10,2,20
90,10,3,100
90,10,4,0
90,10,5,10
90,11,1,5
90,11,2,20
90,11,3,100
90,11,4,0
90,11,5,10
90,12,1,4
90,12,2,20
90,12,3,100
90,12,4,0
90,12,5,10
90,13,1,4
90,13,2,20
90,13,3,100
90,13,4,0
90,13,5,10
90,14,1,4
90,14,2,20
90,14,3,100
90,14,4,0
90,14,5,10
90,15,1,3
90,15,2,20
90,15,3,100
90,15,4,0
90,15,5,10
90,16,1,3
90,16,2,20
90,16,3,100
90,16,4,0
90,16,5,10
90,17,1,3
90,17,2,20
90,17,3,100
90,17,4,0
90,17,5,10
90,18,1,2
90,18,2,20
90,18,3,100
90,18,4,0
90,18,5,10
90,19,1,2
90,19,2,20
90,19,3,100
90,19,4,0
90,19,5,10
90,20,1,2
90,20,2,20
90,20,3,100
90,20,4,0
90,20,5,10
90,21,1,1
90,21,2,20
90,21,3,100
90,21,4,0
90,21,5,10
90,22,1,1
90,22,2,20
90,22,3,100
90,22,4,0
90,22,5,10
90,23,1,1
90,23,2,20
90,23,3,100
90,23,4,0
90,23,5,10
90,24,1,0
90,24,2,20
90,24,3,100
90,24,4,0
90,24,5,10
90,25,1,0
90,25,2,20
90,25,3,100
90,25,4,0
90,25,5,10
90,26,1,0
90,26,2,20
90,26,3,100
90,26,4,0
90,26,5,10
91,0,1,8
91,0,2,20
91,0,3,100
91,0,4,0
91,0,5,-172
91,1,1,8
91,1,2,20
91,1,3,100
91,1,4,0
91,1,5,283
91,2,1,8
91,2,2,20
91,2,3,100
91,2,4,0
91,2,5,10
91,3,1,7
91,3,2,20
91,3,3,100
91,3,4,0
91,3,5,10
91,4,1,7
91,4,2,20
91,4,3,100
91,4,4,0
91,4,5,10
91,5,1,7
91,5,2,20
91,5,3,100
91,5,4,0
91,5,5,10
91,6,1,6
91,6,2,20
91,6,3,100
91,6,4,0
91,6,5,10
91,7,1,6
91,7,2,20
91,7,3,100
91,7,4,0
91,7,5,10
91,8,1,6
91,8,2,20
91,8,3,100
91,8,4,0
91,8,5,10
91,9,1,5
91,9,2,20
91,9,3,100
91,9,4,0
91,9,5,10
91,10,1,5
91,10,2,20
91,10,3,100
91,10,4,0
91,10,5,10
91,11,1,5
91,11,2,20
91,11,3,100
91,11,4,0
91,11,5,10
91,12,1,4
91,12,2,20
91,12,3,100
91,12,4,0
91,12,5,10
91,13,1,4
91,13,2,20
91,13,3,100
91,13,4,0
91,13,5,10
91,14,1,4
91,14,2,20
91,14,3,100
91,14,4,0
91,14,5,10
91,15,1,3
91,15,2,20
91,15,3,100
91,15,4,0
91,15,5,10
91,16,1,3
91,16,2,20
91,16,3,100
91,16,4,0
91,16,5,10
91,17,1,3
91,17,2,20
91,17,3,100
91,17,4,0
91,17,5,10
91,18,1,2
91,18,2,20
91,18,3,100
91,18,4,0
91,18,5,10
91,19,1,2
91,19,2,20
91,19,3,100
91,19,4,0
91,19,5,10
91,20,1,2
91,20,2,20
91,20,3,100
91,20,4,0
91,20,5,10
91,21,1,1
91,21,2,20
91,21,3,100
91,21,4,0
91,21,5,10
91,22,1,1
91,22,2,20
91,22,3,100
91,22,4,0
91,22,5,10
91,23,1,1
91,23,2,20
91,23,3,100
91,23,4,0
91,23,5,10
91,24,1,0
91,24,2,20
91,24,3,100
91,24,4,0
91,24,5,10
91,25,1,0
91,25,2,20
91,25,3,100
91,25,4,0
91,25,5,10
91,26,1,0
91,26,2,20
91,26,3,100
91,26,4,0
91,26,5,10
92,0,1,8
92,0,2,20
92,0,3,100
92,0,4,0
92,0,5,-174
92,1,1,8
92,1,2,20
92,1,3,100
92,1,4,0
92,1,5,286
92,2,1,8
92,2,2,20
92,2,3,100
92,2,4,0
92,2,5,10
92,3,1,7
92,3,2,20
92,3,3,100
92,3,4,0
92,3,5,10
92,4,1,7
92,4,2,20
92,4,3,100
92,4,4,0
92,4,5,10
92,5,1,7
92,5,2,20
92,5,3,100
92,5,4,0
92,5,5,10
92,6,1,6
92,6,2,20
92,6,3,100
92,6,4,0
92,6,5,10
92,7,1,6
92,7,2,20
92,7,3,100
92,7,4,0
92,7,5,10
92,8,1,6
92,8,2,20
92,8,3,100
92,8,4,0
92,8,5,10
92,9,1,5
92,9,2,20
92,9,3,100
92,9,4,0
92,9,5,10
92,10,1,5
92,10,2,20
92,10,3,100
92,10,4,0
92,10,5,10
92,11,1,5
92,11,2,20
92,11,3,100
92,11,4,0
92,11,5,10
92,12,1,4
92,12,2,20
92,12,3,100
92,12,4,0
92,12,5,10
92,13,1,4
92,13,2,20
92,13,3,100
92,13,4,0
92,13,5,10
92,14,1,4
92,14,2,20
92,14,3,100
92,14,4,0
92,14,5,10
92,15,1,3
92,15,2,20
92,15,3,100
92,15,4,0
92,15,5,10
92,16,1,3
92,16,2,20
92,16,3,100
92,16,4,0
92,16,5,10
92,17,1,3
92,17,2,20
92,17,3,100
92,17,4,0
92,17,5,10
92,18,1,2
92,18,2,20
92,18,3,100
92,18,4,0
92,18,5,10
92,19,1,2
92,19,2,20
92,19,3,100
92,19,4,0
92,19,5,10
92,20,1,2
92,20,2,20
92,20,3,100
92,20,4,0
92,20,5,10
92,21,1,1
92,21,2,20
92,21,3,100
92,21,4,0
92,21,5,10
92,22,1,1
92,22,2,20
92,22,3,100
92,22,4,0
92,22,5,10
92,23,1,1
92,23,2,20
92,23,3,100
92,23,4,0
92,23,5,10
92,24,1,0
92,24,2,20
92,24,3,100
92,24,4,0
92,24,5,10
92,25,1,0
92,25,2,20
92,25,3,100
92,25,4,0
92,25,5,10
92,26,1,0
92,26,2,20
92,26,3,100
92,26,4,0
92,26,5,10
93,0,1,8
93,0,2,20
93,0,3,100
93,0,4,0
93,0,5,-176
93,1,1,8
93,1,2,20
93,1,3,100
93,1,4,0
93,1,5,289
93,2,1,8
93,2,2,20
93,2,3,100
93,2,4,0
93,2,5,10
93,3,1,7
93,3,2,20
93,3,3,100
93,3,4,0
93,3,5,10
93,4,1,7
93,4,2,20
93,4,3,100
93,4,4,0
93,4,5,10
93,5,1,7
93,5,2,20
93,5,3,100
93,5,4,0
93,5,5,10
93,6,1,6
93,6,2,20
93,6,3,100
93,6,4,0
93,6,5,10
93,7,1,6
93,7,2,20
93,7,3,100
93,7,4,0
93,7,5,10
93,8,1,6
93,8,2,20
93,8,3,100
93,8,4,0
93,8,5,10
93,9,1,5
93,9,2,20
93,9,3,100
93,9,4,0
93,9,5,10
93,10,1,5
93,10,2,20
93,10,3,100
93,10,4,0
93,10,5,10
93,11,1,5
93,11,2,20
93,11,3,100
93,11,4,0
93,11,5,10
93,12,1,4
93,12,2,20
93,12,3,100
93,12,4,0
93,12,5,10
93,13,1,4
93,13,2,20
93,13,3,100
93,13,4,0
93,13,5,10
93,14,1,4
93,14,2,20
93,14,3,100
93,14,4,0
93,14,5,10
93,15,1,3
93,15,2,20
93,15,3,100
93,15,4,0
93,15,5,10
93,16,1,3
93,16,2,20
93,16,3,100
93,16,4,0
93,16,5,10
93,17,1,3
93,17,2,20
93,17,3,100
93,17,4,0
93,17,5,10
93,18,1,2
93,18,2,20
93,18,3,100
93,18,4,0
93,18,5,10
93,19,1,2
93,19,2,20
93,19,3,100
93,19,4,0
93,19,5,10
93,20,1,2
93,20,2,20
93,20,3,100
93,20,4,0
93,20,5,10
93,21,1,1
93,21,2,20
93,21,3,100
93,21,4,0
93,21,5,10
93,22,1,1
93,22,2,20
93,22,3,100
93,22,4,0
93,22,5,10
93,23,1,1
93,23,2,20
93,23,3,100
93,23,4,0
93,23,5,10
93,24,1,0
93,24,2,20
93,24,3,100
93,24,4,0
93,24,5,10
93,25,1,0
93,25,2,20
93,25,3,100
93,25,4,0
93,25,5,10
93,26,1,0
93,26,2,20
93,26,3,100
93,26,4,0
93,26,5,10
94,0,1,8
94,0,2,20
94,0,3,100
94,0,4,0
94,0,5,-178
94,1,1,8
94,1,2,20
94,1,3,100
94,1,4,0
94,1,5,292
94,2,1,8
94,2,2,20
94,2,3,100
94,2,4,0
94,2,5,10
94,3,1,7
94,3,2,20
94,3,3,100
94,3,4,0
94,3,5,10
94,4,1,7
94,4,2,20
94,4,3,100
94,4,4,0
94,4,5,10
94,5,1,7
94,5,2,20
94,5,3,100
94,5,4,0
94,5,5,10
94,6,1,6
94,6,2,20
94,6,3,100
94,6,4,0
94,6,5,10
94,7,1,6
94,7,2,20
94,7,3,100
94,7,4,0
94,7,5,10
94,8,1,6
94,8,2,20
94,8,3,100
94,8,4,0
94,8,5,10
94,9,1,5
94,9,2,20
94,9,3,100
94,9,4,0
94,9,5,10
94,10,1,5
94,10,2,20
94,10,3,100
94,10,4,0
94,10,5,10
94,11,1,5
94,11,2,20
94,11,3,100
94,11,4,0
94,11,5,10
94,12,1,4
94,12,2,20
94,12,3,100
94,12,4,0
94,12,5,10
94,13,1,4
94,13,2,20
94,13,3,100
94,13,4,0
94,13,5,10
94,14,1,4
94,14,2,20
94,14,3,100
94,14,4,0
94,14,5,10
94,15,1,3
94,15,2,20
94,15,3,100
94,15,4,0
94,15,5,10
94,16,1,3
94,16,2,20
94,16,3,100
94,16,4,0
94,16,5,10
94,17,1,3
94,17,2,20
94,17,3,100
94,17,4,0
94,17,5,10
94,18,1,2
94,18,2,20
94,18,3,100
94,18,4,0
94,18,5,10
94,19,1,2
94,19,2,20
94,19,3,100
94,19,4,0
94,19,5,10
94,20,1,2
94,20,2,20
94,20,3,100
94,20,4,0
94,20,5,10
94,21,1,1
94,21,2,20
94,21,3,100
94,21,4,0
94,21,5,10
94,22,1,1
94,22,2,20
94,22,3,100
94,22,4,0
94,22,5,10
94,23,1,1
94,23,2,20
94,23,3,100
94,23,4,0
94,23,5,10
94,24,1,0
94,24,2,20
94,24,3,100
94,24,4,0
94,24,5,10
94,25,1,0
94,25,2,20
94,25,3,100
94,25,4,0
94,25,5,10
94,26,1,0
94,26,2,20
94,26,3,100
94,26,4,0
94,26,5,10
95,0,1,8
95,0,2,20
95,0,3,100
95,0,4,0
95,0,5,-180
95,1,1,8
95,1,2,20
95,1,3,100
95,1,4,0
95,1,5,295
95,2,1,8
95,2,2,20
95,2,3,100
95,2,4,0
95,2,5,10
95,3,1,7
95,3,2,20
95,3,3,100
95,3,4,0
95,3,5,10
95,4,1,7
95,4,2,20
95,4,3,100
95,4,4,0
95,4,5,10
95,5,1,7
95,5,2,20
95,5,3,100
95,5,4,0
95,5,5,10
95,6,1,6
95,6,2,20
95,6,3,100
95,6,4,0
95,6,5,10
95,7,1,6
95,7,2,20
95,7,3,100
95,7,4,0
95,7,5,10
95,8,1,6
95,8,2,20
95,8,3,100
95,8,4,0
95,8,5,10
95,9,1,5
95,9,2,20
95,9,3,100
95,9,4,0
95,9,5,10
95,10,1,5
95,10,2,20
95,10,3,100
95,10,4,0
95,10,5,10
95,11,1,5
95,11,2,20
95,11,3,100
95,11,4,0
95,11,5,10
95,12,1,4
95,12,2,20
95,12,3,100
95,12,4,0
95,12,5,10
95,13,1,4
95,13,2,20
95,13,3,100
95,13,4,0
95,13,5,10
95,14,1,4
95,14,2,20
95,14,3,100
95,14,4,0
95,14,5,10
95,15,1,3
95,15,2,20
95,15,3,100
95,15,4,0
95,15,5,10
95,16,1,3
95,16,2,20
95,16,3,100
95,16,4,0
95,16,5,10
95,17,1,3
95,17,2,20
95,17,3,100
95,17,4,0
95,17,5,10
95,18,1,2
95,18,2,20
95,18,3,100
95,18,4,0
95,18,5,10
95,19,1,2
95,19,2,20
95,19,3,100
95,19,4,0
95,19,5,10
95,20,1,2
95,20,2,20
95,20,3,100
95,20,4,0
95,20,5,10
95,21,1,1
95,21,2,20
95,21,3,100
95,21,4,0
95,21,5,10
95,22,1,1
95,22,2,20
95,22,3,100
95,22,4,0
95,22,5,10
95,23,1,1
95,23,2,20
95,23,3,100
95,23,4,0
95,23,5,10
95,24,1,0
95,24,2,20
95,24,3,100
95,24,4,0
95,24,5,10
95,25,1,0
95,25,2,20
95,25,3,100
95,25,4,0
95,25,5,10
95,26,1,0
95,26,2,20
95,26,3,100
95,26,4,0
95,26,5,10
96,0,1,8
96,0,2,20
96,0,3,100
96,0,4,0
96,0,5,-182
96,1,1,8
96,1,2,20
96,1,3,100
96,1,4,0
96,1,5,298
96,2,1,8
96,2,2,20
96,2,3,100
96,2,4,0
96,2,5,10
96,3,1,7
96,3,2,20
96,3,3,100
96,3,4,0
96,3,5,10
96,4,1,7
96,4,2,20
96,4,3,100
96,4,4,0
96,4,5,10
96,5,1,7
96,5,2,20
96,5,3,100
96,5,4,0
96,5,5,10
96,6,1,6
96,6,2,20
96,6,3,100
96,6,4,0
96,6,5,10
96,7,1,6
96,7,2,20
96,7,3,100
96,7,4,0
96,7,5,10
96,8,1,6
96,8,2,20
96,8,3,100
96,8,4,0
96,8,5,10
96,9,1,5
96,9,2,20
96,9,3,100
96,9,4,0
96,9,5,10
96,10,1,5
96,10,2,20
96,10,3,100
96,10,4,0
96,10,5,10
96,11,1,5
96,11,2,20
96,11,3,100
96,11,4,0
96,11,5,10
96,12,1,4
96,12,2,20
96,12,3,100
96,12,4,0
96,12,5,10
96,13,1,4
96,13,2,20
96,13,3,100
96,13,4,0
96,13,5,10
96,14,1,4
96,14,2,20
96,14,3,100
96,14,4,0
96,14,5,10
96,15,1,3
96,15,2,20
96,15,3,100
96,15,4,0
96,15,5,10
96,16,1,3
96,16,2,20
96,16,3,100
96,16,4,0
96,16,5,10
96,17,1,3
96,17,2,20
96,17,3,100
96,17,4,0
96,17,5,10
96,18,1,2
96,18,2,20
96,18,3,100
96,18,4,0
96,18,5,10
96,19,1,2
96,19,2,20
96,19,3,100
96,19,4,0
96,19,5,10
96,20,1,2
96,20,2,20
96,20,3,100
96,20,4,0
96,20,5,10
96,21,1,1
96,21,2,20
96,21,3,100
96,21,4,0
96,21,5,10
96,22,1,1
96,22,2,20
96,22,3,100
96,22,4,0
96,22,5,10
96,23,1,1
96,23,2,20
96,23,3,100
96,23,4,0
96,23,5,10
96,24,1,0
96,24,2,20
96,24,3,100
96,24,4,0
96,24,5,10
96,25,1,0
96,25,2,20
96,25,3,100
96,25,4,0
96,25,5,10
96,26,1,0
96,26,2,20
96,26,3,100
96,26,4,0
96,26,5,10
97,0,1,8
97,0,2,20
97,0,3,100
97,0,4,0
97,0,5,-184
97,1,1,8
97,1,2,20
97,1,3,100
97,1,4,0
97,1,5,301
97,2,1,8
97,2,2,20
97,2,3,100
97,2,4,0
97,2,5,10
97,3,1,7
97,3,2,20
97,3,3,100
97,3,4,0
97,3,5,10
97,4,1,7
97,4,2,20
97,4,3,100
97,4,4,0
97,4,5,10
97,5,1,7
97,5,2,20
97,5,3,100
97,5,4,0
97,5,5,10
97,6,1,6
97,6,2,20
97,6,3,100
97,6,4,0
97,6,5,10
97,7,1,6
97,7,2,20
97,7,3,100
97,7,4,0
97,7,5,10
97,8,1,6
97,8,2,20
97,8,3,100
97,8,4,0
97,8,5,10
97,9,1,5
97,9,2,20
97,9,3,100
97,9,4,0
97,9,5,10
97,10,1,5
97,10,2,20
97,10,3,100
97,10,4,0
97,10,5,10
97,11,1,5
97,11,2,20
97,11,3,100
97,11,4,0
97,11,5,10
97,12,1,4
97,12,2,20
97,12,3,100
97,12,4,0
97,12,5,10
97,13,1,4
97,13,2,20
97,13,3,100
97,13,4,0
97,13,5,10
97,14,1,4
97,14,2,20
97,14,3,100
97,14,4,0
97,14,5,10
97,15,1,3
97,15,2,20
97,15,3,100
97,15,4,0
97,15,5,10
97,16,1,3
97,16,2,20
97,16,3,100
97,16,4,0
97,16,5,10
97,17,1,3
97,17,2,20
97,17,3,100
97,17,4,0
97,17,5,10
97,18,1,2
97,18,2,20
97,18,3,100
97,18,4,0
97,18,5,10
97,19,1,2
97,19,2,20
97,19,3,100
97,19,4,0
97,19,5,10
97,20,1,2
97,20,2,20
97,20,3,100
97,20,4,0
97,20,5,10
97,21,1,1
97,21,2,20
97,21,3,100
97,21,4,0
97,21,5,10
97,22,1,1
97,22,2,20
97,22,3,100
97,22,4,0
97,22,5,10
97,23,1,1
97,23,2,20
97,23,3,100
97,23,4,0
97,23,5,10
97,24,1,0
97,24,2,20
97,24,3,100
97,24,4,0
97,24,5,10
97,25,1,0
97,25,2,20
97,25,3,100
97,25,4,0
97,25,5,10
97,26,1,0
97,26,2,20
97,26,3,100
97,26,4,0
97,26,5,10
98,0,1,8
98,0,2,20
98,0,3,100
98,0,4,0
98,0,5,-186
98,1,1,8
98,1,2,20
98,1,3,100
98,1,4,0
98,1,5,304
98,2,1,8
98,2,2,20
98,2,3,100
98,2,4,0
98,2,5,10
98,3,1,7
98,3,2,20
98,3,3,100
98,3,4,0
98,3,5,10
98,4,1,7
98,4,2,20
98,4,3,100
98,4,4,0
98,4,5,10
98,5,1,7
98,5,2,20
98,5,3,100
98,5,4,0
98,5,5,10
98,6,1,6
98,6,2,20
98,6,3,100
98,6,4,0
98,6,5,10
98,7,1,6
98,7,2,20
98,7,3,100
98,7,4,0
98,7,5,10
98,8,1,6
98,8,2,20
98,8,3,100
98,8,4,0
98,8,5,10
98,9,1,5
98,9,2,20
98,9,3,100
98,9,4,0
98,9,5,10
98,10,1,5
98,10,2,20
98,10,3,100
98,10,4,0
98,10,5,10
98,11,1,5
98,11,2,20
98,11,3,100
98,11,4,0
98,11,5,10
98,12,1,4
98,12,2,20
98,12,3,100
98,12,4,0
98,12,5,10
98,13,1,4
98,13,2,20
98,13,3,100
98,13,4,0
98,13,5,10
98,14,1,4
98,14,2,20
98,14,3,100
98,14,4,0
98,14,5,10
98,15,1,3
98,15,2,20
98,15,3,100
98,15,4,0
98,15,5,10
98,16,1,3
98,16,2,20
98,16,3,100
98,16,4,0
98,16,5,10
98,17,1,3
98,17,2,20
98,17,3,100
98,17,4,0
98,17,5,10
98,18,1,2
98,18,2,20
98,18,3,100
98,18,4,0
98,18,5,10
98,19,1,2
98,19,2,20
98,19,3,100
98,19,4,0
98,19,5,10
98,20,1,2
98,20,2,20
98,20,3,100
98,20,4,0
98,20,5,10
98,21,1,1
98,21,2,20
98,21,3,100
98,21,4,0
98,21,5,10
98,22,1,1
98,22,2,20
98,22,3,100
98,22,4,0
98,22,5,10
98,23,1,1
98,23,2,20
98,23,3,100
98,23,4,0
98,23,5,10
98,24,1,0
98,24,2,20
98,24,3,100
98,24,4,0
98,24,5,10
98,25,1,0
98,25,2,20
98,25,3,100
98,25,4,0
98,25,5,10
98,26,1,0
98,26,2,20
98,26,3,100
98,26,4,0
98,26,5,10
99,0,1,8
99,0,2,20
99,0,3,100
99,0,4,0
99,0,5,-188
99,1,1,8
99,1,2,20
99,1,3,100
99,1,4,0
99,1,5,307
99,2,1,8
99,2,2,20
99,2,3,100
99,2,4,0
99,2,5,10
99,3,1,7
99,3,2,20
99,3,3,100
99,3,4,0
99,3,5,10
99,4,1,7
99,4,2,20
99,4,3,100
99,4,4,0
99,4,5,10
99,5,1,7
99,5,2,20
99,5,3,100
99,5,4,0
99,5,5,10
99,6,1,6
99,6,2,20
99,6,3,100
99,6,4,0
99,6,5,10
99,7,1,6
99,7,2,20
99,7,3,100
99,7,4,0
99,7,5,10
99,8,1,6
99,8,2,20
99,8,3,100
99,8,4,0
99,8,5,10
99,9,1,5
99,9,2,20
99,9,3,100
99,9,4,0
99,9,5,10
99,10,1,5
99,10,2,20
99,10,3,100
99,10,4,0
99,10,5,10
99,11,1,5
99,11,2,20
99,11,3,100
99,11,4,0
99,11,5,10
99,12,1,4
99,12,2,20
99,12,3,100
99,12,4,0
99,12,5,10
99,13,1,4
99,13,2,20
99,13,3,100
99,13,4,0
99,13,5,10
99,14,1,4
99,14,2,20
99,14,3,100
99,14,4,0
99,14,5,10
99,15,1,3
99,15,2,20
99,15,3,100
99,15,4,0
99,15,5,10
99,16,1,3
99,16,2,20
99,16,3,100
99,16,4,0
99,16,5,10
99,17,1,3
99,17,2,20
99,17,3,100
99,17,4,0
99,17,5,10
99,18,1,2
99,18,2,20
99,18,3,100
99,18,4,0
99,18,5,10
99,19,1,2
99,19,2,20
99,19,3,100
99,19,4,0
99,19,5,10
99,20,1,2
99,20,2,20
99,20,3,100
99,20,4,0
99,20,5,10
99,21,1,1
99,21,2,20
99,21,3,100
99,21,4,0
99,21,5,10
99,22,1,1
99,22,2,20
99,22,3,100
99,22,4,0
99,22,5,10
99,23,1,1
99,23,2,20
99,23,3,100
99,23,4,0
99,23,5,10
99,24,1,0
99,24,2,20
99,24,3,100
99,24,4,0
99,24,5,10
99,25,1,0
99,25,2,20
99,25,3,100
99,25,4,0
99,25,5,10
99,26,1,0
99,26,2,20
99,26,3,100
99,26,4,0
99,26,5,10
100,0,1,8
100,0,2,20
100,0,3,100
100,0,4,0
100,0,5,-190
100,1,1,8
100,1,2,20
100,1,3,100
100,1,4,0
100,1,5,310
100,2,1,8
100,2,2,20
100,2,3,100
100,2,4,0
100,2,5,10
100,3,1,7
100,3,2,20
100,3,3,100
100,3,4,0
100,3,5,10
100,4,1,7
100,4,2,20
100,4,3,100
100,4,4,0
100,4,5,10
100,5,1,7
100,5,2,20
100,5,3,100
100,5,4,0
100,5,5,10
100,6,1,6
100,6,2,20
100,6,3,100
100,6,4,0
100,6,5,10
100,7,1,6
100,7,2,20
100,7,3,100
100,7,4,0
100,7,5,10
100,8,1,6
100,8,2,20
100,8,3,100
100,8,4,0
100,8,5,10
100,9,1,5
100,9,2,20
100,9,3,100
100,9,4,0
100,9,5,10
100,10,1,5
100,10,2,20
100,10,3,100
100,10,4,0
100,10,5,10
100,11,1,5
100,11,2,20
100,11,3,100
100,11,4,0
100,11,5,10
100,12,1,4
100,12,2,20
100,12,3,100
100,12,4,0
100,12,5,10
100,13,1,4
100,13,2,20
100,13,3,100
100,13,4,0
100,13,5,10
100,14,1,4
100,14,2,20
100,14,3,100
100,14,4,0
100,14,5,10
100,15,1,3
100,15,2,20
100,15,3,100
100,15,4,0
100,15,5,10
100,16,1,3
100,16,2,20
100,16,3,100
100,16,4,0
100,16,5,10
100,17,1,3
100,17,2,20
100,17,3,100
100,17,4,0
100,17,5,10
100,18,1,2
100,18,2,20
100,18,3,100
100,18,4,0
100,18,5,10
100,19,1,2
100,19,2,20
100,19,3,100
100,19,4,0
100,19,5,10
100,20,1,2
100,20,2,20
100,20,3,100
100,20,4,0
100,20,5,10
100,21,1,1
100,21,2,20
100,21,3,100
100,21,4,0
100,21,5,10
100,22,1,1
100,22,2,20
100,22,3,100
100,22,4,0
100,22,5,10
100,23,1,1
100,23,2,20
100,23,3,100
100,23,4,0
100,23,5,10
100,24,1,0
100,24,2,20
100,24,3,100
100,24,4,0
100,24,5,10
100,25,1,0
100,25,2,20
100,25,3,100
100,25,4,0
100,25,5,10
100,26,1,0
100,26,2,20
100,26,3,100
100,26,4,0
100,26,5,10
101,0,1,8
101,0,2,20
101,0,3,100
101,0,4,0
101,0,5,-192
101,1,1,8
101,1,2,20
101,1,3,100
101,1,4,0
101,1,5,313
101,2,1,8
101,2,2,20
101,2,3,100
101,2,4,0
101,2,5,10
101,3,1,7
101,3,2,20
101,3,3,100
101,3,4,0
101,3,5,10
101,4,1,7
101,4,2,20
101,4,3,100
101,4,4,0
101,4,5,10
101,5,1,7
101,5,2,20
101,5,3,100
101,5,4,0
101,5,5,10
101,6,1,6
101,6,2,20
101,6,3,100
101,6,4,0
101,6,5,10
101,7,1,6
101,7,2,20
101,7,3,100
101,7,4,0
101,7,5,10
101,8,1,6
101,8,2,20
101,8,3,100
101,8,4,0
101,8,5,10
101,9,1,5
101,9,2,20
101,9,3,100
101,9,4,0
101,9,5,10
101,10,1,5
101,10,2,20
101,10,3,100
101,10,4,0
101,10,5,10
101,11,1,5
101,11,2,20
101,11,3,100
101,11,4,0
101,11,5,10
101,12,1,4
101,12,2,20
101,12,3,100
101,12,4,0
101,12,5,10
101,13,1,4
101,13,2,20
101,13,3,100
101,13,4,0
101,13,5,10
101,14,1,4
101,14,2,20
101,14,3,100
101,14,4,0
101,14,5,10
101,15,1,3
101,15,2,20
101,15,3,100
101,15,4,0
101,15,5,10
101,16,1,3
101,16,2,20
101,16,3,100
101,16,4,0
101,16,5,10
101,17,1,3
101,17,2,20
101,17,3,100
101,17,4,0
101,17,5,10
101,18,1,2
101,18,2,20
101,18,3,100
101,18,4,0
101,18,5,10
101,19,1,2
101,19,2,20
101,19,3,100
101,19,4,0
101,19,5,10
101,20,1,2
101,20,2,20
101,20,3,100
101,20,4,0
101,20,5,10
101,21,1,1
101,21,2,20
101,21,3,100
101,21,4,0
101,21,5,10
101,22,1,1
101,22,2,20
101,22,3,100
101,22,4,0
101,22,5,10
101,23,1,1
101,23,2,20
101,23,3,100
101,23,4,0
101,23,5,10
101,24,1,0
101,24,2,20
101,24,3,100
101,24,4,0
101,24,5,10
101,25,1,0
101,25,2,20
101,25,3,100
101,25,4,0
101,25,5,10
101,26,1,0
101,26,2,20
101,26,3,100
101,26,4,0
101,26,5,10
102,0,1,8
102,0,2,20
102,0,3,100
102,0,4,0
102,0,5,-194
102,1,1,8
102,1,2,20
102,1,3,100
102,1,4,0
102,1,5,316
102,2,1,8
102,2,2,20
102,2,3,100
102,2,4,0
102,2,5,10
102,3,1,7
102,3,2,20
102,3,3,100
102,3,4,0
102,3,5,10
102,4,1,7
102,4,2,20
102,4,3,100
102,4,4,0
102,4,5,10
102,5,1,7
102,5,2,20
102,5,3,100
102,5,4,0
102,5,5,10
102,6,1,6
102,6,2,20
102,6,3,100
102,6,4,0
102,6,5,10
102,7,1,6
102,7,2,20
102,7,3,100
102,7,4,0
102,7,5,10
102,8,1,6
102,8,2,20
102,8,3,100
102,8,4,0
102,8,5,10
102,9,1,5
102,9,2,20
102,9,3,100
102,9,4,0
102,9,5,10
102,10,1,5
102,10,2,20
102,10,3,100
102,10,4,0
102,10,5,10
102,11,1,5
102,11,2,20
102,11,3,100
102,11,4,0
102,11,5,10
102,12,1,4
102,12,2,20
102,12,3,100
102,12,4,0
102,12,5,10
102,13,1,4
102,13,2,20
102,13,3,100
102,13,4,0
102,13,5,10
102,14,1,4
102,14,2,20
102,14,3,100
102,14,4,0
102,14,5,10
102,15,1,3
102,15,2,20
102,15,3,100
102,15,4,0
102,15,5,10
102,16,1,3
102,16,2,20
102,16,3,100
102,16,4,0
102,16,5,10
102,17,1,3
102,17,2,20
102,17,3,100
102,17,4,0
102,17,5,10
102,18,1,2
102,18,2,20
102,18,3,100
102,18,4,0
102,18,5,10
102,19,1,2
102,19,2,20
102,19,3,100
102,19,4,0
102,19,5,10
102,20,1,2
102,20,2,20
102,20,3,100
102,20,4,0
102,20,5,10
102,21,1,1
102,21,2,20
102,21,3,100
102,21,4,0
102,21,5,10
102,22,1,1
102,22,2,20
102,22,3,100
102,22,4,0
102,22,5,10
102,23,1,1
102,23,2,20
102,23,3,100
102,23,4,0
102,23,5,10
102,24,1,0
102,24,2,20
102,24,3,100
102,24,4,0
102,24,5,10
102,25,1,0
102,25,2,20
102,25,3,100
102,25,4,0
102,25,5,10
102,26,1,0
102,26,2,20
102,26,3,100
102,26,4,0
102,26,5,10
103,0,1,8
103,0,2,20
103,0,3,100
103,0,4,0
103,0,5,-196
103,1,1,8
103,1,2,20
103,1,3,100
103,1,4,0
103,1,5,319
103,2,1,8
103,2,2,20
103,2,3,100
103,2,4,0
103,2,5,10
103,3,1,7
103,3,2,20
103,3,3,100
103,3,4,0
103,3,5,10
103,4,1,7
103,4,2,20
103,4,3,100
103,4,4,0
103,4,5,10
103,5,1,7
103,5,2,20
103,5,3,100
103,5,4,0
103,5,5,10
103,6,1,6
103,6,2,20
103,6,3,100
103,6,4,0
103,6,5,10
103,7,1,6
103,7,2,20
103,7,3,100
103,7,4,0
103,7,5,10
103,8,1,6
103,8,2,20
103,8,3,100
103,8,4,0
103,8,5,10
103,9,1,5
103,9,2,20
103,9,3,100
103,9,4,0
103,9,5,10
103,10,1,5
103,10,2,20
103,10,3,100
103,10,4,0
103,10,5,10
103,11,1,5
103,11,2,20
103,11,3,100
103,11,4,0
103,11,5,10
103,12,1,4
103,12,2,20
103,12,3,100
103,12,4,0
103,12,5,10
103,13,1,4
103,13,2,20
103,13,3,100
103,13,4,0
103,13,5,10
103,14,1,4
103,14,2,20
103,14,3,100
103,14,4,0
103,14,5,10
103,15,1,3
103,15,2,20
103,15,3,100
103,15,4,0
103,15,5,10
103,16,1,3
103,16,2,20
103,16,3,100
103,16,4,0
103,16,5,10
103,17,1,3
103,17,2,20
103,17,3,100
103,17,4,0
103,17,5,10
103,18,1,2
103,18,2,20
103,18,3,100
103,18,4,0
103,18,5,10
103,19,1,2
103,19,2,20
103,19,3,100
103,19,4,0
103,19,5,10
103,20,1,2
103,20,2,20
103,20,3,100
103,20,4,0
103,20,5,10
103,21,1,1
103,21,2,20
103,21,3,100
103,21,4,0
103,21,5,10
103,22,1,1
103,22,2,20
103,22,3,100
103,22,4,0
103,22,5,10
103,23,1,1
103,23,2,20
103,23,3,100
103,23,4,0
103,23,5,10
103,24,1,0
103,24,2,20
103,24,3,100
103,24,4,0
103,24,5,10
103,25,1,0
103,25,2,20
103,25,3,100
103,25,4,0
103,25,5,10
103,26,1,0
103,26,2,20
103,26,3,100
103,26,4,0
103,26,5,10
104,0,1,8
104,0,2,20
104,0,3,100
104,0,4,0
104,0,5,-198
104,1,1,8
104,1,2,20
104,1,3,100
104,1,4,0
104,1,5,322
104,2,1,8
104,2,2,20
104,2,3,100
104,2,4,0
104,2,5,10
104,3,1,7
104,3,2,20
104,3,3,100
104,3,4,0
104,3,5,10
104,4,1,7
104,4,2,20
104,4,3,100
104,4,4,0
104,4,5,10
104,5,1,7
104,5,2,20
104,5,3,100
104,5,4,0
104,5,5,10
104,6,1,6
104,6,2,20
104,6,3,100
104,6,4,0
104,6,5,10
104,7,1,6
104,7,2,20
104,7,3,100
104,7,4,0
104,7,5,10
104,8,1,6
104,8,2,20
104,8,3,100
104,8,4,0
104,8,5,10
104,9,1,5
104,9,2,20
104,9,3,100
104,9,4,0
104,9,5,10
104,10,1,5
104,10,2,20
104,10,3,100
104,10,4,0
104,10,5,10
104,11,1,5
104,11,2,20
104,11,3,100
104,11,4,0
104,11,5,10
104,12,1,4
104,12,2,20
104,12,3,100
104,12,4,0
104,12,5,10
104,13,1,4
104,13,2,20
104,13,3,100
104,13,4,0
104,13,5,10
104,14,1,4
104,14,2,20
104,14,3,100
104,14,4,0
104,14,5,10
104,15,1,3
104,15,2,20
104,15,3,100
104,15,4,0
104,15,5,10
104,16,1,3
104,16,2,20
104,16,3,100
104,16,4,0
104,16,5,10
104,17,1,3
104,17,2,20
104,17,3,100
104,17,4,0
104,17,5,10
104,18,1,2
104,18,2,20
104,18,3,100
104,18,4,0
104,18,5,10
104,19,1,2
104,19,2,20
104,19,3,100
104,19,4,0
104,19,5,10
104,20,1,2
104,20,2,20
104,20,3,100
104,20,4,0
104,20,5,10
104,21,1,1
104,21,2,20
104,21,3,100
104,21,4,0
104,21,5,10
104,22,1,1
104,22,2,20
104,22,3,100
104,22,4,0
104,22,5,10
104,23,1,1
104,23,2,20
104,23,3,100
104,23,4,0
104,23,5,10
104,24,1,0
104,24,2,20
104,24,3,100
104,24,4,0
104,24,5,10
104,25,1,0
104,25,2,20
104,25,3,100
104,25,4,0
104,25,5,10
104,26,1,0
104,26,2,20
104,26,3,100
104,26,4,0
104,26,5,10
105,0,1,8
105,0,2,20
105,0,3,100
105,0,4,0
105,0,5,-200
105,1,1,8
105,1,2,20
105,1,3,100
105,1,4,0
105,1,5,325
105,2,1,8
105,2,2,20
105,2,3,100
105,2,4,0
105,2,5,10
105,3,1,7
105,3,2,20
105,3,3,100
105,3,4,0
105,3,5,10
105,4,1,7
105,4,2,20
105,4,3,100
105,4,4,0
105,4,5,10
105,5,1,7
105,5,2,20
105,5,3,100
105,5,4,0
105,5,5,10
105,6,1,6
105,6,2,20
105,6,3,100
105,6,4,0
105,6,5,10
105,7,1,6
105,7,2,20
105,7,3,100
105,7,4,0
105,7,5,10
105,8,1,6
105,8,2,20
105,8,3,100
105,8,4,0
105,8,5,10
105,9,1,5
105,9,2,20
105,9,3,100
105,9,4,0
105,9,5,10
105,10,1,5
105,10,2,20
105,10,3,100
105,10,4,0
105,10,5,10
105,11,1,5
105,11,2,20
105,11,3,100
105,11,4,0
105,11,5,10
105,12,1,4
105,12,2,20
105,12,3,100
105,12,4,0
105,12,5,10
105,13,1,4
105,13,2,20
105,13,3,100
105,13,4,0
105,13,5,10
105,14,1,4
105,14,2,20
105,14,3,100
105,14,4,0
105,14,5,10
105,15,1,3
105,15,2,20
105,15,3,100
105,15,4,0
105,15,5,10
105,16,1,3
105,16,2,20
105,16,3,100
105,16,4,0
105,16,5,10
105,17,1,3
105,17,2,20
105,17,3,100
105,17,4,0
105,17,5,10
105,18,1,2
105,18,2,20
105,18,3,100
105,18,4,0
105,18,5,10
105,19,1,2
105,19,2,20
105,19,3,100
105,19,4,0
105,19,5,10
105,20,1,2
105,20,2,20
105,20,3,100
105,20,4,0
105,20,5,10
105,21,1,1
105,21,2,20
105,21,3,100
105,21,4,0
105,21,5,10
105,22,1,1
105,22,2,20
105,22,3,100
105,22,4,0
105,22,5,10
105,23,1,1
105,23,2,20
105,23,3,100
105,23,4,0
105,23,5,10
105,24,1,0
105,24,2,20
105,24,3,100
105,24,4,0
105,24,5,10
105,25,1,0
105,25,2,20
105,25,3,100
105,25,4,0
105,25,5,10
105,26,1,0
105,26,2,20
105,26,3,100
105,26,4,0
105,26,5,10
106,0,1,8
106,0,2,20
106,0,3,100
106,0,4,0
106,0,5,-202
106,1,1,8
106,1,2,20
106,1,3,100
106,1,4,0
106,1,5,328
106,2,1,8
106,2,2,20
106,2,3,100
106,2,4,0
106,2,5,10
106,3,1,7
106,3,2,20
106,3,3,100
106,3,4,0
106,3,5,10
106,4,1,7
106,4,2,20
106,4,3,100
106,4,4,0
106,4,5,10
106,5,1,7
106,5,2,20
106,5,3,100
106,5,4,0
106,5,5,10
106,6,1,6
106,6,2,20
106,6,3,100
106,6,4,0
106,6,5,10
106,7,1,6
106,7,2,20
106,7,3,100
106,7,4,0
106,7,5,10
106,8,1,6
106,8,2,20
106,8,3,100
106,8,4,0
106,8,5,10
106,9,1,5
106,9,2,20
106,9,3,100
106,9,4,0
106,9,5,10
106,10,1,5
106,10,2,20
106,10,3,100
106,10,4,0
106,10,5,10
106,11,1,5
106,11,2,20
106,11,3,100
106,11,4,0
106,11,5,10
106,12,1,4
106,12,2,20
106,12,3,100
106,12,4,0
106,12,5,10
106,13,1,4
106,13,2,20
106,13,3,100
106,13,4,0
106,13,5,10
106,14,1,4
106,14,2,20
106,14,3,100
106,14,4,0
106,14,5,10
106,15,1,3
106,15,2,20
106,15,3,100
106,15,4,0
106,15,5,10
106,16,1,3
106,16,2,20
106,16,3,100
106,16,4,0
106,16,5,10
106,17,1,3
106,17,2,20
106,17,3,100
106,17,4,0
106,17,5,10
106,18,1,2
106,18,2,20
106,18,3,100
106,18,4,0
106,18,5,10
106,19,1,2
106,19,2,20
106,19,3,100
106,19,4,0
106,19,5,10
106,20,1,2
106,20,2,20
106,20,3,100
106,20,4,0
106,20,5,10
106,21,1,1
106,21,2,20
106,21,3,100
106,21,4,0
106,21,5,10
106,22,1,1
106,22,2,20
106,22,3,100
106,22,4,0
106,22,5,10
106,23,1,1
106,23,2,20
106,23,3,100
106,23,4,0
106,23,5,10
106,24,1,0
106,24,2,20
106,24,3,100
106,24,4,0
106,24,5,10
106,25,1,0
106,25,2,20
106,25,3,100
106,25,4,0
106,25,5,10
106,26,1,0
106,26,2,20
106,26,3,100
106,26,4,0
106,26,5,10
107,0,1,8
107,0,2,20
107,0,3,100
107,0,4,0
107,0,5,-204
107,1,1,8
107,1,2,20
107,1,3,100
107,1,4,0
107,1,5,331
107,2,1,8
107,2,2,20
107,2,3,100
107,2,4,0
107,2,5,10
107,3,1,7
107,3,2,20
107,3,3,100
107,3,4,0
107,3,5,10
107,4,1,7
107,4,2,20
107,4,3,100
107,4,4,0
107,4,5,10
107,5,1,7
107,5,2,20
107,5,3,100
107,5,4,0
107,5,5,10
107,6,1,6
107,6,2,20
107,6,3,100
107,6,4,0
107,6,5,10
107,7,1,6
107,7,2,20
107,7,3,100
107,7,4,0
107,7,5,10
107,8,1,6
107,8,2,20
107,8,3,100
107,8,4,0
107,8,5,10
107,9,1,5
107,9,2,20
107,9,3,100
107,9,4,0
107,9,5,10
107,10,1,5
107,10,2,20
107,10,3,100
107,10,4,0
107,10,5,10
107,11,1,5
107,11,2,20
107,11,3,100
107,11,4,0
107,11,5,10
107,12,1,4
107,12,2,20
107,12,3,100
107,12,4,0
107,12,5,10
107,13,1,4
107,13,2,20
107,13,3,100
107,13,4,0
107,13,5,10
107,14,1,4
107,14,2,20
107,14,3,100
107,14,4,0
107,14,5,10
107,15,1,3
107,15,2,20
107,15,3,100
107,15,4,0
107,15,5,10
107,16,1,3
107,16,2,20
107,16,3,100
107,16,4,0
107,16,5,10
107,17,1,3
107,17,2,20
107,17,3,100
107,17,4,0
107,17,5,10
107,18,1,2
107,18,2,20
107,18,3,100
107,18,4,0
107,18,5,10
107,19,1,2
107,19,2,20
107,19,3,100
107,19,4,0
107,19,5,10
107,20,1,2
107,20,2,20
107,20,3,100
107,20,4,0
107,20,5,10
107,21,1,1
107,21,2,20
107,21,3,100
107,21,4,0
107,21,5,10
107,22,1,1
107,22,2,20
107,22,3,100
107,22,4,0
107,22,5,10
107,23,1,1
107,23,2,20
107,23,3,100
107,23,4,0
107,23,5,10
107,24,1,0
107,24,2,20
107,24,3,100
107,24,4,0
107,24,5,10
107,25,1,0
107,25,2,20
107,25,3,100
107,25,4,0
107,25,5,10
107,26,1,0
107,26,2,20
107,26,3,100
107,26,4,0
107,26,5,10
108,0,1,8
108,0,2,20
108,0,3,100
108,0,4,0
108,0,5,-206
108,1,1,8
108,1,2,20
108,1,3,100
108,1,4,0
108,1,5,334
108,2,1,8
108,2,2,20
108,2,3,100
108,2,4,0
108,2,5,10
108,3,1,7
108,3,2,20
108,3,3,100
108,3,4,0
108,3,5,10
108,4,1,7
108,4,2,20
108,4,3,100
108,4,4,0
108,4,5,10
108,5,1,7
108,5,2,20
108,5,3,100
108,5,4,0
108,5,5,10
108,6,1,6
108,6,2,20
108,6,3,100
108,6,4,0
108,6,5,10
108,7,1,6
108,7,2,20
108,7,3,100
108,7,4,0
108,7,5,10
108,8,1,6
108,8,2,20
108,8,3,100
108,8,4,0
108,8,5,10
108,9,1,5
108,9,2,20
108,9,3,100
108,9,4,0
108,9,5,10
108,10,1,5
108,10,2,20
108,10,3,100
108,10,4,0
108,10,5,10
108,11,1,5
108,11,2,20
108,11,3,100
108,11,4,0
108,11,5,10
108,12,1,4
108,12,2,20
108,12,3,100
108,12,4,0
108,12,5,10
108,13,1,4
108,13,2,20
108,13,3,100
108,13,4,0
108,13,5,10
108,14,1,4
108,14,2,20
108,14,3,100
108,14,4,0
108,14,5,10
108,15,1,3
108,15,2,20
108,15,3,100
108,15,4,0
108,15,5,10
108,16,1,3
108,16,2,20
108,16,3,100
108,16,4,0
108,16,5,10
108,17,1,3
108,17,2,20
108,17,3,100
108,17,4,0
108,17,5,10
108,18,1,2
108,18,2,20
108,18,3,100
108,18,4,0
108,18,5,10
108,19,1,2
108,19,2,20
108,19,3,100
108,19,4,0
108,19,5,10
108,20,1,2
108,20,2,20
108,20,3,100
108,20,4,0
108,20,5,10
108,21,1,1
108,21,2,20
108,21,3,100
108,21,4,0
108,21,5,10
108,22,1,1
108,22,2,20
108,22,3,100
108,22,4,0
108,22,5,10
108,23,1,1
108,23,2,20
108,23,3,100
108,23,4,0
108,23,5,10
108,24,1,0
108,24,2,20
108,24,3,100
108,24,4,0
108,24,5,10
108,25,1,0
108,25,2,20
108,25,3,100
108,25,4,0
108,25,5,10
108,26,1,0
108,26,2,20
108,26,3,100
108,26,4,0
108,26,5,10
109,0,1,8
109,0,2,20
109,0,3,100
109,0,4,0
109,0,5,-208
109,1,1,8
109,1,2,20
109,1,3,100
109,1,4,0
109,1,5,337
109,2,1,8
109,2,2,20
109,2,3,100
109,2,4,0
109,2,5,10
109,3,1,7
109,3,2,20
109,3,3,100
109,3,4,0
109,3,5,10
109,4,1,7
109,4,2,20
109,4,3,100
109,4,4,0
109,4,5,10
109,5,1,7
109,5,2,20
109,5,3,100
109,5,4,0
109,5,5,10
109,6,1,6
109,6,2,20
109,6,3,100
109,6,4,0
109,6,5,10
109,7,1,6
109,7,2,20
109,7,3,100
109,7,4,0
109,7,5,10
109,8,1,6
109,8,2,20
109,8,3,100
109,8,4,0
109,8,5,10
109,9,1,5
109,9,2,20
109,9,3,100
109,9,4,0
109,9,5,10
109,10,1,5
109,10,2,20
109,10,3,100
109,10,4,0
109,10,5,10
109,11,1,5
109,11,2,20
109,11,3,100
109,11,4,0
109,11,5,10
109,12,1,4
109,12,2,20
109,12,3,100
109,12,4,0
109,12,5,10
109,13,1,4
109,13,2,20
109,13,3,100
109,13,4,0
109,13,5,10
109,14,1,4
109,14,2,20
109,14,3,100
109,14,4,0
109,14,5,10
109,15,1,3
109,15,2,20
109,15,3,100
109,15,4,0
109,15,5,10
109,16,1,3
109,16,2,20
109,16,3,100
109,16,4,0
109,16,5,10
109,17,1,3
109,17,2,20
109,17,3,100
109,17,4,0
109,17,5,10
109,18,1,2
109,18,2,20
109,18,3,100
109,18,4,0
109,18,5,10
109,19,1,2
109,19,2,20
109,19,3,100
109,19,4,0
109,19,5,10
109,20,1,2
109,20,2,20
109,20,3,100
109,20,4,0
109,20,5,10
109,21,1,1
109,21,2,20
109,21,3,100
109,21,4,0
109,21,5,10
109,22,1,1
109,22,2,20
109,22,3,100
109,22,4,0
109,22,5,10
109,23,1,1
109,23,2,20
109,23,3,100
109,23,4,0
109,23,5,10
109,24,1,0
109,24,2,20
109,24,3,100
109,24,4,0
109,24,5,10
109,25,1,0
109,25,2,20
109,25,3,100
109,25,4,0
109,25,5,10
109,26,1,0
109,26,2,20
109,26,3,100
109,26,4,0
109,26,5,10
110,0,1,8
110,0,2,20
110,0,3,100
110,0,4,0
110,0,5,-210
110,1,1,8
110,1,2,20
110,1,3,100
110,1,4,0
110,1,5,340
110,2,1,8
110,2,2,20
110,2,3,100
110,2,4,0
110,2,5,10
110,3,1,7
110,3,2,20
110,3,3,100
110,3,4,0
110,3,5,10
110,4,1,7
110,4,2,20
110,4,3,100
110,4,4,0
110,4,5,10
110,5,1,7
110,5,2,20
110,5,3,100
110,5,4,0
110,5,5,10
110,6,1,6
110,6,2,20
110,6,3,100
110,6,4,0
110,6,5,10
110,7,1,6
110,7,2,20
110,7,3,100
110,7,4,0
110,7,5,10
110,8,1,6
110,8,2,20
110,8,3,100
110,8,4,0
110,8,5,10
110,9,1,5
110,9,2,20
110,9,3,100
110,9,4,0
110,9,5,10
110,10,1,5
110,10,2,20
110,10,3,100
110,10,4,0
110,10,5,10
110,11,1,5
110,11,2,20
110,11,3,100
110,11,4,0
110,11,5,10
110,12,1,4
110,12,2,20
110,12,3,100
110,12,4,0
110,12,5,10
110,13,1,4
110,13,2,20
110,13,3,100
110,13,4,0
110,13,5,10
110,14,1,4
110,14,2,20
110,14,3,100
110,14,4,0
110,14,5,10
110,15,1,3
110,15,2,20
110,15,3,100
110,15,4,0
110,15,5,10
110,16,1,3
110,16,2,20
110,16,3,100
110,16,4,0
110,16,5,10
110,17,1,3
110,17,2,20
110,17,3,100
110,17,4,0
110,17,5,10
110,18,1,2
110,18,2,20
110,18,3,100
110,18,4,0
110,18,5,10
110,19,1,2
110,19,2,20
110,19,3,100
110,19,4,0
110,19,5,10
110,20,1,2
110,20,2,20
110,20,3,100
110,20,4,0
110,20,5,10
110,21,1,1
110,21,2,20
110,21,3,100
110,21,4,0
110,21,5,10
110,22,1,1
110,22,2,20
110,22,3,100
110,22,4,0
110,22,5,10
110,23,1,1
110,23,2,20
110,23,3,100
110,23,4,0
110,23,5,10
110,24,1,0
110,24,2,20
110,24,3,100
110,24,4,0
110,24,5,10
110,25,1,0
110,25,2,20
110,25,3,100
110,25,4,0
110,25,5,10
110,26,1,0
110,26,2,20
110,26,3,100
110,26,4,0
110,26,5,10
111,0,1,8
111,0,2,20
111,0,3,100
111,0,4,0
111,0,5,-212
111,1,1,8
111,1,2,20
111,1,3,100
111,1,4,0
111,1,5,343
111,2,1,8
111,2,2,20
111,2,3,100
111,2,4,0
111,2,5,10
111,3,1,7
111,3,2,20
111,3,3,100
111,3,4,0
111,3,5,10
111,4,1,7
111,4,2,20
111,4,3,100
111,4,4,0
111,4,5,10
111,5,1,7
111,5,2,20
111,5,3,100
111,5,4,0
111,5,5,10
111,6,1,6
111,6,2,20
111,6,3,100
111,6,4,0
111,6,5,10
111,7,1,6
111,7,2,20
111,7,3,100
111,7,4,0
111,7,5,10
111,8,1,6
111,8,2,20
111,8,3,100
111,8,4,0
111,8,5,10
111,9,1,5
111,9,2,20
111,9,3,100
111,9,4,0
111,9,5,10
111,10,1,5
111,10,2,20
111,10,3,100
111,10,4,0
111,10,5,10
111,11,1,5
111,11,2,20
111,11,3,100
111,11,4,0
111,11,5,10
111,12,1,4
111,12,2,20
111,12,3,100
111,12,4,0
111,12,5,10
111,13,1,4
111,13,2,20
111,13,3,100
111,13,4,0
111,13,5,10
111,14,1,4
111,14,2,20
111,14,3,100
111,14,4,0
111,14,5,10
111,15,1,3
111,15,2,20
111,15,3,100
111,15,4,0
111,15,5,10
111,16,1,3
111,16,2,20
111,16,3,100
111,16,4,0
111,16,5,10
111,17,1,3
111,17,2,20
111,17,3,100
111,17,4,0
111,17,5,10
111,18,1,2
111,18,2,20
111,18,3,100
111,18,4,0
111,18,5,10
111,19,1,2
111,19,2,20
111,19,3,100
111,19,4,0
111,19,5,10
111,20,1,2
111,20,2,20
111,20,3,100
111,20,4,0
111,20,5,10
111,21,1,1
111,21,2,20
111,21,3,100
111,21,4,0
111,21,5,10
111,22,1,1
111,22,2,20
111,22,3,100
111,22,4,0
111,22,5,10
111,23,1,1
111,23,2,20
111,23,3,100
111,23,4,0
111,23,5,10
111,24,1,0
111,24,2,20
111,24,3,100
111,24,4,0
111,24,5,10
111,25,1,0
111,25,2,20
111,25,3,100
111,25,4,0
111,25,5,10
111,26,1,0
111,26,2,20
111,26,3,100
111,26,4,0
111,26,5,10
112,0,1,8
112,0,2,20
112,0,3,100
112,0,4,0
112,0,5,-214
112,1,1,8
112,1,2,20
112,1,3,100
112,1,4,0
112,1,5,346
112,2,1,8
112,2,2,20
112,2,3,100
112,2,4,0
112,2,5,10
112,3,1,7
112,3,2,20
112,3,3,100
112,3,4,0
112,3,5,10
112,4,1,7
112,4,2,20
112,4,3,100
112,4,4,0
112,4,5,10
112,5,1,7
112,5,2,20
112,5,3,100
112,5,4,0
112,5,5,10
112,6,1,6
112,6,2,20
112,6,3,100
112,6,4,0
112,6,5,10
112,7,1,6
112,7,2,20
112,7,3,100
112,7,4,0
112,7,5,10
112,8,1,6
112,8,2,20
112,8,3,100
112,8,4,0
112,8,5,10
112,9,1,5
112,9,2,20
112,9,3,100
112,9,4,0
112,9,5,10
112,10,1,5
112,10,2,20
112,10,3,100
112,10,4,0
112,10,5,10
112,11,1,5
112,11,2,20
112,11,3,100
112,11,4,0
112,11,5,10
112,12,1,4
112,12,2,20
112,12,3,100
112,12,4,0
112,12,5,10
112,13,1,4
112,13,2,20
112,13,3,100
112,13,4,0
112,13,5,10
112,14,1,4
112,14,2,20
112,14,3,100
112,14,4,0
112,14,5,10
112,15,1,3
112,15,2,20
112,15,3,100
112,15,4,0
112,15,5,10
112,16,1,3
112,16,2,20
112,16,3,100
112,16,4,0
112,16,5,10
112,17,1,3
112,17,2,20
112,17,3,100
112,17,4,0
112,17,5,10
112,18,1,2
112,18,2,20
112,18,3,100
112,18,4,0
112,18,5,10
112,19,1,2
112,19,2,20
112,19,3,100
112,19,4,0
112,19,5,10
112,20,1,2
112,20,2,20
112,20,3,100
112,20,4,0
112,20,5,10
112,21,1,1
112,21,2,20
112,21,3,100
112,21,4,0
112,21,5,10
112,22,1,1
112,22,2,20
112,22,3,100
112,22,4,0
112,22,5,10
112,23,1,1
112,23,2,20
112,23,3,100
112,23,4,0
112,23,5,10
112,24,1,0
112,24,2,20
112,24,3,100
112,24,4,0
112,24,5,10
112,25,1,0
112,25,2,20
112,25,3,100
112,25,4,0
112,25,5,10
112,26,1,0
112,26,2,20
112,26,3,100
112,26,4,0
112,26,5,10
113,0,1,8
113,0,2,20
113,0,3,100
113,0,4,0
113,0,5,-216
113,1,1,8
113,1,2,20
113,1,3,100
113,1,4,0
113,1,5,349
113,2,1,8
113,2,2,20
113,2,3,100
113,2,4,0
113,2,5,10
113,3,1,7
113,3,2,20
113,3,3,100
113,3,4,0
113,3,5,10
113,4,1,7
113,4,2,20
113,4,3,100
113,4,4,0
113,4,5,10
113,5,1,7
113,5,2,20
113,5,3,100
113,5,4,0
113,5,5,10
113,6,1,6
113,6,2,20
113,6,3,100
113,6,4,0
113,6,5,10
113,7,1,6
113,7,2,20
113,7,3,100
113,7,4,0
113,7,5,10
113,8,1,6
113,8,2,20
113,8,3,100
113,8,4,0
113,8,5,10
113,9,1,5
113,9,2,20
113,9,3,100
113,9,4,0
113,9,5,10
113,10,1,5
113,10,2,20
113,10,3,100
113,10,4,0
113,10,5,10
113,11,1,5
113,11,2,20
113,11,3,100
113,11,4,0
113,11,5,10
113,12,1,4
113,12,2,20
113,12,3,100
113,12,4,0
113,12,5,10
113,13,1,4
113,13,2,20
113,13,3,100
113,13,4,0
113,13,5,10
113,14,1,4
113,14,2,20
113,14,3,100
113,14,4,0
113,14,5,10
113,15,1,3
113,15,2,20
113,15,3,100
113,15,4,0
113,15,5,10
113,16,1,3
113,16,2,20
113,16,3,100
113,16,4,0
113,16,5,10
113,17,1,3
113,17,2,20
113,17,3,100
113,17,4,0
113,17,5,10
113,18,1,2
113,18,2,20
113,18,3,100
113,18,4,0
113,18,5,10
113,19,1,2
113,19,2,20
113,19,3,100
113,19,4,0
113,19,5,10
113,20,1,2
113,20,2,20
113,20,3,100
113,20,4,0
113,20,5,10
113,21,1,1
113,21,2,20
113,21,3,100
113,21,4,0
113,21,5,10
113,22,1,1
113,22,2,20
113,22,3,100
113,22,4,0
113,22,5,10
113,23,1,1
113,23,2,20
113,23,3,100
113,23,4,0
113,23,5,10
113,24,1,0
113,24,2,20
113,24,3,100
113,24,4,0
113,24,5,10
113,25,1,0
113,25,2,20
113,25,3,100
113,25,4,0
113,25,5,10
113,26,1,0
113,26,2,20
113,26,3,100
113,26,4,0
113,26,5,10
114,0,1,8
114,0,2,20
114,0,3,100
114,0,4,0
114,0,5,-218
114,1,1,8
114,1,2,20
114,1,3,100
114,1,4,0
114,1,5,352
114,2,1,8
114,2,2,20
114,2,3,100
114,2,4,0
114,2,5,10
114,3,1,7
114,3,2,20
114,3,3,100
114,3,4,0
114,3,5,10
114,4,1,7
114,4,2,20
114,4,3,100
114,4,4,0
114,4,5,10
114,5,1,7
114,5,2,20
114,5,3,100
114,5,4,0
114,5,5,10
114,6,1,6
114,6,2,20
114,6,3,100
114,6,4,0
114,6,5,10
114,7,1,6
114,7,2,20
114,7,3,100
114,7,4,0
114,7,5,10
114,8,1,6
114,8,2,20
114,8,3,100
114,8,4,0
114,8,5,10
114,9,1,5
114,9,2,20
114,9,3,100
114,9,4,0
114,9,5,10
114,10,1,5
114,10,2,20
114,10,3,100
114,10,4,0
114,10,5,10
114,11,1,5
114,11,2,20
114,11,3,100
114,11,4,0
114,11,5,10
114,12,1,4
114,12,2,20
114,12,3,100
114,12,4,0
114,12,5,10
114,13,1,4
114,13,2,20
114,13,3,100
114,13,4,0
114,13,5,10
114,14,1,4
114,14,2,20
114,14,3,100
114,14,4,0
114,14,5,10
114,15,1,3
114,15,2,20
114,15,3,100
114,15,4,0
114,15,5,10
114,16,1,3
114,16,2,20
114,16,3,100
114,16,4,0
114,16,5,10
114,17,1,3
114,17,2,20
114,17,3,100
114,17,4,0
114,17,5,10
114,18,1,2
114,18,2,20
114,18,3,100
114,18,4,0
114,18,5,10
114,19,1,2
114,19,2,20
114,19,3,100
114,19,4,0
114,19,5,10
114,20,1,2
114,20,2,20
114,20,3,100
114,20,4,0
114,20,5,10
114,21,1,1
114,21,2,20
114,21,3,100
114,21,4,0
114,21,5,10
114,22,1,1
114,22,2,20
114,22,3,100
114,22,4,0
114,22,5,10
114,23,1,1
114,23,2,20
114,23,3,100
114,23,4,0
114,23,5,10
114,24,1,0
114,24,2,20
114,24,3,100
114,24,4,0
114,24,5,10
114,25,1,0
114,25,2,20
114,25,3,100
114,25,4,0
114,25,5,10
114,26,1,0
114,26,2,20
114,26,3,100
114,26,4,0
114,26,5,10
115,0,1,8
115,0,2,20
115,0,3,100
115,0,4,0
115,0,5,-220
115,1,1,8
115,1,2,20
115,1,3,100
115,1,4,0
115,1,5,355
115,2,1,8
115,2,2,20
115,2,3,100
115,2,4,0
115,2,5,10
115,3,1,7
115,3,2,20
115,3,3,100
115,3,4,0
115,3,5,10
115,4,1,7
115,4,2,20
115,4,3,100
115,4,4,0
115,4,5,10
115,5,1,7
115,5,2,20
115,5,3,100
115,5,4,0
115,5,5,10
115,6,1,6
115,6,2,20
115,6,3,100
115,6,4,0
115,6,5,10
115,7,1,6
115,7,2,20
115,7,3,100
115,7,4,0
115,7,5,10
115,8,1,6
115,8,2,20
115,8,3,100
115,8,4,0
115,8,5,10
115,9,1,5
115,9,2,20
115,9,3,100
115,9,4,0
115,9,5,10
115,10,1,5
115,10,2,20
115,10,3,100
115,10,4,0
115,10,5,10
115,11,1,5
115,11,2,20
115,11,3,100
115,11,4,0
115,11,5,10
115,12,1,4
115,12,2,20
115,12,3,100
115,12,4,0
115,12,5,10
115,13,1,4
115,13,2,20
115,13,3,100
115,13,4,0
115,13,5,10
115,14,1,4
115,14,2,20
115,14,3,100
115,14,4,0
115,14,5,10
115,15,1,3
115,15,2,20
115,15,3,100
115,15,4,0
115,15,5,10
115,16,1,3
115,16,2,20
115,16,3,100
115,16,4,0
115,16,5,10
115,17,1,3
115,17,2,20
115,17,3,100
115,17,4,0
115,17,5,10
115,18,1,2
115,18,2,20
115,18,3,100
115,18,4,0
115,18,5,10
115,19,1,2
115,19,2,20
115,19,3,100
115,19,4,0
115,19,5,10
115,20,1,2
115,20,2,20
115,20,3,100
115,20,4,0
115,20,5,10
115,21,1,1
115,21,2,20
115,21,3,100
115,21,4,0
115,21,5,10
115,22,1,1
115,22,2,20
115,22,3,100
115,22,4,0
115,22,5,10
115,23,1,1
115,23,2,20
115,23,3,100
115,23,4,0
115,23,5,10
115,24,1,0
115,24,2,20
115,24,3,100
115,24,4,0
115,24,5,10
115,25,1,0
115,25,2,20
115,25,3,100
115,25,4,0
115,25,5,10
115,26,1,0
115,26,2,20
115,26,3,100
115,26,4,0
115,26,5,10
116,0,1,8
116,0,2,20
116,0,3,100
116,0,4,0
116,0,5,-222
116,1,1,8
116,1,2,20
116,1,3,100
116,1,4,0
116,1,5,358
116,2,1,8
116,2,2,20
116,2,3,100
116,2,4,0
116,2,5,10
116,3,1,7
116,3,2,20
116,3,3,100
116,3,4,0
116,3,5,10
116,4,1,7
116,4,2,20
116,4,3,100
116,4,4,0
116,4,5,10
116,5,1,7
116,5,2,20
116,5,3,100
116,5,4,0
116,5,5,10
116,6,1,6
116,6,2,20
116,6,3,100
116,6,4,0
116,6,5,10
116,7,1,6
116,7,2,20
116,7,3,100
116,7,4,0
116,7,5,10
116,8,1,6
116,8,2,20
116,8,3,100
116,8,4,0
116,8,5,10
116,9,1,5
116,9,2,20
116,9,3,100
116,9,4,0
116,9,5,10
116,10,1,5
116,10,2,20
116,10,3,100
116,10,4,0
116,10,5,10
116,11,1,5
116,11,2,20
116,11,3,100
116,11,4,0
116,11,5,10
116,12,1,4
116,12,2,20
116,12,3,100
116,12,4,0
116,12,5,10
116,13,1,4
116,13,2,20
116,13,3,100
116,13,4,0
116,13,5,10
116,14,1,4
116,14,2,20
116,14,3,100
116,14,4,0
116,14,5,10
116,15,1,3
116,15,2,20
116,15,3,100
116,15,4,0
116,15,5,10
116,16,1,3
116,16,2,20
116,16,3,100
116,16,4,0
116,16,5,10
116,17,1,3
116,17,2,20
116,17,3,100
116,17,4,0
116,17,5,10
116,18,1,2
116,18,2,20
116,18,3,100
116,18,4,0
116,18,5,10
116,19,1,2
116,19,2,20
116,19,3,100
116,19,4,0
116,19,5,10
116,20,1,2
116,20,2,20
116,20,3,100
116,20,4,0
116,20,5,10
116,21,1,1
116,21,2,20
116,21,3,100
116,21,4,0
116,21,5,10
116,22,1,1
116,22,2,20
116,22,3,100
116,22,4,0
116,22,5,10
116,23,1,1
116,23,2,20
116,23,3,100
116,23,4,0
116,23,5,10
116,24,1,0
116,24,2,20
116,24,3,100
116,24,4,0
116,24,5,10
116,25,1,0
116,25,2,20
116,25,3,100
116,25,4,0
116,25,5,10
116,26,1,0
116,26,2,20
116,26,3,100
116,26,4,0
116,26,5,10
117,0,1,8
117,0,2,20
117,0,3,100
117,0,4,0
117,0,5,-224
117,1,1,8
117,1,2,20
117,1,3,100
117,1,4,0
117,1,5,361
117,2,1,8
117,2,2,20
117,2,3,100
117,2,4,0
117,2,5,10
117,3,1,7
117,3,2,20
117,3,3,100
117,3,4,0
117,3,5,10
117,4,1,7
117,4,2,20
117,4,3,100
117,4,4,0
117,4,5,10
117,5,1,7
117,5,2,20
117,5,3,100
117,5,4,0
117,5,5,10
117,6,1,6
117,6,2,20
117,6,3,100
117,6,4,0
117,6,5,10
117,7,1,6
117,7,2,20
117,7,3,100
117,7,4,0
117,7,5,10
117,8,1,6
117,8,2,20
117,8,3,100
117,8,4,0
117,8,5,10
117,9,1,5
117,9,2,20
117,9,3,100
117,9,4,0
117,9,5,10
117,10,1,5
117,10,2,20
117,10,3,100
117,10,4,0
117,10,5,10
117,11,1,5
117,11,2,20
117,11,3,100
117,11,4,0
117,11,5,10
117,12,1,4
117,12,2,20
117,12,3,100
117,12,4,0
117,12,5,10
117,13,1,4
117,13,2,20
117,13,3,100
117,13,4,0
117,13,5,10
117,14,1,4
117,14,2,20
117,14,3,100
117,14,4,0
117,14,5,10
117,15,1,3
117,15,2,20
117,15,3,100
117,15,4,0
117,15,5,10
117,16,1,3
117,16,2,20
117,16,3,100
117,16,4,0
117,16,5,10
117,17,1,3
117,17,2,20
117,17,3,100
117,17,4,0
117,17,5,10
117,18,1,2
117,18,2,20
117,18,3,100
117,18,4,0
117,18,5,10
117,19,1,2
117,19,2,20
117,19,3,100
117,19,4,0
117,19,5,10
117,20,1,2
117,20,2,20
117,20,3,100
117,20,4,0
117,20,5,10
117,21,1,1
117,21,2,20
117,21,3,100
117,21,4,0
117,21,5,10
117,22,1,1
117,22,2,20
117,22,3,100
117,22,4,0
117,22,5,10
117,23,1,1
117,23,2,20
117,23,3,100
117,23,4,0
117,23,5,10
117,24,1,0
117,24,2,20
117,24,3,100
117,24,4,0
117,24,5,10
117,25,1,0
117,25,2,20
117,25,3,100
117,25,4,0
117,25,5,10
117,26,1,0
117,26,2,20
117,26,3,100
117,26,4,0
117,26,5,10
118,0,1,8
118,0,2,20
118,0,3,100
118,0,4,0
118,0,5,-226
118,1,1,8
118,1,2,20
118,1,3,100
118,1,4,0
118,1,5,364
118,2,1,8
118,2,2,20
118,2,3,100
118,2,4,0
118,2,5,10
118,3,1,7
118,3,2,20
118,3,3,100
118,3,4,0
118,3,5,10
118,4,1,7
118,4,2,20
118,4,3,100
118,4,4,0
118,4,5,10
118,5,1,7
118,5,2,20
118,5,3,100
118,5,4,0
118,5,5,10
118,6,1,6
118,6,2,20
118,6,3,100
118,6,4,0
118,6,5,10
118,7,1,6
118,7,2,20
118,7,3,100
118,7,4,0
118,7,5,10
118,8,1,6
118,8,2,20
118,8,3,100
118,8,4,0
118,8,5,10
118,9,1,5
118,9,2,20
118,9,3,100
118,9,4,0
118,9,5,10
118,10,1,5
118,10,2,20
118,10,3,100
118,10,4,0
118,10,5,10
118,11,1,5
118,11,2,20
118,11,3,100
118,11,4,0
118,11,5,10
118,12,1,4
118,12,2,20
118,12,3,100
118,12,4,0
118,12,5,10
118,13,1,4
118,13,2,20
118,13,3,100
118,13,4,0
118,13,5,10
118,14,1,4
118,14,2,20
118,14,3,100
118,14,4,0
118,14,5,10
118,15,1,3
118,15,2,20
118,15,3,100
118,15,4,0
118,15,5,10
118,16,1,3
118,16,2,20
118,16,3,100
118,16,4,0
118,16,5,10
118,17,1,3
118,17,2,20
118,17,3,100
118,17,4,0
118,17,5,10
118,18,1,2
118,18,2,20
118,18,3,100
118,18,4,0
118,18,5,10
118,19,1,2
118,19,2,20
118,19,3,100
118,19,4,0
118,19,5,10
118,20,1,2
118,20,2,20
118,20,3,100
118,20,4,0
118,20,5,10
118,21,1,1
118,21,2,20
118,21,3,100
118,21,4,0
118,21,5,10
118,22,1,1
118,22,2,20
118,22,3,100
118,22,4,0
118,22,5,10
118,23,1,1
118,23,2,20
118,23,3,100
118,23,4,0
118,23,5,10
118,24,1,0
118,24,2,20
118,24,3,100
118,24,4,0
118,24,5,10
118,25,1,0
118,25,2,20
118,25,3,100
118,25,4,0
118,25,5,10
118,26,1,0
118,26,2,20
118,26,3,100
118,26,4,0
118,26,5,10
119,0,1,8
119,0,2,20
119,0,3,100
119,0,4,0
119,0,5,-228
119,1,1,8
119,1,2,20
119,1,3,100
119,1,4,0
119,1,5,367
119,2,1,8
119,2,2,20
119,2,3,100
119,2,4,0
119,2,5,10
119,3,1,7
119,3,2,20
119,3,3,100
119,3,4,0
119,3,5,10
119,4,1,7
119,4,2,20
119,4,3,100
119,4,4,0
119,4,5,10
119,5,1,7
119,5,2,20
119,5,3,100
119,5,4,0
119,5,5,10
119,6,1,6
119,6,2,20
119,6,3,100
119,6,4,0
119,6,5,10
119,7,1,6
119,7,2,20
119,7,3,100
119,7,4,0
119,7,5,10
119,8,1,6
119,8,2,20
119,8,3,100
119,8,4,0
119,8,5,10
119,9,1,5
119,9,2,20
119,9,3,100
119,9,4,0
119,9,5,10
119,10,1,5
119,10,2,20
119,10,3,100
119,10,4,0
119,10,5,10
119,11,1,5
119,11,2,20
119,11,3,100
119,11,4,0
119,11,5,10
119,12,1,4
119,12,2,20
119,12,3,100
119,12,4,0
119,12,5,10
119,13,1,4
119,13,2,20
119,13,3,100
119,13,4,0
119,13,5,10
119,14,1,4
119,14,2,20
119,14,3,100
119,14,4,0
119,14,5,10
119,15,1,3
119,15,2,20
119,15,3,100
119,15,4,0
119,15,5,10
119,16,1,3
119,16,2,20
119,16,3,100
119,16,4,0
119,16,5,10
119,17,1,3
119,17,2,20
119,17,3,100
119,17,4,0
119,17,5,10
119,18,1,2
119,18,2,20
119,18,3,100
119,18,4,0
119,18,5,10
119,19,1,2
119,19,2,20
119,19,3,100
119,19,4,0
119,19,5,10
119,20,1,2
119,20,2,20
119,20,3,100
119,20,4,0
119,20,5,10
119,21,1,1
119,21,2,20
119,21,3,100
119,21,4,0
119,21,5,10
119,22,1,1
119,22,2,20
119,22,3,100
119,22,4,0
119,22,5,10
119,23,1,1
119,23,2,20
119,23,3,100
119,23,4,0
119,23,5,10
119,24,1,0
119,24,2,20
119,24,3,100
119,24,4,0
119,24,5,10
119,25,1,0
119,25,2,20
119,25,3,100
119,25,4,0
119,25,5,10
119,26,1,0
119,26,2,20
119,26,3,100
119,26,4,0
119,26,5,10
120,0,1,8
120,0,2,20
120,0,3,100
120,0,4,0
120,0,5,-230
120,1,1,8
120,1,2,20
120,1,3,100
120,1,4,0
120,1,5,370
120,2,1,8
120,2,2,20
120,2,3,100
120,2,4,0
120,2,5,10
120,3,1,7
120,3,2,20
120,3,3,100
120,3,4,0
120,3,5,10
120,4,1,7
120,4,2,20
120,4,3,100
120,4,4,0
120,4,5,10
120,5,1,7
120,5,2,20
120,5,3,100
120,5,4,0
120,5,5,10
120,6,1,6
120,6,2,20
120,6,3,100
120,6,4,0
120,6,5,10
120,7,1,6
120,7,2,20
120,7,3,100
120,7,4,0
120,7,5,10
120,8,1,6
120,8,2,20
120,8,3,100
120,8,4,0
120,8,5,10
120,9,1,5
120,9,2,20
120,9,3,100
120,9,4,0
120,9,5,10
120,10,1,5
120,10,2,20
120,10,3,100
120,10,4,0
120,10,5,10
120,11,1,5
120,11,2,20
120,11,3,100
120,11,4,0
120,11,5,10
120,12,1,4
120,12,2,20
120,12,3,100
120,12,4,0
120,12,5,10
120,13,1,4
120,13,2,20
120,13,3,100
120,13,4,0
120,13,5,10
120,14,1,4
120,14,2,20
120,14,3,100
120,14,4,0
120,14,5,10
120,15,1,3
120,15,2,20
120,15,3,100
120,15,4,0
120,15,5,10
120,16,1,3
120,16,2,20
120,16,3,100
120,16,4,0
120,16,5,10
120,17,1,3
120,17,2,20
120,17,3,100
120,17,4,0
120,17,5,10
120,18,1,2
120,18,2,20
120,18,3,100
120,18,4,0
120,18,5,10
120,19,1,2
120,19,2,20
120,19,3,100
120,19,4,0
120,19,5,10
120,20,1,2
120,20,2,20
120,20,3,100
120,20,4,0
120,20,5,10
120,21,1,1
120,21,2,20
120,21,3,100
120,21,4,0
120,21,5,10
120,22,1,1
120,22,2,20
120,22,3,100
120,22,4,0
120,22,5,10
120,23,1,1
120,23,2,20
120,23,3,100
120,23,4,0
120,23,5,10
120,24,1,0
120,24,2,20
120,24,3,100
120,24,4,0
120,24,5,10
120,25,1,0
120,25,2,20
120,25,3,100
120,25,4,0
120,25,5,10
120,26,1,0
120,26,2,20
120,26,3,100
120,26,4,0
120,26,5,10
121,0,1,8
121,0,2,20
121,0,3,100
121,0,4,0
121,0,5,-232
121,1,1,8
121,1,2,20
121,1,3,100
121,1,4,0
121,1,5,373
121,2,1,8
121,2,2,20
121,2,3,100
121,2,4,0
121,2,5,10
121,3,1,7
121,3,2,20
121,3,3,100
121,3,4,0
121,3,5,10
121,4,1,7
121,4,2,20
121,4,3,100
121,4,4,0
121,4,5,10
121,5,1,7
121,5,2,20
121,5,3,100
121,5,4,0
121,5,5,10
121,6,1,6
121,6,2,20
121,6,3,100
121,6,4,0
121,6,5,10
121,7,1,6
121,7,2,20
121,7,3,100
121,7,4,0
121,7,5,10
121,8,1,6
121,8,2,20
121,8,3,100
121,8,4,0
121,8,5,10
121,9,1,5
121,9,2,20
121,9,3,100
121,9,4,0
121,9,5,10
121,10,1,5
121,10,2,20
121,10,3,100
121,10,4,0
121,10,5,10
121,11,1,5
121,11,2,20
121,11,3,100
121,11,4,0
121,11,5,10
121,12,1,4
121,12,2,20
121,12,3,100
121,12,4,0
121,12,5,10
121,13,1,4
121,13,2,20
121,13,3,100
121,13,4,0
121,13,5,10
121,14,1,4
121,14,2,20
121,14,3,100
121,14,4,0
121,14,5,10
121,15,1,3
121,15,2,20
121,15,3,100
121,15,4,0
121,15,5,10
121,16,1,3
121,16,2,20
121,16,3,100
121,16,4,0
121,16,5,10
121,17,1,3
121,17,2,20
121,17,3,100
121,17,4,0
121,17,5,10
121,18,1,2
121,18,2,20
121,18,3,100
121,18,4,0
121,18,5,10
121,19,1,2
121,19,2,20
121,19,3,100
121,19,4,0
121,19,5,10
121,20,1,2
121,20,2,20
121,20,3,100
121,20,4,0
121,20,5,10
121,21,1,1
121,21,2,20
121,21,3,100
121,21,4,0
121,21,5,10
121,22,1,1
121,22,2,20
121,22,3,100
121,22,4,0
121,22,5,10
121,23,1,1
121,23,2,20
121,23,3,100
121,23,4,0
121,23,5,10
121,24,1,0
121,24,2,20
121,24,3,100
121,24,4,0
121,24,5,10
121,25,1,0
121,25,2,20
121,25,3,100
121,25,4,0
121,25,5,10
121,26,1,0
121,26,2,20
121,26,3,100
121,26,4,0
121,26,5,10
122,0,1,8
122,0,2,20
122,0,3,100
122,0,4,0
122,0,5,-234
122,1,1,8
122,1,2,20
122,1,3,100
122,1,4,0
122,1,5,376
122,2,1,8
122,2,2,20
122,2,3,100
122,2,4,0
122,2,5,10
122,3,1,7
122,3,2,20
122,3,3,100
122,3,4,0
122,3,5,10
122,4,1,7
122,4,2,20
122,4,3,100
122,4,4,0
122,4,5,10
122,5,1,7
122,5,2,20
122,5,3,100
122,5,4,0
122,5,5,10
122,6,1,6
122,6,2,20
122,6,3,100
122,6,4,0
122,6,5,10
122,7,1,6
122,7,2,20
122,7,3,100
122,7,4,0
122,7,5,10
122,8,1,6
122,8,2,20
122,8,3,100
122,8,4,0
122,8,5,10
122,9,1,5
122,9,2,20
122,9,3,100
122,9,4,0
122,9,5,10
122,10,1,5
122,10,2,20
122,10,3,100
122,10,4,0
122,10,5,10
122,11,1,5
122,11,2,20
122,11,3,100
122,11,4,0
122,11,5,10
122,12,1,4
122,12,2,20
122,12,3,100
122,12,4,0
122,12,5,10
122,13,1,4
122,13,2,20
122,13,3,100
122,13,4,0
122,13,5,10
122,14,1,4
122,14,2,20
122,14,3,100
122,14,4,0
122,14,5,10
122,15,1,3
122,15,2,20
122,15,3,100
122,15,4,0
122,15,5,10
122,16,1,3
122,16,2,20
122,16,3,100
122,16,4,0
122,16,5,10
122,17,1,3
122,17,2,20
122,17,3,100
122,17,4,0
122,17,5,10
122,18,1,2
122,18,2,20
122,18,3,100
122,18,4,0
122,18,5,10
122,19,1,2
122,19,2,20
122,19,3,100
122,19,4,0
122,19,5,10
122,20,1,2
122,20,2,20
122,20,3,100
122,20,4,0
122,20,5,10
122,21,1,1
122,21,2,20
122,21,3,100
122,21,4,0
122,21,5,10
122,22,1,1
122,22,2,20
122,22,3,100
122,22,4,0
122,22,5,10
122,23,1,1
122,23,2,20
122,23,3,100
122,23,4,0
122,23,5,10
122,24,1,0
122,24,2,20
122,24,3,100
122,24,4,0
122,24,5,10
122,25,1,0
122,25,2,20
122,25,3,100
122,25,4,0
122,25,5,10
122,26,1,0
122,26,2,20
122,26,3,100
122,26,4,0
122,26,5,10
123,0,1,8
123,0,2,20
123,0,3,100
123,0,4,0
123,0,5,-236
123,1,1,8
123,1,2,20
123,1,3,100
123,1,4,0
123,1,5,379
123,2,1,8
123,2,2,20
123,2,3,100
123,2,4,0
123,2,5,10
123,3,1,7
123,3,2,20
123,3,3,100
123,3,4,0
123,3,5,10
123,4,1,7
123,4,2,20
123,4,3,100
123,4,4,0
123,4,5,10
123,5,1,7
123,5,2,20
123,5,3,100
123,5,4,0
123,5,5,10
123,6,1,6
123,6,2,20
123,6,3,100
123,6,4,0
123,6,5,10
123,7,1,6
123,7,2,20
123,7,3,100
123,7,4,0
123,7,5,10
123,8,1,6
123,8,2,20
123,8,3,100
123,8,4,0
123,8,5,10
123,9,1,5
123,9,2,20
123,9,3,100
123,9,4,0
123,9,5,10
123,10,1,5
123,10,2,20
123,10,3,100
123,10,4,0
123,10,5,10
123,11,1,5
123,11,2,20
123,11,3,100
123,11,4,0
123,11,5,10
123,12,1,4
123,12,2,20
123,12,3,100
123,12,4,0
123,12,5,10
123,13,1,4
123,13,2,20
123,13,3,100
123,13,4,0
123,13,5,10
123,14,1,4
123,14,2,20
123,14,3,100
123,14,4,0
123,14,5,10
123,15,1,3
123,15,2,20
123,15,3,100
123,15,4,0
123,15,5,10
123,16,1,3
123,16,2,20
123,16,3,100
123,16,4,0
123,16,5,10
123,17,1,3
123,17,2,20
123,17,3,100
123,17,4,0
123,17,5,10
123,18,1,2
123,18,2,20
123,18,3,100
123,18,4,0
123,18,5,10
123,19,1,2
123,19,2,20
123,19,3,100
123,19,4,0
123,19,5,10
123,20,1,2
123,20,2,20
123,20,3,100
123,20,4,0
123,20,5,10
123,21,1,1
123,21,2,20
123,21,3,100
123,21,4,0
123,21,5,10
123,22,1,1
123,22,2,20
123,22,3,100
123,22,4,0
123,22,5,10
123,23,1,1
123,23,2,20
123,23,3,100
123,23,4,0
123,23,5,10
123,24,1,0
123,24,2,20
123,24,3,100
123,24,4,0
123,24,5,10
123,25,1,0
123,25,2,20
123,25,3,100
123,25,4,0
123,25,5,10
123,26,1,0
123,26,2,20
123,26,3,100
123,26,4,0
123,26,5,10
124,0,1,8
124,0,2,20
124,0,3,100
124,0,4,0
124,0,5,-238
124,1,1,8
124,1,2,20
124,1,3,100
124,1,4,0
124,1,5,382
124,2,1,8
124,2,2,20
124,2,3,100
124,2,4,0
124,2,5,10
124,3,1,7
124,3,2,20
124,3,3,100
124,3,4,0
124,3,5,10
124,4,1,7
124,4,2,20
124,4,3,100
124,4,4,0
124,4,5,10
124,5,1,7
124,5,2,20
124,5,3,100
124,5,4,0
124,5,5,10
124,6,1,6
124,6,2,20
124,6,3,100
124,6,4,0
124,6,5,10
124,7,1,6
124,7,2,20
124,7,3,100
124,7,4,0
124,7,5,10
124,8,1,6
124,8,2,20
124,8,3,100
124,8,4,0
124,8,5,10
124,9,1,5
124,9,2,20
124,9,3,100
124,9,4,0
124,9,5,10
124,10,1,5
124,10,2,20
124,10,3,100
124,10,4,0
124,10,5,10
124,11,1,5
124,11,2,20
124,11,3,100
124,11,4,0
124,11,5,10
124,12,1,4
124,12,2,20
124,12,3,100
124,12,4,0
124,12,5,10
124,13,1,4
124,13,2,20
124,13,3,100
124,13,4,0
124,13,5,10
124,14,1,4
124,14,2,20
124,14,3,100
124,14,4,0
124,14,5,10
124,15,1,3
124,15,2,20
124,15,3,100
124,15,4,0
124,15,5,10
124,16,1,3
124,16,2,20
124,16,3,100
124,16,4,0
124,16,5,10
124,17,1,3
124,17,2,20
124,17,3,100
124,17,4,0
124,17,5,10
124,18,1,2
124,18,2,20
124,18,3,100
124,18,4,0
124,18,5,10
124,19,1,2
124,19,2,20
124,19,3,100
124,19,4,0
124,19,5,10
124,20,1,2
124,20,2,20
124,20,3,100
124,20,4,0
124,20,5,10
124,21,1,1
124,21,2,20
124,21,3,100
124,21,4,0
124,21,5,10
124,22,1,1
124,22,2,20
124,22,3,100
124,22,4,0
124,22,5,10
124,23,1,1
124,23,2,20
124,23,3,100
124,23,4,0
124,23,5,10
124,24,1,0
124,24,2,20
124,24,3,100
124,24,4,0
124,24,5,10
124,25,1,0
124,25,2,20
124,25,3,100
124,25,4,0
124,25,5,10
124,26,1,0
124,26,2,20
124,26,3,100
124,26,4,0
124,26,5,10
125,0,1,8
125,0,2,20
125,0,3,100
125,0,4,0
125,0,5,-240
125,1,1,8
125,1,2,20
125,1,3,100
125,1,4,0
125,1,5,385
125,2,1,8
125,2,2,20
125,2,3,100
125,2,4,0
125,2,5,10
125,3,1,7
125,3,2,20
125,3,3,100
125,3,4,0
125,3,5,10
125,4,1,7
125,4,2,20
125,4,3,100
125,4,4,0
125,4,5,10
125,5,1,7
125,5,2,20
125,5,3,100
125,5,4,0
125,5,5,10
125,6,1,6
125,6,2,20
125,6,3,100
125,6,4,0
125,6,5,10
125,7,1,6
125,7,2,20
125,7,3,100
125,7,4,0
125,7,5,10
125,8,1,6
125,8,2,20
125,8,3,100
125,8,4,0
125,8,5,10
125,9,1,5
125,9,2,20
125,9,3,100
125,9,4,0
125,9,5,10
125,10,1,5
125,10,2,20
125,10,3,100
125,10,4,0
125,10,5,10
125,11,1,5
125,11,2,20
125,11,3,100
125,11,4,0
125,11,5,10
125,12,1,4
125,12,2,20
125,12,3,100
125,12,4,0
125,12,5,10
125,13,1,4
125,13,2,20
125,13,3,100
125,13,4,0
125,13,5,10
125,14,1,4
125,14,2,20
125,14,3,100
125,14,4,0
125,14,5,10
125,15,1,3
125,15,2,20
125,15,3,100
125,15,4,0
125,15,5,10
125,16,1,3
125,16,2,20
125,16,3,100
125,16,4,0
125,16,5,10
125,17,1,3
125,17,2,20
125,17,3,100
125,17,4,0
125,17,5,10
125,18,1,2
125,18,2,20
125,18,3,100
125,18,4,0
125,18,5,10
125,19,1,2
125,19,2,20
125,19,3,100
125,19,4,0
125,19,5,10
125,20,1,2
125,20,2,20
125,20,3,100
125,20,4,0
125,20,5,10
125,21,1,1
125,21,2,20
125,21,3,100
125,21,4,0
125,21,5,10
125,22,1,1
125,22,2,20
125,22,3,100
125,22,4,0
125,22,5,10
125,23,1,1
125,23,2,20
125,23,3,100
125,23,4,0
125,23,5,10
125,24,1,0
125,24,2,20
125,24,3,100
125,24,4,0
125,24,5,10
125,25,1,0
125,25,2,20
125,25,3,100
125,25,4,0
125,25,5,10
125,26,1,0
125,26,2,20
125,26,3,100
125,26,4,0
125,26,5,10
126,0,1,8
126,0,2,20
126,0,3,100
126,0,4,0
126,0,5,-242
126,1,1,8
126,1,2,20
126,1,3,100
126,1,4,0
126,1,5,388
126,2,1,8
126,2,2,20
126,2,3,100
126,2,4,0
126,2,5,10
126,3,1,7
126,3,2,20
126,3,3,100
126,3,4,0
126,3,5,10
126,4,1,7
126,4,2,20
126,4,3,100
126,4,4,0
126,4,5,10
126,5,1,7
126,5,2,20
126,5,3,100
126,5,4,0
126,5,5,10
126,6,1,6
126,6,2,20
126,6,3,100
126,6,4,0
126,6,5,10
126,7,1,6
126,7,2,20
126,7,3,100
126,7,4,0
126,7,5,10
126,8,1,6
126,8,2,20
126,8,3,100
126,8,4,0
126,8,5,10
126,9,1,5
126,9,2,20
126,9,3,100
126,9,4,0
126,9,5,10
126,10,1,5
126,10,2,20
126,10,3,100
126,10,4,0
126,10,5,10
126,11,1,5
126,11,2,20
126,11,3,100
126,11,4,0
126,11,5,10
126,12,1,4
126,12,2,20
126,12,3,100
126,12,4,0
126,12,5,10
126,13,1,4
126,13,2,20
126,13,3,100
126,13,4,0
126,13,5,10
126,14,1,4
126,14,2,20
126,14,3,100
126,14,4,0
126,14,5,10
126,15,1,3
126,15,2,20
126,15,3,100
126,15,4,0
126,15,5,10
126,16,1,3
126,16,2,20
126,16,3,100
126,16,4,0
126,16,5,10
126,17,1,3
126,17,2,20
126,17,3,100
126,17,4,0
126,17,5,10
126,18,1,2
126,18,2,20
126,18,3,100
126,18,4,0
126,18,5,10
126,19,1,2
126,19,2,20
126,19,3,100
126,19,4,0
126,19,5,10
126,20,1,2
126,20,2,20
126,20,3,100
126,20,4,0
126,20,5,10
126,21,1,1
126,21,2,20
126,21,3,100
126,21,4,0
126,21,5,10
126,22,1,1
126,22,2,20
126,22,3,100
126,22,4,0
126,22,5,10
126,23,1,1
126,23,2,20
126,23,3,100
126,23,4,0
126,23,5,10
126,24,1,0
126,24,2,20
126,24,3,100
126,24,4,0
126,24,5,10
126,25,1,0
126,25,2,20
126,25,3,100
126,25,4,0
126,25,5,10
126,26,1,0
126,26,2,20
126,26,3,100
126,26,4,0
126,26,5,10
127,0,1,8
127,0,2,20
127,0,3,100
127,0,4,0
127,0,5,-244
127,1,1,8
127,1,2,20
127,1,3,100
127,1,4,0
127,1,5,391
127,2,1,8
127,2,2,20
127,2,3,100
127,2,4,0
127,2,5,10
127,3,1,7
127,3,2,20
127,3,3,100
127,3,4,0
127,3,5,10
127,4,1,7
127,4,2,20
127,4,3,100
127,4,4,0
127,4,5,10
127,5,1,7
127,5,2,20
127,5,3,100
127,5,4,0
127,5,5,10
127,6,1,6
127,6,2,20
127,6,3,100
127,6,4,0
127,6,5,10
127,7,1,6
127,7,2,20
127,7,3,100
127,7,4,0
127,7,5,10
127,8,1,6
127,8,2,20
127,8,3,100
127,8,4,0
127,8,5,10
127,9,1,5
127,9,2,20
127,9,3,100
127,9,4,0
127,9,5,10
127,10,1,5
127,10,2,20
127,10,3,100
127,10,4,0
127,10,5,10
127,11,1,5
127,11,2,20
127,11,3,100
127,11,4,0
127,11,5,10
127,12,1,4
127,12,2,20
127,12,3,100
127,12,4,0
127,12,5,10
127,13,1,4
127,13,2,20
127,13,3,100
127,13,4,0
127,13,5,10
127,14,1,4
127,14,2,20
127,14,3,100
127,14,4,0
127,14,5,10
127,15,1,3
127,15,2,20
127,15,3,100
127,15,4,0
127,15,5,10
127,16,1,3
127,16,2,20
127,16,3,100
127,16,4,0
127,16,5,10
127,17,1,3
127,17,2,20
127,17,3,100
127,17,4,0
127,17,5,10
127,18,1,2
127,18,2,20
127,18,3,100
127,18,4,0
127,18,5,10
127,19,1,2
127,19,2,20
127,19,3,100
127,19,4,0
127,19,5,10
127,20,1,2
127,20,2,20
127,20,3,100
127,20,4,0
127,20,5,10
127,21,1,1
127,21,2,20
127,21,3,100
127,21,4,0
127,21,5,10
127,22,1,1
127,22,2,20
127,22,3,100
127,22,4,0
127,22,5,10
127,23,1,1
127,23,2,20
127,23,3,100
127,23,4,0
127,23,5,10
127,24,1,0
127,24,2,20
127,24,3,100
127,24,4,0
127,24,5,10
127,25,1,0
127,25,2,20
127,25,3,100
127,25,4,0
127,25,5,10
127,26,1,0
127,26,2,20
127,26,3,100
127,26,4,0
127,26,5,10
128,0,1,8
128,0,2,20
128,0,3,100
128,0,4,0
128,0,5,-246
128,1,1,8
128,1,2,20
128,1,3,100
128,1,4,0
128,1,5,394
128,2,1,8
128,2,2,20
128,2,3,100
128,2,4,0
128,2,5,10
128,3,1,7
128,3,2,20
128,3,3,100
128,3,4,0
128,3,5,10
128,4,1,7
128,4,2,20
128,4,3,100
128,4,4,0
128,4,5,10
128,5,1,7
128,5,2,20
128,5,3,100
128,5,4,0
128,5,5,10
128,6,1,6
128,6,2,20
128,6,3,100
128,6,4,0
128,6,5,10
128,7,1,6
128,7,2,20
128,7,3,100
128,7,4,0
128,7,5,10
128,8,1,6
128,8,2,20
128,8,3,100
128,8,4,0
128,8,5,10
128,9,1,5
128,9,2,20
128,9,3,100
128,9,4,0
128,9,5,10
128,10,1,5
128,10,2,20
128,10,3,100
128,10,4,0
128,10,5,10
128,11,1,5
128,11,2,20
128,11,3,100
128,11,4,0
128,11,5,10
128,12,1,4
128,12,2,20
128,12,3,100
128,12,4,0
128,12,5,10
128,13,1,4
128,13,2,20
128,13,3,100
128,13,4,0
128,13,5,10
128,14,1,4
128,14,2,20
128,14,3,100
128,14,4,0
128,14,5,10
128,15,1,3
128,15,2,20
128,15,3,100
128,15,4,0
128,15,5,10
128,16,1,3
128,16,2,20
128,16,3,100
128,16,4,0
128,16,5,10
128,17,1,3
128,17,2,20
128,17,3,100
128,17,4,0
128,17,5,10
128,18,1,2
128,18,2,20
128,18,3,100
128,18,4,0
128,18,5,10
128,19,1,2
128,19,2,20
128,19,3,100
128,19,4,0
128,19,5,10
128,20,1,2
128,20,2,20
128,20,3,100
128,20,4,0
128,20,5,10
128,21,1,1
128,21,2,20
128,21,3,100
128,21,4,0
128,21,5,10
128,22,1,1
128,22,2,20
128,22,3,100
128,22,4,0
128,22,5,10
128,23,1,1
128,23,2,20
128,23,3,100
128,23,4,0
128,23,5,10
128,24,1,0
128,24,2,20
128,24,3,100
128,24,4,0
128,24,5,10
128,25,1,0
128,25,2,20
128,25,3,100
128,25,4,0
128,25,5,10
128,26,1,0
128,26,2,20
128,26,3,100
128,26,4,0
128,26,5,10
129,0,1,8
129,0,2,20
129,0,3,100
129,0,4,0
129,0,5,-248
129,1,1,8
129,1,2,20
129,1,3,100
129,1,4,0
129,1,5,397
129,2,1,8
129,2,2,20
129,2,3,100
129,2,4,0
129,2,5,10
129,3,1,7
129,3,2,20
129,3,3,100
129,3,4,0
129,3,5,10
129,4,1,7
129,4,2,20
129,4,3,100
129,4,4,0
129,4,5,10
129,5,1,7
129,5,2,20
129,5,3,100
129,5,4,0
129,5,5,10
129,6,1,6
129,6,2,20
129,6,3,100
129,6,4,0
129,6,5,10
129,7,1,6
129,7,2,20
129,7,3,100
129,7,4,0
129,7,5,10
129,8,1,6
129,8,2,20
129,8,3,100
129,8,4,0
129,8,5,10
129,9,1,5
129,9,2,20
129,9,3,100
129,9,4,0
129,9,5,10
129,10,1,5
129,10,2,20
129,10,3,100
129,10,4,0
129,10,5,10
129,11,1,5
129,11,2,20
129,11,3,100
129,11,4,0
129,11,5,10
129,12,1,4
129,12,2,20
129,12,3,100
129,12,4,0
129,12,5,10
129,13,1,4
129,13,2,20
129,13,3,100
129,13,4,0
129,13,5,10
129,14,1,4
129,14,2,20
129,14,3,100
129,14,4,0
129,14,5,10
129,15,1,3
129,15,2,20
129,15,3,100
129,15,4,0
129,15,5,10
129,16,1,3
129,16,2,20
129,16,3,100
129,16,4,0
129,16,5,10
129,17,1,3
129,17,2,20
129,17,3,100
129,17,4,0
129,17,5,10
129,18,1,2
129,18,2,20
129,18,3,100
129,18,4,0
129,18,5,10
129,19,1,2
129,19,2,20
129,19,3,100
129,19,4,0
129,19,5,10
129,20,1,2
129,20,2,20
129,20,3,100
129,20,4,0
129,20,5,10
129,21,1,1
129,21,2,20
129,21,3,100
129,21,4,0
129,21,5,10
129,22,1,1
129,22,2,20
129,22,3,100
129,22,4,0
129,22,5,10
129,23,1,1
129,23,2,20
129,23,3,100
129,23,4,0
129,23,5,10
129,24,1,0
129,24,2,20
129,24,3,100
129,24,4,0
129,24,5,10
129,25,1,0
129,25,2,20
129,25,3,100
129,25,4,0
129,25,5,10
129,26,1,0
129,26,2,20
129,26,3,100
129,26,4,0
129,26,5,10
130,0,1,8
130,0,2,20
130,0,3,100
130,0,4,0
130,0,5,-250
130,1,1,8
130,1,2,20
130,1,3,100
130,1,4,0
130,1,5,400
130,2,1,8
130,2,2,20
130,2,3,100
130,2,4,0
130,2,5,10
130,3,1,7
130,3,2,20
130,3,3,100
130,3,4,0
130,3,5,10
130,4,1,7
130,4,2,20
130,4,3,100
130,4,4,0
130,4,5,10
130,5,1,7
130,5,2,20
130,5,3,100
130,5,4,0
130,5,5,10
130,6,1,6
130,6,2,20
130,6,3,100
130,6,4,0
130,6,5,10
130,7,1,6
130,7,2,20
130,7,3,100
130,7,4,0
130,7,5,10
130,8,1,6
130,8,2,20
130,8,3,100
130,8,4,0
130,8,5,10
130,9,1,5
130,9,2,20
130,9,3,100
130,9,4,0
130,9,5,10
130,10,1,5
130,10,2,20
130,10,3,100
130,10,4,0
130,10,5,10
130,11,1,5
130,11,2,20
130,11,3,100
130,11,4,0
130,11,5,10
130,12,1,4
130,12,2,20
130,12,3,100
130,12,4,0
130,12,5,10
130,13,1,4
130,13,2,20
130,13,3,100
130,13,4,0
130,13,5,10
130,14,1,4
130,14,2,20
130,14,3,100
130,14,4,0
130,14,5,10
130,15,1,3
130,15,2,20
130,15,3,100
130,15,4,0
130,15,5,10
130,16,1,3
130,16,2,20
130,16,3,100
130,16,4,0
130,16,5,10
130,17,1,3
130,17,2,20
130,17,3,100
130,17,4,0
130,17,5,10
130,18,1,2
130,18,2,20
130,18,3,100
130,18,4,0
130,18,5,10
130,19,1,2
130,19,2,20
130,19,3,100
130,19,4,0
130,19,5,10
130,20,1,2
130,20,2,20
130,20,3,100
130,20,4,0
130,20,5,10
130,21,1,1
130,21,2,20
130,21,3,100
130,21,4,0
130,21,5,10
130,22,1,1
130,22,2,20
130,22,3,100
130,22,4,0
130,22,5,10
130,23,1,1
130,23,2,20
130,23,3,100
130,23,4,0
130,23,5,10
130,24,1,0
130,24,2,20
130,24,3,100
130,24,4,0
130,24,5,10
130,25,1,0
130,25,2,20
130,25,3,100
130,25,4,0
130,25,5,10
130,26,1,0
130,26,2,20
130,26,3,100
130,26,4,0
130,26,5,10
131,0,1,8
131,0,2,20
131,0,3,100
131,0,4,0
131,0,5,-252
131,1,1,8
131,1,2,20
131,1,3,100
131,1,4,0
131,1,5,403
131,2,1,8
131,2,2,20
131,2,3,100
131,2,4,0
131,2,5,10
131,3,1,7
131,3,2,20
131,3,3,100
131,3,4,0
131,3,5,10
131,4,1,7
131,4,2,20
131,4,3,100
131,4,4,0
131,4,5,10
131,5,1,7
131,5,2,20
131,5,3,100
131,5,4,0
131,5,5,10
131,6,1,6
131,6,2,20
131,6,3,100
131,6,4,0
131,6,5,10
131,7,1,6
131,7,2,20
131,7,3,100
131,7,4,0
131,7,5,10
131,8,1,6
131,8,2,20
131,8,3,100
131,8,4,0
131,8,5,10
131,9,1,5
131,9,2,20
131,9,3,100
131,9,4,0
131,9,5,10
131,10,1,5
131,10,2,20
131,10,3,100
131,10,4,0
131,10,5,10
131,11,1,5
131,11,2,20
131,11,3,100
131,11,4,0
131,11,5,10
131,12,1,4
131,12,2,20
131,12,3,100
131,12,4,0
131,12,5,10
131,13,1,4
131,13,2,20
131,13,3,100
131,13,4,0
131,13,5,10
131,14,1,4
131,14,2,20
131,14,3,100
131,14,4,0
131,14,5,10
131,15,1,3
131,15,2,20
131,15,3,100
131,15,4,0
131,15,5,10
131,16,1,3
131,16,2,20
131,16,3,100
131,16,4,0
131,16,5,10
131,17,1,3
131,17,2,20
131,17,3,100
131,17,4,0
131,17,5,10
131,18,1,2
131,18,2,20
131,18,3,100
131,18,4,0
131,18,5,10
131,19,1,2
131,19,2,20
131,19,3,100
131,19,4,0
131,19,5,10
131,20,1,2
131,20,2,20
131,20,3,100
131,20,4,0
131,20,5,10
131,21,1,1
131,21,2,20
131,21,3,100
131,21,4,0
131,21,5,10
131,22,1,1
131,22,2,20
131,22,3,100
131,22,4,0
131,22,5,10
131,23,1,1
131,23,2,20
131,23,3,100
131,23,4,0
131,23,5,10
131,24,1,0
131,24,2,20
131,24,3,100
131,24,4,0
131,24,5,10
131,25,1,0
131,25,2,20
131,25,3,100
131,25,4,0
131,25,5,10
131,26,1,0
131,26,2,20
131,26,3,100
131,26,4,0
131,26,5,10
132,0,1,8
132,0,2,20
132,0,3,100
132,0,4,0
132,0,5,-254
132,1,1,8
132,1,2,20
132,1,3,100
132,1,4,0
132,1,5,406
132,2,1,8
132,2,2,20
132,2,3,100
132,2,4,0
132,2,5,10
132,3,1,7
132,3,2,20
132,3,3,100
132,3,4,0
132,3,5,10
132,4,1,7
132,4,2,20
132,4,3,100
132,4,4,0
132,4,5,10
132,5,1,7
132,5,2,20
132,5,3,100
132,5,4,0
132,5,5,10
132,6,1,6
132,6,2,20
132,6,3,100
132,6,4,0
132,6,5,10
132,7,1,6
132,7,2,20
132,7,3,100
132,7,4,0
132,7,5,10
132,8,1,6
132,8,2,20
132,8,3,100
132,8,4,0
132,8,5,10
132,9,1,5
132,9,2,20
132,9,3,100
132,9,4,0
132,9,5,10
132,10,1,5
132,10,2,20
132,10,3,100
132,10,4,0
132,10,5,10
132,11,1,5
132,11,2,20
132,11,3,100
132,11,4,0
132,11,5,10
132,12,1,4
132,12,2,20
132,12,3,100
132,12,4,0
132,12,5,10
132,13,1,4
132,13,2,20
132,13,3,100
132,13,4,0
132,13,5,10
132,14,1,4
132,14,2,20
132,14,3,100
132,14,4,0
132,14,5,10
132,15,1,3
132,15,2,20
132,15,3,100
132,15,4,0
132,15,5,10
132,16,1,3
132,16,2,20
132,16,3,100
132,16,4,0
132,16,5,10
132,17,1,3
132,17,2,20
132,17,3,100
132,17,4,0
132,17,5,10
132,18,1,2
132,18,2,20
132,18,3,100
132,18,4,0
132,18,5,10
132,19,1,2
132,19,2,20
132,19,3,100
132,19,4,0
132,19,5,10
132,20,1,2
132,20,2,20
132,20,3,100
132,20,4,0
132,20,5,10
132,21,1,1
132,21,2,20
132,21,3,100
132,21,4,0
132,21,5,10
132,22,1,1
132,22,2,20
132,22,3,100
132,22,4,0
132,22,5,10
132,23,1,1
132,23,2,20
132,23,3,100
132,23,4,0
132,23,5,10
132,24,1,0
132,24,2,20
132,24,3,100
132,24,4,0
132,24,5,10
132,25,1,0
132,25,2,20
132,25,3,100
132,25,4,0
132,25,5,10
132,26,1,0
132,26,2,20
132,26,3,100
132,26,4,0
132,26,5,10
133,0,1,8
133,0,2,20
133,0,3,100
133,0,4,0
133,0,5,-256
133,1,1,8
133,1,2,20
133,1,3,100
133,1,4,0
133,1,5,409
133,2,1,8
133,2,2,20
133,2,3,100
133,2,4,0
133,2,5,10
133,3,1,7
133,3,2,20
133,3,3,100
133,3,4,0
133,3,5,10
133,4,1,7
133,4,2,20
133,4,3,100
133,4,4,0
133,4,5,10
133,5,1,7
133,5,2,20
133,5,3,100
133,5,4,0
133,5,5,10
133,6,1,6
133,6,2,20
133,6,3,100
133,6,4,0
133,6,5,10
133,7,1,6
133,7,2,20
133,7,3,100
133,7,4,0
133,7,5,10
133,8,1,6
133,8,2,20
133,8,3,100
133,8,4,0
133,8,5,10
133,9,1,5
133,9,2,20
133,9,3,100
133,9,4,0
133,9,5,10
133,10,1,5
133,10,2,20
133,10,3,100
133,10,4,0
133,10,5,10
133,11,1,5
133,11,2,20
133,11,3,100
133,11,4,0
133,11,5,10
133,12,1,4
133,12,2,20
133,12,3,100
133,12,4,0
133,12,5,10
133,13,1,4
133,13,2,20
133,13,3,100
133,13,4,0
133,13,5,10
133,14,1,4
133,14,2,20
133,14,3,100
133,14,4,0
133,14,5,10
133,15,1,3
133,15,2,20
133,15,3,100
133,15,4,0
133,15,5,10
133,16,1,3
133,16,2,20
133,16,3,100
133,16,4,0
133,16,5,10
133,17,1,3
133,17,2,20
133,17,3,100
133,17,4,0
133,17,5,10
133,18,1,2
133,18,2,20
133,18,3,100
133,18,4,0
133,18,5,10
133,19,1,2
133,19,2,20
133,19,3,100
133,19,4,0
133,19,5,10
133,20,1,2
133,20,2,20
133,20,3,100
133,20,4,0
133,20,5,10
133,21,1,1
133,21,2,20
133,21,3,100
133,21,4,0
133,21,5,10
133,22,1,1
133,22,2,20
133,22,3,100
133,22,4,0
133,22,5,10
133,23,1,1
133,23,2,20
133,23,3,100
133,23,4,0
133,23,5,10
133,24,1,0
133,24,2,20
133,24,3,100
133,24,4,0
133,24,5,10
133,25,1,0
133,25,2,20
133,25,3,100
133,25,4,0
133,25,5,10
133,26,1,0
133,26,2,20
133,26,3,100
133,26,4,0
133,26,5,10
134,0,1,8
134,0,2,20
134,0,3,100
134,0,4,0
134,0,5,-258
134,1,1,8
134,1,2,20
134,1,3,100
134,1,4,0
134,1,5,412
134,2,1,8
134,2,2,20
134,2,3,100
134,2,4,0
134,2,5,10
134,3,1,7
134,3,2,20
134,3,3,100
134,3,4,0
134,3,5,10
134,4,1,7
134,4,2,20
134,4,3,100
134,4,4,0
134,4,5,10
134,5,1,7
134,5,2,20
134,5,3,100
134,5,4,0
134,5,5,10
134,6,1,6
134,6,2,20
134,6,3,100
134,6,4,0
134,6,5,10
134,7,1,6
134,7,2,20
134,7,3,100
134,7,4,0
134,7,5,10
134,8,1,6
134,8,2,20
134,8,3,100
134,8,4,0
134,8,5,10
134,9,1,5
134,9,2,20
134,9,3,100
134,9,4,0
134,9,5,10
134,10,1,5
134,10,2,20
134,10,3,100
134,10,4,0
134,10,5,10
134,11,1,5
134,11,2,20
134,11,3,100
134,11,4,0
134,11,5,10
134,12,1,4
134,12,2,20
134,12,3,100
134,12,4,0
134,12,5,10
134,13,1,4
134,13,2,20
134,13,3,100
134,13,4,0
134,13,5,10
134,14,1,4
134,14,2,20
134,14,3,100
134,14,4,0
134,14,5,10
134,15,1,3
134,15,2,20
134,15,3,100
134,15,4,0
134,15,5,10
134,16,1,3
134,16,2,20
134,16,3,100
134,16,4,0
134,16,5,10
134,17,1,3
134,17,2,20
134,17,3,100
134,17,4,0
134,17,5,10
134,18,1,2
134,18,2,20
134,18,3,100
134,18,4,0
134,18,5,10
134,19,1,2
134,19,2,20
134,19,3,100
134,19,4,0
134,19,5,10
134,20,1,2
134,20,2,20
134,20,3,100
134,20,4,0
134,20,5,10
134,21,1,1
134,21,2,20
134,21,3,100
134,21,4,0
134,21,5,10
134,22,1,1
134,22,2,20
134,22,3,100
134,22,4,0
134,22,5,10
134,23,1,1
134,23,2,20
134,23,3,100
134,23,4,0
134,23,5,10
134,24,1,0
134,24,2,20
134,24,3,100
134,24,4,0
134,24,5,10
134,25,1,0
134,25,2,20
134,25,3,100
134,25,4,0
134,25,5,10
134,26,1,0
134,26,2,20
134,26,3,100
134,26,4,0
134,26,5,10
135,0,1,8
135,0,2,20
135,0,3,100
135,0,4,0
135,0,5,-260
135,1,1,8
135,1,2,20
135,1,3,100
135,1,4,0
135,1,5,415
135,2,1,8
135,2,2,20
135,2,3,100
135,2,4,0
135,2,5,10
135,3,1,7
135,3,2,20
135,3,3,100
135,3,4,0
135,3,5,10
135,4,1,7
135,4,2,20
135,4,3,100
135,4,4,0
135,4,5,10
135,5,1,7
135,5,2,20
135,5,3,100
135,5,4,0
135,5,5,10
135,6,1,6
135,6,2,20
135,6,3,100
135,6,4,0
135,6,5,10
135,7,1,6
135,7,2,20
135,7,3,100
135,7,4,0
135,7,5,10
135,8,1,6
135,8,2,20
135,8,3,100
135,8,4,0
135,8,5,10
135,9,1,5
135,9,2,20
135,9,3,100
135,9,4,0
135,9,5,10
135,10,1,5
135,10,2,20
135,10,3,100
135,10,4,0
135,10,5,10
135,11,1,5
135,11,2,20
135,11,3,100
135,11,4,0
135,11,5,10
135,12,1,4
135,12,2,20
135,12,3,100
135,12,4,0
135,12,5,10
135,13,1,4
135,13,2,20
135,13,3,100
135,13,4,0
135,13,5,10
135,14,1,4
135,14,2,20
135,14,3,100
135,14,4,0
135,14,5,10
135,15,1,3
135,15,2,20
135,15,3,100
135,15,4,0
135,15,5,10
135,16,1,3
135,16,2,20
135,16,3,100
135,16,4,0
135,16,5,10
135,17,1,3
135,17,2,20
135,17,3,100
135,17,4,0
135,17,5,10
135,18,1,2
135,18,2,20
135,18,3,100
135,18,4,0
135,18,5,10
135,19,1,2
135,19,2,20
135,19,3,100
135,19,4,0
135,19,5,10
135,20,1,2
135,20,2,20
135,20,3,100
135,20,4,0
135,20,5,10
135,21,1,1
135,21,2,20
135,21,3,100
135,21,4,0
135,21,5,10
135,22,1,1
135,22,2,20
135,22,3,100
135,22,4,0
135,22,5,10
135,23,1,1
135,23,2,20
135,23,3,100
135,23,4,0
135,23,5,10
135,24,1,0
135,24,2,20
135,24,3,100
135,24,4,0
135,24,5,10
135,25,1,0
135,25,2,20
135,25,3,100
135,25,4,0
135,25,5,10
135,26,1,0
135,26,2,20
135,26,3,100
135,26,4,0
135,26,5,10
136,0,1,8
136,0,2,20
136,0,3,100
136,0,4,0
136,0,5,-262
136,1,1,8
136,1,2,20
136,1,3,100
136,1,4,0
136,1,5,418
136,2,1,8
136,2,2,20
136,2,3,100
136,2,4,0
136,2,5,10
136,3,1,7
136,3,2,20
136,3,3,100
136,3,4,0
136,3,5,10
136,4,1,7
136,4,2,20
136,4,3,100
136,4,4,0
136,4,5,10
136,5,1,7
136,5,2,20
136,5,3,100
136,5,4,0
136,5,5,10
136,6,1,6
136,6,2,20
136,6,3,100
136,6,4,0
136,6,5,10
136,7,1,6
136,7,2,20
136,7,3,100
136,7,4,0
136,7,5,10
136,8,1,6
136,8,2,20
136,8,3,100
136,8,4,0
136,8,5,10
136,9,1,5
136,9,2,20
136,9,3,100
136,9,4,0
136,9,5,10
136,10,1,5
136,10,2,20
136,10,3,100
136,10,4,0
136,10,5,10
136,11,1,5
136,11,2,20
136,11,3,100
136,11,4,0
136,11,5,10
136,12,1,4
136,12,2,20
136,12,3,100
136,12,4,0
136,12,5,10
136,13,1,4
136,13,2,20
136,13,3,100
136,13,4,0
136,13,5,10
136,14,1,4
136,14,2,20
136,14,3,100
136,14,4,0
136,14,5,10
136,15,1,3
136,15,2,20
136,15,3,100
136,15,4,0
136,15,5,10
136,16,1,3
136,16,2,20
136,16,3,100
136,16,4,0
136,16,5,10
136,17,1,3
136,17,2,20
136,17,3,100
136,17,4,0
136,17,5,10
136,18,1,2
136,18,2,20
136,18,3,100
136,18,4,0
136,18,5,10
136,19,1,2
136,19,2,20
136,19,3,100
136,19,4,0
136,19,5,10
136,20,1,2
136,20,2,20
136,20,3,100
136,20,4,0
136,20,5,10
136,21,1,1
136,21,2,20
136,21,3,100
136,21,4,0
136,21,5,10
136,22,1,1
136,22,2,20
136,22,3,100
136,22,4,0
136,22,5,10
136,23,1,1
136,23,2,20
136,23,3,100
136,23,4,0
136,23,5,10
136,24,1,0
136,24,2,20
136,24,3,100
136,24,4,0
136,24,5,10
136,25,1,0
136,25,2,20
136,25,3,100
136,25,4,0
136,25,5,10
136,26,1,0
136,26,2,20
136,26,3,100
136,26,4,0
136,26,5,10
137,0,1,8
137,0,2,20
137,0,3,100
137,0,4,0
137,0,5,-264
137,1,1,8
137,1,2,20
137,1,3,100
137,1,4,0
137,1,5,421
137,2,1,8
137,2,2,20
137,2,3,100
137,2,4,0
137,2,5,10
137,3,1,7
137,3,2,20
137,3,3,100
137,3,4,0
137,3,5,10
137,4,1,7
137,4,2,20
137,4,3,100
137,4,4,0
137,4,5,10
137,5,1,7
137,5,2,20
137,5,3,100
137,5,4,0
137,5,5,10
137,6,1,6
137,6,2,20
137,6,3,100
137,6,4,0
137,6,5,10
137,7,1,6
137,7,2,20
137,7,3,100
137,7,4,0
137,7,5,10
137,8,1,6
137,8,2,20
137,8,3,100
137,8,4,0
137,8,5,10
137,9,1,5
137,9,2,20
137,9,3,100
137,9,4,0
137,9,5,10
137,10,1,5
137,10,2,20
137,10,3,100
137,10,4,0
137,10,5,10
137,11,1,5
137,11,2,20
137,11,3,100
137,11,4,0
137,11,5,10
137,12,1,4
137,12,2,20
137,12,3,100
137,12,4,0
137,12,5,10
137,13,1,4
137,13,2,20
137,13,3,100
137,13,4,0
137,13,5,10
137,14,1,4
137,14,2,20
137,14,3,100
137,14,4,0
137,14,5,10
137,15,1,3
137,15,2,20
137,15,3,100
137,15,4,0
137,15,5,10
137,16,1,3
137,16,2,20
137,16,3,100
137,16,4,0
137,16,5,10
137,17,1,3
137,17,2,20
137,17,3,100
137,17,4,0
137,17,5,10
137,18,1,2
137,18,2,20
137,18,3,100
137,18,4,0
137,18,5,10
137,19,1,2
137,19,2,20
137,19,3,100
137,19,4,0
137,19,5,10
137,20,1,2
137,20,2,20
137,20,3,100
137,20,4,0
137,20,5,10
137,21,1,1
137,21,2,20
137,21,3,100
137,21,4,0
137,21,5,10
137,22,1,1
137,22,2,20
137,22,3,100
137,22,4,0
137,22,5,10
137,23,1,1
137,23,2,20
137,23,3,100
137,23,4,0
137,23,5,10
137,24,1,0
137,24,2,20
137,24,3,100
137,24,4,0
137,24,5,10
137,25,1,0
137,25,2,20
137,25,3,100
137,25,4,0
137,25,5,10
137,26,1,0
137,26,2,20
137,26,3,100
137,26,4,0
137,26,5,10
138,0,1,8
138,0,2,20
138,0,3,100
138,0,4,0
138,0,5,-266
138,1,1,8
138,1,2,20
138,1,3,100
138,1,4,0
138,1,5,424
138,2,1,8
138,2,2,20
138,2,3,100
138,2,4,0
138,2,5,10
138,3,1,7
138,3,2,20
138,3,3,100
138,3,4,0
138,3,5,10
138,4,1,7
138,4,2,20
138,4,3,100
138,4,4,0
138,4,5,10
138,5,1,7
138,5,2,20
138,5,3,100
138,5,4,0
138,5,5,10
138,6,1,6
138,6,2,20
138,6,3,100
138,6,4,0
138,6,5,10
138,7,1,6
138,7,2,20
138,7,3,100
138,7,4,0
138,7,5,10
138,8,1,6
138,8,2,20
138,8,3,100
138,8,4,0
138,8,5,10
138,9,1,5
138,9,2,20
138,9,3,100
138,9,4,0
138,9,5,10
138,10,1,5
138,10,2,20
138,10,3,100
138,10,4,0
138,10,5,10
138,11,1,5
138,11,2,20
138,11,3,100
138,11,4,0
138,11,5,10
138,12,1,4
138,12,2,20
138,12,3,100
138,12,4,0
138,12,5,10
138,13,1,4
138,13,2,20
138,13,3,100
138,13,4,0
138,13,5,10
138,14,1,4
138,14,2,20
138,14,3,100
138,14,4,0
138,14,5,10
138,15,1,3
138,15,2,20
138,15,3,100
138,15,4,0
138,15,5,10
138,16,1,3
138,16,2,20
138,16,3,100
138,16,4,0
138,16,5,10
138,17,1,3
138,17,2,20
138,17,3,100
138,17,4,0
138,17,5,10
138,18,1,2
138,18,2,20
138,18,3,100
138,18,4,0
138,18,5,10
138,19,1,2
138,19,2,20
138,19,3,100
138,19,4,0
138,19,5,10
138,20,1,2
138,20,2,20
138,20,3,100
138,20,4,0
138,20,5,10
138,21,1,1
138,21,2,20
138,21,3,100
138,21,4,0
138,21,5,10
138,22,1,1
138,22,2,20
138,22,3,100
138,22,4,0
138,22,5,10
138,23,1,1
138,23,2,20
138,23,3,100
138,23,4,0
138,23,5,10
138,24,1,0
138,24,2,20
138,24,3,100
138,24,4,0
138,24,5,10
138,25,1,0
138,25,2,20
138,25,3,100
138,25,4,0
138,25,5,10
138,26,1,0
138,26,2,20
138,26,3,100
138,26,4,0
138,26,5,10
139,0,1,8
139,0,2,20
139,0,3,100
139,0,4,0
139,0,5,-268
139,1,1,8
139,1,2,20
139,1,3,100
139,1,4,0
139,1,5,427
139,2,1,8
139,2,2,20
139,2,3,100
139,2,4,0
139,2,5,10
139,3,1,7
139,3,2,20
139,3,3,100
139,3,4,0
139,3,5,10
139,4,1,7
139,4,2,20
139,4,3,100
139,4,4,0
139,4,5,10
139,5,1,7
139,5,2,20
139,5,3,100
139,5,4,0
139,5,5,10
139,6,1,6
139,6,2,20
139,6,3,100
139,6,4,0
139,6,5,10
139,7,1,6
139,7,2,20
139,7,3,100
139,7,4,0
139,7,5,10
139,8,1,6
139,8,2,20
139,8,3,100
139,8,4,0
139,8,5,10
139,9,1,5
139,9,2,20
139,9,3,100
139,9,4,0
139,9,5,10
139,10,1,5
139,10,2,20
139,10,3,100
139,10,4,0
139,10,5,10
139,11,1,5
139,11,2,20
139,11,3,100
139,11,4,0
139,11,5,10
139,12,1,4
139,12,2,20
139,12,3,100
139,12,4,0
139,12,5,10
139,13,1,4
139,13,2,20
139,13,3,100
139,13,4,0
139,13,5,10
139,14,1,4
139,14,2,20
139,14,3,100
139,14,4,0
139,14,5,10
139,15,1,3
139,15,2,20
139,15,3,100
139,15,4,0
139,15,5,10
139,16,1,3
139,16,2,20
139,16,3,100
139,16,4,0
139,16,5,10
139,17,1,3
139,17,2,20
139,17,3,100
139,17,4,0
139,17,5,10
139,18,1,2
139,18,2,20
139,18,3,100
139,18,4,0
139,18,5,10
139,19,1,2
139,19,2,20
139,19,3,100
139,19,4,0
139,19,5,10
139,20,1,2
139,20,2,20
139,20,3,100
139,20,4,0
139,20,5,10
139,21,1,1
139,21,2,20
139,21,3,100
139,21,4,0
139,21,5,10
139,22,1,1
139,22,2,20
139,22,3,100
139,22,4,0
139,22,5,10
139,23,1,1
139,23,2,20
139,23,3,100
139,23,4,0
139,23,5,10
139,24,1,0
139,24,2,20
139,24,3,100
139,24,4,0
139,24,5,10
139,25,1,0
139,25,2,20
139,25,3,100
139,25,4,0
139,25,5,10
139,26,1,0
139,26,2,20
139,26,3,100
139,26,4,0
139,26,5,10
140,0,1,8
140,0,2,20
140,0,3,100
140,0,4,0
140,0,5,-270
140,1,1,8
140,1,2,20
140,1,3,100
140,1,4,0
140,1,5,430
140,2,1,8
140,2,2,20
140,2,3,100
140,2,4,0
140,2,5,10
140,3,1,7
140,3,2,20
140,3,3,100
140,3,4,0
140,3,5,10
140,4,1,7
140,4,2,20
140,4,3,100
140,4,4,0
140,4,5,10
140,5,1,7
140,5,2,20
140,5,3,100
140,5,4,0
140,5,5,10
140,6,1,6
140,6,2,20
140,6,3,100
140,6,4,0
140,6,5,10
140,7,1,6
140,7,2,20
140,7,3,100
140,7,4,0
140,7,5,10
140,8,1,6
140,8,2,20
140,8,3,100
140,8,4,0
140,8,5,10
140,9,1,5
140,9,2,20
140,9,3,100
140,9,4,0
140,9,5,10
140,10,1,5
140,10,2,20
140,10,3,100
140,10,4,0
140,10,5,10
140,11,1,5
140,11,2,20
140,11,3,100
140,11,4,0
140,11,5,10
140,12,1,4
140,12,2,20
140,12,3,100
140,12,4,0
140,12,5,10
140,13,1,4
140,13,2,20
140,13,3,100
140,13,4,0
140,13,5,10
140,14,1,4
140,14,2,20
140,14,3,100
140,14,4,0
140,14,5,10
140,15,1,3
140,15,2,20
140,15,3,100
140,15,4,0
140,15,5,10
140,16,1,3
140,16,2,20
140,16,3,100
140,16,4,0
140,16,5,10
140,17,1,3
140,17,2,20
140,17,3,100
140,17,4,0
140,17,5,10
140,18,1,2
140,18,2,20
140,18,3,100
140,18,4,0
140,18,5,10
140,19,1,2
140,19,2,20
140,19,3,100
140,19,4,0
140,19,5,10
140,20,1,2
140,20,2,20
140,20,3,100
140,20,4,0
140,20,5,10
140,21,1,1
140,21,2,20
140,21,3,100
140,21,4,0
140,21,5,10
140,22,1,1
140,22,2,20
140,22,3,100
140,22,4,0
140,22,5,10
140,23,1,1
140,23,2,20
140,23,3,100
140,23,4,0
140,23,5,10
140,24,1,0
140,24,2,20
140,24,3,100
140,24,4,0
140,24,5,10
140,25,1,0
140,25,2,20
140,25,3,100
140,25,4,0
140,25,5,10
140,26,1,0
140,26,2,20
140,26,3,100
140,26,4,0
140,26,5,10
141,0,1,8
141,0,2,20
141,0,3,100
141,0,4,0
141,0,5,-272
141,1,1,8
141,1,2,20
141,1,3,100
141,1,4,0
141,1,5,433
141,2,1,8
141,2,2,20
141,2,3,100
141,2,4,0
141,2,5,10
141,3,1,7
141,3,2,20
141,3,3,100
141,3,4,0
141,3,5,10
141,4,1,7
141,4,2,20
141,4,3,100
141,4,4,0
141,4,5,10
141,5,1,7
141,5,2,20
141,5,3,100
141,5,4,0
141,5,5,10
141,6,1,6
141,6,2,20
141,6,3,100
141,6,4,0
141,6,5,10
141,7,1,6
141,7,2,20
141,7,3,100
141,7,4,0
141,7,5,10
141,8,1,6
141,8,2,20
141,8,3,100
141,8,4,0
141,8,5,10
141,9,1,5
141,9,2,20
141,9,3,100
141,9,4,0
141,9,5,10
141,10,1,5
141,10,2,20
141,10,3,100
141,10,4,0
141,10,5,10
141,11,1,5
141,11,2,20
141,11,3,100
141,11,4,0
141,11,5,10
141,12,1,4
141,12,2,20
141,12,3,100
141,12,4,0
141,12,5,10
141,13,1,4
141,13,2,20
141,13,3,100
141,13,4,0
141,13,5,10
141,14,1,4
141,14,2,20
141,14,3,100
141,14,4,0
141,14,5,10
141,15,1,3
141,15,2,20
141,15,3,100
141,15,4,0
141,15,5,10
141,16,1,3
141,16,2,20
141,16,3,100
141,16,4,0
141,16,5,10
141,17,1,3
141,17,2,20
141,17,3,100
141,17,4,0
141,17,5,10
141,18,1,2
141,18,2,20
141,18,3,100
141,18,4,0
141,18,5,10
141,19,1,2
141,19,2,20
141,19,3,100
141,19,4,0
141,19,5,10
141,20,1,2
141,20,2,20
141,20,3,100
141,20,4,0
141,20,5,10
141,21,1,1
141,21,2,20
141,21,3,100
141,21,4,0
141,21,5,10
141,22,1,1
141,22,2,20
141,22,3,100
141,22,4,0
141,22,5,10
141,23,1,1
141,23,2,20
141,23,3,100
141,23,4,0
141,23,5,10
141,24,1,0
141,24,2,20
141,24,3,100
141,24,4,0
141,24,5,10
141,25,1,0
141,25,2,20
141,25,3,100
141,25,4,0
141,25,5,10
141,26,1,0
141,26,2,20
141,26,3,100
141,26,4,0
141,26,5,10
142,0,1,8
142,0,2,20
142,0,3,100
142,0,4,0
142,0,5,-274
142,1,1,8
142,1,2,20
142,1,3,100
142,1,4,0
142,1,5,436
142,2,1,8
142,2,2,20
142,2,3,100
142,2,4,0
142,2,5,10
142,3,1,7
142,3,2,20
142,3,3,100
142,3,4,0
142,3,5,10
142,4,1,7
142,4,2,20
142,4,3,100
142,4,4,0
142,4,5,10
142,5,1,7
142,5,2,20
142,5,3,100
142,5,4,0
142,5,5,10
142,6,1,6
142,6,2,20
142,6,3,100
142,6,4,0
142,6,5,10
142,7,1,6
142,7,2,20
142,7,3,100
142,7,4,0
142,7,5,10
142,8,1,6
142,8,2,20
142,8,3,100
142,8,4,0
142,8,5,10
142,9,1,5
142,9,2,20
142,9,3,100
142,9,4,0
142,9,5,10
142,10,1,5
142,10,2,20
142,10,3,100
142,10,4,0
142,10,5,10
142,11,1,5
142,11,2,20
142,11,3,100
142,11,4,0
142,11,5,10
142,12,1,4
142,12,2,20
142,12,3,100
142,12,4,0
142,12,5,10
142,13,1,4
142,13,2,20
142,13,3,100
142,13,4,0
142,13,5,10
142,14,1,4
142,14,2,20
142,14,3,100
142,14,4,0
142,14,5,10
142,15,1,3
142,15,2,20
142,15,3,100
142,15,4,0
142,15,5,10
142,16,1,3
142,16,2,20
142,16,3,100
142,16,4,0
142,16,5,10
142,17,1,3
142,17,2,20
142,17,3,100
142,17,4,0
142,17,5,10
142,18,1,2
142,18,2,20
142,18,3,100
142,18,4,0
142,18,5,10
142,19,1,2
142,19,2,20
142,19,3,100
142,19,4,0
142,19,5,10
142,20,1,2
142,20,2,20
142,20,3,100
142,20,4,0
142,20,5,10
142,21,1,1
142,21,2,20
142,21,3,100
142,21,4,0
142,21,5,10
142,22,1,1
142,22,2,20
142,22,3,100
142,22,4,0
142,22,5,10
142,23,1,1
142,23,2,20
142,23,3,100
142,23,4,0
142,23,5,10
142,24,1,0
142,24,2,20
142,24,3,100
142,24,4,0
142,24,5,10
142,25,1,0
142,25,2,20
142,25,3,100
142,25,4,0
142,25,5,10
142,26,1,0
142,26,2,20
142,26,3,100
142,26,4,0
142,26,5,10
143,0,1,8
143,0,2,20
143,0,3,100
143,0,4,0
143,0,5,-276
143,1,1,8
143,1,2,20
143,1,3,100
143,1,4,0
143,1,5,439
143,2,1,8
143,2,2,20
143,2,3,100
143,2,4,0
143,2,5,10
143,3,1,7
143,3,2,20
143,3,3,100
143,3,4,0
143,3,5,10
143,4,1,7
143,4,2,20
143,4,3,100
143,4,4,0
143,4,5,10
143,5,1,7
143,5,2,20
143,5,3,100
143,5,4,0
143,5,5,10
143,6,1,6
143,6,2,20
143,6,3,100
143,6,4,0
143,6,5,10
143,7,1,6
143,7,2,20
143,7,3,100
143,7,4,0
143,7,5,10
143,8,1,6
143,8,2,20
143,8,3,100
143,8,4,0
143,8,5,10
143,9,1,5
143,9,2,20
143,9,3,100
143,9,4,0
143,9,5,10
143,10,1,5
143,10,2,20
143,10,3,100
143,10,4,0
143,10,5,10
143,11,1,5
143,11,2,20
143,11,3,100
143,11,4,0
143,11,5,10
143,12,1,4
143,12,2,20
143,12,3,100
143,12,4,0
143,12,5,10
143,13,1,4
143,13,2,20
143,13,3,100
143,13,4,0
143,13,5,10
143,14,1,4
143,14,2,20
143,14,3,100
143,14,4,0
143,14,5,10
143,15,1,3
143,15,2,20
143,15,3,100
143,15,4,0
143,15,5,10
143,16,1,3
143,16,2,20
143,16,3,100
143,16,4,0
143,16,5,10
143,17,1,3
143,17,2,20
143,17,3,100
143,17,4,0
143,17,5,10
143,18,1,2
143,18,2,20
143,18,3,100
143,18,4,0
143,18,5,10
143,19,1,2
143,19,2,20
143,19,3,100
143,19,4,0
143,19,5,10
143,20,1,2
143,20,2,20
143,20,3,100
143,20,4,0
143,20,5,10
143,21,1,1
143,21,2,20
143,21,3,100
143,21,4,0
143,21,5,10
143,22,1,1
143,22,2,20
143,22,3,100
143,22,4,0
143,22,5,10
143,23,1,1
143,23,2,20
143,23,3,100
143,23,4,0
143,23,5,10
143,24,1,0
143,24,2,20
143,24,3,100
143,24,4,0
143,24,5,10
143,25,1,0
143,25,2,20
143,25,3,100
143,25,4,0
143,25,5,10
143,26,1,0
143,26,2,20
143,26,3,100
143,26,4,0
143,26,5,10
144,0,1,8
144,0,2,20
144,0,3,100
144,0,4,0
144,0,5,-278
144,1,1,8
144,1,2,20
144,1,3,100
144,1,4,0
144,1,5,442
144,2,1,8
144,2,2,20
144,2,3,100
144,2,4,0
144,2,5,10
144,3,1,7
144,3,2,20
144,3,3,100
144,3,4,0
144,3,5,10
144,4,1,7
144,4,2,20
144,4,3,100
144,4,4,0
144,4,5,10
144,5,1,7
144,5,2,20
144,5,3,100
144,5,4,0
144,5,5,10
144,6,1,6
144,6,2,20
144,6,3,100
144,6,4,0
144,6,5,10
144,7,1,6
144,7,2,20
144,7,3,100
144,7,4,0
144,7,5,10
144,8,1,6
144,8,2,20
144,8,3,100
144,8,4,0
144,8,5,10
144,9,1,5
144,9,2,20
144,9,3,100
144,9,4,0
144,9,5,10
144,10,1,5
144,10,2,20
144,10,3,100
144,10,4,0
144,10,5,10
144,11,1,5
144,11,2,20
144,11,3,100
144,11,4,0
144,11,5,10
144,12,1,4
144,12,2,20
144,12,3,100
144,12,4,0
144,12,5,10
144,13,1,4
144,13,2,20
144,13,3,100
144,13,4,0
144,13,5,10
144,14,1,4
144,14,2,20
144,14,3,100
144,14,4,0
144,14,5,10
144,15,1,3
144,15,2,20
144,15,3,100
144,15,4,0
144,15,5,10
144,16,1,3
144,16,2,20
144,16,3,100
144,16,4,0
144,16,5,10
144,17,1,3
144,17,2,20
144,17,3,100
144,17,4,0
144,17,5,10
144,18,1,2
144,18,2,20
144,18,3,100
144,18,4,0
144,18,5,10
144,19,1,2
144,19,2,20
144,19,3,100
144,19,4,0
144,19,5,10
144,20,1,2
144,20,2,20
144,20,3,100
144,20,4,0
144,20,5,10
144,21,1,1
144,21,2,20
144,21,3,100
144,21,4,0
144,21,5,10
144,22,1,1
144,22,2,20
144,22,3,100
144,22,4,0
144,22,5,10
144,23,1,1
144,23,2,20
144,23,3,100
144,23,4,0
144,23,5,10
144,24,1,0
144,24,2,20
144,24,3,100
144,24,4,0
144,24,5,10
144,25,1,0
144,25,2,20
144,25,3,100
144,25,4,0
144,25,5,10
144,26,1,0
144,26,2,20
144,26,3,100
144,26,4,0
144,26,5,10
145,0,1,8
145,0,2,20
145,0,3,100
145,0,4,0
145,0,5,-280
145,1,1,8
145,1,2,20
145,1,3,100
145,1,4,0
145,1,5,445
145,2,1,8
145,2,2,20
145,2,3,100
145,2,4,0
145,2,5,10
145,3,1,7
145,3,2,20
145,3,3,100
145,3,4,0
145,3,5,10
145,4,1,7
145,4,2,20
145,4,3,100
145,4,4,0
145,4,5,10
145,5,1,7
145,5,2,20
145,5,3,100
145,5,4,0
145,5,5,10
145,6,1,6
145,6,2,20
145,6,3,100
145,6,4,0
145,6,5,10
145,7,1,6
145,7,2,20
145,7,3,100
145,7,4,0
145,7,5,10
145,8,1,6
145,8,2,20
145,8,3,100
145,8,4,0
145,8,5,10
145,9,1,5
145,9,2,20
145,9,3,100
145,9,4,0
145,9,5,10
145,10,1,5
145,10,2,20
145,10,3,100
145,10,4,0
145,10,5,10
145,11,1,5
145,11,2,20
145,11,3,100
145,11,4,0
145,11,5,10
145,12,1,4
145,12,2,20
145,12,3,100
145,12,4,0
145,12,5,10
145,13,1,4
145,13,2,20
145,13,3,100
145,13,4,0
145,13,5,10
145,14,1,4
145,14,2,20
145,14,3,100
145,14,4,0
145,14,5,10
145,15,1,3
145,15,2,20
145,15,3,100
145,15,4,0
145,15,5,10
145,16,1,3
145,16,2,20
145,16,3,100
145,16,4,0
145,16,5,10
145,17,1,3
145,17,2,20
145,17,3,100
145,17,4,0
145,17,5,10
145,18,1,2
145,18,2,20
145,18,3,100
145,18,4,0
145,18,5,10
145,19,1,2
145,19,2,20
145,19,3,100
145,19,4,0
145,19,5,10
145,20,1,2
145,20,2,20
145,20,3,100
145,20,4,0
145,20,5,10
145,21,1,1
145,21,2,20
145,21,3,100
145,21,4,0
145,21,5,10
145,22,1,1
145,22,2,20
145,22,3,100
145,22,4,0
145,22,5,10
145,23,1,1
145,23,2,20
145,23,3,100
145,23,4,0
145,23,5,10
145,24,1,0
145,24,2,20
145,24,3,100
145,24,4,0
145,24,5,10
145,25,1,0
145,25,2,20
145,25,3,100
145,25,4,0
145,25,5,10
145,26,1,0
145,26,2,20
145,26,3,100
145,26,4,0
145,26,5,10
146,0,1,8
146,0,2,20
146,0,3,100
146,0,4,0
146,0,5,-282
146,1,1,8
146,1,2,20
146,1,3,100
146,1,4,0
146,1,5,448
146,2,1,8
146,2,2,20
146,2,3,100
146,2,4,0
146,2,5,10
146,3,1,7
146,3,2,20
146,3,3,100
146,3,4,0
146,3,5,10
146,4,1,7
146,4,2,20
146,4,3,100
146,4,4,0
146,4,5,10
146,5,1,7
146,5,2,20
146,5,3,100
146,5,4,0
146,5,5,10
146,6,1,6
146,6,2,20
146,6,3,100
146,6,4,0
146,6,5,10
146,7,1,6
146,7,2,20
146,7,3,100
146,7,4,0
146,7,5,10
146,8,1,6
146,8,2,20
146,8,3,100
146,8,4,0
146,8,5,10
146,9,1,5
146,9,2,20
146,9,3,100
146,9,4,0
146,9,5,10
146,10,1,5
146,10,2,20
146,10,3,100
146,10,4,0
146,10,5,10
146,11,1,5
146,11,2,20
146,11,3,100
146,11,4,0
146,11,5,10
146,12,1,4
146,12,2,20
146,12,3,100
146,12,4,0
146,12,5,10
146,13,1,4
146,13,2,20
146,13,3,100
146,13,4,0
146,13,5,10
146,14,1,4
146,14,2,20
146,14,3,100
146,14,4,0
146,14,5,10
146,15,1,3
146,15,2,20
146,15,3,100
146,15,4,0
146,15,5,10
146,16,1,3
146,16,2,20
146,16,3,100
146,16,4,0
146,16,5,10
146,17,1,3
146,17,2,20
146,17,3,100
146,17,4,0
146,17,5,10
146,18,1,2
146,18,2,20
146,18,3,100
146,18,4,0
146,18,5,10
146,19,1,2
146,19,2,20
146,19,3,100
146,19,4,0
146,19,5,10
146,20,1,2
146,20,2,20
146,20,3,100
146,20,4,0
146,20,5,10
146,21,1,1
146,21,2,20
146,21,3,100
146,21,4,0
146,21,5,10
146,22,1,1
146,22,2,20
146,22,3,100
146,22,4,0
146,22,5,10
146,23,1,1
146,23,2,20
146,23,3,100
146,23,4,0
146,23,5,10
146,24,1,0
146,24,2,20
146,24,3,100
146,24,4,0
146,24,5,10
146,25,1,0
146,25,2,20
146,25,3,100
146,25,4,0
146,25,5,10
146,26,1,0
146,26,2,20
146,26,3,100
146,26,4,0
146,26,5,10
147,0,1,8
147,0,2,20
147,0,3,100
147,0,4,0
147,0,5,-284
147,1,1,8
147,1,2,20
147,1,3,100
147,1,4,0
147,1,5,451
147,2,1,8
147,2,2,20
147,2,3,100
147,2,4,0
147,2,5,10
147,3,1,7
147,3,2,20
147,3,3,100
147,3,4,0
147,3,5,10
147,4,1,7
147,4,2,20
147,4,3,100
147,4,4,0
147,4,5,10
147,5,1,7
147,5,2,20
147,5,3,100
147,5,4,0
147,5,5,10
147,6,1,6
147,6,2,20
147,6,3,100
147,6,4,0
147,6,5,10
147,7,1,6
147,7,2,20
147,7,3,100
147,7,4,0
147,7,5,10
147,8,1,6
147,8,2,20
147,8,3,100
147,8,4,0
147,8,5,10
147,9,1,5
147,9,2,20
147,9,3,100
147,9,4,0
147,9,5,10
147,10,1,5
147,10,2,20
147,10,3,100
147,10,4,0
147,10,5,10
147,11,1,5
147,11,2,20
147,11,3,100
147,11,4,0
147,11,5,10
147,12,1,4
147,12,2,20
147,12,3,100
147,12,4,0
147,12,5,10
147,13,1,4
147,13,2,20
147,13,3,100
147,13,4,0
147,13,5,10
147,14,1,4
147,14,2,20
147,14,3,100
147,14,4,0
147,14,5,10
147,15,1,3
147,15,2,20
147,15,3,100
147,15,4,0
147,15,5,10
147,16,1,3
147,16,2,20
147,16,3,100
147,16,4,0
147,16,5,10
147,17,1,3
147,17,2,20
147,17,3,100
147,17,4,0
147,17,5,10
147,18,1,2
147,18,2,20
147,18,3,100
147,18,4,0
147,18,5,10
147,19,1,2
147,19,2,20
147,19,3,100
147,19,4,0
147,19,5,10
147,20,1,2
147,20,2,20
147,20,3,100
147,20,4,0
147,20,5,10
147,21,1,1
147,21,2,20
147,21,3,100
147,21,4,0
147,21,5,10
147,22,1,1
147,22,2,20
147,22,3,100
147,22,4,0
147,22,5,10
147,23,1,1
147,23,2,20
147,23,3,100
147,23,4,0
147,23,5,10
147,24,1,0
147,24,2,20
147,24,3,100
147,24,4,0
147,24,5,10
147,25,1,0
147,25,2,20
147,25,3,100
147,25,4,0
147,25,5,10
147,26,1,0
147,26,2,20
147,26,3,100
147,26,4,0
147,26,5,10
148,0,1,8
148,0,2,20
148,0,3,100
148,0,4,0
148,0,5,-286
148,1,1,8
148,1,2,20
148,1,3,100
148,1,4,0
148,1,5,454
148,2,1,8
148,2,2,20
148,2,3,100
148,2,4,0
148,2,5,10
148,3,1,7
148,3,2,20
148,3,3,100
148,3,4,0
148,3,5,10
148,4,1,7
148,4,2,20
148,4,3,100
148,4,4,0
148,4,5,10
148,5,1,7
148,5,2,20
148,5,3,100
148,5,4,0
148,5,5,10
148,6,1,6
148,6,2,20
148,6,3,100
148,6,4,0
148,6,5,10
148,7,1,6
148,7,2,20
148,7,3,100
148,7,4,0
148,7,5,10
148,8,1,6
148,8,2,20
148,8,3,100
148,8,4,0
148,8,5,10
148,9,1,5
148,9,2,20
148,9,3,100
148,9,4,0
148,9,5,10
148,10,1,5
148,10,2,20
148,10,3,100
148,10,4,0
148,10,5,10
148,11,1,5
148,11,2,20
148,11,3,100
148,11,4,0
148,11,5,10
148,12,1,4
148,12,2,20
148,12,3,100
148,12,4,0
148,12,5,10
148,13,1,4
148,13,2,20
148,13,3,100
148,13,4,0
148,13,5,10
148,14,1,4
148,14,2,20
148,14,3,100
148,14,4,0
148,14,5,10
148,15,1,3
148,15,2,20
148,15,3,100
148,15,4,0
148,15,5,10
148,16,1,3
148,16,2,20
148,16,3,100
148,16,4,0
148,16,5,10
148,17,1,3
148,17,2,20
148,17,3,100
148,17,4,0
148,17,5,10
148,18,1,2
148,18,2,20
148,18,3,100
148,18,4,0
148,18,5,10
148,19,1,2
148,19,2,20
148,19,3,100
148,19,4,0
148,19,5,10
148,20,1,2
148,20,2,20
148,20,3,100
148,20,4,0
148,20,5,10
148,21,1,1
148,21,2,20
148,21,3,100
148,21,4,0
148,21,5,10
148,22,1,1
148,22,2,20
148,22,3,100
148,22,4,0
148,22,5,10
148,23,1,1
148,23,2,20
148,23,3,100
148,23,4,0
148,23,5,10
148,24,1,0
148,24,2,20
148,24,3,100
148,24,4,0
148,24,5,10
148,25,1,0
148,25,2,20
148,25,3,100
148,25,4,0
148,25,5,10
148,26,1,0
148,26,2,20
148,26,3,100
148,26,4,0
148,26,5,10
149,0,1,8
149,0,2,20
149,0,3,100
149,0,4,0
149,0,5,-288
149,1,1,8
149,1,2,20
149,1,3,100
149,1,4,0
149,1,5,457
149,2,1,8
149,2,2,20
149,2,3,100
149,2,4,0
149,2,5,10
149,3,1,7
149,3,2,20
149,3,3,100
149,3,4,0
149,3,5,10
149,4,1,7
149,4,2,20
149,4,3,100
149,4,4,0
149,4,5,10
149,5,1,7
149,5,2,20
149,5,3,100
149,5,4,0
149,5,5,10
149,6,1,6
149,6,2,20
149,6,3,100
149,6,4,0
149,6,5,10
149,7,1,6
149,7,2,20
149,7,3,100
149,7,4,0
149,7,5,10
149,8,1,6
149,8,2,20
149,8,3,100
149,8,4,0
149,8,5,10
149,9,1,5
149,9,2,20
149,9,3,100
149,9,4,0
149,9,5,10
149,10,1,5
149,10,2,20
149,10,3,100
149,10,4,0
149,10,5,10
149,11,1,5
149,11,2,20
149,11,3,100
149,11,4,0
149,11,5,10
149,12,1,4
149,12,2,20
149,12,3,100
149,12,4,0
149,12,5,10
149,13,1,4
149,13,2,20
149,13,3,100
149,13,4,0
149,13,5,10
149,14,1,4
149,14,2,20
149,14,3,100
149,14,4,0
149,14,5,10
149,15,1,3
149,15,2,20
149,15,3,100
149,15,4,0
149,15,5,10
149,16,1,3
149,16,2,20
149,16,3,100
149,16,4,0
149,16,5,10
149,17,1,3
149,17,2,20
149,17,3,100
149,17,4,0
149,17,5,10
149,18,1,2
149,18,2,20
149,18,3,100
149,18,4,0
149,18,5,10
149,19,1,2
149,19,2,20
149,19,3,100
149,19,4,0
149,19,5,10
149,20,1,2
149,20,2,20
149,20,3,100
149,20,4,0
149,20,5,10
149,21,1,1
149,21,2,20
149,21,3,100
149,21,4,0
149,21,5,10
149,22,1,1
149,22,2,20
149,22,3,100
149,22,4,0
149,22,5,10
149,23,1,1
149,23,2,20
149,23,3,100
149,23,4,0
149,23,5,10
149,24,1,0
149,24,2,20
149,24,3,100
149,24,4,0
149,24,5,10
149,25,1,0
149,25,2,20
149,25,3,100
149,25,4,0
149,25,5,10
149,26,1,0
149,26,2,20
149,26,3,100
149,26,4,0
149,26,5,10
150,0,1,8
150,0,2,20
150,0,3,100
150,0,4,0
150,0,5,-290
150,1,1,8
150,1,2,20
150,1,3,100
150,1,4,0
150,1,5,460
150,2,1,8
150,2,2,20
150,2,3,100
150,2,4,0
150,2,5,10
150,3,1,7
150,3,2,20
150,3,3,100
150,3,4,0
150,3,5,10
150,4,1,7
150,4,2,20
150,4,3,100
150,4,4,0
150,4,5,10
150,5,1,7
150,5,2,20
150,5,3,100
150,5,4,0
150,5,5,10
150,6,1,6
150,6,2,20
150,6,3,100
150,6,4,0
150,6,5,10
150,7,1,6
150,7,2,20
150,7,3,100
150,7,4,0
150,7,5,10
150,8,1,6
150,8,2,20
150,8,3,100
150,8,4,0
150,8,5,10
150,9,1,5
150,9,2,20
150,9,3,100
150,9,4,0
150,9,5,10
150,10,1,5
150,10,2,20
150,10,3,100
150,10,4,0
150,10,5,10
150,11,1,5
150,11,2,20
150,11,3,100
150,11,4,0
150,11,5,10
150,12,1,4
150,12,2,20
150,12,3,100
150,12,4,0
150,12,5,10
150,13,1,4
150,13,2,20
150,13,3,100
150,13,4,0
150,13,5,10
150,14,1,4
150,14,2,20
150,14,3,100
150,14,4,0
150,14,5,10
150,15,1,3
150,15,2,20
150,15,3,100
150,15,4,0
150,15,5,10
150,16,1,3
150,16,2,20
150,16,3,100
150,16,4,0
150,16,5,10
150,17,1,3
150,17,2,20
150,17,3,100
150,17,4,0
150,17,5,10
150,18,1,2
150,18,2,20
150,18,3,100
150,18,4,0
150,18,5,10
150,19,1,2
150,19,2,20
150,19,3,100
150,19,4,0
150,19,5,10
150,20,1,2
150,20,2,20
150,20,3,100
150,20,4,0
150,20,5,10
150,21,1,1
150,21,2,20
150,21,3,100
150,21,4,0
150,21,5,10
150,22,1,1
150,22,2,20
150,22,3,100
150,22,4,0
150,22,5,10
150,23,1,1
150,23,2,20
150,23,3,100
150,23,4,0
150,23,5,10
150,24,1,0
150,24,2,20
150,24,3,100
150,24,4,0
150,24,5,10
150,25,1,0
150,25,2,20
150,25,3,100
150,25,4,0
150,25,5,10
150,26,1,0
150,26,2,20
150,26,3,100
150,26,4,0
150,26,5,10
